epsilon,sigma,S_ratio_sigma_over_epsilon,k_star,L_star,scaled_length_Lstar_over_sqrt_S
0.5,0.5,1.0,0.7071067811865476,8.885765876316732,8.885765876316732
0.5,0.5384615384615384,1.0769230769230769,0.6813851438692469,9.221195037362433,8.885765876316734
0.5,0.5769230769230769,1.1538461538461537,0.6582805886043833,9.544843666893671,8.885765876316732
0.5,0.6153846153846154,1.2307692307692308,0.6373774391990981,9.857872150408673,8.885765876316732
0.5,0.6538461538461539,1.3076923076923077,0.6183469424008423,10.161262029992416,8.885765876316732
0.5,0.6923076923076923,1.3846153846153846,0.6009252125773316,10.455852368435979,8.885765876316732
0.5,0.7307692307692308,1.4615384615384617,0.5848976518656017,10.74236712549385,8.885765876316734
0.5,0.7692307692307693,1.5384615384615385,0.5700877125495689,11.021436120907913,8.885765876316732
0.5,0.8076923076923077,1.6153846153846154,0.5563486402641868,11.29361133011121,8.88576587631673
0.5,0.8461538461538461,1.6923076923076923,0.543557306504609,11.55937972315033,8.885765876316732
0.5,0.8846153846153846,1.7692307692307692,0.531609533071195,11.819173502929115,8.885765876316732
0.5,0.9230769230769231,1.8461538461538463,0.5204164998665332,12.073378359046998,8.885765876316734
0.5,0.9615384615384616,1.9230769230769231,0.5099019513592785,12.32234018801084,8.885765876316732
0.5,1.0,2.0,0.5,12.566370614359172,8.885765876316732
0.5,1.0384615384615385,2.076923076923077,0.49065338146265813,12.805751564269565,8.885765876316732
0.5,1.076923076923077,2.153846153846154,0.4818120558297157,13.040739083125432,8.885765876316732
0.5,1.1153846153846154,2.230769230769231,0.4734320764739993,13.27156654440303,8.885765876316732
0.5,1.1538461538461537,2.3076923076923075,0.4654746681256314,13.498447364451975,8.885765876316732
0.5,1.1923076923076923,2.3846153846153846,0.4579054698896255,13.72157731309499,8.885765876316732
0.5,1.2307692307692308,2.4615384615384617,0.45069390943299864,13.941136491247972,8.885765876316732
0.5,1.2692307692307692,2.5384615384615383,0.44381268229929727,14.157291032396293,8.885765876316732
0.5,1.3076923076923077,2.6153846153846154,0.4372373160976031,14.370194573642042,8.885765876316732
0.5,1.3461538461538463,2.6923076923076925,0.4309458036856673,14.579989533353372,8.885765876316732
0.5,1.3846153846153846,2.769230769230769,0.42491829279939874,14.786808225613008,8.88576587631673
0.5,1.4230769230769231,2.8461538461538463,0.4191368221424546,14.990773836244054,8.885765876316734
0.5,1.4615384615384617,2.9230769230769234,0.4135850959342555,15.19200128086428,8.885765876316732
0.5,1.5,3.0,0.408248290463863,15.390597961942369,8.885765876316732
0.5,1.5384615384615385,3.076923076923077,0.40311288741492746,15.586664439016685,8.885765876316732
0.5,1.576923076923077,3.153846153846154,0.39816652969059774,15.780295023949012,8.885765876316732
0.5,1.6153846153846154,3.230769230769231,0.3933978962347216,15.971578311213722,8.88576587631673
0.5,1.653846153846154,3.307692307692308,0.3887965929604765,16.16059765168341,8.885765876316732
0.5,1.6923076923076923,3.3846153846153846,0.3843530573929037,16.347431577099748,8.88576587631673
0.5,1.7307692307692308,3.4615384615384617,0.38005847503304596,16.532154181361868,8.885765876316732
0.5,1.7692307692307694,3.5384615384615388,0.3759047057780561,16.714835463883077,8.885765876316732
0.5,1.8076923076923077,3.6153846153846154,0.371884218998905,16.895541639528638,8.885765876316732
0.5,1.8461538461538463,3.6923076923076925,0.3679900360969936,17.074335419026088,8.885765876316732
0.5,1.8846153846153846,3.769230769230769,0.3642156795423418,17.251276263215175,8.88576587631673
0.5,1.9230769230769231,3.8461538461538463,0.36055512754639896,17.426420614059964,8.88576587631673
0.5,1.9615384615384617,3.9230769230769234,0.3570027736477083,17.599822104967334,8.885765876316732
0.5,2.0,4.0,0.3535533905932738,17.771531752633464,8.885765876316732
0.5384615384615384,0.5,0.9285714285714286,0.7337993857053428,8.562538248979402,8.885765876316734
0.5384615384615384,0.5384615384615384,1.0,0.7071067811865476,8.885765876316732,8.885765876316732
0.5384615384615384,0.5769230769230769,1.0714285714285714,0.6831300510639732,9.197641499438566,8.885765876316734
0.5384615384615384,0.6153846153846154,1.142857142857143,0.6614378277661476,9.499283293789809,8.885765876316732
0.5384615384615384,0.6538461538461539,1.2142857142857144,0.6416889479197478,9.791637096990154,8.885765876316732
0.5384615384615384,0.6923076923076923,1.2857142857142858,0.6236095644623235,10.075511450176284,8.885765876316732
0.5384615384615384,0.7307692307692308,1.3571428571428574,0.6069769786668839,10.35160397842349,8.885765876316732
0.5384615384615384,0.7692307692307693,1.4285714285714288,0.5916079783099616,10.620521591221058,8.885765876316732
0.5384615384615384,0.8076923076923077,1.5,0.5773502691896257,10.882796185405308,8.885765876316734
0.5384615384615384,0.8461538461538461,1.5714285714285714,0.5640760748177662,11.138897017054783,8.885765876316732
0.5384615384615384,0.8846153846153846,1.6428571428571428,0.5516772843673705,11.389240567308759,8.885765876316732
0.5384615384615384,0.9230769230769231,1.7142857142857144,0.5400617248673216,11.634198495964869,8.885765876316732
0.5384615384615384,0.9615384615384616,1.7857142857142858,0.529150262212918,11.87410411723726,8.885765876316734
0.5384615384615384,1.0,1.8571428571428572,0.5188745216627708,12.109257720045044,8.885765876316734
0.5384615384615384,1.0384615384615385,1.9285714285714288,0.5091750772173156,12.339930975250635,8.88576587631673
0.5384615384615384,1.076923076923077,2.0000000000000004,0.49999999999999994,12.566370614359174,8.885765876316732
0.5384615384615384,1.1153846153846154,2.0714285714285716,0.4913036844405175,12.788801521679401,8.885765876316732
0.5384615384615384,1.1538461538461537,2.142857142857143,0.48304589153964794,13.007429350351629,8.885765876316732
0.5384615384615384,1.1923076923076923,2.2142857142857144,0.47519096331149147,13.22244274889737,8.885765876316732
0.5384615384615384,1.2307692307692308,2.285714285714286,0.46770717334674267,13.434015266901712,8.885765876316732
0.5384615384615384,1.2692307692307692,2.357142857142857,0.4605661864718383,13.642306994596915,8.885765876316732
0.5384615384615384,1.3076923076923077,2.428571428571429,0.45374260648651504,13.847465980398997,8.885765876316732
0.5384615384615384,1.3461538461538463,2.5000000000000004,0.4472135954999579,14.049629462081453,8.885765876316732
0.5384615384615384,1.3846153846153846,2.5714285714285716,0.44095855184409843,14.248924940684711,8.885765876316732
0.5384615384615384,1.4230769230769231,2.6428571428571432,0.43495883620084,14.445471121038123,8.88576587631673
0.5384615384615384,1.4615384615384617,2.714285714285715,0.42919753763947605,14.639378738601788,8.885765876316732
0.5384615384615384,1.5,2.785714285714286,0.4236592728681617,14.830751288984173,8.885765876316732
0.5384615384615384,1.5384615384615385,2.8571428571428577,0.4183300132670378,15.019685673781103,8.88576587631673
0.5384615384615384,1.576923076923077,2.928571428571429,0.4131969352706687,15.206272774176615,8.885765876316732
0.5384615384615384,1.6153846153846154,3.0,0.408248290463863,15.390597961942369,8.885765876316732
0.5384615384615384,1.653846153846154,3.0714285714285716,0.4034732923929645,15.57274155598892,8.88576587631673
0.5384615384615384,1.6923076923076923,3.142857142857143,0.3988620176087328,15.752779231396087,8.885765876316732
0.5384615384615384,1.7307692307692308,3.2142857142857144,0.3944053188733077,15.930782386831588,8.885765876316734
0.5384615384615384,1.7692307692307694,3.285714285714286,0.39009474880274697,16.106818475417892,8.885765876316732
0.5384615384615384,1.8076923076923077,3.357142857142857,0.38592249249397986,16.28095130339572,8.885765876316732
0.5384615384615384,1.8461538461538463,3.428571428571429,0.38188130791298663,16.45324130033418,8.885765876316732
0.5384615384615384,1.8846153846153846,3.5,0.3779644730092272,16.623745764132163,8.885765876316732
0.5384615384615384,1.9230769230769231,3.5714285714285716,0.3741657386773941,16.79251908362714,8.885765876316734
0.5384615384615384,1.9615384615384617,3.6428571428571432,0.37047928681747416,16.959612941263174,8.885765876316732
0.5384615384615384,2.0,3.7142857142857144,0.3668996928526714,17.125076497958805,8.885765876316734
0.5769230769230769,0.5,0.8666666666666667,0.7595545253127499,8.272197844641182,8.885765876316732
0.5769230769230769,0.5384615384615384,0.9333333333333333,0.7319250547113999,8.584465399475993,8.885765876316732
0.5769230769230769,0.5769230769230769,1.0,0.7071067811865476,8.885765876316732,8.885765876316732
0.5769230769230769,0.6153846153846154,1.0666666666666669,0.6846531968814576,9.177179535272762,8.88576587631673
0.5769230769230769,0.6538461538461539,1.1333333333333335,0.6642111641550714,9.459620142296599,8.885765876316732
0.5769230769230769,0.6923076923076923,1.2000000000000002,0.6454972243679028,9.73386882233667,8.885765876316732
0.5769230769230769,0.7307692307692308,1.2666666666666668,0.6282808624375432,10.000599545245883,8.885765876316732
0.5769230769230769,0.7692307692307693,1.3333333333333335,0.6123724356957945,10.260398641294913,8.88576587631673
0.5769230769230769,0.8076923076923077,1.4000000000000001,0.5976143046671968,10.513779971646773,8.885765876316732
0.5769230769230769,0.8461538461538461,1.4666666666666668,0.5838742081211422,10.761196880743105,8.885765876316732
0.5769230769230769,0.8846153846153846,1.5333333333333334,0.5710402407201608,11.003051727590371,8.885765876316732
0.5769230769230769,0.9230769230769231,1.6000000000000003,0.5590169943749473,11.239703569665163,8.885765876316734
0.5769230769230769,0.9615384615384616,1.666666666666667,0.5477225575051661,11.471474419090953,8.88576587631673
0.5769230769230769,1.0,1.7333333333333334,0.5370861555295746,11.698654382525046,8.885765876316732
0.5769230769230769,1.0384615384615385,1.8000000000000003,0.5270462766947298,11.921505918955322,8.885765876316732
0.5769230769230769,1.076923076923077,1.8666666666666671,0.5175491695067655,12.140267393661523,8.885765876316734
0.5769230769230769,1.1153846153846154,1.9333333333333336,0.5085476277156078,12.355156065526465,8.885765876316732
0.5769230769230769,1.1538461538461537,2.0,0.5,12.566370614359172,8.885765876316732
0.5769230769230769,1.1923076923076923,2.066666666666667,0.4918693768379647,12.774093291946166,8.88576587631673
0.5769230769230769,1.2307692307692308,2.1333333333333337,0.48412291827592707,12.978491763115558,8.885765876316732
0.5769230769230769,1.2692307692307692,2.2,0.4767312946227962,13.179720689725283,8.885765876316732
0.5769230769230769,1.3076923076923077,2.266666666666667,0.4696682183138621,13.377923100133557,8.885765876316732
0.5769230769230769,1.3461538461538463,2.333333333333334,0.4629100498862757,13.57323157862568,8.885765876316732
0.5769230769230769,1.3846153846153846,2.4000000000000004,0.4564354645876384,13.765769302909144,8.885765876316732
0.5769230769230769,1.4230769230769231,2.466666666666667,0.45022516889074815,13.955650952744197,8.885765876316732
0.5769230769230769,1.4615384615384617,2.5333333333333337,0.44426165831931924,14.142983508748936,8.885765876316732
0.5769230769230769,1.5,2.6,0.4385290096535146,14.327866957180285,8.885765876316732
0.5769230769230769,1.5384615384615385,2.666666666666667,0.4330127018922193,14.510394913873743,8.885765876316732
0.5769230769230769,1.576923076923077,2.733333333333334,0.4276994613841507,14.69065517839444,8.885765876316734
0.5769230769230769,1.6153846153846154,2.8000000000000003,0.4225771273642583,14.86873022770948,8.885765876316732
0.5769230769230769,1.653846153846154,2.866666666666667,0.41763453479227836,15.044697657258386,8.885765876316732
0.5769230769230769,1.6923076923076923,2.9333333333333336,0.41286141192238524,15.218630576113945,8.885765876316732
0.5769230769230769,1.7307692307692308,3.0000000000000004,0.408248290463863,15.390597961942369,8.885765876316732
0.5769230769230769,1.7692307692307694,3.0666666666666673,0.4037864265436241,15.560664980651017,8.885765876316732
0.5769230769230769,1.8076923076923077,3.1333333333333337,0.39946773096848054,15.728893274924758,8.885765876316732
0.5769230769230769,1.8461538461538463,3.2000000000000006,0.3952847075210474,15.895341225273762,8.885765876316732
0.5769230769230769,1.8846153846153846,3.266666666666667,0.3912303982179758,16.060064186727335,8.885765876316732
0.5769230769230769,1.9230769230769231,3.333333333333334,0.3872983346207417,16.223114703894446,8.88576587631673
0.5769230769230769,1.9615384615384617,3.4000000000000004,0.3834824944236852,16.384542706759643,8.885765876316732
0.5769230769230769,2.0,3.466666666666667,0.37977726265637496,16.544395689282364,8.885765876316732
0.6153846153846154,0.5,0.8125,0.7844645405527362,8.009521122207046,8.885765876316732
0.6153846153846154,0.5384615384615384,0.8749999999999999,0.7559289460184545,8.31187288206608,8.88576587631673
0.6153846153846154,0.5769230769230769,0.9374999999999999,0.7302967433402215,8.603605814318213,8.88576587631673
0.6153846153846154,0.6153846153846154,1.0,0.7071067811865476,8.885765876316732,8.885765876316732
0.6153846153846154,0.6538461538461539,1.0625,0.6859943405700354,9.15923781814074,8.885765876316732
0.6153846153846154,0.6923076923076923,1.125,0.6666666666666667,9.424777960769378,8.88576587631673
0.6153846153846154,0.7307692307692308,1.1875,0.6488856845230502,9.683038872706693,8.88576587631673
0.6153846153846154,0.7692307692307693,1.25,0.6324555320336759,9.934588265796101,8.885765876316732
0.6153846153846154,0.8076923076923077,1.3125,0.6172133998483676,10.179923683969259,8.885765876316732
0.6153846153846154,0.8461538461538461,1.375,0.6030226891555273,10.419484076094312,8.885765876316732
0.6153846153846154,0.8846153846153846,1.4374999999999998,0.5897678246195885,10.653659024604064,8.885765876316732
0.6153846153846154,0.9230769230769231,1.5,0.5773502691896257,10.882796185405308,8.885765876316734
0.6153846153846154,0.9615384615384616,1.5625,0.565685424949238,11.107207345395915,8.885765876316732
0.6153846153846154,1.0,1.625,0.5547001962252291,11.327173399138976,8.885765876316732
0.6153846153846154,1.0384615384615385,1.6875,0.5443310539518174,11.542948471456777,8.885765876316732
0.6153846153846154,1.076923076923077,1.7500000000000002,0.5345224838248488,11.754763358538996,8.88576587631673
0.6153846153846154,1.1153846153846154,1.8125,0.5252257314388902,11.96282842039439,8.885765876316734
0.6153846153846154,1.1538461538461537,1.8749999999999998,0.5163977794943223,12.167336027920834,8.885765876316732
0.6153846153846154,1.1923076923076923,1.9374999999999998,0.508000508000762,12.368462645651846,8.885765876316734
0.6153846153846154,1.2307692307692308,2.0,0.5,12.566370614359172,8.885765876316732
0.6153846153846154,1.2692307692307692,2.0624999999999996,0.49236596391733095,12.761209684742838,8.885765876316734
0.6153846153846154,1.3076923076923077,2.125,0.48507125007266594,12.953118343415191,8.885765876316732
0.6153846153846154,1.3461538461538463,2.1875,0.47809144373375745,13.142224964558466,8.885765876316732
0.6153846153846154,1.3846153846153846,2.25,0.4714045207910317,13.328648814475098,8.885765876316732
0.6153846153846154,1.4230769230769231,2.3125,0.46499055497527714,13.512500931365485,8.885765876316732
0.6153846153846154,1.4615384615384617,2.375,0.45883146774112354,13.69388489876769,8.885765876316732
0.6153846153846154,1.5,2.4375,0.4529108136578383,13.872897527958695,8.885765876316732
0.6153846153846154,1.5384615384615385,2.5,0.4472135954999579,14.049629462081453,8.885765876316732
0.6153846153846154,1.576923076923077,2.5625,0.44172610429938614,14.224165712699353,8.885765876316734
0.6153846153846154,1.6153846153846154,2.625,0.4364357804719848,14.396586137792408,8.885765876316732
0.6153846153846154,1.653846153846154,2.6875,0.43133109281375365,14.566965868821868,8.885765876316734
0.6153846153846154,1.6923076923076923,2.75,0.4264014327112209,14.735375693343073,8.885765876316732
0.6153846153846154,1.7307692307692308,2.8125,0.4216370213557839,14.901882398694152,8.885765876316732
0.6153846153846154,1.7692307692307694,2.875,0.41702882811414954,15.066549081493585,8.885765876316732
0.6153846153846154,1.8076923076923077,2.9375,0.41256849850351734,15.229435427014355,8.885765876316732
0.6153846153846154,1.8461538461538463,3.0,0.408248290463863,15.390597961942369,8.885765876316732
0.6153846153846154,1.8846153846153846,3.0624999999999996,0.4040610178208843,15.55009028355428,8.885765876316732
0.6153846153846154,1.9230769230769231,3.125,0.4,15.707963267948966,8.885765876316732
0.6153846153846154,1.9615384615384617,3.1875,0.3960590171906697,15.864265259626071,8.885765876316732
0.6153846153846154,2.0,3.25,0.3922322702763681,16.01904224441409,8.885765876316732
0.6538461538461539,0.5,0.7647058823529411,0.8086075400626399,7.770376846464789,8.885765876316732
0.6538461538461539,0.5384615384615384,0.8235294117647058,0.7791937224739797,8.063701138697773,8.885765876316732
0.6538461538461539,0.5769230769230769,0.8823529411764705,0.7527726527090811,8.346723654967585,8.88576587631673
0.6538461538461539,0.6153846153846154,0.9411764705882353,0.7288689868556626,8.62045912295599,8.885765876316732
0.6538461538461539,0.6538461538461539,1.0,0.7071067811865476,8.885765876316732,8.885765876316732
0.6538461538461539,0.6923076923076923,1.0588235294117647,0.6871842709362768,9.143377654175428,8.88576587631673
0.6538461538461539,0.7307692307692308,1.1176470588235294,0.6688560540599386,9.393927540972108,8.885765876316732
0.6538461538461539,0.7692307692307693,1.1764705882352942,0.6519202405202649,9.637966298093906,8.885765876316732
0.6538461538461539,0.8076923076923077,1.2352941176470589,0.6362090102803518,9.875976614054615,8.885765876316732
0.6538461538461539,0.8461538461538461,1.2941176470588236,0.621581560508061,10.10838433180661,8.885765876316734
0.6538461538461539,0.8846153846153846,1.352941176470588,0.6079187588743289,10.335567401825264,8.885765876316732
0.6538461538461539,0.9230769230769231,1.411764705882353,0.5951190357119042,10.557863099881185,8.885765876316732
0.6538461538461539,0.9615384615384616,1.4705882352941178,0.58309518948453,10.775573903694989,8.885765876316732
0.6538461538461539,1.0,1.5294117647058822,0.5717718748968657,10.988972321020384,8.885765876316732
0.6538461538461539,1.0384615384615385,1.5882352941176472,0.5610836076867821,11.198304889147813,8.88576587631673
0.6538461538461539,1.076923076923077,1.647058823529412,0.5509731650193397,11.403795513269761,8.885765876316732
0.6538461538461539,1.1153846153846154,1.7058823529411764,0.5413902920037097,11.605648272571043,8.885765876316734
0.6538461538461539,1.1538461538461537,1.764705882352941,0.5322906474223771,11.80404979423549,8.885765876316732
0.6538461538461539,1.1923076923076923,1.8235294117647058,0.5236349380886428,11.999171274006827,8.885765876316732
0.6538461538461539,1.2307692307692308,1.8823529411764706,0.5153882032022076,12.191170205567238,8.885765876316732
0.6538461538461539,1.2692307692307692,1.941176470588235,0.5075192189225523,12.38019186843524,8.885765876316734
0.6538461538461539,1.3076923076923077,2.0,0.5,12.566370614359172,8.885765876316732
0.6538461538461539,1.3461538461538463,2.058823529411765,0.49280538030458115,12.749830984589146,8.88576587631673
0.6538461538461539,1.3846153846153846,2.1176470588235294,0.4859126579037751,12.930688684433985,8.885765876316732
0.6538461538461539,1.4230769230769231,2.1764705882352944,0.4793012932694108,13.109051436771038,8.88576587631673
0.6538461538461539,1.4615384615384617,2.235294117647059,0.4729526514634586,13.285019732392893,8.885765876316732
0.6538461538461539,1.5,2.2941176470588234,0.46684978092392626,13.458687492033842,8.885765876316732
0.6538461538461539,1.5384615384615385,2.3529411764705883,0.4609772228646444,13.630142652459215,8.885765876316732
0.6538461538461539,1.576923076923077,2.4117647058823533,0.45532084640474313,13.799467686999655,8.88576587631673
0.6538461538461539,1.6153846153846154,2.4705882352941178,0.4498677054212187,13.966740069275554,8.88576587631673
0.6538461538461539,1.653846153846154,2.5294117647058827,0.44460591382105025,14.132032687510563,8.885765876316732
0.6538461538461539,1.6923076923076923,2.588235294117647,0.4395245364957663,14.295414215720603,8.885765876316732
0.6538461538461539,1.7307692307692308,2.6470588235294117,0.4346134936801766,14.45694944714086,8.885765876316732
0.6538461538461539,1.7692307692307694,2.7058823529411766,0.42986347681054754,14.616699594482544,8.885765876316734
0.6538461538461539,1.8076923076923077,2.764705882352941,0.42526587428312096,14.774722560965596,8.885765876316732
0.6538461538461539,1.8461538461538463,2.823529411764706,0.42081270576508656,14.931073185530419,8.885765876316732
0.6538461538461539,1.8846153846153846,2.8823529411764706,0.41649656391752143,15.085803465172985,8.885765876316732
0.6538461538461539,1.9230769230769231,2.9411764705882355,0.412310562561766,15.23896275695905,8.885765876316732
0.6538461538461539,1.9615384615384617,3.0,0.408248290463863,15.390597961942369,8.885765876316732
0.6538461538461539,2.0,3.0588235294117645,0.40430377003131995,15.540753692929577,8.885765876316732
0.6923076923076923,0.5,0.7222222222222222,0.8320502943378437,7.5514489327593175,8.88576587631673
0.6923076923076923,0.5384615384615384,0.7777777777777778,0.8017837257372732,7.836508905692664,8.88576587631673
0.6923076923076923,0.5769230769230769,0.8333333333333333,0.7745966692414834,8.111557351947223,8.885765876316732
0.6923076923076923,0.6153846153846154,0.888888888888889,0.75,8.377580409572781,8.885765876316732
0.6923076923076923,0.6538461538461539,0.9444444444444445,0.7276068751089989,8.63541222894346,8.885765876316732
0.6923076923076923,0.6923076923076923,1.0,0.7071067811865476,8.885765876316732,8.885765876316732
0.6923076923076923,0.7307692307692308,1.0555555555555556,0.6882472016116853,9.12925659917846,8.88576587631673
0.6923076923076923,0.7692307692307693,1.1111111111111112,0.6708203932499369,9.366419641387635,8.885765876316732
0.6923076923076923,0.8076923076923077,1.1666666666666667,0.6546536707079771,9.597724091861606,8.885765876316732
0.6923076923076923,0.8461538461538461,1.2222222222222223,0.6396021490668313,9.82358379556205,8.88576587631673
0.6923076923076923,0.8846153846153846,1.2777777777777777,0.6255432421712243,10.044366054329059,8.885765876316734
0.6923076923076923,0.9230769230769231,1.3333333333333335,0.6123724356957945,10.260398641294913,8.88576587631673
0.6923076923076923,0.9615384615384616,1.388888888888889,0.6,10.471975511965978,8.885765876316732
0.6923076923076923,1.0,1.4444444444444444,0.5883484054145521,10.679361496276062,8.885765876316732
0.6923076923076923,1.0384615384615385,1.5000000000000002,0.5773502691896257,10.882796185405308,8.885765876316732
0.6923076923076923,1.076923076923077,1.5555555555555558,0.5669467095138409,11.082497176088108,8.88576587631673
0.6923076923076923,1.1153846153846154,1.6111111111111112,0.5570860145311556,11.278662797642703,8.885765876316734
0.6923076923076923,1.1538461538461537,1.6666666666666665,0.5477225575051662,11.471474419090951,8.88576587631673
0.6923076923076923,1.1923076923076923,1.7222222222222223,0.5388159060803247,11.661098412790569,8.885765876316732
0.6923076923076923,1.2307692307692308,1.777777777777778,0.5303300858899106,11.847687835088978,8.885765876316732
0.6923076923076923,1.2692307692307692,1.8333333333333333,0.5222329678670935,12.03138387230014,8.885765876316732
0.6923076923076923,1.3076923076923077,1.888888888888889,0.5144957554275266,12.212317090854318,8.88576587631673
0.6923076923076923,1.3461538461538463,1.9444444444444446,0.50709255283711,12.390608523091233,8.88576587631673
0.6923076923076923,1.3846153846153846,2.0,0.5,12.566370614359172,8.885765876316732
0.6923076923076923,1.4230769230769231,2.055555555555556,0.4931969619160719,12.739708052477432,8.885765876316732
0.6923076923076923,1.4615384615384617,2.111111111111111,0.4866642633922876,12.910718496942257,8.885765876316732
0.6923076923076923,1.5,2.1666666666666665,0.48038446141526137,13.079493222300915,8.885765876316734
0.6923076923076923,1.5384615384615385,2.2222222222222223,0.4743416490252569,13.246117687728136,8.885765876316732
0.6923076923076923,1.576923076923077,2.277777777777778,0.4685212856658182,13.410672042894523,8.885765876316732
0.6923076923076923,1.6153846153846154,2.3333333333333335,0.4629100498862757,13.57323157862568,8.885765876316732
0.6923076923076923,1.653846153846154,2.3888888888888893,0.457495710997814,13.733867129542572,8.88576587631673
0.6923076923076923,1.6923076923076923,2.4444444444444446,0.45226701686664544,13.892645434792415,8.88576587631673
0.6923076923076923,1.7307692307692308,2.5,0.4472135954999579,14.049629462081453,8.885765876316732
0.6923076923076923,1.7692307692307694,2.555555555555556,0.44232586846469135,14.204878699472086,8.885765876316732
0.6923076923076923,1.8076923076923077,2.611111111111111,0.4375949744936837,14.358449418779326,8.885765876316732
0.6923076923076923,1.8461538461538463,2.666666666666667,0.4330127018922193,14.510394913873743,8.885765876316732
0.6923076923076923,1.8846153846153846,2.7222222222222223,0.4285714285714286,14.660765716752367,8.885765876316732
0.6923076923076923,1.9230769230769231,2.777777777777778,0.4242640687119285,14.80960979386122,8.885765876316732
0.6923076923076923,1.9615384615384617,2.8333333333333335,0.42008402520840293,14.95697272483168,8.885765876316732
0.6923076923076923,2.0,2.888888888888889,0.41602514716892186,15.102897865518635,8.88576587631673
0.7307692307692308,0.5,0.6842105263157894,0.8548504142651104,7.350040664811579,8.885765876316732
0.7307692307692308,0.5384615384615384,0.7368421052631577,0.8237544710479141,7.627497668312044,8.88576587631673
0.7307692307692308,0.5769230769230769,0.7894736842105262,0.7958224257542215,7.895210167299381,8.885765876316732
0.7307692307692308,0.6153846153846154,0.8421052631578947,0.770551750371122,8.154137998068794,8.885765876316732
0.7307692307692308,0.6538461538461539,0.894736842105263,0.747545001596402,8.405093062975043,8.885765876316732
0.7307692307692308,0.6923076923076923,0.9473684210526314,0.7264831572567789,8.648769409748015,8.885765876316732
0.7307692307692308,0.7307692307692308,1.0,0.7071067811865476,8.885765876316732,8.885765876316732
0.7307692307692308,0.7692307692307693,1.0526315789473684,0.6892024376045112,9.116603430797936,8.885765876316732
0.7307692307692308,0.8076923076923077,1.1052631578947367,0.6725927091345493,9.341738650816481,8.885765876316732
0.7307692307692308,0.8461538461538461,1.157894736842105,0.6571287406727709,9.561574343479235,8.885765876316732
0.7307692307692308,0.8846153846153846,1.2105263157894735,0.6426845869171515,9.776468014145097,8.885765876316732
0.7307692307692308,0.9230769230769231,1.263157894736842,0.6291528696058959,9.986738693754033,8.885765876316732
0.7307692307692308,0.9615384615384616,1.3157894736842104,0.6164414002968976,10.192672497585992,8.885765876316732
0.7307692307692308,1.0,1.3684210526315788,0.6044705248269889,10.394527192170296,8.885765876316732
0.7307692307692308,1.0384615384615385,1.4210526315789473,0.5931710140017395,10.592535978437342,8.885765876316732
0.7307692307692308,1.076923076923077,1.473684210526316,0.5824823725107174,10.786910649496056,8.885765876316732
0.7307692307692308,1.1153846153846154,1.526315789473684,0.5723514714723391,10.977844244929566,8.88576587631673
0.7307692307692308,1.1538461538461537,1.5789473684210524,0.5627314338711378,11.165513296380738,8.885765876316732
0.7307692307692308,1.1923076923076923,1.6315789473684208,0.5535807194106618,11.350079738811392,8.885765876316732
0.7307692307692308,1.2307692307692308,1.6842105263157894,0.5448623679425842,11.531692546330685,8.88576587631673
0.7307692307692308,1.2692307692307692,1.7368421052631577,0.5365433699886598,11.710489139605594,8.885765876316732
0.7307692307692308,1.3076923076923077,1.789473684210526,0.5285941398709244,11.886596602667323,8.88576587631673
0.7307692307692308,1.3461538461538463,1.8421052631578947,0.5209880722517277,12.060132739744791,8.88576587631673
0.7307692307692308,1.3846153846153846,1.8947368421052628,0.5137011669140814,12.23120699710319,8.885765876316732
0.7307692307692308,1.4230769230769231,1.9473684210526314,0.5067117097095317,12.39992127038345,8.885765876316732
0.7307692307692308,1.4615384615384617,2.0,0.5,12.566370614359172,8.885765876316732
0.7307692307692308,1.5,2.052631578947368,0.49354811679282456,12.730643869150985,8.885765876316732
0.7307692307692308,1.5384615384615385,2.1052631578947367,0.4873397172404482,12.892824214611528,8.885765876316732
0.7307692307692308,1.576923076923077,2.1578947368421053,0.4813598623412329,13.052989662701616,8.885765876316732
0.7307692307692308,1.6153846153846154,2.2105263157894735,0.47559486560567094,13.211213496129606,8.885765876316732
0.7307692307692308,1.653846153846154,2.263157894736842,0.47003216119552876,13.367564660252775,8.885765876316732
0.7307692307692308,1.6923076923076923,2.31578947368421,0.4646601886422926,13.522108114186956,8.885765876316732
0.7307692307692308,1.7307692307692308,2.3684210526315788,0.45946829173634074,13.674905146196904,8.885765876316732
0.7307692307692308,1.7692307692307694,2.4210526315789473,0.4544466295731929,13.826013657710758,8.885765876316732
0.7307692307692308,1.8076923076923077,2.4736842105263155,0.44958609806628597,13.975488419691322,8.885765876316732
0.7307692307692308,1.8461538461538463,2.526315789473684,0.44487826050130463,14.123381304583123,8.885765876316732
0.7307692307692308,1.8846153846153846,2.578947368421052,0.4403152859263555,14.269741496620389,8.885765876316734
0.7307692307692308,1.9230769230769231,2.631578947368421,0.43588989435406733,14.41461568291336,8.885765876316734
0.7307692307692308,1.9615384615384617,2.6842105263157894,0.43159530790304196,14.55804822741749,8.885765876316732
0.7307692307692308,2.0,2.7368421052631575,0.4274252071325552,14.700081329623158,8.885765876316732
0.7692307692307693,0.5,0.6499999999999999,0.8770580193070292,7.163933478590143,8.885765876316732
0.7692307692307693,0.5384615384615384,0.7,0.8451542547285167,7.4343651138547395,8.88576587631673
0.7692307692307693,0.5769230769230769,0.7499999999999999,0.816496580927726,7.6952989809711845,8.885765876316732
0.7692307692307693,0.6153846153846154,0.8,0.7905694150420949,7.94767061263688,8.885765876316732
0.7692307692307693,0.6538461538461539,0.85,0.7669649888473704,8.192271353379821,8.885765876316732
0.7692307692307693,0.6923076923076923,0.8999999999999999,0.7453559924999299,8.429777677248872,8.885765876316732
0.7692307692307693,0.7307692307692308,0.9500000000000001,0.7254762501100116,8.66077325925804,8.885765876316732
0.7692307692307693,0.7692307692307693,1.0,0.7071067811865476,8.885765876316732,8.885765876316732
0.7692307692307693,0.8076923076923077,1.05,0.6900655593423543,9.10520054524614,8.88576587631673
0.7692307692307693,0.8461538461538461,1.0999999999999999,0.6741998624632421,9.319469873849389,8.885765876316734
0.7692307692307693,0.8846153846153846,1.15,0.6593804733957871,9.528922315247515,8.88576587631673
0.7692307692307693,0.9230769230769231,1.2,0.6454972243679028,9.73386882233667,8.885765876316734
0.7692307692307693,0.9615384615384616,1.25,0.6324555320336759,9.934588265796101,8.885765876316732
0.7692307692307693,1.0,1.2999999999999998,0.6201736729460423,10.131331885360844,8.885765876316732
0.7692307692307693,1.0384615384615385,1.35,0.6085806194501846,10.324326977181856,8.88576587631673
0.7692307692307693,1.076923076923077,1.4000000000000001,0.5976143046671968,10.513779971646773,8.885765876316732
0.7692307692307693,1.1153846153846154,1.45,0.5872202195147035,10.699879020467312,8.88576587631673
0.7692307692307693,1.1538461538461537,1.4999999999999998,0.5773502691896258,10.882796185405304,8.88576587631673
0.7692307692307693,1.1923076923076923,1.5499999999999998,0.5679618342470648,11.062689301137768,8.885765876316732
0.7692307692307693,1.2307692307692308,1.6,0.5590169943749475,11.239703569665162,8.885765876316732
0.7692307692307693,1.2692307692307692,1.65,0.5504818825631803,11.413972932085459,8.885765876316732
0.7692307692307693,1.3076923076923077,1.7,0.5423261445466404,11.585621254590333,8.885765876316732
0.7692307692307693,1.3461538461538463,1.75,0.5345224838248488,11.754763358538996,8.88576587631673
0.7692307692307693,1.3846153846153846,1.7999999999999998,0.5270462766947299,11.92150591895532,8.885765876316732
0.7692307692307693,1.4230769230769231,1.8499999999999999,0.5198752449100363,12.085948251424979,8.885765876316732
0.7692307692307693,1.4615384615384617,1.9000000000000001,0.512989176042577,12.248183003880953,8.885765876316732
0.7692307692307693,1.5,1.95,0.5063696835418333,12.408296766961772,8.885765876316732
0.7692307692307693,1.5384615384615385,2.0,0.5,12.566370614359172,8.885765876316732
0.7692307692307693,1.576923076923077,2.0500000000000003,0.4938647983247948,12.722480582726996,8.88576587631673
0.7692307692307693,1.6153846153846154,2.1,0.4879500364742666,12.876698099213991,8.885765876316732
0.7692307692307693,1.653846153846154,2.15,0.4822428221704121,13.029090363441991,8.885765876316732
0.7692307692307693,1.6923076923076923,2.1999999999999997,0.4767312946227962,13.179720689725283,8.885765876316732
0.7692307692307693,1.7307692307692308,2.25,0.4714045207910317,13.328648814475098,8.885765876316732
0.7692307692307693,1.7692307692307694,2.3000000000000003,0.4662524041201569,13.475931173022671,8.885765876316732
0.7692307692307693,1.8076923076923077,2.35,0.46126560401444255,13.621621149499054,8.885765876316732
0.7692307692307693,1.8461538461538463,2.4,0.45643546458763845,13.765769302909142,8.88576587631673
0.7692307692307693,1.8846153846153846,2.4499999999999997,0.45175395145262565,13.90842357211454,8.88576587631673
0.7692307692307693,1.9230769230769231,2.5,0.4472135954999579,14.049629462081453,8.885765876316732
0.7692307692307693,1.9615384615384617,2.55,0.44280744277004763,14.189430213444897,8.885765876316732
0.7692307692307693,2.0,2.5999999999999996,0.4385290096535146,14.327866957180285,8.885765876316732
0.8076923076923077,0.5,0.6190476190476191,0.8987170342729172,6.991283204354559,8.885765876316732
0.8076923076923077,0.5384615384615384,0.6666666666666666,0.8660254037844386,7.255197456936871,8.885765876316732
0.8076923076923077,0.5769230769230769,0.7142857142857142,0.8366600265340756,7.509842836890551,8.885765876316732
0.8076923076923077,0.6153846153846154,0.761904761904762,0.8100925873009825,7.756132330643245,8.885765876316732
0.8076923076923077,0.6538461538461539,0.8095238095238095,0.7859052479933758,7.9948382113775445,8.88576587631673
0.8076923076923077,0.6923076923076923,0.8571428571428571,0.7637626158259734,8.22662065016709,8.885765876316732
0.8076923076923077,0.7307692307692308,0.9047619047619049,0.7433919416750281,8.452049255500626,8.885765876316732
0.8076923076923077,0.7692307692307693,0.9523809523809524,0.724568837309472,8.671619566901086,8.885765876316732
0.8076923076923077,0.8076923076923077,1.0,0.7071067811865476,8.885765876316732,8.885765876316732
0.8076923076923077,0.8461538461538461,1.0476190476190477,0.6908492797077574,9.094871329731276,8.885765876316732
0.8076923076923077,0.8846153846153846,1.0952380952380951,0.6756639246921763,9.299275982570956,8.88576587631673
0.8076923076923077,0.9230769230769231,1.1428571428571428,0.6614378277661477,9.499283293789807,8.885765876316732
0.8076923076923077,0.9615384615384616,1.1904761904761905,0.648074069840786,9.695165413304057,8.885765876316734
0.8076923076923077,1.0,1.2380952380952381,0.6354889093022426,9.887167525989447,8.88576587631673
0.8076923076923077,1.0384615384615385,1.2857142857142858,0.6236095644623235,10.075511450176284,8.885765876316732
0.8076923076923077,1.076923076923077,1.3333333333333335,0.6123724356957945,10.260398641294913,8.88576587631673
0.8076923076923077,1.1153846153846154,1.380952380952381,0.6017216678143155,10.44201271661453,8.885765876316732
0.8076923076923077,1.1538461538461537,1.4285714285714284,0.5916079783099616,10.620521591221058,8.885765876316734
0.8076923076923077,1.1923076923076923,1.476190476190476,0.5819876952473779,10.796079295987305,8.885765876316732
0.8076923076923077,1.2307692307692308,1.523809523809524,0.57282196186948,10.968827533556121,8.885765876316732
0.8076923076923077,1.2692307692307692,1.5714285714285714,0.5640760748177662,11.138897017054783,8.885765876316732
0.8076923076923077,1.3076923076923077,1.619047619047619,0.5557189302262113,11.306408627508782,8.885765876316732
0.8076923076923077,1.3461538461538463,1.6666666666666667,0.5477225575051661,11.471474419090953,8.885765876316732
0.8076923076923077,1.3846153846153846,1.7142857142857142,0.5400617248673217,11.634198495964867,8.885765876316732
0.8076923076923077,1.4230769230769231,1.7619047619047619,0.532713603903433,11.794677780217835,8.885765876316732
0.8076923076923077,1.4615384615384617,1.8095238095238098,0.5256574830378468,11.953002686974408,8.885765876316734
0.8076923076923077,1.5,1.8571428571428572,0.5188745216627708,12.109257720045044,8.885765876316734
0.8076923076923077,1.5384615384615385,1.9047619047619049,0.51234753829798,12.263521999251418,8.88576587631673
0.8076923076923077,1.576923076923077,1.9523809523809526,0.5060608273474739,12.415869728769572,8.88576587631673
0.8076923076923077,1.6153846153846154,2.0,0.5,12.566370614359172,8.885765876316732
0.8076923076923077,1.653846153846154,2.047619047619048,0.4941518456017623,12.715090236136069,8.885765876316732
0.8076923076923077,1.6923076923076923,2.0952380952380953,0.48850421045919723,12.862090382544196,8.885765876316732
0.8076923076923077,1.7307692307692308,2.142857142857143,0.48304589153964794,13.007429350351629,8.885765876316732
0.8076923076923077,1.7692307692307694,2.1904761904761907,0.47776654295295456,13.151162214802238,8.885765876316732
0.8076923076923077,1.8076923076923077,2.238095238095238,0.4726565934366609,13.293341073473409,8.88576587631673
0.8076923076923077,1.8461538461538463,2.2857142857142856,0.46770717334674267,13.434015266901712,8.885765876316734
0.8076923076923077,1.8846153846153846,2.333333333333333,0.46291004988627577,13.573231578625679,8.885765876316732
0.8076923076923077,1.9230769230769231,2.380952380952381,0.458257569495584,13.71103441694515,8.885765876316732
0.8076923076923077,1.9615384615384617,2.428571428571429,0.45374260648651504,13.847465980398997,8.885765876316732
0.8076923076923077,2.0,2.4761904761904763,0.4493585171364586,13.982566408709118,8.885765876316732
0.8461538461538461,0.5,0.5909090909090909,0.9198662110077999,6.8305425636797406,8.885765876316732
0.8461538461538461,0.5384615384615384,0.6363636363636364,0.8864052604279183,7.088389010853043,8.885765876316732
0.8461538461538461,0.5769230769230769,0.6818181818181818,0.8563488385776753,7.337179691415753,8.885765876316732
0.8461538461538461,0.6153846153846154,0.7272727272727273,0.82915619758885,7.5778066007958635,8.885765876316732
0.8461538461538461,0.6538461538461539,0.7727272727272727,0.8043996665398437,7.811024256396016,8.885765876316732
0.8461538461538461,0.6923076923076923,0.8181818181818181,0.7817359599705717,8.037477650914402,8.88576587631673
0.8461538461538461,0.7307692307692308,0.8636363636363638,0.760885910252682,8.257723296641158,8.885765876316732
0.8461538461538461,0.7692307692307693,0.9090909090909092,0.7416198487095662,8.472245339863083,8.885765876316734
0.8461538461538461,0.8076923076923077,0.9545454545454546,0.7237468644557459,8.681468087470764,8.885765876316732
0.8461538461538461,0.8461538461538461,1.0,0.7071067811865476,8.885765876316732,8.885765876316732
0.8461538461538461,0.8846153846153846,1.0454545454545454,0.6915640748081247,9.085470943416,8.885765876316732
0.8461538461538461,0.9230769230769231,1.090909090909091,0.67700320038633,9.280879770722064,8.885765876316732
0.8461538461538461,0.9615384615384616,1.1363636363636365,0.6633249580710799,9.472258250994829,8.885765876316732
0.8461538461538461,1.0,1.1818181818181819,0.6504436355879909,9.659845931922579,8.885765876316732
0.8461538461538461,1.0384615384615385,1.2272727272727273,0.6382847385042254,9.843859531881932,8.885765876316732
0.8461538461538461,1.076923076923077,1.272727272727273,0.6267831705280087,10.024495874524781,8.885765876316732
0.8461538461538461,1.1153846153846154,1.3181818181818183,0.6158817620514397,10.201934355469357,8.88576587631673
0.8461538461538461,1.1538461538461537,1.3636363636363635,0.6055300708194984,10.376339029168598,8.885765876316732
0.8461538461538461,1.1923076923076923,1.4090909090909092,0.5956833971812706,10.547860385082327,8.88576587631673
0.8461538461538461,1.2307692307692308,1.4545454545454546,0.5863019699779287,10.716636867885871,8.88576587631673
0.8461538461538461,1.2692307692307692,1.5,0.5773502691896258,10.882796185405304,8.88576587631673
0.8461538461538461,1.3076923076923077,1.5454545454545454,0.568796458994521,11.046456439420467,8.885765876316734
0.8461538461538461,1.3461538461538463,1.590909090909091,0.560611910581388,11.207727107801809,8.885765876316734
0.8461538461538461,1.3846153846153846,1.6363636363636362,0.5527707983925667,11.366709901193794,8.88576587631673
0.8461538461538461,1.4230769230769231,1.6818181818181819,0.5452497568062706,11.523499513291899,8.885765876316732
0.8461538461538461,1.4615384615384617,1.7272727272727275,0.5380275868489703,11.67818428043419,8.885765876316732
0.8461538461538461,1.5,1.7727272727272727,0.5310850045437944,11.830846763555083,8.885765876316732
0.8461538461538461,1.5384615384615385,1.8181818181818183,0.5244044240850757,11.981564263386623,8.885765876316732
0.8461538461538461,1.576923076923077,1.8636363636363638,0.5179697702828122,12.130409278033655,8.885765876316732
0.8461538461538461,1.6153846153846154,1.9090909090909092,0.511766315719159,12.277449910610368,8.885765876316732
0.8461538461538461,1.653846153846154,1.9545454545454548,0.5057805388588731,12.422750233442198,8.885765876316732
0.8461538461538461,1.6923076923076923,2.0,0.5,12.566370614359172,8.885765876316732
0.8461538461538461,1.7307692307692308,2.0454545454545454,0.4944132324730442,12.708368009794622,8.885765876316732
0.8461538461538461,1.7692307692307694,2.0909090909090913,0.48900964692182575,12.848796228725588,8.88576587631673
0.8461538461538461,1.8076923076923077,2.1363636363636362,0.4837794468468967,12.98770617092389,8.885765876316732
0.8461538461538461,1.8461538461538463,2.181818181818182,0.47871355387816905,13.125146042509243,8.885765876316732
0.8461538461538461,1.8846153846153846,2.227272727272727,0.47380354147934284,13.26116155139276,8.885765876316732
0.8461538461538461,1.9230769230769231,2.272727272727273,0.469041575982343,13.39579608485734,8.88576587631673
0.8461538461538461,1.9615384615384617,2.3181818181818183,0.46442036401282394,13.52909087123081,8.885765876316734
0.8461538461538461,2.0,2.3636363636363638,0.45993310550389993,13.661085127359481,8.885765876316732
0.8846153846153846,0.5,0.5652173913043479,0.9405399431259602,6.680402414699065,8.885765876316732
0.8846153846153846,0.5384615384615384,0.6086956521739131,0.9063269671749657,6.932581214883593,8.885765876316732
0.8846153846153846,0.5769230769230769,0.6521739130434783,0.8755950357709131,7.175903300602416,8.885765876316732
0.8846153846153846,0.6153846153846154,0.6956521739130436,0.8477912478906584,7.411241060594133,8.885765876316734
0.8846153846153846,0.6538461538461539,0.7391304347826088,0.8224783208299743,7.639332427436065,8.885765876316732
0.8846153846153846,0.6923076923076923,0.782608695652174,0.7993052538854533,7.860808216431436,8.885765876316732
0.8846153846153846,0.7307692307692308,0.8260869565217392,0.777986605215499,8.076212707337255,8.885765876316732
0.8846153846153846,0.7692307692307693,0.8695652173913044,0.758287544405155,8.286019404563058,8.885765876316732
0.8846153846153846,0.8076923076923077,0.9130434782608696,0.7400128699009548,8.490643288434352,8.885765876316732
0.8846153846153846,0.8461538461538461,0.9565217391304348,0.7229988054812212,8.690450467615305,8.885765876316732
0.8846153846153846,0.8846153846153846,1.0,0.7071067811865476,8.885765876316732,8.885765876316732
0.8846153846153846,0.9230769230769231,1.0434782608695654,0.6922186552431728,9.076879479609424,8.885765876316732
0.8846153846153846,0.9615384615384616,1.0869565217391306,0.6782329983125268,9.264051325742665,8.885765876316732
0.8846153846153846,1.0,1.1304347826086958,0.6650621717611762,9.44751569697739,8.885765876316732
0.8846153846153846,1.0384615384615385,1.173913043478261,0.6526300069150406,9.627484548067265,8.885765876316732
0.8846153846153846,1.076923076923077,1.2173913043478264,0.6408699444616557,9.804150376341326,8.885765876316732
0.8846153846153846,1.1153846153846154,1.2608695652173914,0.6297235299224025,9.97768863417543,8.885765876316734
0.8846153846153846,1.1538461538461537,1.3043478260869565,0.6191391873668903,10.148259769989794,8.885765876316732
0.8846153846153846,1.1923076923076923,1.3478260869565217,0.6090712125322324,10.316010965379647,8.885765876316734
0.8846153846153846,1.2307692307692308,1.3913043478260871,0.5994789404140899,10.481077621908582,8.885765876316732
0.8846153846153846,1.2692307692307692,1.434782608695652,0.5903260526902472,10.643584640294483,8.885765876316734
0.8846153846153846,1.3076923076923077,1.4782608695652175,0.5815799980377996,10.803647526356663,8.885765876316732
0.8846153846153846,1.3461538461538463,1.5217391304347827,0.5732115042211108,10.961373351564676,8.885765876316732
0.8846153846153846,1.3846153846153846,1.565217391304348,0.565194165260439,11.116861590891197,8.885765876316732
0.8846153846153846,1.4230769230769231,1.608695652173913,0.5575040903982775,11.270204856597406,8.885765876316732
0.8846153846153846,1.4615384615384617,1.6521739130434785,0.5501196042201808,11.42148954332628,8.885765876316732
0.8846153846153846,1.5,1.6956521739130435,0.5430209893473685,11.570796397264592,8.885765876316732
0.8846153846153846,1.5384615384615385,1.7391304347826089,0.5361902647381804,11.718201020019714,8.88576587631673
0.8846153846153846,1.576923076923077,1.7826086956521743,0.5296109939172796,11.863774316136954,8.88576587631673
0.8846153846153846,1.6153846153846154,1.8260869565217392,0.5232681184722836,12.007582891775956,8.88576587631673
0.8846153846153846,1.653846153846154,1.8695652173913047,0.517147812975281,12.149689410907195,8.885765876316732
0.8846153846153846,1.6923076923076923,1.9130434782608696,0.511237358145545,12.290152914433174,8.885765876316734
0.8846153846153846,1.7307692307692308,1.956521739130435,0.5055250296034367,12.429029106844586,8.88576587631673
0.8846153846153846,1.7692307692307694,2.0000000000000004,0.5,12.566370614359172,8.885765876316732
0.8846153846153846,1.8076923076923077,2.0434782608695654,0.4946522526622413,12.702227217935818,8.88576587631673
0.8846153846153846,1.8461538461538463,2.086956521739131,0.48947250518628044,12.836646064089688,8.885765876316732
0.8846153846153846,1.8846153846153846,2.130434782608696,0.48445214165180484,12.969671856039731,8.885765876316732
0.8846153846153846,1.9230769230769231,2.173913043478261,0.4795831523312719,13.101347027385728,8.885765876316732
0.8846153846153846,1.9615384615384617,2.217391304347826,0.474858079933817,13.231711900227749,8.885765876316732
0.8846153846153846,2.0,2.2608695652173916,0.4702699715629801,13.36080482939813,8.885765876316732
0.9230769230769231,0.5,0.5416666666666666,0.9607689228305228,6.5397466111504565,8.885765876316732
0.9230769230769231,0.5384615384615384,0.5833333333333333,0.9258200997725515,6.786615789312839,8.885765876316732
0.9230769230769231,0.5769230769230769,0.6249999999999999,0.894427190999916,7.024814731040726,8.885765876316732
0.9230769230769231,0.6153846153846154,0.6666666666666666,0.8660254037844386,7.255197456936871,8.885765876316732
0.9230769230769231,0.6538461538461539,0.7083333333333333,0.8401680504168059,7.47848636241584,8.885765876316732
0.9230769230769231,0.6923076923076923,0.7499999999999999,0.816496580927726,7.6952989809711845,8.885765876316732
0.9230769230769231,0.7307692307692308,0.7916666666666667,0.7947194142390263,7.906168132555278,8.885765876316732
0.9230769230769231,0.7692307692307693,0.8333333333333334,0.7745966692414834,8.111557351947223,8.88576587631673
0.9230769230769231,0.8076923076923077,0.875,0.7559289460184544,8.311872882066082,8.885765876316732
0.9230769230769231,0.8461538461538461,0.9166666666666666,0.7385489458759964,8.507473123161892,8.885765876316732
0.9230769230769231,0.8846153846153846,0.9583333333333333,0.7223151185146153,8.69867616795903,8.885765876316732
0.9230769230769231,0.9230769230769231,1.0,0.7071067811865476,8.885765876316732,8.885765876316732
0.9230769230769231,0.9615384615384616,1.0416666666666667,0.6928203230275509,9.068996821171089,8.885765876316732
0.9230769230769231,1.0,1.0833333333333333,0.6793662204867574,9.248598351972463,8.885765876316732
0.9230769230769231,1.0384615384615385,1.125,0.6666666666666666,9.42477796076938,8.885765876316732
0.9230769230769231,1.076923076923077,1.1666666666666667,0.6546536707079771,9.597724091861606,8.885765876316732
0.9230769230769231,1.1153846153846154,1.2083333333333333,0.6432675209026769,9.767608503477048,8.885765876316734
0.9230769230769231,1.1538461538461537,1.2499999999999998,0.6324555320336759,9.934588265796101,8.885765876316734
0.9230769230769231,1.1923076923076923,1.2916666666666665,0.6221710168382552,10.098807461507029,8.885765876316732
0.9230769230769231,1.2307692307692308,1.3333333333333333,0.6123724356957945,10.260398641294913,8.885765876316732
0.9230769230769231,1.2692307692307692,1.3749999999999998,0.6030226891555273,10.419484076094312,8.885765876316734
0.9230769230769231,1.3076923076923077,1.4166666666666665,0.5940885257860046,10.576176839750714,8.885765876316732
0.9230769230769231,1.3461538461538463,1.4583333333333333,0.5855400437691199,10.730581749344992,8.885765876316732
0.9230769230769231,1.3846153846153846,1.4999999999999998,0.5773502691896258,10.882796185405304,8.88576587631673
0.9230769230769231,1.4230769230769231,1.5416666666666667,0.5694947974514994,11.032910810242631,8.88576587631673
0.9230769230769231,1.4615384615384617,1.5833333333333335,0.5619514869490163,11.18101019946164,8.885765876316732
0.9230769230769231,1.5,1.625,0.5547001962252291,11.327173399138976,8.885765876316732
0.9230769230769231,1.5384615384615385,1.6666666666666667,0.5477225575051661,11.471474419090953,8.885765876316732
0.9230769230769231,1.576923076923077,1.7083333333333335,0.5410017808004594,11.613982670968412,8.885765876316732
0.9230769230769231,1.6153846153846154,1.75,0.5345224838248488,11.754763358538996,8.88576587631673
0.9230769230769231,1.653846153846154,1.7916666666666667,0.5282705437953743,11.893877826383935,8.885765876316732
0.9230769230769231,1.6923076923076923,1.8333333333333333,0.5222329678670935,12.03138387230014,8.885765876316732
0.9230769230769231,1.7307692307692308,1.875,0.5163977794943222,12.167336027920836,8.885765876316732
0.9230769230769231,1.7692307692307694,1.9166666666666667,0.5107539184552492,12.301785811419283,8.88576587631673
0.9230769230769231,1.8076923076923077,1.9583333333333333,0.5052911526399114,12.434781955616803,8.885765876316732
0.9230769230769231,1.8461538461538463,2.0,0.5,12.566370614359172,8.885765876316732
0.9230769230769231,1.8846153846153846,2.0416666666666665,0.4948716593053935,12.696595549639525,8.885765876316732
0.9230769230769231,1.9230769230769231,2.0833333333333335,0.48989794855663565,12.825498301618639,8.88576587631673
0.9230769230769231,1.9615384615384617,2.125,0.48507125007266594,12.953118343415191,8.885765876316732
0.9230769230769231,2.0,2.1666666666666665,0.4803844614152614,13.079493222300913,8.885765876316732
0.9615384615384616,0.5,0.52,0.9805806756909202,6.407616897765637,8.88576587631673
0.9615384615384616,0.5384615384615384,0.5599999999999999,0.944911182523068,6.649498305652865,8.885765876316732
0.9615384615384616,0.5769230769230769,0.6,0.9128709291752769,6.882884651454571,8.88576587631673
0.9615384615384616,0.6153846153846154,0.64,0.8838834764831844,7.108612701053385,8.88576587631673
0.9615384615384616,0.6538461538461539,0.6799999999999999,0.8574929257125442,7.327390254512592,8.885765876316732
0.9615384615384616,0.6923076923076923,0.72,0.8333333333333334,7.5398223686155035,8.885765876316732
0.9615384615384616,0.7307692307692308,0.76,0.8111071056538126,7.746431098165355,8.885765876316734
0.9615384615384616,0.7692307692307693,0.8,0.7905694150420949,7.94767061263688,8.885765876316732
0.9615384615384616,0.8076923076923077,0.84,0.7715167498104596,8.143938947175407,8.885765876316732
0.9615384615384616,0.8461538461538461,0.88,0.7537783614444091,8.33558726087545,8.885765876316732
0.9615384615384616,0.8846153846153846,0.9199999999999999,0.7372097807744857,8.52292721968325,8.885765876316732
0.9615384615384616,0.9230769230769231,0.9600000000000001,0.7216878364870323,8.706236948324245,8.88576587631673
0.9615384615384616,0.9615384615384616,1.0,0.7071067811865476,8.885765876316732,8.885765876316732
0.9615384615384616,1.0,1.04,0.6933752452815364,9.061738719311181,8.88576587631673
0.9615384615384616,1.0384615384615385,1.08,0.6804138174397717,9.23435877716542,8.88576587631673
0.9615384615384616,1.076923076923077,1.12,0.6681531047810609,9.403810686831198,8.885765876316732
0.9615384615384616,1.1153846153846154,1.16,0.6565321642986127,9.570262736315511,8.885765876316734
0.9615384615384616,1.1538461538461537,1.2,0.6454972243679029,9.733868822336667,8.885765876316732
0.9615384615384616,1.1923076923076923,1.24,0.6350006350009525,9.894770116521476,8.885765876316732
0.9615384615384616,1.2307692307692308,1.28,0.625,10.053096491487338,8.885765876316732
0.9615384615384616,1.2692307692307692,1.3199999999999998,0.6154574548966637,10.20896774779427,8.885765876316732
0.9615384615384616,1.3076923076923077,1.3599999999999999,0.6063390625908325,10.362494674732151,8.885765876316732
0.9615384615384616,1.3461538461538463,1.4000000000000001,0.5976143046671968,10.513779971646773,8.885765876316732
0.9615384615384616,1.3846153846153846,1.44,0.5892556509887896,10.662919051580078,8.885765876316732
0.9615384615384616,1.4230769230769231,1.48,0.5812381937190964,10.81000074509239,8.885765876316734
0.9615384615384616,1.4615384615384617,1.52,0.5735393346764044,10.955107919014154,8.885765876316734
0.9615384615384616,1.5,1.56,0.5661385170722979,11.098318022366955,8.88576587631673
0.9615384615384616,1.5384615384615385,1.6,0.5590169943749475,11.239703569665162,8.885765876316732
0.9615384615384616,1.576923076923077,1.6400000000000001,0.5521576303742327,11.37933257015948,8.885765876316732
0.9615384615384616,1.6153846153846154,1.68,0.5455447255899809,11.517268910233927,8.885765876316734
0.9615384615384616,1.653846153846154,1.72,0.539163866017192,11.653572695057495,8.885765876316734
0.9615384615384616,1.6923076923076923,1.76,0.5330017908890261,11.788300554674459,8.885765876316732
0.9615384615384616,1.7307692307692308,1.8,0.5270462766947299,11.92150591895532,8.885765876316732
0.9615384615384616,1.7692307692307694,1.84,0.5212860351426869,12.05323926519487,8.885765876316732
0.9615384615384616,1.8076923076923077,1.88,0.5157106231293968,12.183548341611482,8.88576587631673
0.9615384615384616,1.8461538461538463,1.9200000000000002,0.5103103630798288,12.312478369553894,8.88576587631673
0.9615384615384616,1.8846153846153846,1.96,0.5050762722761054,12.440072226843425,8.885765876316732
0.9615384615384616,1.9230769230769231,2.0,0.5,12.566370614359172,8.885765876316732
0.9615384615384616,1.9615384615384617,2.04,0.49507377148833714,12.691412207700857,8.885765876316732
0.9615384615384616,2.0,2.08,0.4902903378454601,12.815233795531274,8.88576587631673
1.0,0.5,0.5,1.0,6.283185307179586,8.885765876316732
1.0,0.5384615384615384,0.5384615384615384,0.9636241116594315,6.520369541562715,8.885765876316732
1.0,0.5769230769230769,0.5769230769230769,0.9309493362512627,6.7492236822259875,8.885765876316732
1.0,0.6153846153846154,0.6153846153846154,0.9013878188659973,6.970568245623986,8.885765876316732
1.0,0.6538461538461539,0.6538461538461539,0.8744746321952062,7.185097286821021,8.885765876316732
1.0,0.6923076923076923,0.6923076923076923,0.8498365855987975,7.393404112806504,8.88576587631673
1.0,0.7307692307692308,0.7307692307692308,0.827170191868511,7.59600064043214,8.885765876316732
1.0,0.7692307692307693,0.7692307692307693,0.8062257748298549,7.7933322195083425,8.885765876316732
1.0,0.8076923076923077,0.8076923076923077,0.7867957924694432,7.985789155606861,8.88576587631673
1.0,0.8461538461538461,0.8461538461538461,0.7687061147858074,8.173715788549874,8.88576587631673
1.0,0.8846153846153846,0.8846153846153846,0.7518094115561124,8.357417731941537,8.88576587631673
1.0,0.9230769230769231,0.9230769230769231,0.7359800721939872,8.537167709513044,8.885765876316732
1.0,0.9615384615384616,0.9615384615384616,0.7211102550927979,8.713210307029982,8.88576587631673
1.0,1.0,1.0,0.7071067811865476,8.885765876316732,8.885765876316732
1.0,1.0384615384615385,1.0384615384615385,0.693888666488711,9.055033769285247,8.88576587631673
1.0,1.076923076923077,1.076923076923077,0.6813851438692469,9.221195037362433,8.885765876316734
1.0,1.1153846153846154,1.1153846153846154,0.6695340634119862,9.384414700515897,8.88576587631673
1.0,1.1538461538461537,1.1538461538461537,0.6582805886043833,9.544843666893671,8.885765876316732
1.0,1.1923076923076923,1.1923076923076923,0.6475761258027333,9.702620366664954,8.885765876316732
1.0,1.2307692307692308,1.2307692307692308,0.6373774391990981,9.857872150408673,8.885765876316732
1.0,1.2692307692307692,1.2692307692307692,0.6276459144608478,10.010716492238917,8.885765876316732
1.0,1.3076923076923077,1.3076923076923077,0.6183469424008423,10.161262029992416,8.885765876316732
1.0,1.3461538461538463,1.3461538461538463,0.609449400220044,10.309609468663057,8.885765876316732
1.0,1.3846153846153846,1.3846153846153846,0.6009252125773316,10.455852368435979,8.885765876316732
1.0,1.4230769230769231,1.4230769230769231,0.5927489783638191,10.600077834842045,8.885765876316732
1.0,1.4615384615384617,1.4615384615384617,0.5848976518656017,10.74236712549385,8.885765876316734
1.0,1.5,1.5,0.5773502691896257,10.882796185405308,8.885765876316734
1.0,1.5384615384615385,1.5384615384615385,0.5700877125495689,11.021436120907913,8.885765876316732
1.0,1.576923076923077,1.576923076923077,0.5630925063714729,11.15835362055868,8.885765876316734
1.0,1.6153846153846154,1.6153846153846154,0.5563486402641868,11.29361133011121,8.88576587631673
1.0,1.653846153846154,1.653846153846154,0.5498414147691576,11.427268187532734,8.885765876316732
1.0,1.6923076923076923,1.6923076923076923,0.543557306504609,11.55937972315033,8.885765876316732
1.0,1.7307692307692308,1.7307692307692308,0.5374838498865699,11.689998329262513,8.885765876316732
1.0,1.7692307692307694,1.7692307692307694,0.531609533071195,11.819173502929115,8.88576587631673
1.0,1.8076923076923077,1.8076923076923077,0.5259237061407777,11.946952065130379,8.885765876316732
1.0,1.8461538461538463,1.8461538461538463,0.5204164998665332,12.073378359046998,8.885765876316734
1.0,1.8846153846153846,1.8846153846153846,0.5150787536377128,12.198494429841974,8.88576587631673
1.0,1.9230769230769231,1.9230769230769231,0.5099019513592785,12.32234018801084,8.885765876316732
1.0,1.9615384615384617,1.9615384615384617,0.5048781642974013,12.444953558099298,8.885765876316732
1.0,2.0,2.0,0.5,12.566370614359172,8.885765876316732
1.0384615384615385,0.5,0.48148148148148145,1.0190493307301363,6.165732234648308,8.88576587631673
1.0384615384615385,0.5384615384615384,0.5185185185185185,0.9819805060619657,6.398482727907736,8.885765876316732
1.0384615384615385,0.5769230769230769,0.5555555555555555,0.9486832980505139,6.623058843864067,8.885765876316734
1.0384615384615385,0.6153846153846154,0.5925925925925926,0.9185586535436918,6.840265760863275,8.885765876316732
1.0384615384615385,0.6538461538461539,0.6296296296296295,0.8911327886790069,7.050784559833809,8.885765876316732
1.0384615384615385,0.6923076923076923,0.6666666666666666,0.8660254037844387,7.2551974569368705,8.885765876316732
1.0384615384615385,0.7307692307692308,0.7037037037037037,0.8429272304235246,7.454006799641093,8.885765876316732
1.0384615384615385,0.7692307692307693,0.7407407407407407,0.8215838362577492,7.647649612727301,8.885765876316732
1.0384615384615385,0.8076923076923077,0.7777777777777777,0.8017837257372732,7.836508905692664,8.885765876316732
1.0384615384615385,0.8461538461538461,0.8148148148148148,0.7833494518006403,8.020922581533426,8.885765876316732
1.0384615384615385,0.8846153846153846,0.8518518518518517,0.7661308776828738,8.20119054094619,8.885765876316732
1.0384615384615385,0.9230769230769231,0.8888888888888888,0.75,8.377580409572781,8.885765876316732
1.0384615384615385,0.9615384615384616,0.9259259259259258,0.7348469228349535,8.550332201079094,8.885765876316732
1.0384615384615385,1.0,0.9629629629629629,0.7205766921228921,8.719662148200609,8.885765876316732
1.0384615384615385,1.0384615384615385,1.0,0.7071067811865476,8.885765876316732,8.885765876316732
1.0384615384615385,1.076923076923077,1.0370370370370372,0.6943650748294136,9.04882105241712,8.885765876316732
1.0384615384615385,1.1153846153846154,1.074074074074074,0.6822882392210131,9.208989611712006,8.88576587631673
1.0384615384615385,1.1538461538461537,1.111111111111111,0.6708203932499369,9.366419641387635,8.885765876316734
1.0384615384615385,1.1923076923076923,1.1481481481481481,0.6599120175960899,9.52124698390523,8.885765876316732
1.0384615384615385,1.2307692307692308,1.1851851851851851,0.649519052838329,9.673596609249161,8.885765876316732
1.0384615384615385,1.2692307692307692,1.222222222222222,0.6396021490668313,9.82358379556205,8.885765876316732
1.0384615384615385,1.3076923076923077,1.259259259259259,0.6301260378126045,9.971315149887785,8.88576587631673
1.0384615384615385,1.3461538461538463,1.2962962962962963,0.6210590034081188,10.116889494717933,8.88576587631673
1.0384615384615385,1.3846153846153846,1.3333333333333333,0.6123724356957946,10.26039864129491,8.885765876316732
1.0384615384615385,1.4230769230769231,1.3703703703703702,0.6040404496926218,10.401928066865244,8.885765876316732
1.0384615384615385,1.4615384615384617,1.4074074074074074,0.5960395606792697,10.541557510073703,8.885765876316732
1.0384615384615385,1.5,1.4444444444444444,0.5883484054145521,10.679361496276062,8.885765876316732
1.0384615384615385,1.5384615384615385,1.4814814814814814,0.5809475019311126,10.815409802596298,8.885765876316732
1.0384615384615385,1.576923076923077,1.5185185185185186,0.5738190417570045,10.94976787096642,8.885765876316732
1.0384615384615385,1.6153846153846154,1.5555555555555554,0.5669467095138409,11.082497176088108,8.885765876316732
1.0384615384615385,1.653846153846154,1.5925925925925926,0.5603155257282213,11.213655554187193,8.885765876316732
1.0384615384615385,1.6923076923076923,1.6296296296296295,0.5539117094069973,11.34329749754919,8.885765876316732
1.0384615384615385,1.7307692307692308,1.6666666666666665,0.5477225575051661,11.471474419090953,8.885765876316732
1.0384615384615385,1.7692307692307694,1.7037037037037037,0.5417363388859614,11.59823489061204,8.885765876316732
1.0384615384615385,1.8076923076923077,1.7407407407407407,0.5359422007578724,11.723624857857013,8.88576587631673
1.0384615384615385,1.8461538461538463,1.7777777777777777,0.5303300858899106,11.847687835088978,8.885765876316734
1.0384615384615385,1.8846153846153846,1.8148148148148147,0.524890659167824,11.97046508151073,8.88576587631673
1.0384615384615385,1.9230769230769231,1.8518518518518516,0.5196152422706632,12.091995761561451,8.885765876316732
1.0384615384615385,1.9615384615384617,1.8888888888888888,0.5144957554275266,12.212317090854318,8.88576587631673
1.0384615384615385,2.0,1.9259259259259258,0.5095246653650681,12.331464469296616,8.88576587631673
1.076923076923077,0.5,0.4642857142857142,1.0377490433255416,6.054628860022522,8.885765876316734
1.076923076923077,0.5384615384615384,0.4999999999999999,1.0,6.283185307179586,8.885765876316732
1.076923076923077,0.5769230769230769,0.5357142857142856,0.966091783079296,6.5037146751758135,8.885765876316732
1.076923076923077,0.6153846153846154,0.5714285714285714,0.9354143466934854,6.717007633450855,8.885765876316732
1.076923076923077,0.6538461538461539,0.6071428571428571,0.9074852129730302,6.923732990199498,8.885765876316732
1.076923076923077,0.6923076923076923,0.6428571428571428,0.881917103688197,7.124462470342355,8.885765876316732
1.076923076923077,0.7307692307692308,0.6785714285714285,0.8583950752789522,7.319689369300893,8.885765876316732
1.076923076923077,0.7692307692307693,0.7142857142857142,0.8366600265340756,7.509842836890551,8.885765876316732
1.076923076923077,0.8076923076923077,0.7499999999999999,0.816496580927726,7.6952989809711845,8.885765876316732
1.076923076923077,0.8461538461538461,0.7857142857142856,0.7977240352174657,7.876389615698042,8.885765876316732
1.076923076923077,0.8846153846153846,0.8214285714285713,0.780189497605494,8.053409237708944,8.885765876316732
1.076923076923077,0.9230769230769231,0.8571428571428571,0.7637626158259734,8.22662065016709,8.885765876316732
1.076923076923077,0.9615384615384616,0.8928571428571428,0.7483314773547883,8.396259541813569,8.885765876316732
1.076923076923077,1.0,0.9285714285714284,0.7337993857053429,8.5625382489794,8.885765876316732
1.076923076923077,1.0384615384615385,0.9642857142857142,0.7200822998230957,8.72564887197365,8.885765876316732
1.076923076923077,1.076923076923077,1.0,0.7071067811865476,8.885765876316732,8.885765876316732
1.076923076923077,1.1153846153846154,1.0357142857142856,0.6948083337796512,9.04304827922834,8.885765876316732
1.076923076923077,1.1538461538461537,1.0714285714285712,0.6831300510639733,9.197641499438564,8.885765876316734
1.076923076923077,1.1923076923076923,1.107142857142857,0.6720215050322471,9.349678931596223,8.885765876316732
1.076923076923077,1.2307692307692308,1.1428571428571428,0.6614378277661477,9.499283293789807,8.885765876316732
1.076923076923077,1.2692307692307692,1.1785714285714284,0.6513389472789297,9.646567786908145,8.88576587631673
1.076923076923077,1.3076923076923077,1.2142857142857142,0.641688947919748,9.791637096990153,8.885765876316732
1.076923076923077,1.3461538461538463,1.25,0.6324555320336759,9.934588265796101,8.885765876316732
1.076923076923077,1.3846153846153846,1.2857142857142856,0.6236095644623236,10.075511450176283,8.88576587631673
1.076923076923077,1.4230769230769231,1.3214285714285712,0.6151246852292456,10.214490587120494,8.88576587631673
1.076923076923077,1.4615384615384617,1.357142857142857,0.606976978666884,10.351603978423489,8.885765876316732
1.076923076923077,1.5,1.3928571428571426,0.5991446895152781,10.486924806531839,8.885765876316732
1.076923076923077,1.5384615384615385,1.4285714285714284,0.5916079783099616,10.620521591221058,8.885765876316734
1.076923076923077,1.576923076923077,1.4642857142857142,0.5843487097907776,10.752458595192657,8.885765876316732
1.076923076923077,1.6153846153846154,1.4999999999999998,0.5773502691896258,10.882796185405304,8.88576587631673
1.076923076923077,1.653846153846154,1.5357142857142856,0.5705974021574557,11.011591155905313,8.885765876316732
1.076923076923077,1.6923076923076923,1.5714285714285712,0.5640760748177662,11.138897017054783,8.885765876316732
1.076923076923077,1.7307692307692308,1.607142857142857,0.5577733510227171,11.264764255335827,8.885765876316732
1.076923076923077,1.7692307692307694,1.6428571428571428,0.5516772843673705,11.389240567308759,8.885765876316732
1.076923076923077,1.8076923076923077,1.6785714285714284,0.5457768229098153,11.512371070799071,8.885765876316732
1.076923076923077,1.8461538461538463,1.7142857142857142,0.5400617248673217,11.634198495964867,8.885765876316732
1.076923076923077,1.8846153846153846,1.7499999999999998,0.5345224838248488,11.754763358538996,8.885765876316732
1.076923076923077,1.9230769230769231,1.7857142857142856,0.5291502622129182,11.874104117237257,8.88576587631673
1.076923076923077,1.9615384615384617,1.8214285714285712,0.5239368319955838,11.992257317066318,8.885765876316734
1.076923076923077,2.0,1.8571428571428568,0.5188745216627708,12.109257720045044,8.885765876316734
1.1153846153846154,0.5,0.4482758620689655,1.0561177090573832,5.94932293369791,8.885765876316732
1.1153846153846154,0.5384615384615384,0.48275862068965514,1.0177004891982149,6.17390418287971,8.885765876316732
1.1153846153846154,0.5769230769230769,0.5172413793103448,0.9831920802501751,6.3905979649274816,8.885765876316732
1.1153846153846154,0.6153846153846154,0.5517241379310345,0.9519716382329886,6.600181197458973,8.885765876316732
1.1153846153846154,0.6538461538461539,0.5862068965517241,0.9235481451827989,6.803311056334749,8.885765876316732
1.1153846153846154,0.6923076923076923,0.6206896551724138,0.8975274678557507,7.000549322674781,8.885765876316732
1.1153846153846154,0.7307692307692308,0.6551724137931035,0.873589088036728,7.1923807121952334,8.885765876316732
1.1153846153846154,0.7692307692307693,0.6896551724137931,0.85146931829632,7.379226910667113,8.885765876316734
1.1153846153846154,0.8076923076923077,0.7241379310344828,0.8309489698388166,7.561457484445005,8.885765876316732
1.1153846153846154,0.8461538461538461,0.7586206896551724,0.8118441408859888,7.739398476562959,8.88576587631673
1.1153846153846154,0.8846153846153846,0.793103448275862,0.7939992333804207,7.913339261587408,8.885765876316732
1.1153846153846154,0.9230769230769231,0.8275862068965517,0.7772815877574012,8.083538071843074,8.885765876316734
1.1153846153846154,0.9615384615384616,0.8620689655172413,0.7615773105863908,8.250226496823716,8.885765876316732
1.1153846153846154,1.0,0.896551724137931,0.7467879938056768,8.413613179772874,8.885765876316732
1.1153846153846154,1.0384615384615385,0.9310344827586208,0.7328281087929399,8.5738868798698,8.885765876316732
1.1153846153846154,1.076923076923077,0.9655172413793105,0.7196229171289243,8.731219028220469,8.885765876316732
1.1153846153846154,1.1153846153846154,1.0,0.7071067811865476,8.885765876316732,8.885765876316732
1.1153846153846154,1.1538461538461537,1.0344827586206895,0.695221787153807,9.037670313674345,8.885765876316732
1.1153846153846154,1.1923076923076923,1.0689655172413792,0.6839166144230384,9.187063414858212,8.885765876316732
1.1153846153846154,1.2307692307692308,1.103448275862069,0.673145600891813,9.334065763566375,8.885765876316734
1.1153846153846154,1.2692307692307692,1.1379310344827585,0.6628679652796169,9.478788591826364,8.885765876316734
1.1153846153846154,1.3076923076923077,1.1724137931034482,0.6530471562110152,9.621334764911431,8.885765876316734
1.1153846153846154,1.3461538461538463,1.206896551724138,0.6436503043467892,9.761799636770311,8.885765876316732
1.1153846153846154,1.3846153846153846,1.2413793103448276,0.6346477588219923,9.90027179618846,8.885765876316732
1.1153846153846154,1.4230769230769231,1.2758620689655173,0.6260126930757011,10.036833720270568,8.885765876316732
1.1153846153846154,1.4615384615384617,1.310344827586207,0.6177207681213422,10.17156234893716,8.88576587631673
1.1153846153846154,1.5,1.3448275862068966,0.609749843620211,10.304529591799508,8.885765876316732
1.1153846153846154,1.5384615384615385,1.3793103448275863,0.6020797289396148,10.435802776893945,8.885765876316732
1.1153846153846154,1.576923076923077,1.413793103448276,0.59469196781642,10.565445049224527,8.88576587631673
1.1153846153846154,1.6153846153846154,1.4482758620689655,0.5875696513930031,10.693515725809673,8.885765876316732
1.1153846153846154,1.653846153846154,1.4827586206896552,0.5806972553108731,10.820070612897794,8.885765876316732
1.1153846153846154,1.6923076923076923,1.5172413793103448,0.5740604972870496,10.945162290165007,8.88576587631673
1.1153846153846154,1.7307692307692308,1.5517241379310345,0.5676462121975467,11.068840366000668,8.885765876316732
1.1153846153846154,1.7692307692307694,1.5862068965517242,0.5614422421802155,11.191151707396408,8.885765876316734
1.1153846153846154,1.8076923076923077,1.6206896551724137,0.5554373396683665,11.31214064746002,8.885765876316732
1.1153846153846154,1.8461538461538463,1.6551724137931034,0.5496210815947049,11.431849173159735,8.885765876316734
1.1153846153846154,1.8846153846153846,1.689655172413793,0.5439837932759934,11.550317095553202,8.885765876316732
1.1153846153846154,1.9230769230769231,1.7241379310344827,0.5385164807134504,11.667582204457968,8.885765876316734
1.1153846153846154,1.9615384615384617,1.7586206896551724,0.5332107702308685,11.783680409266875,8.885765876316734
1.1153846153846154,2.0,1.793103448275862,0.5280588545286916,11.89864586739582,8.885765876316732
1.1538461538461537,0.5,0.43333333333333335,1.0741723110591492,5.849327191262523,8.885765876316732
1.1538461538461537,0.5384615384615384,0.4666666666666667,1.0350983390135313,6.07013369683076,8.885765876316734
1.1538461538461537,0.5769230769230769,0.5,1.0,6.283185307179586,8.885765876316732
1.1538461538461537,0.6153846153846154,0.5333333333333334,0.9682458365518541,6.489245881557779,8.885765876316732
1.1538461538461537,0.6538461538461539,0.5666666666666668,0.9393364366277241,6.688961550066779,8.885765876316732
1.1538461538461537,0.6923076923076923,0.6000000000000001,0.9128709291752768,6.882884651454572,8.885765876316732
1.1538461538461537,0.7307692307692308,0.6333333333333334,0.8885233166386385,7.071491754374468,8.885765876316732
1.1538461538461537,0.7692307692307693,0.6666666666666667,0.8660254037844386,7.255197456936871,8.885765876316732
1.1538461538461537,0.8076923076923077,0.7000000000000001,0.8451542547285166,7.43436511385474,8.885765876316732
1.1538461538461537,0.8461538461538461,0.7333333333333334,0.8257228238447705,7.6093152880569725,8.885765876316732
1.1538461538461537,0.8846153846153846,0.7666666666666667,0.8075728530872482,7.780332490325509,8.885765876316732
1.1538461538461537,0.9230769230769231,0.8000000000000002,0.7905694150420948,7.947670612636881,8.885765876316732
1.1538461538461537,0.9615384615384616,0.8333333333333335,0.7745966692414834,8.111557351947223,8.88576587631673
1.1538461538461537,1.0,0.8666666666666667,0.7595545253127499,8.272197844641182,8.885765876316732
1.1538461538461537,1.0384615384615385,0.9000000000000001,0.7453559924999298,8.429777677248872,8.885765876316732
1.1538461538461537,1.076923076923077,0.9333333333333336,0.7319250547113998,8.584465399475995,8.885765876316732
1.1538461538461537,1.1153846153846154,0.9666666666666668,0.7191949522280762,8.736414636551869,8.885765876316732
1.1538461538461537,1.1538461538461537,1.0,0.7071067811865476,8.885765876316732,8.885765876316732
1.1538461538461537,1.1923076923076923,1.0333333333333334,0.6956083436402524,9.032647990244723,8.885765876316732
1.1538461538461537,1.2307692307692308,1.0666666666666669,0.6846531968814576,9.177179535272762,8.88576587631673
1.1538461538461537,1.2692307692307692,1.1,0.674199862463242,9.319469873849389,8.885765876316732
1.1538461538461537,1.3076923076923077,1.1333333333333335,0.6642111641550714,9.459620142296599,8.885765876316732
1.1538461538461537,1.3461538461538463,1.166666666666667,0.6546536707079771,9.597724091861606,8.885765876316732
1.1538461538461537,1.3846153846153846,1.2000000000000002,0.6454972243679028,9.73386882233667,8.885765876316732
1.1538461538461537,1.4230769230769231,1.2333333333333334,0.6367145399670133,9.868135424557924,8.885765876316732
1.1538461538461537,1.4615384615384617,1.2666666666666668,0.6282808624375432,10.000599545245883,8.885765876316732
1.1538461538461537,1.5,1.3,0.6201736729460422,10.131331885360845,8.885765876316732
1.1538461538461537,1.5384615384615385,1.3333333333333335,0.6123724356957945,10.260398641294913,8.88576587631673
1.1538461538461537,1.576923076923077,1.366666666666667,0.6048583789091339,10.387861896715977,8.885765876316732
1.1538461538461537,1.6153846153846154,1.4000000000000001,0.5976143046671968,10.513779971646773,8.885765876316732
1.1538461538461537,1.653846153846154,1.4333333333333336,0.5906244232186183,10.63820773434877,8.885765876316732
1.1538461538461537,1.6923076923076923,1.4666666666666668,0.5838742081211422,10.761196880743105,8.885765876316732
1.1538461538461537,1.7307692307692308,1.5000000000000002,0.5773502691896257,10.882796185405308,8.885765876316732
1.1538461538461537,1.7692307692307694,1.5333333333333337,0.5710402407201607,11.003051727590373,8.885765876316732
1.1538461538461537,1.8076923076923077,1.5666666666666669,0.564932682866032,11.122007095258779,8.885765876316732
1.1538461538461537,1.8461538461538463,1.6000000000000003,0.5590169943749473,11.239703569665163,8.885765876316734
1.1538461538461537,1.8846153846153846,1.6333333333333335,0.5532833351724881,11.356180292726114,8.885765876316732
1.1538461538461537,1.9230769230769231,1.666666666666667,0.5477225575051661,11.471474419090953,8.88576587631673
1.1538461538461537,1.9615384615384617,1.7000000000000002,0.5423261445466404,11.585621254590333,8.885765876316732
1.1538461538461537,2.0,1.7333333333333334,0.5370861555295746,11.698654382525046,8.885765876316732
1.1923076923076923,0.5,0.41935483870967744,1.0919284281983377,5.754209840975318,8.885765876316732
1.1923076923076923,0.5384615384615384,0.45161290322580644,1.0522085616183026,5.9714257575665535,8.885765876316732
1.1923076923076923,0.5769230769230769,0.48387096774193544,1.0165300454651272,6.181012883199758,8.885765876316732
1.1923076923076923,0.6153846153846154,0.5161290322580645,0.9842509842514763,6.383722655820308,8.885765876316732
1.1923076923076923,0.6538461538461539,0.5483870967741936,0.954863710632231,6.580190698648906,8.885765876316732
1.1923076923076923,0.6923076923076923,0.5806451612903226,0.927960727138337,6.770960368717104,8.885765876316732
1.1923076923076923,0.7307692307692308,0.6129032258064516,0.9032106474595006,6.956500485077951,8.885765876316734
1.1923076923076923,0.7692307692307693,0.6451612903225807,0.8803408430829504,7.137218903959851,8.885765876316732
1.1923076923076923,0.8076923076923077,0.6774193548387097,0.8591246929842246,7.313473071475271,8.885765876316732
1.1923076923076923,0.8461538461538461,0.7096774193548387,0.8393720596645177,7.485578337800362,8.885765876316732
1.1923076923076923,0.8846153846153846,0.7419354838709677,0.8209220690651828,7.653814587217156,8.885765876316732
1.1923076923076923,0.9230769230769231,0.7741935483870969,0.8036375634160795,7.818431583102217,8.885765876316732
1.1923076923076923,0.9615384615384616,0.8064516129032259,0.7874007874011811,7.979653319775384,8.88576587631673
1.1923076923076923,1.0,0.8387096774193549,0.7721099961494128,8.137681597848026,8.885765876316732
1.1923076923076923,1.0384615384615385,0.870967741935484,0.7576767609436587,8.292698985981977,8.885765876316732
1.1923076923076923,1.076923076923077,0.9032258064516131,0.7440238091428449,8.444871293054653,8.88576587631673
1.1923076923076923,1.1153846153846154,0.935483870967742,0.7310832774866962,8.594349646157681,8.885765876316732
1.1923076923076923,1.1538461538461537,0.9677419354838709,0.7187952884282609,8.741272248623924,8.88576587631673
1.1923076923076923,1.1923076923076923,1.0,0.7071067811865476,8.885765876316732,8.885765876316732
1.1923076923076923,1.2307692307692308,1.032258064516129,0.6959705453537527,9.027947158289473,8.885765876316732
1.1923076923076923,1.2692307692307692,1.064516129032258,0.6853444168423419,9.16792367862097,8.885765876316732
1.1923076923076923,1.3076923076923077,1.0967741935483872,0.6751906048969998,9.305794929030574,8.885765876316732
1.1923076923076923,1.3461538461538463,1.1290322580645162,0.6654751256486924,9.441653136253377,8.88576587631673
1.1923076923076923,1.3846153846153846,1.1612903225806452,0.6561673228343176,9.57558398373046,8.885765876316732
1.1923076923076923,1.4230769230769231,1.1935483870967742,0.6472394602609756,9.7076672436599,8.885765876316732
1.1923076923076923,1.4615384615384617,1.2258064516129032,0.6386663736585051,9.837977332652251,8.88576587631673
1.1923076923076923,1.5,1.2580645161290323,0.6304251719561152,9.96658380198208,8.88576587631673
1.1923076923076923,1.5384615384615385,1.2903225806451615,0.6224949798994366,10.093551771605657,8.885765876316732
1.1923076923076923,1.576923076923077,1.3225806451612905,0.6148567154124649,10.218942315633052,8.885765876316732
1.1923076923076923,1.6153846153846154,1.3548387096774195,0.6074928962939559,10.342812805730745,8.885765876316732
1.1923076923076923,1.653846153846154,1.3870967741935485,0.6003874717872365,10.465217217933892,8.885765876316732
1.1923076923076923,1.6923076923076923,1.4193548387096775,0.5935256753272998,10.586206407523521,8.885765876316732
1.1923076923076923,1.7307692307692308,1.4516129032258065,0.5868938953886337,10.705828355939774,8.88576587631673
1.1923076923076923,1.7692307692307694,1.4838709677419357,0.580479561861682,10.824128393131536,8.885765876316732
1.1923076923076923,1.8076923076923077,1.5161290322580645,0.5742710457985438,10.941149398264715,8.885765876316732
1.1923076923076923,1.8461538461538463,1.5483870967741937,0.568257570707744,11.056931981309303,8.885765876316734
1.1923076923076923,1.8846153846153846,1.5806451612903225,0.5624291338579865,11.171514647685537,8.885765876316732
1.1923076923076923,1.9230769230769231,1.6129032258064517,0.5567764362830022,11.28493394786184,8.885765876316732
1.1923076923076923,1.9615384615384617,1.6451612903225807,0.5512908203729234,11.397224613552053,8.885765876316734
1.1923076923076923,2.0,1.6774193548387097,0.5459642140991688,11.508419681950636,8.885765876316732
1.2307692307692308,0.5,0.40625,1.1094003924504583,5.663586699569488,8.885765876316732
1.2307692307692308,0.5384615384615384,0.43749999999999994,1.0690449676496976,5.877381679269498,8.885765876316732
1.2307692307692308,0.5769230769230769,0.46874999999999994,1.0327955589886446,6.083668013960417,8.885765876316732
1.2307692307692308,0.6153846153846154,0.5,1.0,6.283185307179586,8.885765876316732
1.2307692307692308,0.6538461538461539,0.53125,0.9701425001453319,6.476559171707596,8.885765876316732
1.2307692307692308,0.6923076923076923,0.5625,0.9428090415820634,6.664324407237549,8.885765876316732
1.2307692307692308,0.7307692307692308,0.59375,0.9176629354822471,6.846942449383845,8.885765876316732
1.2307692307692308,0.7692307692307693,0.625,0.8944271909999159,7.024814731040727,8.885765876316732
1.2307692307692308,0.8076923076923077,0.65625,0.8728715609439696,7.198293068896204,8.885765876316732
1.2307692307692308,0.8461538461538461,0.6875,0.8528028654224418,7.3676878466715365,8.885765876316732
1.2307692307692308,0.8846153846153846,0.7187499999999999,0.8340576562282991,7.533274540746793,8.885765876316732
1.2307692307692308,0.9230769230769231,0.75,0.816496580927726,7.6952989809711845,8.885765876316732
1.2307692307692308,0.9615384615384616,0.78125,0.8,7.853981633974483,8.885765876316732
1.2307692307692308,1.0,0.8125,0.7844645405527362,8.009521122207046,8.885765876316732
1.2307692307692308,1.0384615384615385,0.84375,0.769800358919501,8.16209713905398,8.885765876316732
1.2307692307692308,1.076923076923077,0.8750000000000001,0.7559289460184544,8.311872882066082,8.885765876316732
1.2307692307692308,1.1153846153846154,0.90625,0.7427813527082074,8.458997098232027,8.885765876316732
1.2307692307692308,1.1538461538461537,0.9374999999999999,0.7302967433402215,8.603605814318213,8.88576587631673
1.2307692307692308,1.1923076923076923,0.9687499999999999,0.7184212081070996,8.745823809592926,8.885765876316732
1.2307692307692308,1.2307692307692308,1.0,0.7071067811865476,8.885765876316732,8.885765876316732
1.2307692307692308,1.2692307692307692,1.0312499999999998,0.6963106238227914,9.023537904225105,8.885765876316734
1.2307692307692308,1.3076923076923077,1.0625,0.6859943405700354,9.15923781814074,8.885765876316732
1.2307692307692308,1.3461538461538463,1.09375,0.6761234037828132,9.292956392318425,8.885765876316732
1.2307692307692308,1.3846153846153846,1.125,0.6666666666666667,9.424777960769378,8.88576587631673
1.2307692307692308,1.4230769230769231,1.15625,0.6575959492214292,9.554781039358074,8.885765876316732
1.2307692307692308,1.4615384615384617,1.1875,0.6488856845230502,9.683038872706693,8.88576587631673
1.2307692307692308,1.5,1.21875,0.6405126152203485,9.809619916725685,8.88576587631673
1.2307692307692308,1.5384615384615385,1.25,0.6324555320336759,9.934588265796101,8.885765876316732
1.2307692307692308,1.576923076923077,1.28125,0.6246950475544242,10.058004032170894,8.885765876316734
1.2307692307692308,1.6153846153846154,1.3125,0.6172133998483676,10.179923683969259,8.885765876316732
1.2307692307692308,1.653846153846154,1.34375,0.6099942813304187,10.30040034715693,8.885765876316732
1.2307692307692308,1.6923076923076923,1.375,0.6030226891555273,10.419484076094312,8.885765876316732
1.2307692307692308,1.7307692307692308,1.40625,0.5962847939999439,10.53722209656109,8.885765876316732
1.2307692307692308,1.7692307692307694,1.4375,0.5897678246195885,10.653659024604064,8.885765876316732
1.2307692307692308,1.8076923076923077,1.46875,0.5834599659915782,10.768837064084494,8.88576587631673
1.2307692307692308,1.8461538461538463,1.5,0.5773502691896257,10.882796185405308,8.885765876316734
1.2307692307692308,1.8846153846153846,1.5312499999999998,0.5714285714285715,10.995574287564274,8.88576587631673
1.2307692307692308,1.9230769230769231,1.5625,0.565685424949238,11.107207345395915,8.885765876316732
1.2307692307692308,1.9615384615384617,1.59375,0.5601120336112039,11.21772954362376,8.885765876316732
1.2307692307692308,2.0,1.625,0.5547001962252291,11.327173399138976,8.885765876316732
1.2692307692307692,0.5,0.393939393939394,1.126601424298216,5.577114649125813,8.885765876316732
1.2692307692307692,0.5384615384615384,0.42424242424242425,1.0856202966836188,5.7876453916471755,8.885765876316732
1.2692307692307692,0.5769230769230769,0.45454545454545453,1.0488088481701516,5.99078213169331,8.885765876316732
1.2692307692307692,0.6153846153846154,0.4848484848484849,1.0155048005794949,6.187253180481377,8.885765876316732
1.2692307692307692,0.6538461538461539,0.5151515151515151,0.9851843661437779,6.377674598890882,8.885765876316732
1.2692307692307692,0.6923076923076923,0.5454545454545455,0.9574271077563381,6.562573021254622,8.885765876316732
1.2692307692307692,0.7307692307692308,0.5757575757575758,0.9318911162960933,6.742402837954735,8.885765876316732
1.2692307692307692,0.7692307692307693,0.6060606060606061,0.9082951062292475,6.917559352779066,8.885765876316732
1.2692307692307692,0.8076923076923077,0.6363636363636365,0.8864052604279183,7.088389010853043,8.88576587631673
1.2692307692307692,0.8461538461538461,0.6666666666666667,0.8660254037844386,7.255197456936871,8.885765876316732
1.2692307692307692,0.8846153846153846,0.696969696969697,0.8469895538599198,7.418255961417367,8.885765876316734
1.2692307692307692,0.9230769230769231,0.7272727272727274,0.8291561975888498,7.577806600795864,8.885765876316734
1.2692307692307692,0.9615384615384616,0.7575757575757577,0.812403840463596,7.73406647560172,8.885765876316732
1.2692307692307692,1.0,0.787878787878788,0.7966275068156915,7.8872311757033895,8.885765876316732
1.2692307692307692,1.0384615384615385,0.8181818181818183,0.7817359599705715,8.037477650914404,8.88576587631673
1.2692307692307692,1.076923076923077,0.8484848484848486,0.7676494735787384,8.18496660707358,8.885765876316732
1.2692307692307692,1.1153846153846154,0.8787878787878789,0.7542980294561157,8.329844520089836,8.885765876316734
1.2692307692307692,1.1538461538461537,0.9090909090909091,0.7416198487095663,8.47224533986308,8.885765876316732
1.2692307692307692,1.1923076923076923,0.9393939393939394,0.7295601856708801,8.612291940522729,8.885765876316732
1.2692307692307692,1.2307692307692308,0.9696969696969698,0.7180703308172535,8.75009736167283,8.885765876316734
1.2692307692307692,1.2692307692307692,1.0,0.7071067811865476,8.885765876316732,8.885765876316732
1.2692307692307692,1.3076923076923077,1.0303030303030303,0.6966305460192359,9.019393914153873,8.885765876316734
1.2692307692307692,1.3461538461538463,1.0606060606060608,0.6866065623255951,9.151070863491167,8.885765876316732
1.2692307692307692,1.3846153846153846,1.090909090909091,0.67700320038633,9.280879770722064,8.885765876316732
1.2692307692307692,1.4230769230769231,1.1212121212121213,0.6677918432759912,9.40889795292515,8.885765876316732
1.2692307692307692,1.4615384615384617,1.1515151515151516,0.6589465276604691,9.535197536418433,8.885765876316732
1.2692307692307692,1.5,1.1818181818181819,0.6504436355879909,9.659845931922579,8.885765876316732
1.2692307692307692,1.5384615384615385,1.2121212121212122,0.6422616289332564,9.782906255221004,8.885765876316732
1.2692307692307692,1.576923076923077,1.2424242424242427,0.6343808196897537,9.904437700768446,8.885765876316732
1.2692307692307692,1.6153846153846154,1.272727272727273,0.6267831705280087,10.024495874524781,8.885765876316732
1.2692307692307692,1.653846153846154,1.3030303030303032,0.6194521210170791,10.143133091324664,8.88576587631673
1.2692307692307692,1.6923076923076923,1.3333333333333335,0.6123724356957945,10.260398641294913,8.88576587631673
1.2692307692307692,1.7307692307692308,1.3636363636363638,0.6055300708194983,10.3763390291686,8.885765876316734
1.2692307692307692,1.7692307692307694,1.393939393939394,0.5989120571285178,10.490998189791505,8.885765876316734
1.2692307692307692,1.8076923076923077,1.4242424242424243,0.5925063964103966,10.604417682653285,8.885765876316732
1.2692307692307692,1.8461538461538463,1.4545454545454548,0.5863019699779286,10.716636867885873,8.885765876316732
1.2692307692307692,1.8846153846153846,1.4848484848484849,0.5802884574739972,10.827693065842409,8.885765876316734
1.2692307692307692,1.9230769230769231,1.5151515151515154,0.5744562646538028,10.937621702091038,8.885765876316732
1.2692307692307692,1.9615384615384617,1.5454545454545456,0.568796458994521,11.046456439420467,8.885765876316732
1.2692307692307692,2.0,1.575757575757576,0.563300712149108,11.154229298251625,8.885765876316732
1.3076923076923077,0.5,0.38235294117647056,1.1435437497937313,5.494486160510192,8.885765876316732
1.3076923076923077,0.5384615384615384,0.4117647058823529,1.1019463300386796,5.70189775663488,8.885765876316732
1.3076923076923077,0.5769230769230769,0.4411764705882352,1.0645812948447542,5.902024897117745,8.885765876316732
1.3076923076923077,0.6153846153846154,0.47058823529411764,1.0307764064044151,6.095585102783619,8.885765876316732
1.3076923076923077,0.6538461538461539,0.5,1.0,6.283185307179586,8.885765876316732
1.3076923076923077,0.6923076923076923,0.5294117647058824,0.9718253158075502,6.4653443422169925,8.885765876316732
1.3076923076923077,0.7307692307692308,0.5588235294117647,0.9459053029269172,6.642509866196447,8.885765876316732
1.3076923076923077,0.7692307692307693,0.5882352941176471,0.9219544457292888,6.815071326229607,8.885765876316732
1.3076923076923077,0.8076923076923077,0.6176470588235294,0.8997354108424374,6.983370034637777,8.88576587631673
1.3076923076923077,0.8461538461538461,0.6470588235294118,0.8790490729915326,7.147707107860302,8.885765876316732
1.3076923076923077,0.8846153846153846,0.676470588235294,0.8597269536210952,7.30834979724127,8.88576587631673
1.3076923076923077,0.9230769230769231,0.7058823529411765,0.8416254115301731,7.4655365927652095,8.885765876316732
1.3076923076923077,0.9615384615384616,0.7352941176470589,0.824621125123532,7.619481378479525,8.885765876316732
1.3076923076923077,1.0,0.7647058823529411,0.8086075400626399,7.770376846464789,8.885765876316732
1.3076923076923077,1.0384615384615385,0.7941176470588236,0.7934920476158722,7.918397324910889,8.885765876316732
1.3076923076923077,1.076923076923077,0.823529411764706,0.7791937224739796,8.063701138697773,8.885765876316732
1.3076923076923077,1.1153846153846154,0.8529411764705882,0.7656414934887764,8.206432593600926,8.885765876316732
1.3076923076923077,1.1538461538461537,0.8823529411764705,0.7527726527090811,8.346723654967585,8.88576587631673
1.3076923076923077,1.1923076923076923,0.9117647058823529,0.7405316311773547,8.484695376469052,8.885765876316732
1.3076923076923077,1.2307692307692308,0.9411764705882353,0.7288689868556626,8.62045912295599,8.885765876316732
1.3076923076923077,1.2692307692307692,0.9705882352941175,0.7177405625652734,8.754117622561111,8.885765876316732
1.3076923076923077,1.3076923076923077,1.0,0.7071067811865476,8.885765876316732,8.885765876316732
1.3076923076923077,1.3461538461538463,1.0294117647058825,0.6969320524371696,9.01549194818534,8.885765876316732
1.3076923076923077,1.3846153846153846,1.0588235294117647,0.6871842709362768,9.143377654175428,8.88576587631673
1.3076923076923077,1.4230769230769231,1.0882352941176472,0.677834389404565,9.269499165864055,8.88576587631673
1.3076923076923077,1.4615384615384617,1.1176470588235294,0.6688560540599386,9.393927540972108,8.885765876316732
1.3076923076923077,1.5,1.1470588235294117,0.6602252917735247,9.516729191487698,8.885765876316732
1.3076923076923077,1.5384615384615385,1.1764705882352942,0.6519202405202649,9.637966298093906,8.885765876316732
1.3076923076923077,1.576923076923077,1.2058823529411766,0.6439209162167846,9.757697178242099,8.88576587631673
1.3076923076923077,1.6153846153846154,1.2352941176470589,0.6362090102803518,9.875976614054615,8.885765876316732
1.3076923076923077,1.653846153846154,1.2647058823529413,0.6287677132370127,9.992856145288668,8.88576587631673
1.3076923076923077,1.6923076923076923,1.2941176470588236,0.621581560508061,10.10838433180661,8.885765876316734
1.3076923076923077,1.7307692307692308,1.3235294117647058,0.6146362971528592,10.22260698934441,8.885765876316732
1.3076923076923077,1.7692307692307694,1.3529411764705883,0.6079187588743288,10.335567401825266,8.885765876316732
1.3076923076923077,1.8076923076923077,1.3823529411764706,0.6014167670256413,10.447306513008646,8.885765876316732
1.3076923076923077,1.8461538461538463,1.411764705882353,0.5951190357119042,10.557863099881185,8.885765876316732
1.3076923076923077,1.8846153846153846,1.4411764705882353,0.5890150893739515,10.667273929871333,8.885765876316732
1.3076923076923077,1.9230769230769231,1.4705882352941178,0.58309518948453,10.775573903694989,8.885765876316732
1.3076923076923077,1.9615384615384617,1.5,0.5773502691896257,10.882796185405308,8.885765876316734
1.3076923076923077,2.0,1.5294117647058822,0.5717718748968657,10.988972321020384,8.885765876316732
1.3461538461538463,0.5,0.3714285714285714,1.1602387022306428,5.415424683816966,8.885765876316732
1.3461538461538463,0.5384615384615384,0.39999999999999997,1.118033988749895,5.619851784832581,8.885765876316732
1.3461538461538463,0.5769230769230769,0.4285714285714285,1.0801234497346435,5.8170992479824335,8.885765876316732
1.3461538461538463,0.6153846153846154,0.45714285714285713,1.0458250331675945,6.007874269512441,8.885765876316732
1.3461538461538463,0.6538461538461539,0.4857142857142857,1.0145993123917847,6.192775049657585,8.885765876316732
1.3461538461538463,0.6923076923076923,0.5142857142857142,0.9860132971832694,6.372312954732634,8.885765876316732
1.3461538461538463,0.7307692307692308,0.5428571428571428,0.9597148699373931,6.546929201575744,8.885765876316732
1.3461538461538463,0.7692307692307693,0.5714285714285714,0.9354143466934853,6.717007633450856,8.885765876316734
1.3461538461538463,0.8076923076923077,0.6,0.9128709291752769,6.882884651454571,8.88576587631673
1.3461538461538463,0.8461538461538461,0.6285714285714286,0.8918825850158447,7.044857039189707,8.885765876316732
1.3461538461538463,0.8846153846153846,0.657142857142857,0.872278375988647,7.2031882024567855,8.885765876316732
1.3461538461538463,0.9230769230769231,0.6857142857142857,0.8539125638299665,7.358113199550853,8.885765876316734
1.3461538461538463,0.9615384615384616,0.7142857142857143,0.8366600265340756,7.509842836890551,8.885765876316732
1.3461538461538463,1.0,0.7428571428571428,0.820412654142367,7.658567033863984,8.885765876316732
1.3461538461538463,1.0384615384615385,0.7714285714285715,0.8050764858994133,7.804457610210977,8.885765876316732
1.3461538461538463,1.076923076923077,0.8,0.7905694150420949,7.94767061263688,8.885765876316732
1.3461538461538463,1.1153846153846154,0.8285714285714285,0.7768193328323317,8.08834827046683,8.885765876316732
1.3461538461538463,1.1538461538461537,0.857142857142857,0.7637626158259734,8.22662065016709,8.885765876316732
1.3461538461538463,1.1923076923076923,0.8857142857142857,0.7513428837969107,8.362607063538706,8.885765876316732
1.3461538461538463,1.2307692307692308,0.9142857142857143,0.739509972887452,8.496417272976846,8.885765876316732
1.3461538461538463,1.2692307692307692,0.9428571428571427,0.7282190812544191,8.628152528434528,8.885765876316732
1.3461538461538463,1.3076923076923077,0.9714285714285714,0.7174300539794394,8.757906463951473,8.88576587631673
1.3461538461538463,1.3461538461538463,1.0,0.7071067811865476,8.885765876316732,8.885765876316732
1.3461538461538463,1.3846153846153846,1.0285714285714285,0.6972166887783964,9.011811404268661,8.88576587631673
1.3461538461538463,1.4230769230769231,1.0571428571428572,0.6877303054053769,9.136118123333265,8.88576587631673
1.3461538461538463,1.4615384615384617,1.0857142857142856,0.6786208925382962,9.258756068764876,8.885765876316732
1.3461538461538463,1.5,1.114285714285714,0.6698641270570836,9.37979069693361,8.885765876316732
1.3461538461538463,1.5384615384615385,1.1428571428571428,0.6614378277661477,9.499283293789807,8.885765876316732
1.3461538461538463,1.576923076923077,1.1714285714285715,0.6533217188282378,9.61729133764107,8.885765876316732
1.3461538461538463,1.6153846153846154,1.2,0.6454972243679028,9.73386882233667,8.885765876316734
1.3461538461538463,1.653846153846154,1.2285714285714286,0.637947289504428,9.849066546015907,8.885765876316732
1.3461538461538463,1.6923076923076923,1.2571428571428571,0.6306562238868912,9.962932369801651,8.885765876316732
1.3461538461538463,1.7307692307692308,1.2857142857142856,0.6236095644623235,10.075511450176284,8.885765876316732
1.3461538461538463,1.7692307692307694,1.3142857142857143,0.6167939547439611,10.186846448240264,8.885765876316732
1.3461538461538463,1.8076923076923077,1.3428571428571427,0.6101970382851059,10.296977718603507,8.885765876316732
1.3461538461538463,1.8461538461538463,1.3714285714285714,0.60380736442456,10.405943480281303,8.885765876316732
1.3461538461538463,1.8846153846153846,1.4,0.5976143046671968,10.513779971646773,8.885765876316732
1.3461538461538463,1.9230769230769231,1.4285714285714286,0.5916079783099616,10.620521591221058,8.885765876316734
1.3461538461538463,1.9615384615384617,1.457142857142857,0.5857791861290061,10.726201025851815,8.885765876316732
1.3461538461538463,2.0,1.4857142857142855,0.5801193511153214,10.830849367633933,8.885765876316732
1.3846153846153846,0.5,0.3611111111111111,1.1766968108291043,5.339680748138031,8.885765876316732
1.3846153846153846,0.5384615384615384,0.3888888888888889,1.1338934190276817,5.541248588044054,8.885765876316732
1.3846153846153846,0.5769230769230769,0.41666666666666663,1.0954451150103324,5.7357372095454755,8.88576587631673
1.3846153846153846,0.6153846153846154,0.4444444444444445,1.0606601717798212,5.923843917544489,8.885765876316732
1.3846153846153846,0.6538461538461539,0.47222222222222227,1.0289915108550531,6.106158545427159,8.88576587631673
1.3846153846153846,0.6923076923076923,0.5,1.0,6.283185307179586,8.885765876316732
1.3846153846153846,0.7307692307692308,0.5277777777777778,0.9733285267845752,6.455359248471129,8.885765876316732
1.3846153846153846,0.7692307692307693,0.5555555555555556,0.9486832980505138,6.623058843864068,8.885765876316732
1.3846153846153846,0.8076923076923077,0.5833333333333334,0.9258200997725514,6.78661578931284,8.885765876316732
1.3846153846153846,0.8461538461538461,0.6111111111111112,0.9045340337332909,6.946322717396208,8.88576587631673
1.3846153846153846,0.8846153846153846,0.6388888888888888,0.8846517369293828,7.102439349736042,8.885765876316732
1.3846153846153846,0.9230769230769231,0.6666666666666667,0.8660254037844386,7.255197456936871,8.885765876316732
1.3846153846153846,0.9615384615384616,0.6944444444444445,0.848528137423857,7.40480489693061,8.885765876316732
1.3846153846153846,1.0,0.7222222222222222,0.8320502943378437,7.5514489327593175,8.88576587631673
1.3846153846153846,1.0384615384615385,0.7500000000000001,0.816496580927726,7.6952989809711845,8.885765876316732
1.3846153846153846,1.076923076923077,0.7777777777777779,0.8017837257372731,7.836508905692666,8.885765876316732
1.3846153846153846,1.1153846153846154,0.8055555555555556,0.7878385971583354,7.9752189469295915,8.885765876316732
1.3846153846153846,1.1538461538461537,0.8333333333333333,0.7745966692414834,8.111557351947223,8.885765876316732
1.3846153846153846,1.1923076923076923,0.8611111111111112,0.762000762001143,8.245641763767898,8.885765876316732
1.3846153846153846,1.2307692307692308,0.888888888888889,0.75,8.377580409572781,8.885765876316732
1.3846153846153846,1.2692307692307692,0.9166666666666666,0.7385489458759964,8.507473123161892,8.885765876316732
1.3846153846153846,1.3076923076923077,0.9444444444444445,0.7276068751089989,8.63541222894346,8.885765876316732
1.3846153846153846,1.3461538461538463,0.9722222222222223,0.7171371656006361,8.761483309705644,8.885765876316732
1.3846153846153846,1.3846153846153846,1.0,0.7071067811865476,8.885765876316732,8.885765876316732
1.3846153846153846,1.4230769230769231,1.027777777777778,0.6974858324629156,9.008333954243659,8.885765876316732
1.3846153846153846,1.4615384615384617,1.0555555555555556,0.6882472016116853,9.12925659917846,8.88576587631673
1.3846153846153846,1.5,1.0833333333333333,0.6793662204867574,9.248598351972463,8.885765876316732
1.3846153846153846,1.5384615384615385,1.1111111111111112,0.6708203932499369,9.366419641387635,8.885765876316732
1.3846153846153846,1.576923076923077,1.138888888888889,0.6625891564490792,9.482777141799568,8.885765876316732
1.3846153846153846,1.6153846153846154,1.1666666666666667,0.6546536707079771,9.597724091861606,8.885765876316732
1.3846153846153846,1.653846153846154,1.1944444444444446,0.6469966392206304,9.711310579214578,8.88576587631673
1.3846153846153846,1.6923076923076923,1.2222222222222223,0.6396021490668313,9.82358379556205,8.88576587631673
1.3846153846153846,1.7307692307692308,1.25,0.6324555320336759,9.934588265796101,8.885765876316732
1.3846153846153846,1.7692307692307694,1.277777777777778,0.6255432421712243,10.044366054329059,8.885765876316732
1.3846153846153846,1.8076923076923077,1.3055555555555556,0.618852747755276,10.152956951342905,8.885765876316732
1.3846153846153846,1.8461538461538463,1.3333333333333335,0.6123724356957945,10.260398641294913,8.88576587631673
1.3846153846153846,1.8846153846153846,1.3611111111111112,0.6060915267313265,10.366726855702854,8.885765876316732
1.3846153846153846,1.9230769230769231,1.388888888888889,0.6,10.471975511965978,8.885765876316732
1.3846153846153846,1.9615384615384617,1.4166666666666667,0.5940885257860046,10.576176839750714,8.885765876316732
1.3846153846153846,2.0,1.4444444444444444,0.5883484054145521,10.679361496276062,8.885765876316732
1.4230769230769231,0.5,0.3513513513513513,1.192927878405448,5.267028645166829,8.885765876316732
1.4230769230769231,0.5384615384615384,0.37837837837837834,1.14953406710222,5.465853937690101,8.885765876316732
1.4230769230769231,0.5769230769230769,0.4054054054054054,1.1105554165971787,5.657696332193593,8.885765876316732
1.4230769230769231,0.6153846153846154,0.43243243243243246,1.0752906583803283,5.843243645995885,8.885765876316732
1.4230769230769231,0.6538461538461539,0.45945945945945943,1.0431851677040118,6.023077687165071,8.885765876316732
1.4230769230769231,0.6923076923076923,0.48648648648648646,1.0137937550497034,6.197695809313345,8.885765876316732
1.4230769230769231,0.7307692307692308,0.5135135135135136,0.9867543820659301,6.367527138845555,8.885765876316732
1.4230769230769231,0.7692307692307693,0.5405405405405406,0.9617692030835672,6.532945000770259,8.885765876316734
1.4230769230769231,0.8076923076923077,0.5675675675675675,0.9385906354489059,6.694276577961474,8.885765876316732
1.4230769230769231,0.8461538461538461,0.5945945945945945,0.917010954628728,6.851810521416804,8.885765876316732
1.4230769230769231,0.8846153846153846,0.6216216216216216,0.8968544062928813,7.005803018965954,8.885765876316732
1.4230769230769231,0.9230769230769231,0.6486486486486487,0.8779711460710616,7.15648268772495,8.88576587631673
1.4230769230769231,0.9615384615384616,0.6756756756756757,0.8602325267042626,7.304054557494857,8.885765876316732
1.4230769230769231,1.0,0.7027027027027026,0.8435273922869734,7.448703343402518,8.885765876316734
1.4230769230769231,1.0384615384615385,0.7297297297297297,0.8277591347639632,7.590596156901665,8.885765876316734
1.4230769230769231,1.076923076923077,0.7567567567567568,0.8128433340529315,7.729884768631727,8.885765876316734
1.4230769230769231,1.1153846153846154,0.7837837837837838,0.7987058497862393,7.866707510482338,8.885765876316732
1.4230769230769231,1.1538461538461537,0.8108108108108107,0.7852812659593165,8.001190884776694,8.88576587631673
1.4230769230769231,1.1923076923076923,0.8378378378378378,0.772511613859874,8.133450933877214,8.885765876316732
1.4230769230769231,1.2307692307692308,0.8648648648648649,0.7603453162872774,8.263594412417794,8.885765876316732
1.4230769230769231,1.2692307692307692,0.8918918918918918,0.7487363091276265,8.391719795852161,8.885765876316732
1.4230769230769231,1.3076923076923077,0.9189189189189189,0.7376433061167326,8.517918152415618,8.885765876316732
1.4230769230769231,1.3461538461538463,0.9459459459459459,0.7270291799999699,8.642273900450387,8.885765876316732
1.4230769230769231,1.3846153846153846,0.9729729729729729,0.7168604389202189,8.764865468993829,8.885765876316732
1.4230769230769231,1.4230769230769231,1.0,0.7071067811865476,8.885765876316732,8.885765876316732
1.4230769230769231,1.4615384615384617,1.0270270270270272,0.6977407149243606,9.005043238534133,8.885765876316732
1.4230769230769231,1.5,1.054054054054054,0.6887372317211945,9.122761218349616,8.885765876316734
1.4230769230769231,1.5384615384615385,1.0810810810810811,0.6800735254367721,9.23897942232681,8.885765876316732
1.4230769230769231,1.576923076923077,1.1081081081081081,0.6717287489717274,9.353753753725435,8.885765876316732
1.4230769230769231,1.6153846153846154,1.135135135135135,0.6636838030841121,9.467136726829667,8.885765876316732
1.4230769230769231,1.653846153846154,1.1621621621621623,0.6559211523800211,9.579177747784076,8.885765876316732
1.4230769230769231,1.6923076923076923,1.189189189189189,0.648424664440323,9.689923366198313,8.885765876316732
1.4230769230769231,1.7307692307692308,1.2162162162162162,0.6411794687223782,9.799417501155387,8.885765876316732
1.4230769230769231,1.7692307692307694,1.2432432432432432,0.6341718324267314,9.907701644736028,8.885765876316734
1.4230769230769231,1.8076923076923077,1.2702702702702702,0.6273890509696481,10.014815045733966,8.885765876316734
1.4230769230769231,1.8461538461538463,1.2972972972972974,0.6208193510729725,10.120794875868885,8.885765876316732
1.4230769230769231,1.8846153846153846,1.3243243243243243,0.614451804788759,10.2256763804928,8.885765876316732
1.4230769230769231,1.9230769230769231,1.3513513513513513,0.6082762530298219,10.329493015522244,8.885765876316734
1.4230769230769231,1.9615384615384617,1.3783783783783785,0.6022832373885361,10.432276572104348,8.885765876316732
1.4230769230769231,2.0,1.4054054054054053,0.596463939202724,10.534057290333658,8.885765876316732
1.4615384615384617,0.5,0.3421052631578947,1.2089410496539779,5.197263596085148,8.885765876316732
1.4615384615384617,0.5384615384615384,0.36842105263157887,1.164964745021435,5.393455324748027,8.885765876316734
1.4615384615384617,0.5769230769230769,0.3947368421052631,1.1254628677422756,5.582756648190369,8.885765876316732
1.4615384615384617,0.6153846153846154,0.42105263157894735,1.0897247358851685,5.765846273165343,8.88576587631673
1.4615384615384617,0.6538461538461539,0.4473684210526315,1.0571882797418488,5.9432983013336615,8.88576587631673
1.4615384615384617,0.6923076923076923,0.4736842105263157,1.0274023338281628,6.115603498551595,8.885765876316732
1.4615384615384617,0.7307692307692308,0.5,1.0,6.283185307179586,8.885765876316732
1.4615384615384617,0.7692307692307693,0.5263157894736842,0.9746794344808964,6.446412107305764,8.885765876316732
1.4615384615384617,0.8076923076923077,0.5526315789473684,0.9511897312113419,6.605606748064803,8.885765876316732
1.4615384615384617,0.8461538461538461,0.5789473684210525,0.9293203772845852,6.761054057093478,8.885765876316732
1.4615384615384617,0.8846153846153846,0.6052631578947367,0.9088932591463859,6.913006828855378,8.885765876316732
1.4615384615384617,0.9230769230769231,0.631578947368421,0.8897565210026093,7.061690652291562,8.885765876316732
1.4615384615384617,0.9615384615384616,0.6578947368421052,0.8717797887081347,7.20730784145668,8.885765876316734
1.4615384615384617,1.0,0.6842105263157894,0.8548504142651104,7.350040664811579,8.885765876316732
1.4615384615384617,1.0384615384615385,0.7105263157894737,0.8388704928078611,7.490054020315526,8.885765876316732
1.4615384615384617,1.076923076923077,0.736842105263158,0.823754471047914,7.627497668312046,8.885765876316732
1.4615384615384617,1.1153846153846154,0.763157894736842,0.8094272134003795,7.762508108399411,8.885765876316732
1.4615384615384617,1.1538461538461537,0.7894736842105262,0.7958224257542215,7.895210167299381,8.885765876316732
1.4615384615384617,1.1923076923076923,0.8157894736842104,0.7828813612588127,8.025718350321574,8.885765876316734
1.4615384615384617,1.2307692307692308,0.8421052631578947,0.770551750371122,8.154137998068794,8.885765876316732
1.4615384615384617,1.2692307692307692,0.8684210526315789,0.7587869106393281,8.280566281626534,8.885765876316732
1.4615384615384617,1.3076923076923077,0.894736842105263,0.747545001596402,8.405093062975043,8.885765876316732
1.4615384615384617,1.3461538461538463,0.9210526315789473,0.7367883976130072,8.527801642283439,8.885765876316732
1.4615384615384617,1.3846153846153846,0.9473684210526314,0.7264831572567789,8.648769409748015,8.885765876316732
1.4615384615384617,1.4230769230769231,0.9736842105263157,0.7165985720844785,8.768068416467445,8.885765876316732
1.4615384615384617,1.4615384615384617,1.0,0.7071067811865476,8.885765876316732,8.885765876316732
1.4615384615384617,1.5,1.026315789473684,0.6979824404521128,9.001924608747608,8.885765876316732
1.4615384615384617,1.5384615384615385,1.0526315789473684,0.6892024376045112,9.116603430797936,8.885765876316732
1.4615384615384617,1.576923076923077,1.0789473684210527,0.6807456457050176,9.22985750525422,8.885765876316734
1.4615384615384617,1.6153846153846154,1.1052631578947367,0.6725927091345493,9.341738650816481,8.885765876316732
1.4615384615384617,1.653846153846154,1.131578947368421,0.6647258571142536,9.452295619214384,8.88576587631673
1.4615384615384617,1.6923076923076923,1.157894736842105,0.6571287406727709,9.561574343479235,8.885765876316732
1.4615384615384617,1.7307692307692308,1.1842105263157894,0.6497862896539309,9.669618160958647,8.885765876316732
1.4615384615384617,1.7692307692307694,1.2105263157894737,0.6426845869171515,9.776468014145097,8.885765876316732
1.4615384615384617,1.8076923076923077,1.2368421052631577,0.6358107573397419,9.8821626319578,8.885765876316734
1.4615384615384617,1.8461538461538463,1.263157894736842,0.6291528696058959,9.986738693754033,8.885765876316732
1.4615384615384617,1.8846153846153846,1.289473684210526,0.6226998490772391,10.09023097803935,8.885765876316732
1.4615384615384617,1.9230769230769231,1.3157894736842104,0.6164414002968976,10.192672497585992,8.885765876316732
1.4615384615384617,1.9615384615384617,1.3421052631578947,0.6103679378930738,10.294094622447707,8.885765876316734
1.4615384615384617,2.0,1.3684210526315788,0.6044705248269889,10.394527192170296,8.885765876316732
1.5,0.5,0.3333333333333333,1.224744871391589,5.130199320647456,8.885765876316732
1.5,0.5384615384615384,0.358974358974359,1.1801936887041649,5.323859437071241,8.885765876316732
1.5,0.5769230769230769,0.3846153846153846,1.140175425099138,5.510718060453955,8.885765876316732
1.5,0.6153846153846154,0.4102564102564103,1.103970108290981,5.691445139675362,8.885765876316732
1.5,0.6538461538461539,0.4358974358974359,1.071008320943125,5.866607368322445,8.885765876316732
1.5,0.6923076923076923,0.4615384615384615,1.0408329997330663,6.036689179523499,8.885765876316734
1.5,0.7307692307692308,0.4871794871794872,1.0130724502589556,6.202108551637659,8.885765876316732
1.5,0.7692307692307693,0.5128205128205129,0.9874208829065749,6.363229111262448,8.88576587631673
1.5,0.8076923076923077,0.5384615384615384,0.9636241116594315,6.520369541562715,8.885765876316732
1.5,0.8461538461538461,0.5641025641025641,0.9414688716912718,6.673810994825945,8.885765876316732
1.5,0.8846153846153846,0.5897435897435898,0.920774721067277,6.823803003515017,8.885765876316732
1.5,0.9230769230769231,0.6153846153846154,0.9013878188659973,6.970568245623986,8.885765876316732
1.5,0.9615384615384616,0.6410256410256411,0.8831760866327847,7.1143064245942025,8.885765876316732
1.5,1.0,0.6666666666666666,0.8660254037844386,7.255197456936871,8.885765876316732
1.5,1.0384615384615385,0.6923076923076924,0.8498365855987975,7.393404112806504,8.88576587631673
1.5,1.076923076923077,0.7179487179487181,0.8345229603962802,7.529074220074141,8.88576587631673
1.5,1.1153846153846154,0.7435897435897436,0.8200084103858011,7.66234251697912,8.88576587631673
1.5,1.1538461538461537,0.7692307692307692,0.806225774829855,7.793332219508342,8.885765876316732
1.5,1.1923076923076923,0.7948717948717948,0.7931155389125321,7.922156355421654,8.885765876316732
1.5,1.2307692307692308,0.8205128205128206,0.7806247497997998,8.048918906031332,8.885765876316732
1.5,1.2692307692307692,0.8461538461538461,0.7687061147858074,8.173715788549874,8.88576587631673
1.5,1.3076923076923077,0.8717948717948718,0.7573172464461019,8.296635705399533,8.885765876316732
1.5,1.3461538461538463,0.8974358974358975,0.7464200272921788,8.417760881863497,8.885765876316734
1.5,1.3846153846153846,0.923076923076923,0.7359800721939872,8.537167709513044,8.885765876316734
1.5,1.4230769230769231,0.9487179487179488,0.7259662712736915,8.654927309716303,8.885765876316732
1.5,1.4615384615384617,0.9743589743589745,0.7163503994113789,8.771106029036131,8.885765876316732
1.5,1.5,1.0,0.7071067811865476,8.885765876316732,8.885765876316732
1.5,1.5384615384615385,1.0256410256410258,0.698212002188447,8.99896490963465,8.885765876316732
1.5,1.576923076923077,1.0512820512820513,0.6896446592974972,9.110757579968674,8.88576587631673
1.5,1.6153846153846154,1.0769230769230769,0.6813851438692469,9.221195037362433,8.885765876316734
1.5,1.653846153846154,1.1025641025641026,0.6734154528172214,9.33032540446465,8.885765876316732
1.5,1.6923076923076923,1.1282051282051282,0.6657190234489458,9.43819402159753,8.885765876316732
1.5,1.7307692307692308,1.153846153846154,0.6582805886043833,9.544843666893671,8.88576587631673
1.5,1.7692307692307694,1.1794871794871795,0.6510860492118233,9.650314754533197,8.88576587631673
1.5,1.8076923076923077,1.205128205128205,0.6441223618391746,9.75464551368639,8.885765876316732
1.5,1.8461538461538463,1.2307692307692308,0.6373774391990981,9.857872150408673,8.885765876316732
1.5,1.8846153846153846,1.2564102564102564,0.6308400618805605,9.960028994431884,8.885765876316732
1.5,1.9230769230769231,1.2820512820512822,0.6244997998398398,10.061148632539163,8.88576587631673
1.5,1.9615384615384617,1.3076923076923077,0.6183469424008423,10.161262029992416,8.885765876316732
1.5,2.0,1.3333333333333333,0.6123724356957945,10.260398641294913,8.885765876316732
1.5384615384615385,0.5,0.32499999999999996,1.2403473458920846,5.065665942680422,8.885765876316732
1.5384615384615385,0.5384615384615384,0.35,1.1952286093343938,5.256889985823386,8.885765876316732
1.5384615384615385,0.5769230769230769,0.37499999999999994,1.1547005383792517,5.441398092702652,8.88576587631673
1.5384615384615385,0.6153846153846154,0.4,1.118033988749895,5.619851784832581,8.885765876316732
1.5384615384615385,0.6538461538461539,0.425,1.0846522890932808,5.792810627295166,8.885765876316732
1.5384615384615385,0.6923076923076923,0.44999999999999996,1.0540925533894598,5.96075295947766,8.885765876316732
1.5384615384615385,0.7307692307692308,0.47500000000000003,1.025978352085154,6.124091501940477,8.885765876316732
1.5384615384615385,0.7692307692307693,0.5,1.0,6.283185307179586,8.885765876316732
1.5384615384615385,0.8076923076923077,0.525,0.9759000729485332,6.4383490496069955,8.885765876316732
1.5384615384615385,0.8461538461538461,0.5499999999999999,0.9534625892455924,6.589860344862641,8.885765876316732
1.5384615384615385,0.8846153846153846,0.575,0.9325048082403138,6.7379655865113355,8.885765876316732
1.5384615384615385,0.9230769230769231,0.6,0.9128709291752769,6.882884651454571,8.88576587631673
1.5384615384615385,0.9615384615384616,0.625,0.8944271909999159,7.024814731040727,8.885765876316732
1.5384615384615385,1.0,0.6499999999999999,0.8770580193070292,7.163933478590143,8.885765876316732
1.5384615384615385,1.0384615384615385,0.675,0.8606629658238704,7.300401616752501,8.885765876316732
1.5384615384615385,1.076923076923077,0.7000000000000001,0.8451542547285166,7.43436511385474,8.885765876316732
1.5384615384615385,1.1153846153846154,0.725,0.8304547985373997,7.565957013248111,8.885765876316732
1.5384615384615385,1.1538461538461537,0.7499999999999999,0.816496580927726,7.6952989809711845,8.885765876316732
1.5384615384615385,1.1923076923076923,0.7749999999999999,0.8032193289024989,7.822502622994383,8.885765876316732
1.5384615384615385,1.2307692307692308,0.8,0.7905694150420949,7.94767061263688,8.885765876316732
1.5384615384615385,1.2692307692307692,0.825,0.778498944161523,8.070897660557328,8.885765876316732
1.5384615384615385,1.3076923076923077,0.85,0.7669649888473704,8.192271353379821,8.885765876316732
1.5384615384615385,1.3461538461538463,0.875,0.7559289460184544,8.311872882066082,8.885765876316732
1.5384615384615385,1.3846153846153846,0.8999999999999999,0.7453559924999299,8.429777677248872,8.885765876316732
1.5384615384615385,1.4230769230769231,0.9249999999999999,0.7352146220938077,8.546055965652299,8.885765876316732
1.5384615384615385,1.4615384615384617,0.9500000000000001,0.7254762501100116,8.66077325925804,8.885765876316732
1.5384615384615385,1.5,0.975,0.716114874039433,8.773990786893782,8.88576587631673
1.5384615384615385,1.5384615384615385,1.0,0.7071067811865476,8.885765876316732,8.885765876316732
1.5384615384615385,1.576923076923077,1.0250000000000001,0.6984302957695782,8.996152293560439,8.885765876316732
1.5384615384615385,1.6153846153846154,1.05,0.6900655593423543,9.10520054524614,8.88576587631673
1.5384615384615385,1.653846153846154,1.075,0.6819943394704735,9.21295814868213,8.885765876316732
1.5384615384615385,1.6923076923076923,1.0999999999999999,0.6741998624632421,9.319469873849389,8.885765876316734
1.5384615384615385,1.7307692307692308,1.125,0.6666666666666667,9.424777960769378,8.88576587631673
1.5384615384615385,1.7692307692307694,1.1500000000000001,0.659380473395787,9.528922315247517,8.885765876316732
1.5384615384615385,1.8076923076923077,1.175,0.6523280730534422,9.631940685564876,8.885765876316732
1.5384615384615385,1.8461538461538463,1.2,0.6454972243679028,9.73386882233667,8.885765876316734
1.5384615384615385,1.8846153846153846,1.2249999999999999,0.6388765649999399,9.834740623457016,8.885765876316732
1.5384615384615385,1.9230769230769231,1.25,0.6324555320336759,9.934588265796101,8.885765876316732
1.5384615384615385,1.9615384615384617,1.275,0.6262242910851494,10.033442325100168,8.885765876316734
1.5384615384615385,2.0,1.2999999999999998,0.6201736729460423,10.131331885360844,8.885765876316732
1.576923076923077,0.5,0.31707317073170727,1.255755978254962,5.003508178325297,8.885765876316734
1.576923076923077,0.5384615384615384,0.3414634146341463,1.2100767390069584,5.1923858253286,8.885765876316732
1.576923076923077,0.5769230769230769,0.3658536585365853,1.1690451944500122,5.374629943315037,8.885765876316732
1.576923076923077,0.6153846153846154,0.39024390243902435,1.1319231422671772,5.550893936663161,8.885765876316732
1.576923076923077,0.6538461538461539,0.4146341463414634,1.0981267472114395,5.72173050436571,8.885765876316732
1.576923076923077,0.6923076923076923,0.4390243902439024,1.0671873729054748,5.887612116392717,8.885765876316732
1.576923076923077,0.7307692307692308,0.46341463414634143,1.038723913473187,6.048946429056846,8.885765876316732
1.576923076923077,0.7692307692307693,0.4878048780487805,1.0124228365658294,6.20608808913512,8.885765876316732
1.576923076923077,0.8076923076923077,0.5121951219512195,0.9880235200593538,6.359347909857586,8.885765876316732
1.576923076923077,0.8461538461538461,0.5365853658536585,0.9653072991634228,6.5090001004083025,8.885765876316734
1.576923076923077,0.8846153846153846,0.5609756097560975,0.9440891630699333,6.655288031003656,8.88576587631673
1.576923076923077,0.9230769230769231,0.5853658536585366,0.9242113755341181,6.798428880566875,8.885765876316732
1.576923076923077,0.9615384615384616,0.6097560975609756,0.9055385138137417,6.938617420828951,8.885765876316732
1.576923076923077,1.0,0.6341463414634145,0.8879535677396305,7.076029125232332,8.885765876316732
1.576923076923077,1.0384615384615385,0.6585365853658537,0.8713548411865624,7.210822744294959,8.88576587631673
1.576923076923077,1.076923076923077,0.6829268292682927,0.8556534679079242,7.343142455253523,8.885765876316732
1.576923076923077,1.1153846153846154,0.7073170731707317,0.8407714027749386,7.47311966896369,8.885765876316732
1.576923076923077,1.1538461538461537,0.7317073170731706,0.8266397845091497,7.600874558572666,8.885765876316734
1.576923076923077,1.1923076923076923,0.7560975609756097,0.8131975913519698,7.7265173606005995,8.885765876316732
1.576923076923077,1.2307692307692308,0.7804878048780487,0.8003905296791061,7.850149488523623,8.885765876316734
1.576923076923077,1.2692307692307692,0.8048780487804876,0.7881701093115123,7.971864490862406,8.885765876316732
1.576923076923077,1.3076923076923077,0.8292682926829268,0.7764928695555345,8.091748879517837,8.885765876316732
1.576923076923077,1.3461538461538463,0.8536585365853658,0.7653197277702214,8.209882849205792,8.885765876316732
1.576923076923077,1.3846153846153846,0.8780487804878048,0.7546154281781181,8.32634090499474,8.88576587631673
1.576923076923077,1.4230769230769231,0.9024390243902438,0.7443480731848872,8.441192411898564,8.885765876316732
1.576923076923077,1.4615384615384617,0.9268292682926829,0.7344887229975191,8.554502078040494,8.885765876316732
1.576923076923077,1.5,0.9512195121951218,0.7250110520819842,8.666330380945812,8.885765876316734
1.576923076923077,1.5384615384615385,0.975609756097561,0.7158910531638177,8.776733944937012,8.885765876316732
1.576923076923077,1.576923076923077,1.0,0.7071067811865476,8.885765876316732,8.885765876316732
1.576923076923077,1.6153846153846154,1.024390243902439,0.6986381310057719,8.993476061969593,8.88576587631673
1.576923076923077,1.653846153846154,1.048780487804878,0.6904666436885359,9.099911436147352,8.885765876316732
1.576923076923077,1.6923076923076923,1.073170731707317,0.6825753371673275,9.205116219485259,8.885765876316732
1.576923076923077,1.7307692307692308,1.097560975609756,0.674948557710553,9.30913213370268,8.885765876316732
1.576923076923077,1.7692307692307694,1.121951219512195,0.667571849251482,9.411998594944704,8.885765876316732
1.576923076923077,1.8076923076923077,1.146341463414634,0.6604318380922876,9.513752888305765,8.88576587631673
1.576923076923077,1.8461538461538463,1.170731707317073,0.6535161308899218,9.614430325726612,8.885765876316732
1.576923076923077,1.8846153846153846,1.1951219512195121,0.6468132241526727,9.71406438916053,8.88576587631673
1.576923076923077,1.9230769230769231,1.2195121951219512,0.6403124237432849,9.812686860654528,8.885765876316732
1.576923076923077,1.9615384615384617,1.2439024390243902,0.6340037731068526,9.910327940778108,8.885765876316732
1.576923076923077,2.0,1.268292682926829,0.627877989127481,10.007016356650594,8.885765876316734
1.6153846153846154,0.5,0.30952380952380953,1.270977818604485,4.943583762994724,8.88576587631673
1.6153846153846154,0.5384615384615384,0.3333333333333333,1.224744871391589,5.130199320647456,8.885765876316732
1.6153846153846154,0.5769230769230769,0.3571428571428571,1.1832159566199232,5.310260795610529,8.885765876316734
1.6153846153846154,0.6153846153846154,0.380952380952381,1.14564392373896,5.484413766778061,8.885765876316732
1.6153846153846154,0.6538461538461539,0.40476190476190477,1.1114378604524227,5.653204313754391,8.885765876316732
1.6153846153846154,0.6923076923076923,0.42857142857142855,1.0801234497346435,5.8170992479824335,8.885765876316732
1.6153846153846154,0.7307692307692308,0.45238095238095244,1.0513149660756935,5.976501343487204,8.885765876316734
1.6153846153846154,0.7692307692307693,0.4761904761904762,1.02469507659596,6.131760999625709,8.88576587631673
1.6153846153846154,0.8076923076923077,0.5,1.0,6.283185307179586,8.885765876316732
1.6153846153846154,0.8461538461538461,0.5238095238095238,0.9770084209183945,6.431045191272098,8.885765876316732
1.6153846153846154,0.8846153846153846,0.5476190476190476,0.9555330859059091,6.575581107401119,8.885765876316734
1.6153846153846154,0.9230769230769231,0.5714285714285714,0.9354143466934853,6.717007633450856,8.885765876316734
1.6153846153846154,0.9615384615384616,0.5952380952380952,0.916515138991168,6.855517208472575,8.885765876316732
1.6153846153846154,1.0,0.6190476190476191,0.8987170342729172,6.991283204354559,8.885765876316732
1.6153846153846154,1.0384615384615385,0.6428571428571429,0.8819171036881968,7.1244624703423565,8.885765876316732
1.6153846153846154,1.076923076923077,0.6666666666666667,0.8660254037844386,7.255197456936871,8.885765876316732
1.6153846153846154,1.1153846153846154,0.6904761904761905,0.8509629433967631,7.383618001154298,8.885765876316732
1.6153846153846154,1.1538461538461537,0.7142857142857142,0.8366600265340756,7.509842836890551,8.885765876316732
1.6153846153846154,1.1923076923076923,0.738095238095238,0.8230548917531015,7.633980880420311,8.885765876316732
1.6153846153846154,1.2307692307692308,0.761904761904762,0.8100925873009825,7.756132330643245,8.885765876316732
1.6153846153846154,1.2692307692307692,0.7857142857142857,0.7977240352174657,7.876389615698042,8.885765876316732
1.6153846153846154,1.3076923076923077,0.8095238095238095,0.7859052479933758,7.9948382113775445,8.88576587631673
1.6153846153846154,1.3461538461538463,0.8333333333333334,0.7745966692414834,8.111557351947223,8.88576587631673
1.6153846153846154,1.3846153846153846,0.8571428571428571,0.7637626158259734,8.22662065016709,8.885765876316732
1.6153846153846154,1.4230769230769231,0.8809523809523809,0.753370803500884,8.340096640302326,8.885765876316732
1.6153846153846154,1.4615384615384617,0.9047619047619049,0.7433919416750281,8.452049255500626,8.885765876316732
1.6153846153846154,1.5,0.9285714285714286,0.7337993857053428,8.562538248979402,8.885765876316734
1.6153846153846154,1.5384615384615385,0.9523809523809524,0.724568837309472,8.671619566901086,8.885765876316732
1.6153846153846154,1.576923076923077,0.9761904761904763,0.7156780854205468,8.779345679541747,8.885765876316732
1.6153846153846154,1.6153846153846154,1.0,0.7071067811865476,8.885765876316732,8.885765876316732
1.6153846153846154,1.653846153846154,1.023809523809524,0.6988362419217079,8.990926529370675,8.885765876316732
1.6153846153846154,1.6923076923076923,1.0476190476190477,0.6908492797077574,9.094871329731276,8.885765876316732
1.6153846153846154,1.7307692307692308,1.0714285714285714,0.6831300510639732,9.197641499438566,8.885765876316734
1.6153846153846154,1.7692307692307694,1.0952380952380953,0.6756639246921762,9.299275982570958,8.885765876316732
1.6153846153846154,1.8076923076923077,1.119047619047619,0.6684373647831918,9.399811617678706,8.885765876316732
1.6153846153846154,1.8461538461538463,1.1428571428571428,0.6614378277661477,9.499283293789807,8.885765876316732
1.6153846153846154,1.8846153846153846,1.1666666666666665,0.6546536707079772,9.597724091861604,8.885765876316732
1.6153846153846154,1.9230769230769231,1.1904761904761905,0.648074069840786,9.695165413304057,8.885765876316734
1.6153846153846154,1.9615384615384617,1.2142857142857144,0.6416889479197478,9.791637096990154,8.885765876316732
1.6153846153846154,2.0,1.2380952380952381,0.6354889093022426,9.887167525989447,8.88576587631673
1.653846153846154,0.5,0.3023255813953488,1.2860194997923453,4.885762080741496,8.885765876316732
1.653846153846154,0.5384615384615384,0.3255813953488372,1.2392393980641052,5.070194925205695,8.885765876316732
1.653846153846154,0.5769230769230769,0.34883720930232553,1.1972189997378648,5.24815034555525,8.885765876316732
1.653846153846154,0.6153846153846154,0.37209302325581395,1.159202311936963,5.420266369794183,8.885765876316732
1.653846153846154,0.6538461538461539,0.3953488372093023,1.1245914290767742,5.587082690411152,8.885765876316732
1.653846153846154,0.6923076923076923,0.41860465116279066,1.0929064207170003,5.749060658878285,8.885765876316732
1.653846153846154,0.7307692307692308,0.4418604651162791,1.063756996389881,5.906598338251226,8.885765876316732
1.653846153846154,0.7692307692307693,0.46511627906976744,1.036822067666386,6.060042029507903,8.885765876316732
1.653846153846154,0.8076923076923077,0.4883720930232558,1.0118347314702751,6.209695231601336,8.885765876316732
1.653846153846154,0.8461538461538461,0.5116279069767441,0.9885710532241613,6.3558257008308905,8.885765876316732
1.653846153846154,0.8846153846153846,0.5348837209302325,0.966841563388569,6.498671080252685,8.885765876316734
1.653846153846154,0.9230769230769231,0.5581395348837209,0.9464847243000456,6.638443437981731,8.885765876316732
1.653846153846154,0.9615384615384616,0.5813953488372092,0.9273618495495703,6.775332962242729,8.885765876316732
1.653846153846154,1.0,0.6046511627906976,0.9093531090412992,6.9095109971128155,8.885765876316732
1.653846153846154,1.0384615384615385,0.627906976744186,0.8923543557893895,7.0411325572803305,8.88576587631673
1.653846153846154,1.076923076923077,0.6511627906976745,0.876274581884664,7.170338427101135,8.885765876316734
1.653846153846154,1.1153846153846154,0.6744186046511628,0.8610338613230188,7.297256924977582,8.885765876316732
1.653846153846154,1.1538461538461537,0.6976744186046511,0.8465616732800196,7.422005396057281,8.885765876316732
1.653846153846154,1.1923076923076923,0.7209302325581395,0.8327955253822958,7.544691482696527,8.885765876316732
1.653846153846154,1.2307692307692308,0.7441860465116279,0.81967981553775,7.6654142118377155,8.885765876316732
1.653846153846154,1.2692307692307692,0.7674418604651162,0.8071648849616487,7.784264930551485,8.88576587631673
1.653846153846154,1.3076923076923077,0.7906976744186046,0.7952062255644574,7.901328114879411,8.88576587631673
1.653846153846154,1.3461538461538463,0.813953488372093,0.7837638128197258,8.016682072338527,8.885765876316732
1.653846153846154,1.3846153846153846,0.8372093023255813,0.7728015412913087,8.130399554691273,8.88576587631673
1.653846153846154,1.4230769230769231,0.8604651162790697,0.7622867446578624,8.242548294604902,8.885765876316732
1.653846153846154,1.4615384615384617,0.8837209302325582,0.7521897856819185,8.35319147744527,8.885765876316732
1.653846153846154,1.5,0.9069767441860465,0.7424837043882184,8.462388157537706,8.885765876316732
1.653846153846154,1.5384615384615385,0.9302325581395349,0.733143914930759,8.570193626681052,8.885765876316732
1.653846153846154,1.576923076923077,0.9534883720930233,0.7241479433806597,8.676659741442823,8.885765876316732
1.653846153846154,1.6153846153846154,0.9767441860465116,0.7154752000627009,8.781835214734148,8.885765876316732
1.653846153846154,1.653846153846154,1.0,0.7071067811865476,8.885765876316732,8.885765876316732
1.653846153846154,1.6923076923076923,1.0232558139534882,0.6990252954195318,8.988494906194527,8.885765876316732
1.653846153846154,1.7307692307692308,1.0465116279069766,0.6912147117775908,9.090063044261854,8.885765876316732
1.653846153846154,1.7692307692307694,1.0697674418604652,0.6836602258050604,9.19050877909516,8.88576587631673
1.653846153846154,1.8076923076923077,1.0930232558139534,0.6763481415000993,9.289868518369639,8.885765876316732
1.653846153846154,1.8461538461538463,1.1162790697674418,0.6692657668420421,9.388176743040441,8.885765876316732
1.653846153846154,1.8846153846153846,1.13953488372093,0.662401321106836,9.48546614713982,8.885765876316732
1.653846153846154,1.9230769230769231,1.1627906976744184,0.6557438524302001,9.581767764797144,8.885765876316734
1.653846153846154,1.9615384615384617,1.1860465116279069,0.6492831643058214,9.677111085880734,8.885765876316734
1.653846153846154,2.0,1.2093023255813953,0.6430097498961727,9.771524161482992,8.885765876316732
1.6923076923076923,0.5,0.29545454545454547,1.3008872711759818,4.8299229659612894,8.885765876316732
1.6923076923076923,0.5384615384615384,0.3181818181818182,1.2535663410560174,5.012247937262391,8.885765876316732
1.6923076923076923,0.5769230769230769,0.3409090909090909,1.2110601416389968,5.188169514584299,8.885765876316732
1.6923076923076923,0.6153846153846154,0.36363636363636365,1.1726039399558574,5.3583184339429355,8.88576587631673
1.6923076923076923,0.6538461538461539,0.38636363636363635,1.137592917989042,5.523228219710234,8.885765876316734
1.6923076923076923,0.6923076923076923,0.40909090909090906,1.1055415967851334,5.683354950596897,8.88576587631673
1.6923076923076923,0.7307692307692308,0.4318181818181819,1.0760551736979407,5.839092140217095,8.885765876316732
1.6923076923076923,0.7692307692307693,0.4545454545454546,1.0488088481701514,5.990782131693312,8.885765876316732
1.6923076923076923,0.8076923076923077,0.4772727272727273,1.023532631438318,6.138724955305184,8.885765876316732
1.6923076923076923,0.8461538461538461,0.5,1.0,6.283185307179586,8.885765876316732
1.6923076923076923,0.8846153846153846,0.5227272727272727,0.9780192938436515,6.424398114362794,8.885765876316732
1.6923076923076923,0.9230769230769231,0.5454545454545455,0.9574271077563381,6.562573021254622,8.885765876316732
1.6923076923076923,0.9615384615384616,0.5681818181818182,0.938083151964686,6.69789804242867,8.88576587631673
1.6923076923076923,1.0,0.5909090909090909,0.9198662110077999,6.8305425636797406,8.885765876316732
1.6923076923076923,1.0384615384615385,0.6136363636363636,0.90267093384844,6.960659828041549,8.885765876316732
1.6923076923076923,1.076923076923077,0.6363636363636365,0.8864052604279182,7.088389010853044,8.885765876316732
1.6923076923076923,1.1153846153846154,0.6590909090909092,0.8709883407113854,7.213856963972392,8.885765876316732
1.6923076923076923,1.1538461538461537,0.6818181818181818,0.8563488385776753,7.337179691415753,8.885765876316732
1.6923076923076923,1.1923076923076923,0.7045454545454546,0.842423539174232,7.458463605300663,8.885765876316732
1.6923076923076923,1.2307692307692308,0.7272727272727273,0.82915619758885,7.5778066007958635,8.885765876316732
1.6923076923076923,1.2692307692307692,0.75,0.816496580927726,7.6952989809711845,8.885765876316732
1.6923076923076923,1.3076923076923077,0.7727272727272727,0.8043996665398437,7.811024256396016,8.885765876316732
1.6923076923076923,1.3461538461538463,0.7954545454545455,0.7928249671720918,7.92505983961495,8.885765876316732
1.6923076923076923,1.3846153846153846,0.8181818181818181,0.7817359599705717,8.037477650914402,8.88576587631673
1.6923076923076923,1.4230769230769231,0.8409090909090909,0.7710996009560597,8.148344648848582,8.885765876316732
1.6923076923076923,1.4615384615384617,0.8636363636363638,0.760885910252682,8.257723296641158,8.885765876316732
1.6923076923076923,1.5,0.8863636363636364,0.7510676161988108,8.365671973688718,8.88576587631673
1.6923076923076923,1.5384615384615385,0.9090909090909092,0.7416198487095662,8.472245339863083,8.885765876316734
1.6923076923076923,1.576923076923077,0.9318181818181819,0.7325198740332295,8.57749465906581,8.885765876316732
1.6923076923076923,1.6153846153846154,0.9545454545454546,0.7237468644557459,8.681468087470764,8.885765876316732
1.6923076923076923,1.653846153846154,0.9772727272727274,0.7152816976385906,8.784210931053744,8.885765876316732
1.6923076923076923,1.6923076923076923,1.0,0.7071067811865476,8.885765876316732,8.885765876316732
1.6923076923076923,1.7307692307692308,1.0227272727272727,0.699205898780101,8.986173197539967,8.885765876316734
1.6923076923076923,1.7692307692307694,1.0454545454545456,0.6915640748081245,9.085470943416002,8.885765876316732
1.6923076923076923,1.8076923076923077,1.0681818181818181,0.6841674549282352,9.183695105518652,8.885765876316732
1.6923076923076923,1.8461538461538463,1.090909090909091,0.67700320038633,9.280879770722064,8.885765876316732
1.6923076923076923,1.8846153846153846,1.1136363636363635,0.6700593942604899,9.37705725940014,8.885765876316734
1.6923076923076923,1.9230769230769231,1.1363636363636365,0.6633249580710799,9.472258250994829,8.885765876316732
1.6923076923076923,1.9615384615384617,1.1590909090909092,0.6567895774291853,9.566511898336321,8.885765876316732
1.6923076923076923,2.0,1.1818181818181819,0.6504436355879909,9.659845931922579,8.885765876316732
1.7307692307692308,0.5,0.28888888888888886,1.3155870289605438,4.775955652393429,8.885765876316734
1.7307692307692308,0.5384615384615384,0.31111111111111106,1.267731382092775,4.956243409236493,8.885765876316732
1.7307692307692308,0.5769230769230769,0.3333333333333333,1.2247448713915892,5.130199320647455,8.885765876316732
1.7307692307692308,0.6153846153846154,0.35555555555555557,1.1858541225631423,5.298447075091254,8.885765876316732
1.7307692307692308,0.6538461538461539,0.37777777777777777,1.1504474832710556,5.461514235586547,8.885765876316732
1.7307692307692308,0.6923076923076923,0.39999999999999997,1.118033988749895,5.619851784832581,8.885765876316732
1.7307692307692308,0.7307692307692308,0.4222222222222222,1.0882143751650175,5.7738488395053595,8.885765876316732
1.7307692307692308,0.7692307692307693,0.4444444444444445,1.0606601717798212,5.923843917544489,8.885765876316732
1.7307692307692308,0.8076923076923077,0.4666666666666667,1.0350983390135313,6.07013369683076,8.885765876316734
1.7307692307692308,0.8461538461538461,0.4888888888888889,1.0112997936948631,6.212979915899592,8.885765876316732
1.7307692307692308,0.8846153846153846,0.5111111111111111,0.9890707100936805,6.3526148768316775,8.885765876316732
1.7307692307692308,0.9230769230769231,0.5333333333333333,0.9682458365518543,6.489245881557778,8.885765876316732
1.7307692307692308,0.9615384615384616,0.5555555555555556,0.9486832980505138,6.623058843864068,8.885765876316732
1.7307692307692308,1.0,0.5777777777777777,0.9302605094190635,6.754221256907229,8.885765876316732
1.7307692307692308,1.0384615384615385,0.6,0.9128709291752768,6.882884651454572,8.885765876316732
1.7307692307692308,1.076923076923077,0.6222222222222223,0.8964214570007952,7.009186647764515,8.88576587631673
1.7307692307692308,1.1153846153846154,0.6444444444444445,0.8808303292720552,7.133252680311543,8.885765876316732
1.7307692307692308,1.1538461538461537,0.6666666666666666,0.8660254037844387,7.2551974569368705,8.885765876316732
1.7307692307692308,1.1923076923076923,0.6888888888888889,0.8519427513705973,7.375126200758512,8.885765876316732
1.7307692307692308,1.2307692307692308,0.7111111111111111,0.8385254915624212,7.4931357131101075,8.885765876316732
1.7307692307692308,1.2692307692307692,0.7333333333333333,0.8257228238447705,7.6093152880569725,8.885765876316732
1.7307692307692308,1.3076923076923077,0.7555555555555555,0.8134892168199607,7.723747503060221,8.885765876316732
1.7307692307692308,1.3461538461538463,0.7777777777777778,0.8017837257372731,7.836508905692666,8.885765876316734
1.7307692307692308,1.3846153846153846,0.7999999999999999,0.7905694150420949,7.94767061263688,8.885765876316732
1.7307692307692308,1.4230769230769231,0.8222222222222222,0.7798128673650545,8.05729883428332,8.885765876316732
1.7307692307692308,1.4615384615384617,0.8444444444444444,0.7694837640638655,8.165455335920635,8.885765876316732
1.7307692307692308,1.5,0.8666666666666666,0.75955452531275,8.27219784464118,8.88576587631673
1.7307692307692308,1.5384615384615385,0.888888888888889,0.75,8.377580409572781,8.885765876316732
1.7307692307692308,1.576923076923077,0.9111111111111112,0.7407971974871922,8.481653721817999,8.885765876316732
1.7307692307692308,1.6153846153846154,0.9333333333333333,0.7319250547113999,8.584465399475993,8.885765876316732
1.7307692307692308,1.653846153846154,0.9555555555555556,0.7233642332556182,8.68606024229466,8.885765876316732
1.7307692307692308,1.6923076923076923,0.9777777777777777,0.7150969419341943,8.786480459816856,8.885765876316732
1.7307692307692308,1.7307692307692308,1.0,0.7071067811865476,8.885765876316732,8.885765876316732
1.7307692307692308,1.7692307692307694,1.0222222222222224,0.6993786061802353,8.983954115348448,8.885765876316732
1.7307692307692308,1.8076923076923077,1.0444444444444445,0.6918984060216639,9.081080766332702,8.885765876316732
1.7307692307692308,1.8461538461538463,1.0666666666666667,0.6846531968814576,9.177179535272762,8.885765876316732
1.7307692307692308,1.8846153846153846,1.0888888888888888,0.6776309271789385,9.272282381409694,8.88576587631673
1.7307692307692308,1.9230769230769231,1.1111111111111112,0.6708203932499369,9.366419641387635,8.885765876316732
1.7307692307692308,1.9615384615384617,1.1333333333333333,0.6642111641550714,9.459620142296599,8.885765876316732
1.7307692307692308,2.0,1.1555555555555554,0.6577935144802719,9.551911304786858,8.885765876316734
1.7692307692307694,0.5,0.2826086956521739,1.3301243435223526,4.723757848488695,8.885765876316732
1.7692307692307694,0.5384615384615384,0.3043478260869565,1.2817398889233116,4.902075188170662,8.885765876316732
1.7692307692307694,0.5769230769230769,0.3260869565217391,1.2382783747337809,5.074129884994896,8.885765876316732
1.7692307692307694,0.6153846153846154,0.34782608695652173,1.1989578808281798,5.240538810954291,8.885765876316732
1.7692307692307694,0.6538461538461539,0.3695652173913043,1.1631599960755994,5.401823763178331,8.885765876316732
1.7692307692307694,0.6923076923076923,0.3913043478260869,1.1303883305208782,5.558430795445598,8.885765876316732
1.7692307692307694,0.7307692307692308,0.41304347826086957,1.1002392084403616,5.71074477166314,8.885765876316732
1.7692307692307694,0.7692307692307693,0.43478260869565216,1.0723805294763609,5.859100510009857,8.885765876316732
1.7692307692307694,0.8076923076923077,0.45652173913043476,1.0465362369445672,6.003791445887978,8.885765876316732
1.7692307692307694,0.8461538461538461,0.47826086956521735,1.0224747162910903,6.145076457216585,8.885765876316732
1.7692307692307694,0.8846153846153846,0.49999999999999994,1.0,6.283185307179586,8.885765876316732
1.7692307692307694,0.9230769230769231,0.5217391304347826,0.9789450103725609,6.418323032044844,8.885765876316732
1.7692307692307694,0.9615384615384616,0.5434782608695652,0.9591663046625439,6.550673513692863,8.885765876316732
1.7692307692307694,1.0,0.5652173913043478,0.9405399431259603,6.680402414699064,8.885765876316732
1.7692307692307694,1.0384615384615385,0.5869565217391304,0.9229582069908973,6.807659609707067,8.885765876316732
1.7692307692307694,1.076923076923077,0.6086956521739131,0.9063269671749657,6.932581214883593,8.885765876316732
1.7692307692307694,1.1153846153846154,0.6304347826086956,0.8905635565617213,7.0552912937933865,8.885765876316732
1.7692307692307694,1.1538461538461537,0.6521739130434782,0.8755950357709132,7.175903300602415,8.88576587631673
1.7692307692307694,1.1923076923076923,0.6739130434782608,0.861356769214109,7.294521308414729,8.885765876316732
1.7692307692307694,1.2307692307692308,0.6956521739130435,0.8477912478906585,7.411241060594131,8.88576587631673
1.7692307692307694,1.2692307692307692,0.7173913043478259,0.8348471099367218,7.526150875285209,8.885765876316732
1.7692307692307694,1.3076923076923077,0.7391304347826086,0.8224783208299743,7.639332427436065,8.885765876316732
1.7692307692307694,1.3461538461538463,0.7608695652173912,0.8106434833777776,7.750861428008895,8.885765876316732
1.7692307692307694,1.3846153846153846,0.7826086956521738,0.7993052538854533,7.860808216431436,8.885765876316732
1.7692307692307694,1.4230769230769231,0.8043478260869564,0.7884298457197201,7.969238279461587,8.885765876316734
1.7692307692307694,1.4615384615384617,0.8260869565217391,0.7779866052154991,8.076212707337255,8.885765876316732
1.7692307692307694,1.5,0.8478260869565216,0.7679476477883045,8.181788596234666,8.885765876316732
1.7692307692307694,1.5384615384615385,0.8695652173913043,0.7582875444051551,8.286019404563058,8.885765876316732
1.7692307692307694,1.576923076923077,0.891304347826087,0.7489830503797116,8.388955269407235,8.885765876316732
1.7692307692307694,1.6153846153846154,0.9130434782608695,0.7400128699009549,8.490643288434352,8.885765876316732
1.7692307692307694,1.653846153846154,0.9347826086956521,0.7313574508612274,8.591127771762865,8.885765876316732
1.7692307692307694,1.6923076923076923,0.9565217391304347,0.7229988054812213,8.690450467615305,8.885765876316732
1.7692307692307694,1.7307692307692308,0.9782608695652173,0.7149203529842406,8.788650765014784,8.885765876316732
1.7692307692307694,1.7692307692307694,1.0,0.7071067811865476,8.885765876316732,8.885765876316732
1.7692307692307694,1.8076923076923077,1.0217391304347825,0.6995439243733446,8.98183100197475,8.885765876316734
1.7692307692307694,1.8461538461538463,1.0434782608695652,0.6922186552431729,9.076879479609422,8.88576587631673
1.7692307692307694,1.8846153846153846,1.0652173913043477,0.6851187890446743,9.170942919170008,8.88576587631673
1.7692307692307694,1.9230769230769231,1.0869565217391304,0.6782329983125268,9.264051325742665,8.885765876316732
1.7692307692307694,1.9615384615384617,1.108695652173913,0.6715507368448513,9.356233211357779,8.885765876316732
1.7692307692307694,2.0,1.1304347826086956,0.6650621717611763,9.44751569697739,8.885765876316732
1.8076923076923077,0.5,0.2765957446808511,1.3445044840729643,4.67323492157175,8.885765876316732
1.8076923076923077,0.5384615384615384,0.2978723404255319,1.2955969390869324,4.8496450690965975,8.885765876316732
1.8076923076923077,0.5769230769230769,0.3191489361702127,1.2516655570345725,5.0198595558270505,8.885765876316734
1.8076923076923077,0.6153846153846154,0.3404255319148936,1.2119199643540823,5.184488656004887,8.885765876316732
1.8076923076923077,0.6538461538461539,0.3617021276595745,1.1757350641945108,5.344048585881174,8.885765876316732
1.8076923076923077,0.6923076923076923,0.3829787234042553,1.1426091000668408,5.4989806284686775,8.885765876316732
1.8076923076923077,0.7307692307692308,0.4042553191489362,1.1121340320587072,5.649665531364578,8.885765876316734
1.8076923076923077,0.7692307692307693,0.425531914893617,1.08397416943394,5.796434531701725,8.885765876316732
1.8076923076923077,0.8076923076923077,0.44680851063829785,1.0578504710249077,5.9395779264455655,8.885765876316732
1.8076923076923077,0.8461538461538461,0.46808510638297873,1.0335288182638247,6.0793518246877785,8.885765876316732
1.8076923076923077,0.8846153846153846,0.48936170212765956,1.0108111250054497,6.215983532181357,8.88576587631673
1.8076923076923077,0.9230769230769231,0.5106382978723405,0.9895285072531598,6.3496758922298575,8.885765876316732
1.8076923076923077,0.9615384615384616,0.5319148936170213,0.9695359714832658,6.480610820006109,8.885765876316732
1.8076923076923077,1.0,0.5531914893617021,0.9507082380237135,6.608952206242337,8.885765876316732
1.8076923076923077,1.0384615384615385,0.574468085106383,0.9329364235414814,6.734848322598711,8.885765876316732
1.8076923076923077,1.076923076923077,0.5957446808510639,0.9161253813129042,6.858433829412213,8.885765876316732
1.8076923076923077,1.1153846153846154,0.6170212765957447,0.9001915504970077,6.979831463326396,8.885765876316732
1.8076923076923077,1.1538461538461537,0.6382978723404255,0.8850612031567836,7.099153465058794,8.885765876316732
1.8076923076923077,1.1923076923076923,0.6595744680851063,0.8706690049203728,7.216502794600132,8.885765876316732
1.8076923076923077,1.2307692307692308,0.6808510638297872,0.8569568250501305,7.331974171291571,8.885765876316732
1.8076923076923077,1.2692307692307692,0.702127659574468,0.8438727464026861,7.445654968671455,8.885765876316734
1.8076923076923077,1.3076923076923077,0.723404255319149,0.8313702367707394,7.557625988133915,8.885765876316732
1.8076923076923077,1.3461538461538463,0.7446808510638299,0.8194074514114278,7.667962130874953,8.885765876316732
1.8076923076923077,1.3846153846153846,0.7659574468085106,0.8079466429027216,7.77673298400733,8.885765876316732
1.8076923076923077,1.4230769230769231,0.7872340425531915,0.7969536593398233,7.884003333875675,8.885765876316732
1.8076923076923077,1.4615384615384617,0.8085106382978724,0.7863975156570492,7.989833617327584,8.885765876316732
1.8076923076923077,1.5,0.8297872340425532,0.7762500258061847,8.09428031986743,8.885765876316732
1.8076923076923077,1.5384615384615385,0.851063829787234,0.7664854858377946,8.19739632814032,8.885765876316732
1.8076923076923077,1.576923076923077,0.8723404255319149,0.7570803997643295,8.299231242990137,8.885765876316732
1.8076923076923077,1.6153846153846154,0.8936170212765957,0.7480132415430957,8.399831658351184,8.885765876316732
1.8076923076923077,1.653846153846154,0.9148936170212767,0.739264247686155,8.499241410423288,8.885765876316732
1.8076923076923077,1.6923076923076923,0.9361702127659575,0.7308152359460693,8.597501800911079,8.885765876316732
1.8076923076923077,1.7307692307692308,0.9574468085106383,0.7226494462892933,8.694651797552588,8.885765876316732
1.8076923076923077,1.7692307692307694,0.9787234042553192,0.7147514009901563,8.790728214698692,8.885765876316732
1.8076923076923077,1.8076923076923077,1.0,0.7071067811865476,8.885765876316732,8.885765876316732
1.8076923076923077,1.8461538461538463,1.021276595744681,0.699702317656111,8.979797763464948,8.885765876316732
1.8076923076923077,1.8846153846153846,1.0425531914893618,0.6925256939166184,9.072855148008552,8.88576587631673
1.8076923076923077,1.9230769230769231,1.0638297872340425,0.6855654600401044,9.164967714114463,8.88576587631673
1.8076923076923077,1.9615384615384617,1.0851063829787235,0.6788109558083828,9.256163668862802,8.88576587631673
1.8076923076923077,2.0,1.1063829787234043,0.6722522420364822,9.3464698431435,8.885765876316732
1.8461538461538463,0.5,0.2708333333333333,1.3587324409735149,4.6242991759862315,8.885765876316732
1.8461538461538463,0.5384615384615384,0.29166666666666663,1.3093073414159544,4.798862045930802,8.885765876316732
1.8461538461538463,0.5769230769230769,0.31249999999999994,1.2649110640673518,4.967294132898051,8.885765876316734
1.8461538461538463,0.6153846153846154,0.3333333333333333,1.224744871391589,5.130199320647456,8.885765876316732
1.8461538461538463,0.6538461538461539,0.35416666666666663,1.1881770515720091,5.288088419875357,8.885765876316732
1.8461538461538463,0.6923076923076923,0.37499999999999994,1.1547005383792517,5.441398092702652,8.88576587631673
1.8461538461538463,0.7307692307692308,0.39583333333333337,1.1239029738980326,5.59050509973082,8.885765876316732
1.8461538461538463,0.7692307692307693,0.4166666666666667,1.0954451150103321,5.735737209545476,8.885765876316732
1.8461538461538463,0.8076923076923077,0.4375,1.0690449676496976,5.877381679269498,8.88576587631673
1.8461538461538463,0.8461538461538461,0.4583333333333333,1.044465935734187,6.01569193615007,8.885765876316732
1.8461538461538463,0.8846153846153846,0.47916666666666663,1.0215078369104984,6.150892905709641,8.885765876316732
1.8461538461538463,0.9230769230769231,0.5,1.0,6.283185307179586,8.885765876316732
1.8461538461538463,0.9615384615384616,0.5208333333333334,0.9797958971132713,6.4127491508093195,8.88576587631673
1.8461538461538463,1.0,0.5416666666666666,0.9607689228305228,6.5397466111504565,8.885765876316732
1.8461538461538463,1.0384615384615385,0.5625,0.9428090415820634,6.664324407237549,8.885765876316732
1.8461538461538463,1.076923076923077,0.5833333333333334,0.9258200997725514,6.78661578931284,8.885765876316732
1.8461538461538463,1.1153846153846154,0.6041666666666666,0.909717652294684,6.906742208784006,8.885765876316732
1.8461538461538463,1.1538461538461537,0.6249999999999999,0.894427190999916,7.024814731040726,8.885765876316732
1.8461538461538463,1.1923076923076923,0.6458333333333333,0.8798826901281198,7.1409352379289235,8.885765876316732
1.8461538461538463,1.2307692307692308,0.6666666666666666,0.8660254037844386,7.255197456936871,8.885765876316732
1.8461538461538463,1.2692307692307692,0.6874999999999999,0.8528028654224418,7.3676878466715365,8.885765876316732
1.8461538461538463,1.3076923076923077,0.7083333333333333,0.8401680504168059,7.47848636241584,8.885765876316732
1.8461538461538463,1.3461538461538463,0.7291666666666666,0.828078671210825,7.58766712103845,8.885765876316732
1.8461538461538463,1.3846153846153846,0.7499999999999999,0.816496580927726,7.6952989809711845,8.885765876316732
1.8461538461538463,1.4230769230769231,0.7708333333333334,0.8053872662568292,7.8014460501489316,8.88576587631673
1.8461538461538463,1.4615384615384617,0.7916666666666667,0.7947194142390263,7.906168132555278,8.885765876316732
1.8461538461538463,1.5,0.8125,0.7844645405527362,8.009521122207046,8.885765876316732
1.8461538461538463,1.5384615384615385,0.8333333333333334,0.7745966692414834,8.111557351947223,8.88576587631673
1.8461538461538463,1.576923076923077,0.8541666666666667,0.7650920556760059,8.212325903224816,8.885765876316732
1.8461538461538463,1.6153846153846154,0.875,0.7559289460184544,8.311872882066082,8.885765876316732
1.8461538461538463,1.653846153846154,0.8958333333333334,0.7470873676376284,8.410241665640395,8.885765876316732
1.8461538461538463,1.6923076923076923,0.9166666666666666,0.7385489458759964,8.507473123161892,8.885765876316732
1.8461538461538463,1.7307692307692308,0.9375,0.7302967433402214,8.603605814318215,8.885765876316732
1.8461538461538463,1.7692307692307694,0.9583333333333334,0.7223151185146152,8.69867616795903,8.885765876316732
1.8461538461538463,1.8076923076923077,0.9791666666666666,0.7145896010104964,8.79271864339276,8.88576587631673
1.8461538461538463,1.8461538461538463,1.0,0.7071067811865476,8.885765876316732,8.885765876316732
1.8461538461538463,1.8846153846153846,1.0208333333333333,0.6998542122237652,8.977848811133049,8.885765876316732
1.8461538461538463,1.9230769230769231,1.0416666666666667,0.6928203230275509,9.068996821171089,8.885765876316732
1.8461538461538463,1.9615384615384617,1.0625,0.6859943405700354,9.15923781814074,8.885765876316732
1.8461538461538463,2.0,1.0833333333333333,0.6793662204867574,9.248598351972463,8.885765876316732
1.8846153846153846,0.5,0.2653061224489796,1.3728129459672882,4.576869212689741,8.88576587631673
1.8846153846153846,0.5384615384615384,0.2857142857142857,1.3228756555322954,4.749641646894903,8.885765876316732
1.8846153846153846,0.5769230769230769,0.3061224489795918,1.2780193008453877,4.916346179610407,8.885765876316732
1.8846153846153846,0.6153846153846154,0.326530612244898,1.2374368670764582,5.077580500752418,8.88576587631673
1.8846153846153846,0.6538461538461539,0.3469387755102041,1.200490095997562,5.2338501817947085,8.885765876316732
1.8846153846153846,0.6923076923076923,0.3673469387755102,1.1666666666666667,5.385587406153931,8.885765876316732
1.8846153846153846,0.7307692307692308,0.38775510204081637,1.1355499479153377,5.533165070118111,8.885765876316734
1.8846153846153846,0.7692307692307693,0.40816326530612246,1.1067971810589328,5.676907580454915,8.885765876316732
1.8846153846153846,0.8076923076923077,0.4285714285714286,1.0801234497346432,5.817099247982434,8.885765876316732
1.8846153846153846,0.8461538461538461,0.4489795918367347,1.0552897060221726,5.953990900625321,8.885765876316732
1.8846153846153846,0.8846153846153846,0.4693877551020408,1.03209369308428,6.087805156916608,8.885765876316732
1.8846153846153846,0.9230769230769231,0.489795918367347,1.0103629710818451,6.218740677374461,8.885765876316732
1.8846153846153846,0.9615384615384616,0.5102040816326531,0.9899494936611666,6.346975625940523,8.885765876316732
1.8846153846153846,1.0,0.5306122448979592,0.970725343394151,6.472670513793702,8.885765876316732
1.8846153846153846,1.0384615384615385,0.5510204081632654,0.9525793444156804,6.595970555118158,8.885765876316732
1.8846153846153846,1.076923076923077,0.5714285714285715,0.9354143466934853,6.717007633450856,8.885765876316732
1.8846153846153846,1.1153846153846154,0.5918367346938775,0.9191450300180578,6.83590195451108,8.885765876316734
1.8846153846153846,1.1538461538461537,0.6122448979591836,0.903696114115064,6.952763444526191,8.885765876316732
1.8846153846153846,1.1923076923076923,0.6326530612244898,0.8890008890013334,7.067692940372483,8.885765876316732
1.8846153846153846,1.2307692307692308,0.653061224489796,0.8749999999999999,7.180783208205242,8.885765876316732
1.8846153846153846,1.2692307692307692,0.673469387755102,0.8616404368553291,7.292119819853051,8.885765876316734
1.8846153846153846,1.3076923076923077,0.6938775510204082,0.8488746876271654,7.401781910522965,8.885765876316732
1.8846153846153846,1.3461538461538463,0.7142857142857143,0.8366600265340756,7.509842836890551,8.885765876316732
1.8846153846153846,1.3846153846153846,0.7346938775510204,0.8249579113843054,7.616370751128628,8.885765876316732
1.8846153846153846,1.4230769230769231,0.7551020408163266,0.813733471206735,7.72142910363742,8.885765876316732
1.8846153846153846,1.4615384615384617,0.7755102040816327,0.8029550685469661,7.8250770850101095,8.885765876316732
1.8846153846153846,1.5,0.7959183673469388,0.792593923901217,7.927370015976398,8.885765876316732
1.8846153846153846,1.5384615384615385,0.8163265306122449,0.7826237921249264,8.028359692617972,8.88576587631673
1.8846153846153846,1.576923076923077,0.8367346938775512,0.7730206825239258,8.12809469297106,8.885765876316732
1.8846153846153846,1.6153846153846154,0.8571428571428572,0.7637626158259733,8.22662065016709,8.885765876316732
1.8846153846153846,1.653846153846154,0.8775510204081634,0.7548294124240689,8.323980496469638,8.88576587631673
1.8846153846153846,1.6923076923076923,0.8979591836734694,0.7462025072446364,8.420214681910329,8.885765876316732
1.8846153846153846,1.7307692307692308,0.9183673469387755,0.7378647873726218,8.515361370682372,8.885765876316732
1.8846153846153846,1.7692307692307694,0.9387755102040818,0.7298004491997616,8.609456617996337,8.885765876316734
1.8846153846153846,1.8076923076923077,0.9591836734693878,0.7219948723811555,8.702534529722488,8.885765876316732
1.8846153846153846,1.8461538461538463,0.979591836734694,0.7144345083117603,8.79462740682421,8.885765876316732
1.8846153846153846,1.8846153846153846,1.0,0.7071067811865476,8.885765876316732,8.885765876316732
1.8846153846153846,1.9230769230769231,1.0204081632653061,0.7,8.975979010256552,8.885765876316732
1.8846153846153846,1.9615384615384617,1.0408163265306123,0.693103280083672,9.06529443407204,8.885765876316732
1.8846153846153846,2.0,1.0612244897959184,0.6864064729836441,9.153738425379482,8.88576587631673
1.9230769230769231,0.5,0.26,1.3867504905630728,4.530869359655591,8.88576587631673
1.9230769230769231,0.5384615384615384,0.27999999999999997,1.3363062095621219,4.701905343415599,8.885765876316734
1.9230769230769231,0.5769230769230769,0.3,1.2909944487358058,4.866934411168334,8.885765876316732
1.9230769230769231,0.6153846153846154,0.32,1.25,5.026548245743669,8.885765876316732
1.9230769230769231,0.6538461538461539,0.33999999999999997,1.212678125181665,5.1812473373660755,8.885765876316732
1.9230769230769231,0.6923076923076923,0.36,1.1785113019775793,5.331459525790039,8.885765876316732
1.9230769230769231,0.7307692307692308,0.38,1.1470786693528088,5.477553959507077,8.885765876316734
1.9230769230769231,0.7692307692307693,0.4,1.118033988749895,5.619851784832581,8.885765876316732
1.9230769230769231,0.8076923076923077,0.42,1.0910894511799618,5.7586344551169635,8.885765876316734
1.9230769230769231,0.8461538461538461,0.44,1.0660035817780522,5.894150277337229,8.885765876316732
1.9230769230769231,0.8846153846153846,0.45999999999999996,1.0425720702853738,6.026619632597435,8.885765876316732
1.9230769230769231,0.9230769230769231,0.48000000000000004,1.0206207261596576,6.156239184776947,8.88576587631673
1.9230769230769231,0.9615384615384616,0.5,1.0,6.283185307179586,8.885765876316732
1.9230769230769231,1.0,0.52,0.9805806756909202,6.407616897765637,8.88576587631673
1.9230769230769231,1.0384615384615385,0.54,0.9622504486493763,6.529677711243184,8.885765876316732
1.9230769230769231,1.076923076923077,0.56,0.944911182523068,6.649498305652865,8.885765876316732
1.9230769230769231,1.1153846153846154,0.58,0.9284766908852593,6.767197678585621,8.885765876316732
1.9230769230769231,1.1538461538461537,0.6,0.9128709291752769,6.882884651454571,8.88576587631673
1.9230769230769231,1.1923076923076923,0.62,0.8980265101338746,6.99665904767434,8.88576587631673
1.9230769230769231,1.2307692307692308,0.64,0.8838834764831844,7.108612701053385,8.88576587631673
1.9230769230769231,1.2692307692307692,0.6599999999999999,0.8703882797784892,7.218830323380084,8.885765876316732
1.9230769230769231,1.3076923076923077,0.6799999999999999,0.8574929257125442,7.327390254512592,8.885765876316732
1.9230769230769231,1.3461538461538463,0.7000000000000001,0.8451542547285166,7.43436511385474,8.885765876316732
1.9230769230769231,1.3846153846153846,0.72,0.8333333333333334,7.5398223686155035,8.885765876316732
1.9230769230769231,1.4230769230769231,0.74,0.8219949365267865,7.64382483148646,8.885765876316732
1.9230769230769231,1.4615384615384617,0.76,0.8111071056538126,7.746431098165355,8.885765876316734
1.9230769230769231,1.5,0.78,0.8006407690254357,7.847695933380548,8.885765876316732
1.9230769230769231,1.5384615384615385,0.8,0.7905694150420949,7.94767061263688,8.885765876316732
1.9230769230769231,1.576923076923077,0.8200000000000001,0.7808688094430303,8.046403225736714,8.885765876316732
1.9230769230769231,1.6153846153846154,0.84,0.7715167498104596,8.143938947175407,8.885765876316732
1.9230769230769231,1.653846153846154,0.86,0.7624928516630233,8.240320277725544,8.885765876316734
1.9230769230769231,1.6923076923076923,0.88,0.7537783614444091,8.33558726087545,8.885765876316732
1.9230769230769231,1.7307692307692308,0.9,0.7453559924999299,8.429777677248872,8.885765876316732
1.9230769230769231,1.7692307692307694,0.92,0.7372097807744856,8.522927219683252,8.885765876316732
1.9230769230769231,1.8076923076923077,0.94,0.7293249574894728,8.615069651267595,8.885765876316732
1.9230769230769231,1.8461538461538463,0.9600000000000001,0.7216878364870323,8.706236948324245,8.88576587631673
1.9230769230769231,1.8846153846153846,0.98,0.7142857142857143,8.79645943005142,8.885765876316732
1.9230769230769231,1.9230769230769231,1.0,0.7071067811865476,8.885765876316732,8.885765876316732
1.9230769230769231,1.9615384615384617,1.02,0.7001400420140049,8.974183634899006,8.88576587631673
1.9230769230769231,2.0,1.04,0.6933752452815364,9.061738719311181,8.88576587631673
1.9615384615384617,0.5,0.2549019607843137,1.4005493427717788,4.486229164011281,8.885765876316732
1.9615384615384617,0.5384615384615384,0.2745098039215686,1.3496031162636561,4.655580023091851,8.88576587631673
1.9615384615384617,0.5769230769230769,0.2941176470588235,1.3038404810405297,4.818983149046953,8.885765876316732
1.9615384615384617,0.6153846153846154,0.3137254901960784,1.2624381172952597,4.977024395176807,8.885765876316734
1.9615384615384617,0.6538461538461539,0.3333333333333333,1.224744871391589,5.130199320647456,8.885765876316732
1.9615384615384617,0.6923076923076923,0.3529411764705882,1.1902380714238083,5.278931549940593,8.885765876316732
1.9615384615384617,0.7307692307692308,0.37254901960784315,1.1584926685818493,5.423586594528086,8.885765876316732
1.9615384615384617,0.7692307692307693,0.39215686274509803,1.1291589790636214,5.564482436645058,8.885765876316734
1.9615384615384617,0.8076923076923077,0.4117647058823529,1.1019463300386796,5.70189775663488,8.885765876316732
1.9615384615384617,0.8461538461538461,0.4313725490196078,1.07661084384791,5.836078415040742,8.885765876316734
1.9615384615384617,0.8846153846153846,0.4509803921568627,1.0529461772445508,5.967242621671338,8.885765876316732
1.9615384615384617,0.9230769230769231,0.47058823529411764,1.0307764064044151,6.095585102783619,8.885765876316732
1.9615384615384617,0.9615384615384616,0.49019607843137253,1.0099504938362078,6.221280493971007,8.88576587631673
1.9615384615384617,1.0,0.5098039215686274,0.9903379376602872,6.344486127658465,8.88576587631673
1.9615384615384617,1.0384615384615385,0.5294117647058824,0.97182531580755,6.465344342216993,8.885765876316732
1.9615384615384617,1.076923076923077,0.5490196078431373,0.9543135154205276,6.583984409369744,8.885765876316734
1.9615384615384617,1.1153846153846154,0.5686274509803921,0.9377154924749757,6.700524154289007,8.885765876316732
1.9615384615384617,1.1538461538461537,0.588235294117647,0.9219544457292888,6.815071326229607,8.885765876316732
1.9615384615384617,1.1923076923076923,0.6078431372549019,0.9069623173877128,6.927724765100266,8.885765876316732
1.9615384615384617,1.2307692307692308,0.6274509803921569,0.8926785535678563,7.03857539992079,8.885765876316732
1.9615384615384617,1.2692307692307692,0.6470588235294117,0.8790490729915326,7.147707107860302,8.885765876316734
1.9615384615384617,1.3076923076923077,0.6666666666666666,0.8660254037844386,7.255197456936871,8.885765876316732
1.9615384615384617,1.3461538461538463,0.6862745098039216,0.8535639569308374,7.361118351074775,8.885765876316732
1.9615384615384617,1.3846153846153846,0.7058823529411764,0.8416254115301732,7.465536592765209,8.88576587631673
1.9615384615384617,1.4230769230769231,0.7254901960784313,0.8301741920760903,7.568514375840408,8.88576587631673
1.9615384615384617,1.4615384615384617,0.7450980392156863,0.8191780219091253,7.670109718686527,8.885765876316732
1.9615384615384617,1.5,0.7647058823529411,0.8086075400626399,7.770376846464789,8.885765876316732
1.9615384615384617,1.5384615384615385,0.7843137254901961,0.7984359711335656,7.8693665294903274,8.885765876316732
1.9615384615384617,1.576923076923077,0.803921568627451,0.7886388397182801,7.9671263837627935,8.885765876316732
1.9615384615384617,1.6153846153846154,0.8235294117647058,0.7791937224739797,8.063701138697773,8.885765876316732
1.9615384615384617,1.653846153846154,0.8431372549019608,0.7700800320836487,8.159132876330814,8.885765876316732
1.9615384615384617,1.6923076923076923,0.8627450980392156,0.7612788283838284,8.253461245623493,8.885765876316732
1.9615384615384617,1.7307692307692308,0.8823529411764706,0.752772652709081,8.346723654967587,8.885765876316732
1.9615384615384617,1.7692307692307694,0.9019607843137255,0.7445453821540743,8.438955445538388,8.88576587631673
1.9615384615384617,1.8076923076923077,0.9215686274509803,0.7365821009835644,8.530190047775523,8.885765876316732
1.9615384615384617,1.8461538461538463,0.9411764705882353,0.7288689868556626,8.62045912295599,8.885765876316732
1.9615384615384617,1.8846153846153846,0.9607843137254901,0.7213932098830056,8.70979269155941,8.885765876316732
1.9615384615384617,1.9230769230769231,0.9803921568627451,0.714142842854285,8.798219249900988,8.885765876316734
1.9615384615384617,1.9615384615384617,1.0,0.7071067811865476,8.885765876316732,8.885765876316732
1.9615384615384617,2.0,1.0196078431372548,0.7002746713858894,8.972458328022562,8.885765876316732
2.0,0.5,0.25,1.4142135623730951,4.442882938158366,8.885765876316732
2.0,0.5384615384615384,0.2692307692307692,1.3627702877384937,4.6105975186812165,8.885765876316734
2.0,0.5769230769230769,0.28846153846153844,1.3165611772087666,4.772421833446836,8.885765876316732
2.0,0.6153846153846154,0.3076923076923077,1.2747548783981961,4.928936075204336,8.885765876316732
2.0,0.6538461538461539,0.3269230769230769,1.2366938848016846,5.080631014996208,8.885765876316732
2.0,0.6923076923076923,0.34615384615384615,1.2018504251546631,5.227926184217989,8.885765876316732
2.0,0.7307692307692308,0.3653846153846154,1.1697953037312034,5.371183562746925,8.885765876316734
2.0,0.7692307692307693,0.38461538461538464,1.1401754250991378,5.510718060453956,8.885765876316732
2.0,0.8076923076923077,0.40384615384615385,1.1126972805283737,5.646805665055605,8.88576587631673
2.0,0.8461538461538461,0.4230769230769231,1.087114613009218,5.779689861575165,8.885765876316732
2.0,0.8846153846153846,0.4423076923076923,1.06321906614239,5.909586751464557,8.885765876316732
2.0,0.9230769230769231,0.46153846153846156,1.0408329997330663,6.036689179523499,8.885765876316734
2.0,0.9615384615384616,0.4807692307692308,1.019803902718557,6.16117009400542,8.885765876316732
2.0,1.0,0.5,1.0,6.283185307179586,8.885765876316732
2.0,1.0384615384615385,0.5192307692307693,0.9813067629253163,6.402875782134783,8.885765876316732
2.0,1.076923076923077,0.5384615384615385,0.9636241116594314,6.520369541562716,8.885765876316732
2.0,1.1153846153846154,0.5576923076923077,0.9468641529479986,6.635783272201515,8.885765876316732
2.0,1.1538461538461537,0.5769230769230769,0.9309493362512627,6.7492236822259875,8.885765876316732
2.0,1.1923076923076923,0.5961538461538461,0.915810939779251,6.860788656547495,8.885765876316732
2.0,1.2307692307692308,0.6153846153846154,0.9013878188659973,6.970568245623986,8.885765876316732
2.0,1.2692307692307692,0.6346153846153846,0.8876253645985945,7.078645516198146,8.885765876316732
2.0,1.3076923076923077,0.6538461538461539,0.8744746321952062,7.185097286821021,8.885765876316732
2.0,1.3461538461538463,0.6730769230769231,0.8618916073713346,7.289994766676686,8.885765876316732
2.0,1.3846153846153846,0.6923076923076923,0.8498365855987975,7.393404112806504,8.88576587631673
2.0,1.4230769230769231,0.7115384615384616,0.8382736442849092,7.495386918122027,8.885765876316734
2.0,1.4615384615384617,0.7307692307692308,0.827170191868511,7.59600064043214,8.885765876316732
2.0,1.5,0.75,0.816496580927726,7.6952989809711845,8.885765876316732
2.0,1.5384615384615385,0.7692307692307693,0.8062257748298549,7.7933322195083425,8.885765876316732
2.0,1.576923076923077,0.7884615384615385,0.7963330593811955,7.890147511974506,8.885765876316732
2.0,1.6153846153846154,0.8076923076923077,0.7867957924694432,7.985789155606861,8.88576587631673
2.0,1.653846153846154,0.826923076923077,0.777593185920953,8.080298825841705,8.885765876316732
2.0,1.6923076923076923,0.8461538461538461,0.7687061147858074,8.173715788549874,8.88576587631673
2.0,1.7307692307692308,0.8653846153846154,0.7601169500660919,8.266077090680934,8.885765876316732
2.0,1.7692307692307694,0.8846153846153847,0.7518094115561123,8.357417731941538,8.885765876316732
2.0,1.8076923076923077,0.9038461538461539,0.74376843799781,8.447770819764319,8.885765876316732
2.0,1.8461538461538463,0.9230769230769231,0.7359800721939872,8.537167709513044,8.885765876316732
2.0,1.8846153846153846,0.9423076923076923,0.7284313590846836,8.625638131607587,8.88576587631673
2.0,1.9230769230769231,0.9615384615384616,0.7211102550927979,8.713210307029982,8.88576587631673
2.0,1.9615384615384617,0.9807692307692308,0.7140055472954167,8.799911052483667,8.885765876316732
2.0,2.0,1.0,0.7071067811865476,8.885765876316732,8.885765876316732
