step,eps,far_reach_fraction
0.000000000000000000e+00,4.000000000000000327e-05,0.000000000000000000e+00
1.000000000000000000e+00,3.992000000000000404e-05,0.000000000000000000e+00
2.000000000000000000e+00,3.984000000000000480e-05,0.000000000000000000e+00
3.000000000000000000e+00,3.976000000000000557e-05,0.000000000000000000e+00
4.000000000000000000e+00,3.968000000000000634e-05,0.000000000000000000e+00
5.000000000000000000e+00,3.960000000000000710e-05,0.000000000000000000e+00
6.000000000000000000e+00,3.952000000000000787e-05,0.000000000000000000e+00
7.000000000000000000e+00,3.944000000000000863e-05,0.000000000000000000e+00
8.000000000000000000e+00,3.936000000000000940e-05,0.000000000000000000e+00
9.000000000000000000e+00,3.928000000000001017e-05,0.000000000000000000e+00
1.000000000000000000e+01,3.920000000000001093e-05,0.000000000000000000e+00
1.100000000000000000e+01,3.912000000000001170e-05,0.000000000000000000e+00
1.200000000000000000e+01,3.904000000000001246e-05,0.000000000000000000e+00
1.300000000000000000e+01,3.896000000000001323e-05,0.000000000000000000e+00
1.400000000000000000e+01,3.888000000000001400e-05,0.000000000000000000e+00
1.500000000000000000e+01,3.880000000000001476e-05,0.000000000000000000e+00
1.600000000000000000e+01,3.872000000000001553e-05,0.000000000000000000e+00
1.700000000000000000e+01,3.864000000000001629e-05,0.000000000000000000e+00
1.800000000000000000e+01,3.856000000000001706e-05,0.000000000000000000e+00
1.900000000000000000e+01,3.848000000000001783e-05,0.000000000000000000e+00
2.000000000000000000e+01,3.840000000000001859e-05,0.000000000000000000e+00
2.100000000000000000e+01,3.832000000000001936e-05,0.000000000000000000e+00
2.200000000000000000e+01,3.824000000000002012e-05,0.000000000000000000e+00
2.300000000000000000e+01,3.816000000000002089e-05,0.000000000000000000e+00
2.400000000000000000e+01,3.808000000000002165e-05,0.000000000000000000e+00
2.500000000000000000e+01,3.800000000000002242e-05,0.000000000000000000e+00
2.600000000000000000e+01,3.792000000000002319e-05,0.000000000000000000e+00
2.700000000000000000e+01,3.784000000000002395e-05,0.000000000000000000e+00
2.800000000000000000e+01,3.776000000000002472e-05,0.000000000000000000e+00
2.900000000000000000e+01,3.768000000000002548e-05,0.000000000000000000e+00
3.000000000000000000e+01,3.760000000000002625e-05,0.000000000000000000e+00
3.100000000000000000e+01,3.752000000000002702e-05,0.000000000000000000e+00
3.200000000000000000e+01,3.744000000000002778e-05,0.000000000000000000e+00
3.300000000000000000e+01,3.736000000000002855e-05,0.000000000000000000e+00
3.400000000000000000e+01,3.728000000000002931e-05,0.000000000000000000e+00
3.500000000000000000e+01,3.720000000000003008e-05,0.000000000000000000e+00
3.600000000000000000e+01,3.712000000000003085e-05,0.000000000000000000e+00
3.700000000000000000e+01,3.704000000000003161e-05,0.000000000000000000e+00
3.800000000000000000e+01,3.696000000000003238e-05,0.000000000000000000e+00
3.900000000000000000e+01,3.688000000000003314e-05,0.000000000000000000e+00
4.000000000000000000e+01,3.680000000000003391e-05,0.000000000000000000e+00
4.100000000000000000e+01,3.672000000000003468e-05,0.000000000000000000e+00
4.200000000000000000e+01,3.664000000000003544e-05,0.000000000000000000e+00
4.300000000000000000e+01,3.656000000000003621e-05,0.000000000000000000e+00
4.400000000000000000e+01,3.648000000000003697e-05,0.000000000000000000e+00
4.500000000000000000e+01,3.640000000000003774e-05,0.000000000000000000e+00
4.600000000000000000e+01,3.632000000000003851e-05,0.000000000000000000e+00
4.700000000000000000e+01,3.624000000000003927e-05,0.000000000000000000e+00
4.800000000000000000e+01,3.616000000000004004e-05,0.000000000000000000e+00
4.900000000000000000e+01,3.608000000000004080e-05,0.000000000000000000e+00
5.000000000000000000e+01,3.600000000000004157e-05,0.000000000000000000e+00
5.100000000000000000e+01,3.592000000000004234e-05,0.000000000000000000e+00
5.200000000000000000e+01,3.584000000000004310e-05,0.000000000000000000e+00
5.300000000000000000e+01,3.576000000000004387e-05,0.000000000000000000e+00
5.400000000000000000e+01,3.568000000000004463e-05,0.000000000000000000e+00
5.500000000000000000e+01,3.560000000000004540e-05,0.000000000000000000e+00
5.600000000000000000e+01,3.552000000000004617e-05,0.000000000000000000e+00
5.700000000000000000e+01,3.544000000000004693e-05,0.000000000000000000e+00
5.800000000000000000e+01,3.536000000000004770e-05,0.000000000000000000e+00
5.900000000000000000e+01,3.528000000000004846e-05,0.000000000000000000e+00
6.000000000000000000e+01,3.520000000000004923e-05,0.000000000000000000e+00
6.100000000000000000e+01,3.512000000000005000e-05,0.000000000000000000e+00
6.200000000000000000e+01,3.504000000000005076e-05,0.000000000000000000e+00
6.300000000000000000e+01,3.496000000000005153e-05,0.000000000000000000e+00
6.400000000000000000e+01,3.488000000000005229e-05,0.000000000000000000e+00
6.500000000000000000e+01,3.480000000000005306e-05,0.000000000000000000e+00
6.600000000000000000e+01,3.472000000000005382e-05,0.000000000000000000e+00
6.700000000000000000e+01,3.464000000000005459e-05,0.000000000000000000e+00
6.800000000000000000e+01,3.456000000000005536e-05,0.000000000000000000e+00
6.900000000000000000e+01,3.448000000000005612e-05,0.000000000000000000e+00
7.000000000000000000e+01,3.440000000000005689e-05,0.000000000000000000e+00
7.100000000000000000e+01,3.432000000000005765e-05,0.000000000000000000e+00
7.200000000000000000e+01,3.424000000000005842e-05,0.000000000000000000e+00
7.300000000000000000e+01,3.416000000000005919e-05,0.000000000000000000e+00
7.400000000000000000e+01,3.408000000000005995e-05,0.000000000000000000e+00
7.500000000000000000e+01,3.400000000000006072e-05,0.000000000000000000e+00
7.600000000000000000e+01,3.392000000000006148e-05,0.000000000000000000e+00
7.700000000000000000e+01,3.384000000000006225e-05,0.000000000000000000e+00
7.800000000000000000e+01,3.376000000000006302e-05,0.000000000000000000e+00
7.900000000000000000e+01,3.368000000000006378e-05,0.000000000000000000e+00
8.000000000000000000e+01,3.360000000000006455e-05,0.000000000000000000e+00
8.100000000000000000e+01,3.352000000000006531e-05,0.000000000000000000e+00
8.200000000000000000e+01,3.344000000000006608e-05,0.000000000000000000e+00
8.300000000000000000e+01,3.336000000000006685e-05,0.000000000000000000e+00
8.400000000000000000e+01,3.328000000000006761e-05,0.000000000000000000e+00
8.500000000000000000e+01,3.320000000000006838e-05,0.000000000000000000e+00
8.600000000000000000e+01,3.312000000000006914e-05,0.000000000000000000e+00
8.700000000000000000e+01,3.304000000000006991e-05,0.000000000000000000e+00
8.800000000000000000e+01,3.296000000000007068e-05,0.000000000000000000e+00
8.900000000000000000e+01,3.288000000000007144e-05,0.000000000000000000e+00
9.000000000000000000e+01,3.280000000000007221e-05,0.000000000000000000e+00
9.100000000000000000e+01,3.272000000000007297e-05,0.000000000000000000e+00
9.200000000000000000e+01,3.264000000000007374e-05,0.000000000000000000e+00
9.300000000000000000e+01,3.256000000000007451e-05,0.000000000000000000e+00
9.400000000000000000e+01,3.248000000000007527e-05,0.000000000000000000e+00
9.500000000000000000e+01,3.240000000000007604e-05,0.000000000000000000e+00
9.600000000000000000e+01,3.232000000000007680e-05,0.000000000000000000e+00
9.700000000000000000e+01,3.224000000000007757e-05,0.000000000000000000e+00
9.800000000000000000e+01,3.216000000000007834e-05,0.000000000000000000e+00
9.900000000000000000e+01,3.208000000000007910e-05,0.000000000000000000e+00
1.000000000000000000e+02,3.200000000000007987e-05,0.000000000000000000e+00
1.010000000000000000e+02,3.192000000000008063e-05,0.000000000000000000e+00
1.020000000000000000e+02,3.184000000000008140e-05,0.000000000000000000e+00
1.030000000000000000e+02,3.176000000000008216e-05,0.000000000000000000e+00
1.040000000000000000e+02,3.168000000000008293e-05,0.000000000000000000e+00
1.050000000000000000e+02,3.160000000000008370e-05,0.000000000000000000e+00
1.060000000000000000e+02,3.152000000000008446e-05,0.000000000000000000e+00
1.070000000000000000e+02,3.144000000000008523e-05,0.000000000000000000e+00
1.080000000000000000e+02,3.136000000000008599e-05,0.000000000000000000e+00
1.090000000000000000e+02,3.128000000000008676e-05,0.000000000000000000e+00
1.100000000000000000e+02,3.120000000000008753e-05,0.000000000000000000e+00
1.110000000000000000e+02,3.112000000000008829e-05,0.000000000000000000e+00
1.120000000000000000e+02,3.104000000000008906e-05,0.000000000000000000e+00
1.130000000000000000e+02,3.096000000000008982e-05,0.000000000000000000e+00
1.140000000000000000e+02,3.088000000000009059e-05,0.000000000000000000e+00
1.150000000000000000e+02,3.080000000000009136e-05,0.000000000000000000e+00
1.160000000000000000e+02,3.072000000000009212e-05,0.000000000000000000e+00
1.170000000000000000e+02,3.064000000000009289e-05,0.000000000000000000e+00
1.180000000000000000e+02,3.056000000000009365e-05,0.000000000000000000e+00
1.190000000000000000e+02,3.048000000000009442e-05,0.000000000000000000e+00
1.200000000000000000e+02,3.040000000000009519e-05,0.000000000000000000e+00
1.210000000000000000e+02,3.032000000000009595e-05,0.000000000000000000e+00
1.220000000000000000e+02,3.024000000000009672e-05,0.000000000000000000e+00
1.230000000000000000e+02,3.016000000000009748e-05,0.000000000000000000e+00
1.240000000000000000e+02,3.008000000000009825e-05,0.000000000000000000e+00
1.250000000000000000e+02,3.000000000000009902e-05,0.000000000000000000e+00
1.260000000000000000e+02,2.992000000000009978e-05,0.000000000000000000e+00
1.270000000000000000e+02,2.984000000000010055e-05,0.000000000000000000e+00
1.280000000000000000e+02,2.976000000000010131e-05,0.000000000000000000e+00
1.290000000000000000e+02,2.968000000000010208e-05,0.000000000000000000e+00
1.300000000000000000e+02,2.960000000000010285e-05,0.000000000000000000e+00
1.310000000000000000e+02,2.952000000000010361e-05,0.000000000000000000e+00
1.320000000000000000e+02,2.944000000000010438e-05,0.000000000000000000e+00
1.330000000000000000e+02,2.936000000000010514e-05,0.000000000000000000e+00
1.340000000000000000e+02,2.928000000000010591e-05,0.000000000000000000e+00
1.350000000000000000e+02,2.920000000000010668e-05,0.000000000000000000e+00
1.360000000000000000e+02,2.912000000000010744e-05,0.000000000000000000e+00
1.370000000000000000e+02,2.904000000000010821e-05,0.000000000000000000e+00
1.380000000000000000e+02,2.896000000000010897e-05,0.000000000000000000e+00
1.390000000000000000e+02,2.888000000000010974e-05,0.000000000000000000e+00
1.400000000000000000e+02,2.880000000000011051e-05,0.000000000000000000e+00
1.410000000000000000e+02,2.872000000000011127e-05,0.000000000000000000e+00
1.420000000000000000e+02,2.864000000000011204e-05,0.000000000000000000e+00
1.430000000000000000e+02,2.856000000000011280e-05,0.000000000000000000e+00
1.440000000000000000e+02,2.848000000000011357e-05,0.000000000000000000e+00
1.450000000000000000e+02,2.840000000000011433e-05,0.000000000000000000e+00
1.460000000000000000e+02,2.832000000000011510e-05,0.000000000000000000e+00
1.470000000000000000e+02,2.824000000000011587e-05,0.000000000000000000e+00
1.480000000000000000e+02,2.816000000000011663e-05,0.000000000000000000e+00
1.490000000000000000e+02,2.808000000000011740e-05,0.000000000000000000e+00
1.500000000000000000e+02,2.800000000000011816e-05,0.000000000000000000e+00
1.510000000000000000e+02,2.792000000000011893e-05,0.000000000000000000e+00
1.520000000000000000e+02,2.784000000000011970e-05,0.000000000000000000e+00
1.530000000000000000e+02,2.776000000000012046e-05,0.000000000000000000e+00
1.540000000000000000e+02,2.768000000000012123e-05,0.000000000000000000e+00
1.550000000000000000e+02,2.760000000000012199e-05,0.000000000000000000e+00
1.560000000000000000e+02,2.752000000000012276e-05,0.000000000000000000e+00
1.570000000000000000e+02,2.744000000000012353e-05,0.000000000000000000e+00
1.580000000000000000e+02,2.736000000000012429e-05,0.000000000000000000e+00
1.590000000000000000e+02,2.728000000000012506e-05,0.000000000000000000e+00
1.600000000000000000e+02,2.720000000000012582e-05,0.000000000000000000e+00
1.610000000000000000e+02,2.712000000000012659e-05,0.000000000000000000e+00
1.620000000000000000e+02,2.704000000000012736e-05,0.000000000000000000e+00
1.630000000000000000e+02,2.696000000000012812e-05,0.000000000000000000e+00
1.640000000000000000e+02,2.688000000000012889e-05,0.000000000000000000e+00
1.650000000000000000e+02,2.680000000000012965e-05,0.000000000000000000e+00
1.660000000000000000e+02,2.672000000000013042e-05,0.000000000000000000e+00
1.670000000000000000e+02,2.664000000000013119e-05,0.000000000000000000e+00
1.680000000000000000e+02,2.656000000000013195e-05,0.000000000000000000e+00
1.690000000000000000e+02,2.648000000000013272e-05,0.000000000000000000e+00
1.700000000000000000e+02,2.640000000000013348e-05,0.000000000000000000e+00
1.710000000000000000e+02,2.632000000000013425e-05,0.000000000000000000e+00
1.720000000000000000e+02,2.624000000000013502e-05,0.000000000000000000e+00
1.730000000000000000e+02,2.616000000000013578e-05,0.000000000000000000e+00
1.740000000000000000e+02,2.608000000000013655e-05,0.000000000000000000e+00
1.750000000000000000e+02,2.600000000000013731e-05,0.000000000000000000e+00
1.760000000000000000e+02,2.592000000000013808e-05,0.000000000000000000e+00
1.770000000000000000e+02,2.584000000000013885e-05,0.000000000000000000e+00
1.780000000000000000e+02,2.576000000000013961e-05,0.000000000000000000e+00
1.790000000000000000e+02,2.568000000000014038e-05,0.000000000000000000e+00
1.800000000000000000e+02,2.560000000000014114e-05,0.000000000000000000e+00
1.810000000000000000e+02,2.552000000000014191e-05,0.000000000000000000e+00
1.820000000000000000e+02,2.544000000000014267e-05,0.000000000000000000e+00
1.830000000000000000e+02,2.536000000000014344e-05,0.000000000000000000e+00
1.840000000000000000e+02,2.528000000000014421e-05,0.000000000000000000e+00
1.850000000000000000e+02,2.520000000000014497e-05,0.000000000000000000e+00
1.860000000000000000e+02,2.512000000000014574e-05,0.000000000000000000e+00
1.870000000000000000e+02,2.504000000000014650e-05,0.000000000000000000e+00
1.880000000000000000e+02,2.496000000000014727e-05,0.000000000000000000e+00
1.890000000000000000e+02,2.488000000000014804e-05,0.000000000000000000e+00
1.900000000000000000e+02,2.480000000000014880e-05,0.000000000000000000e+00
1.910000000000000000e+02,2.472000000000014957e-05,0.000000000000000000e+00
1.920000000000000000e+02,2.464000000000015033e-05,0.000000000000000000e+00
1.930000000000000000e+02,2.456000000000015110e-05,0.000000000000000000e+00
1.940000000000000000e+02,2.448000000000015187e-05,0.000000000000000000e+00
1.950000000000000000e+02,2.440000000000015263e-05,0.000000000000000000e+00
1.960000000000000000e+02,2.432000000000015340e-05,0.000000000000000000e+00
1.970000000000000000e+02,2.424000000000015416e-05,0.000000000000000000e+00
1.980000000000000000e+02,2.416000000000015493e-05,0.000000000000000000e+00
1.990000000000000000e+02,2.408000000000015570e-05,0.000000000000000000e+00
2.000000000000000000e+02,2.400000000000015646e-05,0.000000000000000000e+00
2.010000000000000000e+02,2.392000000000015723e-05,0.000000000000000000e+00
2.020000000000000000e+02,2.384000000000015799e-05,0.000000000000000000e+00
2.030000000000000000e+02,2.376000000000015876e-05,0.000000000000000000e+00
2.040000000000000000e+02,2.368000000000015953e-05,0.000000000000000000e+00
2.050000000000000000e+02,2.360000000000016029e-05,0.000000000000000000e+00
2.060000000000000000e+02,2.352000000000016106e-05,0.000000000000000000e+00
2.070000000000000000e+02,2.344000000000016182e-05,0.000000000000000000e+00
2.080000000000000000e+02,2.336000000000016259e-05,0.000000000000000000e+00
2.090000000000000000e+02,2.328000000000016336e-05,0.000000000000000000e+00
2.100000000000000000e+02,2.320000000000016412e-05,0.000000000000000000e+00
2.110000000000000000e+02,2.312000000000016489e-05,0.000000000000000000e+00
2.120000000000000000e+02,2.304000000000016565e-05,0.000000000000000000e+00
2.130000000000000000e+02,2.296000000000016642e-05,0.000000000000000000e+00
2.140000000000000000e+02,2.288000000000016719e-05,0.000000000000000000e+00
2.150000000000000000e+02,2.280000000000016795e-05,0.000000000000000000e+00
2.160000000000000000e+02,2.272000000000016872e-05,0.000000000000000000e+00
2.170000000000000000e+02,2.264000000000016948e-05,0.000000000000000000e+00
2.180000000000000000e+02,2.256000000000017025e-05,0.000000000000000000e+00
2.190000000000000000e+02,2.248000000000017102e-05,0.000000000000000000e+00
2.200000000000000000e+02,2.240000000000017178e-05,0.000000000000000000e+00
2.210000000000000000e+02,2.232000000000017255e-05,0.000000000000000000e+00
2.220000000000000000e+02,2.224000000000017331e-05,0.000000000000000000e+00
2.230000000000000000e+02,2.216000000000017408e-05,0.000000000000000000e+00
2.240000000000000000e+02,2.208000000000017484e-05,0.000000000000000000e+00
2.250000000000000000e+02,2.200000000000017561e-05,0.000000000000000000e+00
2.260000000000000000e+02,2.192000000000017638e-05,0.000000000000000000e+00
2.270000000000000000e+02,2.184000000000017714e-05,0.000000000000000000e+00
2.280000000000000000e+02,2.176000000000017791e-05,0.000000000000000000e+00
2.290000000000000000e+02,2.168000000000017867e-05,0.000000000000000000e+00
2.300000000000000000e+02,2.160000000000017944e-05,0.000000000000000000e+00
2.310000000000000000e+02,2.152000000000018021e-05,0.000000000000000000e+00
2.320000000000000000e+02,2.144000000000018097e-05,0.000000000000000000e+00
2.330000000000000000e+02,2.136000000000018174e-05,0.000000000000000000e+00
2.340000000000000000e+02,2.128000000000018250e-05,0.000000000000000000e+00
2.350000000000000000e+02,2.120000000000018327e-05,0.000000000000000000e+00
2.360000000000000000e+02,2.112000000000018404e-05,0.000000000000000000e+00
2.370000000000000000e+02,2.104000000000018480e-05,0.000000000000000000e+00
2.380000000000000000e+02,2.096000000000018557e-05,0.000000000000000000e+00
2.390000000000000000e+02,2.088000000000018633e-05,0.000000000000000000e+00
2.400000000000000000e+02,2.080000000000018710e-05,0.000000000000000000e+00
2.410000000000000000e+02,2.072000000000018787e-05,0.000000000000000000e+00
2.420000000000000000e+02,2.064000000000018863e-05,0.000000000000000000e+00
2.430000000000000000e+02,2.056000000000018940e-05,0.000000000000000000e+00
2.440000000000000000e+02,2.048000000000019016e-05,0.000000000000000000e+00
2.450000000000000000e+02,2.040000000000019093e-05,0.000000000000000000e+00
2.460000000000000000e+02,2.032000000000019170e-05,0.000000000000000000e+00
2.470000000000000000e+02,2.024000000000019246e-05,0.000000000000000000e+00
2.480000000000000000e+02,2.016000000000019323e-05,0.000000000000000000e+00
2.490000000000000000e+02,2.008000000000019399e-05,0.000000000000000000e+00
2.500000000000000000e+02,2.000000000000019476e-05,0.000000000000000000e+00
2.510000000000000000e+02,1.992000000000019553e-05,0.000000000000000000e+00
2.520000000000000000e+02,1.984000000000019629e-05,0.000000000000000000e+00
2.530000000000000000e+02,1.976000000000019706e-05,0.000000000000000000e+00
2.540000000000000000e+02,1.968000000000019782e-05,0.000000000000000000e+00
2.550000000000000000e+02,1.960000000000019859e-05,0.000000000000000000e+00
2.560000000000000000e+02,1.952000000000019936e-05,0.000000000000000000e+00
2.570000000000000000e+02,1.944000000000020012e-05,0.000000000000000000e+00
2.580000000000000000e+02,1.936000000000020089e-05,0.000000000000000000e+00
2.590000000000000000e+02,1.928000000000020165e-05,0.000000000000000000e+00
2.600000000000000000e+02,1.920000000000020242e-05,0.000000000000000000e+00
2.610000000000000000e+02,1.912000000000020319e-05,0.000000000000000000e+00
2.620000000000000000e+02,1.904000000000020395e-05,0.000000000000000000e+00
2.630000000000000000e+02,1.896000000000020472e-05,0.000000000000000000e+00
2.640000000000000000e+02,1.888000000000020548e-05,0.000000000000000000e+00
2.650000000000000000e+02,1.880000000000020625e-05,0.000000000000000000e+00
2.660000000000000000e+02,1.872000000000020701e-05,0.000000000000000000e+00
2.670000000000000000e+02,1.864000000000020778e-05,0.000000000000000000e+00
2.680000000000000000e+02,1.856000000000020855e-05,0.000000000000000000e+00
2.690000000000000000e+02,1.848000000000020931e-05,0.000000000000000000e+00
2.700000000000000000e+02,1.840000000000021008e-05,0.000000000000000000e+00
2.710000000000000000e+02,1.832000000000021084e-05,0.000000000000000000e+00
2.720000000000000000e+02,1.824000000000021161e-05,0.000000000000000000e+00
2.730000000000000000e+02,1.816000000000021238e-05,0.000000000000000000e+00
2.740000000000000000e+02,1.808000000000021314e-05,0.000000000000000000e+00
2.750000000000000000e+02,1.800000000000021391e-05,0.000000000000000000e+00
2.760000000000000000e+02,1.792000000000021467e-05,0.000000000000000000e+00
2.770000000000000000e+02,1.784000000000021544e-05,0.000000000000000000e+00
2.780000000000000000e+02,1.776000000000021621e-05,0.000000000000000000e+00
2.790000000000000000e+02,1.768000000000021697e-05,0.000000000000000000e+00
2.800000000000000000e+02,1.760000000000021774e-05,0.000000000000000000e+00
2.810000000000000000e+02,1.752000000000021850e-05,0.000000000000000000e+00
2.820000000000000000e+02,1.744000000000021927e-05,0.000000000000000000e+00
2.830000000000000000e+02,1.736000000000022004e-05,0.000000000000000000e+00
2.840000000000000000e+02,1.728000000000022080e-05,0.000000000000000000e+00
2.850000000000000000e+02,1.720000000000022157e-05,0.000000000000000000e+00
2.860000000000000000e+02,1.712000000000022233e-05,0.000000000000000000e+00
2.870000000000000000e+02,1.704000000000022310e-05,0.000000000000000000e+00
2.880000000000000000e+02,1.696000000000022387e-05,0.000000000000000000e+00
2.890000000000000000e+02,1.688000000000022463e-05,0.000000000000000000e+00
2.900000000000000000e+02,1.680000000000022540e-05,0.000000000000000000e+00
2.910000000000000000e+02,1.672000000000022616e-05,0.000000000000000000e+00
2.920000000000000000e+02,1.664000000000022693e-05,0.000000000000000000e+00
2.930000000000000000e+02,1.656000000000022770e-05,0.000000000000000000e+00
2.940000000000000000e+02,1.648000000000022846e-05,0.000000000000000000e+00
2.950000000000000000e+02,1.640000000000022923e-05,0.000000000000000000e+00
2.960000000000000000e+02,1.632000000000022999e-05,0.000000000000000000e+00
2.970000000000000000e+02,1.624000000000023076e-05,0.000000000000000000e+00
2.980000000000000000e+02,1.616000000000023153e-05,0.000000000000000000e+00
2.990000000000000000e+02,1.608000000000023229e-05,0.000000000000000000e+00
3.000000000000000000e+02,1.600000000000023306e-05,0.000000000000000000e+00
3.010000000000000000e+02,1.592000000000023382e-05,0.000000000000000000e+00
3.020000000000000000e+02,1.584000000000023459e-05,0.000000000000000000e+00
3.030000000000000000e+02,1.576000000000023535e-05,0.000000000000000000e+00
3.040000000000000000e+02,1.568000000000023612e-05,0.000000000000000000e+00
3.050000000000000000e+02,1.560000000000023689e-05,0.000000000000000000e+00
3.060000000000000000e+02,1.552000000000023765e-05,0.000000000000000000e+00
3.070000000000000000e+02,1.544000000000023842e-05,0.000000000000000000e+00
3.080000000000000000e+02,1.536000000000023918e-05,0.000000000000000000e+00
3.090000000000000000e+02,1.528000000000023995e-05,0.000000000000000000e+00
3.100000000000000000e+02,1.520000000000024072e-05,0.000000000000000000e+00
3.110000000000000000e+02,1.512000000000024148e-05,0.000000000000000000e+00
3.120000000000000000e+02,1.504000000000024225e-05,0.000000000000000000e+00
3.130000000000000000e+02,1.496000000000024301e-05,0.000000000000000000e+00
3.140000000000000000e+02,1.488000000000024378e-05,0.000000000000000000e+00
3.150000000000000000e+02,1.480000000000024455e-05,0.000000000000000000e+00
3.160000000000000000e+02,1.472000000000024531e-05,0.000000000000000000e+00
3.170000000000000000e+02,1.464000000000024608e-05,0.000000000000000000e+00
3.180000000000000000e+02,1.456000000000024684e-05,0.000000000000000000e+00
3.190000000000000000e+02,1.448000000000024761e-05,0.000000000000000000e+00
3.200000000000000000e+02,1.440000000000024838e-05,0.000000000000000000e+00
3.210000000000000000e+02,1.432000000000024914e-05,0.000000000000000000e+00
3.220000000000000000e+02,1.424000000000024991e-05,0.000000000000000000e+00
3.230000000000000000e+02,1.416000000000025067e-05,0.000000000000000000e+00
3.240000000000000000e+02,1.408000000000025144e-05,0.000000000000000000e+00
3.250000000000000000e+02,1.400000000000025221e-05,0.000000000000000000e+00
3.260000000000000000e+02,1.392000000000025297e-05,0.000000000000000000e+00
3.270000000000000000e+02,1.384000000000025374e-05,0.000000000000000000e+00
3.280000000000000000e+02,1.376000000000025450e-05,0.000000000000000000e+00
3.290000000000000000e+02,1.368000000000025527e-05,0.000000000000000000e+00
3.300000000000000000e+02,1.360000000000025604e-05,0.000000000000000000e+00
3.310000000000000000e+02,1.352000000000025680e-05,0.000000000000000000e+00
3.320000000000000000e+02,1.344000000000025757e-05,0.000000000000000000e+00
3.330000000000000000e+02,1.336000000000025833e-05,0.000000000000000000e+00
3.340000000000000000e+02,1.328000000000025910e-05,0.000000000000000000e+00
3.350000000000000000e+02,1.320000000000025987e-05,0.000000000000000000e+00
3.360000000000000000e+02,1.312000000000026063e-05,0.000000000000000000e+00
3.370000000000000000e+02,1.304000000000026140e-05,0.000000000000000000e+00
3.380000000000000000e+02,1.296000000000026216e-05,0.000000000000000000e+00
3.390000000000000000e+02,1.288000000000026293e-05,0.000000000000000000e+00
3.400000000000000000e+02,1.280000000000026370e-05,0.000000000000000000e+00
3.410000000000000000e+02,1.272000000000026446e-05,0.000000000000000000e+00
3.420000000000000000e+02,1.264000000000026523e-05,0.000000000000000000e+00
3.430000000000000000e+02,1.256000000000026599e-05,0.000000000000000000e+00
3.440000000000000000e+02,1.248000000000026676e-05,0.000000000000000000e+00
3.450000000000000000e+02,1.240000000000026752e-05,0.000000000000000000e+00
3.460000000000000000e+02,1.232000000000026829e-05,0.000000000000000000e+00
3.470000000000000000e+02,1.224000000000026906e-05,0.000000000000000000e+00
3.480000000000000000e+02,1.216000000000026982e-05,0.000000000000000000e+00
3.490000000000000000e+02,1.208000000000027059e-05,0.000000000000000000e+00
3.500000000000000000e+02,1.200000000000027135e-05,0.000000000000000000e+00
3.510000000000000000e+02,1.192000000000027212e-05,0.000000000000000000e+00
3.520000000000000000e+02,1.184000000000027289e-05,0.000000000000000000e+00
3.530000000000000000e+02,1.176000000000027365e-05,0.000000000000000000e+00
3.540000000000000000e+02,1.168000000000027442e-05,0.000000000000000000e+00
3.550000000000000000e+02,1.160000000000027518e-05,0.000000000000000000e+00
3.560000000000000000e+02,1.152000000000027595e-05,0.000000000000000000e+00
3.570000000000000000e+02,1.144000000000027672e-05,0.000000000000000000e+00
3.580000000000000000e+02,1.136000000000027748e-05,0.000000000000000000e+00
3.590000000000000000e+02,1.128000000000027825e-05,0.000000000000000000e+00
3.600000000000000000e+02,1.120000000000027901e-05,0.000000000000000000e+00
3.610000000000000000e+02,1.112000000000027978e-05,0.000000000000000000e+00
3.620000000000000000e+02,1.104000000000028055e-05,0.000000000000000000e+00
3.630000000000000000e+02,1.096000000000028131e-05,0.000000000000000000e+00
3.640000000000000000e+02,1.088000000000028208e-05,0.000000000000000000e+00
3.650000000000000000e+02,1.080000000000028284e-05,0.000000000000000000e+00
3.660000000000000000e+02,1.072000000000028361e-05,0.000000000000000000e+00
3.670000000000000000e+02,1.064000000000028438e-05,0.000000000000000000e+00
3.680000000000000000e+02,1.056000000000028514e-05,0.000000000000000000e+00
3.690000000000000000e+02,1.048000000000028591e-05,0.000000000000000000e+00
3.700000000000000000e+02,1.040000000000028667e-05,0.000000000000000000e+00
3.710000000000000000e+02,1.032000000000028744e-05,0.000000000000000000e+00
3.720000000000000000e+02,1.024000000000028821e-05,0.000000000000000000e+00
3.730000000000000000e+02,1.016000000000028897e-05,0.000000000000000000e+00
3.740000000000000000e+02,1.008000000000028974e-05,0.000000000000000000e+00
3.750000000000000000e+02,1.000000000000029050e-05,0.000000000000000000e+00
3.760000000000000000e+02,9.920000000000291269e-06,0.000000000000000000e+00
3.770000000000000000e+02,9.840000000000292035e-06,0.000000000000000000e+00
3.780000000000000000e+02,9.760000000000292801e-06,0.000000000000000000e+00
3.790000000000000000e+02,9.680000000000293567e-06,0.000000000000000000e+00
3.800000000000000000e+02,9.600000000000294333e-06,0.000000000000000000e+00
3.810000000000000000e+02,9.520000000000295099e-06,0.000000000000000000e+00
3.820000000000000000e+02,9.440000000000295865e-06,0.000000000000000000e+00
3.830000000000000000e+02,9.360000000000296631e-06,0.000000000000000000e+00
3.840000000000000000e+02,9.280000000000297397e-06,0.000000000000000000e+00
3.850000000000000000e+02,9.200000000000298163e-06,0.000000000000000000e+00
3.860000000000000000e+02,9.120000000000298929e-06,0.000000000000000000e+00
3.870000000000000000e+02,9.040000000000299695e-06,0.000000000000000000e+00
3.880000000000000000e+02,8.960000000000300461e-06,0.000000000000000000e+00
3.890000000000000000e+02,8.880000000000301227e-06,0.000000000000000000e+00
3.900000000000000000e+02,8.800000000000301993e-06,0.000000000000000000e+00
3.910000000000000000e+02,8.720000000000302758e-06,0.000000000000000000e+00
3.920000000000000000e+02,8.640000000000303524e-06,0.000000000000000000e+00
3.930000000000000000e+02,8.560000000000304290e-06,0.000000000000000000e+00
3.940000000000000000e+02,8.480000000000305056e-06,0.000000000000000000e+00
3.950000000000000000e+02,8.400000000000305822e-06,0.000000000000000000e+00
3.960000000000000000e+02,8.320000000000306588e-06,0.000000000000000000e+00
3.970000000000000000e+02,8.240000000000307354e-06,0.000000000000000000e+00
3.980000000000000000e+02,8.160000000000308120e-06,0.000000000000000000e+00
3.990000000000000000e+02,8.080000000000308886e-06,0.000000000000000000e+00
4.000000000000000000e+02,8.000000000000309652e-06,0.000000000000000000e+00
4.010000000000000000e+02,7.920000000000310418e-06,0.000000000000000000e+00
4.020000000000000000e+02,7.840000000000311184e-06,0.000000000000000000e+00
4.030000000000000000e+02,7.760000000000311950e-06,5.487804878048780921e-01
4.040000000000000000e+02,7.680000000000312716e-06,5.487804878048780921e-01
4.050000000000000000e+02,7.600000000000312635e-06,5.487804878048780921e-01
4.060000000000000000e+02,7.520000000000312554e-06,5.548780487804878536e-01
4.070000000000000000e+02,7.440000000000312473e-06,5.670731707317072656e-01
4.080000000000000000e+02,7.360000000000312392e-06,5.853658536585365502e-01
4.090000000000000000e+02,7.280000000000312310e-06,6.036585365853658347e-01
4.100000000000000000e+02,7.200000000000312229e-06,6.097560975609755962e-01
4.110000000000000000e+02,7.120000000000312148e-06,6.097560975609755962e-01
4.120000000000000000e+02,7.040000000000312067e-06,6.097560975609755962e-01
4.130000000000000000e+02,6.960000000000311986e-06,6.463414634146341653e-01
4.140000000000000000e+02,6.880000000000311905e-06,6.524390243902439268e-01
4.150000000000000000e+02,6.800000000000311824e-06,6.524390243902439268e-01
4.160000000000000000e+02,6.720000000000311743e-06,6.585365853658536883e-01
4.170000000000000000e+02,6.640000000000311662e-06,6.585365853658536883e-01
4.180000000000000000e+02,6.560000000000311581e-06,6.585365853658536883e-01
4.190000000000000000e+02,6.480000000000311500e-06,6.646341463414634498e-01
4.200000000000000000e+02,6.400000000000311419e-06,6.707317073170732113e-01
4.210000000000000000e+02,6.320000000000311337e-06,6.707317073170732113e-01
4.220000000000000000e+02,6.240000000000311256e-06,6.829268292682927344e-01
4.230000000000000000e+02,6.160000000000311175e-06,6.829268292682927344e-01
4.240000000000000000e+02,6.080000000000311094e-06,6.890243902439023849e-01
4.250000000000000000e+02,6.000000000000311013e-06,6.951219512195121464e-01
4.260000000000000000e+02,5.920000000000310932e-06,6.951219512195121464e-01
4.270000000000000000e+02,5.840000000000310851e-06,7.134146341463414309e-01
4.280000000000000000e+02,5.760000000000310770e-06,7.134146341463414309e-01
4.290000000000000000e+02,5.680000000000310689e-06,7.134146341463414309e-01
4.300000000000000000e+02,5.600000000000310608e-06,7.134146341463414309e-01
4.310000000000000000e+02,5.520000000000310527e-06,7.195121951219511924e-01
4.320000000000000000e+02,5.440000000000310446e-06,7.195121951219511924e-01
4.330000000000000000e+02,5.360000000000310364e-06,7.317073170731707155e-01
4.340000000000000000e+02,5.280000000000310283e-06,7.317073170731707155e-01
4.350000000000000000e+02,5.200000000000310202e-06,7.317073170731707155e-01
4.360000000000000000e+02,5.120000000000310121e-06,7.317073170731707155e-01
4.370000000000000000e+02,5.040000000000310040e-06,7.378048780487804770e-01
4.380000000000000000e+02,4.960000000000309959e-06,7.378048780487804770e-01
4.390000000000000000e+02,4.880000000000309878e-06,7.439024390243902385e-01
4.400000000000000000e+02,4.800000000000309797e-06,7.439024390243902385e-01
4.410000000000000000e+02,4.720000000000309716e-06,7.439024390243902385e-01
4.420000000000000000e+02,4.640000000000309635e-06,7.439024390243902385e-01
4.430000000000000000e+02,4.560000000000309554e-06,7.439024390243902385e-01
4.440000000000000000e+02,4.480000000000309473e-06,7.500000000000000000e-01
4.450000000000000000e+02,4.400000000000309391e-06,7.560975609756097615e-01
4.460000000000000000e+02,4.320000000000309310e-06,7.560975609756097615e-01
4.470000000000000000e+02,4.240000000000309229e-06,7.621951219512195230e-01
4.480000000000000000e+02,4.160000000000309148e-06,7.621951219512195230e-01
4.490000000000000000e+02,4.080000000000309067e-06,7.621951219512195230e-01
4.500000000000000000e+02,4.000000000000308986e-06,7.621951219512195230e-01
4.510000000000000000e+02,3.920000000000308905e-06,7.621951219512195230e-01
4.520000000000000000e+02,3.840000000000308824e-06,7.743902439024390461e-01
4.530000000000000000e+02,3.760000000000308743e-06,7.743902439024390461e-01
4.540000000000000000e+02,3.680000000000308662e-06,7.743902439024390461e-01
4.550000000000000000e+02,3.600000000000308581e-06,7.743902439024390461e-01
4.560000000000000000e+02,3.520000000000308500e-06,7.743902439024390461e-01
4.570000000000000000e+02,3.440000000000308418e-06,7.865853658536585691e-01
4.580000000000000000e+02,3.360000000000308337e-06,7.865853658536585691e-01
4.590000000000000000e+02,3.280000000000308256e-06,7.926829268292683306e-01
4.600000000000000000e+02,3.200000000000308175e-06,7.987804878048780921e-01
4.610000000000000000e+02,3.120000000000308094e-06,8.048780487804878536e-01
4.620000000000000000e+02,1.087000000000030758e-05,0.000000000000000000e+00
4.630000000000000000e+02,1.079000000000030835e-05,0.000000000000000000e+00
4.640000000000000000e+02,1.071000000000030912e-05,0.000000000000000000e+00
4.650000000000000000e+02,1.063000000000030988e-05,0.000000000000000000e+00
4.660000000000000000e+02,1.055000000000031065e-05,0.000000000000000000e+00
4.670000000000000000e+02,1.047000000000031141e-05,0.000000000000000000e+00
4.680000000000000000e+02,1.039000000000031218e-05,0.000000000000000000e+00
4.690000000000000000e+02,1.031000000000031295e-05,0.000000000000000000e+00
4.700000000000000000e+02,1.023000000000031371e-05,0.000000000000000000e+00
4.710000000000000000e+02,1.015000000000031448e-05,0.000000000000000000e+00
4.720000000000000000e+02,1.007000000000031524e-05,0.000000000000000000e+00
4.730000000000000000e+02,9.990000000000316010e-06,0.000000000000000000e+00
4.740000000000000000e+02,9.910000000000316776e-06,0.000000000000000000e+00
4.750000000000000000e+02,9.830000000000317542e-06,0.000000000000000000e+00
4.760000000000000000e+02,9.750000000000318308e-06,0.000000000000000000e+00
4.770000000000000000e+02,9.670000000000319074e-06,0.000000000000000000e+00
4.780000000000000000e+02,9.590000000000319840e-06,0.000000000000000000e+00
4.790000000000000000e+02,9.510000000000320606e-06,0.000000000000000000e+00
4.800000000000000000e+02,9.430000000000321372e-06,0.000000000000000000e+00
4.810000000000000000e+02,9.350000000000322138e-06,0.000000000000000000e+00
4.820000000000000000e+02,9.270000000000322904e-06,0.000000000000000000e+00
4.830000000000000000e+02,9.190000000000323670e-06,0.000000000000000000e+00
4.840000000000000000e+02,9.110000000000324435e-06,0.000000000000000000e+00
4.850000000000000000e+02,9.030000000000325201e-06,0.000000000000000000e+00
4.860000000000000000e+02,8.950000000000325967e-06,0.000000000000000000e+00
4.870000000000000000e+02,8.870000000000326733e-06,0.000000000000000000e+00
4.880000000000000000e+02,8.790000000000327499e-06,0.000000000000000000e+00
4.890000000000000000e+02,8.710000000000328265e-06,0.000000000000000000e+00
4.900000000000000000e+02,8.630000000000329031e-06,0.000000000000000000e+00
4.910000000000000000e+02,8.550000000000329797e-06,0.000000000000000000e+00
4.920000000000000000e+02,8.470000000000330563e-06,0.000000000000000000e+00
4.930000000000000000e+02,8.390000000000331329e-06,0.000000000000000000e+00
4.940000000000000000e+02,8.310000000000332095e-06,0.000000000000000000e+00
4.950000000000000000e+02,8.230000000000332861e-06,0.000000000000000000e+00
4.960000000000000000e+02,8.150000000000333627e-06,0.000000000000000000e+00
4.970000000000000000e+02,8.070000000000334393e-06,0.000000000000000000e+00
4.980000000000000000e+02,7.990000000000335159e-06,0.000000000000000000e+00
4.990000000000000000e+02,7.910000000000335925e-06,0.000000000000000000e+00
5.000000000000000000e+02,7.830000000000336691e-06,0.000000000000000000e+00
5.010000000000000000e+02,7.750000000000337457e-06,0.000000000000000000e+00
5.020000000000000000e+02,7.670000000000338223e-06,0.000000000000000000e+00
5.030000000000000000e+02,7.590000000000338141e-06,0.000000000000000000e+00
5.040000000000000000e+02,7.510000000000338060e-06,0.000000000000000000e+00
5.050000000000000000e+02,7.430000000000337979e-06,0.000000000000000000e+00
5.060000000000000000e+02,7.350000000000337898e-06,0.000000000000000000e+00
5.070000000000000000e+02,7.270000000000337817e-06,0.000000000000000000e+00
5.080000000000000000e+02,7.190000000000337736e-06,0.000000000000000000e+00
5.090000000000000000e+02,7.110000000000337655e-06,0.000000000000000000e+00
5.100000000000000000e+02,7.030000000000337574e-06,0.000000000000000000e+00
5.110000000000000000e+02,6.950000000000337493e-06,0.000000000000000000e+00
5.120000000000000000e+02,6.870000000000337412e-06,0.000000000000000000e+00
5.130000000000000000e+02,6.790000000000337331e-06,0.000000000000000000e+00
5.140000000000000000e+02,6.710000000000337250e-06,0.000000000000000000e+00
5.150000000000000000e+02,6.630000000000337168e-06,0.000000000000000000e+00
5.160000000000000000e+02,6.550000000000337087e-06,0.000000000000000000e+00
5.170000000000000000e+02,6.470000000000337006e-06,0.000000000000000000e+00
5.180000000000000000e+02,6.390000000000336925e-06,0.000000000000000000e+00
5.190000000000000000e+02,6.310000000000336844e-06,0.000000000000000000e+00
5.200000000000000000e+02,6.230000000000336763e-06,0.000000000000000000e+00
5.210000000000000000e+02,6.150000000000336682e-06,0.000000000000000000e+00
5.220000000000000000e+02,6.070000000000336601e-06,0.000000000000000000e+00
5.230000000000000000e+02,5.990000000000336520e-06,0.000000000000000000e+00
5.240000000000000000e+02,5.910000000000336439e-06,0.000000000000000000e+00
5.250000000000000000e+02,5.830000000000336358e-06,0.000000000000000000e+00
5.260000000000000000e+02,5.750000000000336277e-06,0.000000000000000000e+00
5.270000000000000000e+02,5.670000000000336195e-06,0.000000000000000000e+00
5.280000000000000000e+02,5.590000000000336114e-06,0.000000000000000000e+00
5.290000000000000000e+02,5.510000000000336033e-06,0.000000000000000000e+00
5.300000000000000000e+02,5.430000000000335952e-06,0.000000000000000000e+00
5.310000000000000000e+02,5.350000000000335871e-06,0.000000000000000000e+00
5.320000000000000000e+02,5.270000000000335790e-06,0.000000000000000000e+00
5.330000000000000000e+02,5.190000000000335709e-06,0.000000000000000000e+00
5.340000000000000000e+02,5.110000000000335628e-06,0.000000000000000000e+00
5.350000000000000000e+02,5.030000000000335547e-06,0.000000000000000000e+00
5.360000000000000000e+02,4.950000000000335466e-06,0.000000000000000000e+00
5.370000000000000000e+02,4.870000000000335385e-06,0.000000000000000000e+00
5.380000000000000000e+02,4.790000000000335304e-06,0.000000000000000000e+00
5.390000000000000000e+02,4.710000000000335222e-06,0.000000000000000000e+00
5.400000000000000000e+02,4.630000000000335141e-06,0.000000000000000000e+00
5.410000000000000000e+02,4.550000000000335060e-06,0.000000000000000000e+00
5.420000000000000000e+02,4.470000000000334979e-06,0.000000000000000000e+00
5.430000000000000000e+02,4.390000000000334898e-06,0.000000000000000000e+00
5.440000000000000000e+02,4.310000000000334817e-06,0.000000000000000000e+00
5.450000000000000000e+02,4.230000000000334736e-06,0.000000000000000000e+00
5.460000000000000000e+02,4.150000000000334655e-06,0.000000000000000000e+00
5.470000000000000000e+02,4.070000000000334574e-06,0.000000000000000000e+00
5.480000000000000000e+02,3.990000000000334493e-06,0.000000000000000000e+00
5.490000000000000000e+02,3.910000000000334412e-06,0.000000000000000000e+00
5.500000000000000000e+02,3.830000000000334331e-06,5.731707317073170271e-01
5.510000000000000000e+02,3.750000000000334250e-06,5.914634146341463117e-01
5.520000000000000000e+02,3.670000000000334168e-06,6.280487804878048808e-01
5.530000000000000000e+02,3.590000000000334087e-06,6.646341463414634498e-01
5.540000000000000000e+02,3.510000000000334006e-06,7.682926829268292845e-01
5.550000000000000000e+02,3.430000000000333925e-06,7.804878048780488076e-01
5.560000000000000000e+02,3.350000000000333844e-06,7.926829268292683306e-01
5.570000000000000000e+02,3.270000000000333763e-06,7.926829268292683306e-01
5.580000000000000000e+02,3.190000000000333682e-06,7.987804878048780921e-01
5.590000000000000000e+02,3.110000000000333601e-06,7.987804878048780921e-01
5.600000000000000000e+02,3.030000000000333520e-06,8.048780487804878536e-01
5.610000000000000000e+02,1.103000000000033485e-05,0.000000000000000000e+00
5.620000000000000000e+02,1.095000000000033562e-05,0.000000000000000000e+00
5.630000000000000000e+02,1.087000000000033638e-05,0.000000000000000000e+00
5.640000000000000000e+02,1.079000000000033715e-05,0.000000000000000000e+00
5.650000000000000000e+02,1.071000000000033792e-05,0.000000000000000000e+00
5.660000000000000000e+02,1.063000000000033868e-05,0.000000000000000000e+00
5.670000000000000000e+02,1.055000000000033945e-05,0.000000000000000000e+00
5.680000000000000000e+02,1.047000000000034021e-05,0.000000000000000000e+00
5.690000000000000000e+02,1.039000000000034098e-05,0.000000000000000000e+00
5.700000000000000000e+02,1.031000000000034175e-05,0.000000000000000000e+00
5.710000000000000000e+02,1.023000000000034251e-05,0.000000000000000000e+00
5.720000000000000000e+02,1.015000000000034328e-05,0.000000000000000000e+00
5.730000000000000000e+02,1.007000000000034404e-05,0.000000000000000000e+00
5.740000000000000000e+02,9.990000000000344809e-06,0.000000000000000000e+00
5.750000000000000000e+02,9.910000000000345575e-06,0.000000000000000000e+00
5.760000000000000000e+02,9.830000000000346341e-06,0.000000000000000000e+00
5.770000000000000000e+02,9.750000000000347107e-06,0.000000000000000000e+00
5.780000000000000000e+02,9.670000000000347873e-06,0.000000000000000000e+00
5.790000000000000000e+02,9.590000000000348639e-06,0.000000000000000000e+00
5.800000000000000000e+02,9.510000000000349405e-06,0.000000000000000000e+00
5.810000000000000000e+02,9.430000000000350171e-06,0.000000000000000000e+00
5.820000000000000000e+02,9.350000000000350937e-06,0.000000000000000000e+00
5.830000000000000000e+02,9.270000000000351703e-06,0.000000000000000000e+00
5.840000000000000000e+02,9.190000000000352469e-06,0.000000000000000000e+00
5.850000000000000000e+02,9.110000000000353235e-06,0.000000000000000000e+00
5.860000000000000000e+02,9.030000000000354001e-06,0.000000000000000000e+00
5.870000000000000000e+02,8.950000000000354766e-06,0.000000000000000000e+00
5.880000000000000000e+02,8.870000000000355532e-06,0.000000000000000000e+00
5.890000000000000000e+02,8.790000000000356298e-06,0.000000000000000000e+00
5.900000000000000000e+02,8.710000000000357064e-06,0.000000000000000000e+00
5.910000000000000000e+02,8.630000000000357830e-06,0.000000000000000000e+00
5.920000000000000000e+02,8.550000000000358596e-06,0.000000000000000000e+00
5.930000000000000000e+02,8.470000000000359362e-06,0.000000000000000000e+00
5.940000000000000000e+02,8.390000000000360128e-06,0.000000000000000000e+00
5.950000000000000000e+02,8.310000000000360894e-06,0.000000000000000000e+00
5.960000000000000000e+02,8.230000000000361660e-06,0.000000000000000000e+00
5.970000000000000000e+02,8.150000000000362426e-06,0.000000000000000000e+00
5.980000000000000000e+02,8.070000000000363192e-06,0.000000000000000000e+00
5.990000000000000000e+02,7.990000000000363958e-06,0.000000000000000000e+00
6.000000000000000000e+02,7.910000000000364724e-06,0.000000000000000000e+00
6.010000000000000000e+02,7.830000000000365490e-06,0.000000000000000000e+00
6.020000000000000000e+02,7.750000000000366256e-06,0.000000000000000000e+00
6.030000000000000000e+02,7.670000000000367022e-06,0.000000000000000000e+00
6.040000000000000000e+02,7.590000000000366941e-06,0.000000000000000000e+00
6.050000000000000000e+02,7.510000000000366860e-06,0.000000000000000000e+00
6.060000000000000000e+02,7.430000000000366778e-06,0.000000000000000000e+00
6.070000000000000000e+02,7.350000000000366697e-06,0.000000000000000000e+00
6.080000000000000000e+02,7.270000000000366616e-06,0.000000000000000000e+00
6.090000000000000000e+02,7.190000000000366535e-06,0.000000000000000000e+00
6.100000000000000000e+02,7.110000000000366454e-06,0.000000000000000000e+00
6.110000000000000000e+02,7.030000000000366373e-06,0.000000000000000000e+00
6.120000000000000000e+02,6.950000000000366292e-06,0.000000000000000000e+00
6.130000000000000000e+02,6.870000000000366211e-06,0.000000000000000000e+00
6.140000000000000000e+02,6.790000000000366130e-06,0.000000000000000000e+00
6.150000000000000000e+02,6.710000000000366049e-06,0.000000000000000000e+00
6.160000000000000000e+02,6.630000000000365968e-06,0.000000000000000000e+00
6.170000000000000000e+02,6.550000000000365887e-06,0.000000000000000000e+00
6.180000000000000000e+02,6.470000000000365805e-06,0.000000000000000000e+00
6.190000000000000000e+02,6.390000000000365724e-06,0.000000000000000000e+00
6.200000000000000000e+02,6.310000000000365643e-06,0.000000000000000000e+00
6.210000000000000000e+02,6.230000000000365562e-06,0.000000000000000000e+00
6.220000000000000000e+02,6.150000000000365481e-06,0.000000000000000000e+00
6.230000000000000000e+02,6.070000000000365400e-06,0.000000000000000000e+00
6.240000000000000000e+02,5.990000000000365319e-06,0.000000000000000000e+00
6.250000000000000000e+02,5.910000000000365238e-06,0.000000000000000000e+00
6.260000000000000000e+02,5.830000000000365157e-06,0.000000000000000000e+00
6.270000000000000000e+02,5.750000000000365076e-06,0.000000000000000000e+00
6.280000000000000000e+02,5.670000000000364995e-06,0.000000000000000000e+00
6.290000000000000000e+02,5.590000000000364914e-06,0.000000000000000000e+00
6.300000000000000000e+02,5.510000000000364832e-06,0.000000000000000000e+00
6.310000000000000000e+02,5.430000000000364751e-06,0.000000000000000000e+00
6.320000000000000000e+02,5.350000000000364670e-06,0.000000000000000000e+00
6.330000000000000000e+02,5.270000000000364589e-06,0.000000000000000000e+00
6.340000000000000000e+02,5.190000000000364508e-06,0.000000000000000000e+00
6.350000000000000000e+02,5.110000000000364427e-06,0.000000000000000000e+00
6.360000000000000000e+02,5.030000000000364346e-06,0.000000000000000000e+00
6.370000000000000000e+02,4.950000000000364265e-06,0.000000000000000000e+00
6.380000000000000000e+02,4.870000000000364184e-06,0.000000000000000000e+00
6.390000000000000000e+02,4.790000000000364103e-06,0.000000000000000000e+00
6.400000000000000000e+02,4.710000000000364022e-06,0.000000000000000000e+00
6.410000000000000000e+02,4.630000000000363941e-06,0.000000000000000000e+00
6.420000000000000000e+02,4.550000000000363859e-06,0.000000000000000000e+00
6.430000000000000000e+02,4.470000000000363778e-06,0.000000000000000000e+00
6.440000000000000000e+02,4.390000000000363697e-06,0.000000000000000000e+00
6.450000000000000000e+02,4.310000000000363616e-06,0.000000000000000000e+00
6.460000000000000000e+02,4.230000000000363535e-06,0.000000000000000000e+00
6.470000000000000000e+02,4.150000000000363454e-06,0.000000000000000000e+00
6.480000000000000000e+02,4.070000000000363373e-06,4.817073170731707155e-01
6.490000000000000000e+02,3.990000000000363292e-06,5.060975609756097615e-01
6.500000000000000000e+02,3.910000000000363211e-06,5.121951219512195230e-01
6.510000000000000000e+02,3.830000000000363130e-06,5.609756097560976151e-01
6.520000000000000000e+02,3.750000000000363049e-06,5.731707317073170271e-01
6.530000000000000000e+02,3.670000000000362968e-06,5.792682926829267887e-01
6.540000000000000000e+02,3.590000000000362886e-06,6.341463414634146423e-01
6.550000000000000000e+02,3.510000000000362805e-06,6.402439024390244038e-01
6.560000000000000000e+02,3.430000000000362724e-06,6.524390243902439268e-01
6.570000000000000000e+02,3.350000000000362643e-06,6.524390243902439268e-01
6.580000000000000000e+02,3.270000000000362562e-06,6.585365853658536883e-01
6.590000000000000000e+02,3.190000000000362481e-06,6.707317073170732113e-01
6.600000000000000000e+02,3.110000000000362400e-06,6.707317073170732113e-01
6.610000000000000000e+02,3.030000000000362319e-06,7.134146341463414309e-01
6.620000000000000000e+02,2.950000000000362238e-06,7.317073170731707155e-01
6.630000000000000000e+02,2.870000000000362157e-06,7.439024390243902385e-01
6.640000000000000000e+02,2.790000000000362076e-06,7.621951219512195230e-01
6.650000000000000000e+02,2.710000000000361995e-06,7.621951219512195230e-01
6.660000000000000000e+02,2.630000000000361913e-06,7.621951219512195230e-01
6.670000000000000000e+02,2.550000000000361832e-06,7.682926829268292845e-01
6.680000000000000000e+02,2.470000000000361751e-06,7.743902439024390461e-01
6.690000000000000000e+02,2.390000000000361670e-06,7.743902439024390461e-01
6.700000000000000000e+02,2.310000000000361589e-06,7.804878048780488076e-01
6.710000000000000000e+02,2.230000000000361508e-06,7.804878048780488076e-01
6.720000000000000000e+02,2.150000000000361427e-06,7.804878048780488076e-01
6.730000000000000000e+02,2.070000000000361346e-06,7.926829268292683306e-01
6.740000000000000000e+02,1.990000000000361265e-06,7.987804878048780921e-01
6.750000000000000000e+02,1.910000000000361184e-06,7.987804878048780921e-01
6.760000000000000000e+02,1.830000000000361103e-06,7.987804878048780921e-01
6.770000000000000000e+02,1.750000000000361022e-06,7.987804878048780921e-01
6.780000000000000000e+02,1.670000000000360940e-06,8.048780487804878536e-01
6.790000000000000000e+02,9.670000000000363120e-06,0.000000000000000000e+00
6.800000000000000000e+02,9.590000000000363885e-06,0.000000000000000000e+00
6.810000000000000000e+02,9.510000000000364651e-06,0.000000000000000000e+00
6.820000000000000000e+02,9.430000000000365417e-06,0.000000000000000000e+00
6.830000000000000000e+02,9.350000000000366183e-06,0.000000000000000000e+00
6.840000000000000000e+02,9.270000000000366949e-06,0.000000000000000000e+00
6.850000000000000000e+02,9.190000000000367715e-06,0.000000000000000000e+00
6.860000000000000000e+02,9.110000000000368481e-06,0.000000000000000000e+00
6.870000000000000000e+02,9.030000000000369247e-06,0.000000000000000000e+00
6.880000000000000000e+02,8.950000000000370013e-06,0.000000000000000000e+00
6.890000000000000000e+02,8.870000000000370779e-06,0.000000000000000000e+00
6.900000000000000000e+02,8.790000000000371545e-06,0.000000000000000000e+00
6.910000000000000000e+02,8.710000000000372311e-06,0.000000000000000000e+00
6.920000000000000000e+02,8.630000000000373077e-06,0.000000000000000000e+00
6.930000000000000000e+02,8.550000000000373843e-06,0.000000000000000000e+00
6.940000000000000000e+02,8.470000000000374609e-06,0.000000000000000000e+00
6.950000000000000000e+02,8.390000000000375375e-06,0.000000000000000000e+00
6.960000000000000000e+02,8.310000000000376141e-06,0.000000000000000000e+00
6.970000000000000000e+02,8.230000000000376907e-06,0.000000000000000000e+00
6.980000000000000000e+02,8.150000000000377673e-06,0.000000000000000000e+00
6.990000000000000000e+02,8.070000000000378439e-06,0.000000000000000000e+00
7.000000000000000000e+02,7.990000000000379204e-06,0.000000000000000000e+00
7.010000000000000000e+02,7.910000000000379970e-06,0.000000000000000000e+00
7.020000000000000000e+02,7.830000000000380736e-06,0.000000000000000000e+00
7.030000000000000000e+02,7.750000000000381502e-06,0.000000000000000000e+00
7.040000000000000000e+02,7.670000000000382268e-06,0.000000000000000000e+00
7.050000000000000000e+02,7.590000000000382187e-06,0.000000000000000000e+00
7.060000000000000000e+02,7.510000000000382106e-06,0.000000000000000000e+00
7.070000000000000000e+02,7.430000000000382025e-06,0.000000000000000000e+00
7.080000000000000000e+02,7.350000000000381944e-06,0.000000000000000000e+00
7.090000000000000000e+02,7.270000000000381863e-06,0.000000000000000000e+00
7.100000000000000000e+02,7.190000000000381782e-06,0.000000000000000000e+00
7.110000000000000000e+02,7.110000000000381701e-06,0.000000000000000000e+00
7.120000000000000000e+02,7.030000000000381620e-06,0.000000000000000000e+00
7.130000000000000000e+02,6.950000000000381539e-06,0.000000000000000000e+00
7.140000000000000000e+02,6.870000000000381457e-06,0.000000000000000000e+00
7.150000000000000000e+02,6.790000000000381376e-06,0.000000000000000000e+00
7.160000000000000000e+02,6.710000000000381295e-06,0.000000000000000000e+00
7.170000000000000000e+02,6.630000000000381214e-06,0.000000000000000000e+00
7.180000000000000000e+02,6.550000000000381133e-06,0.000000000000000000e+00
7.190000000000000000e+02,6.470000000000381052e-06,0.000000000000000000e+00
7.200000000000000000e+02,6.390000000000380971e-06,0.000000000000000000e+00
7.210000000000000000e+02,6.310000000000380890e-06,0.000000000000000000e+00
7.220000000000000000e+02,6.230000000000380809e-06,0.000000000000000000e+00
7.230000000000000000e+02,6.150000000000380728e-06,0.000000000000000000e+00
7.240000000000000000e+02,6.070000000000380647e-06,0.000000000000000000e+00
7.250000000000000000e+02,5.990000000000380566e-06,0.000000000000000000e+00
7.260000000000000000e+02,5.910000000000380484e-06,0.000000000000000000e+00
7.270000000000000000e+02,5.830000000000380403e-06,0.000000000000000000e+00
7.280000000000000000e+02,5.750000000000380322e-06,0.000000000000000000e+00
7.290000000000000000e+02,5.670000000000380241e-06,0.000000000000000000e+00
7.300000000000000000e+02,5.590000000000380160e-06,0.000000000000000000e+00
7.310000000000000000e+02,5.510000000000380079e-06,0.000000000000000000e+00
7.320000000000000000e+02,5.430000000000379998e-06,0.000000000000000000e+00
7.330000000000000000e+02,5.350000000000379917e-06,0.000000000000000000e+00
7.340000000000000000e+02,5.270000000000379836e-06,0.000000000000000000e+00
7.350000000000000000e+02,5.190000000000379755e-06,0.000000000000000000e+00
7.360000000000000000e+02,5.110000000000379674e-06,0.000000000000000000e+00
7.370000000000000000e+02,5.030000000000379593e-06,0.000000000000000000e+00
7.380000000000000000e+02,4.950000000000379511e-06,0.000000000000000000e+00
7.390000000000000000e+02,4.870000000000379430e-06,0.000000000000000000e+00
7.400000000000000000e+02,4.790000000000379349e-06,0.000000000000000000e+00
7.410000000000000000e+02,4.710000000000379268e-06,0.000000000000000000e+00
7.420000000000000000e+02,4.630000000000379187e-06,0.000000000000000000e+00
7.430000000000000000e+02,4.550000000000379106e-06,0.000000000000000000e+00
7.440000000000000000e+02,4.470000000000379025e-06,0.000000000000000000e+00
7.450000000000000000e+02,4.390000000000378944e-06,0.000000000000000000e+00
7.460000000000000000e+02,4.310000000000378863e-06,0.000000000000000000e+00
7.470000000000000000e+02,4.230000000000378782e-06,0.000000000000000000e+00
7.480000000000000000e+02,4.150000000000378701e-06,0.000000000000000000e+00
7.490000000000000000e+02,4.070000000000378620e-06,0.000000000000000000e+00
7.500000000000000000e+02,3.990000000000378538e-06,0.000000000000000000e+00
7.510000000000000000e+02,3.910000000000378457e-06,0.000000000000000000e+00
7.520000000000000000e+02,3.830000000000378376e-06,0.000000000000000000e+00
7.530000000000000000e+02,3.750000000000378295e-06,0.000000000000000000e+00
7.540000000000000000e+02,3.670000000000378214e-06,0.000000000000000000e+00
7.550000000000000000e+02,3.590000000000378133e-06,0.000000000000000000e+00
7.560000000000000000e+02,3.510000000000378052e-06,0.000000000000000000e+00
7.570000000000000000e+02,3.430000000000377971e-06,0.000000000000000000e+00
7.580000000000000000e+02,3.350000000000377890e-06,0.000000000000000000e+00
7.590000000000000000e+02,3.270000000000377809e-06,0.000000000000000000e+00
7.600000000000000000e+02,3.190000000000377728e-06,0.000000000000000000e+00
7.610000000000000000e+02,3.110000000000377647e-06,5.792682926829267887e-01
7.620000000000000000e+02,3.030000000000377565e-06,6.219512195121951192e-01
7.630000000000000000e+02,2.950000000000377484e-06,6.585365853658536883e-01
7.640000000000000000e+02,2.870000000000377403e-06,7.195121951219511924e-01
7.650000000000000000e+02,2.790000000000377322e-06,7.500000000000000000e-01
7.660000000000000000e+02,2.710000000000377241e-06,7.560975609756097615e-01
7.670000000000000000e+02,2.630000000000377160e-06,7.560975609756097615e-01
7.680000000000000000e+02,2.550000000000377079e-06,7.621951219512195230e-01
7.690000000000000000e+02,2.470000000000376998e-06,7.682926829268292845e-01
7.700000000000000000e+02,2.390000000000376917e-06,7.682926829268292845e-01
7.710000000000000000e+02,2.310000000000376836e-06,7.743902439024390461e-01
7.720000000000000000e+02,2.230000000000376755e-06,7.865853658536585691e-01
7.730000000000000000e+02,2.150000000000376674e-06,7.865853658536585691e-01
7.740000000000000000e+02,2.070000000000376592e-06,7.865853658536585691e-01
7.750000000000000000e+02,1.990000000000376511e-06,7.926829268292683306e-01
7.760000000000000000e+02,1.910000000000376430e-06,8.109756097560976151e-01
7.770000000000000000e+02,1.001000000000037680e-05,0.000000000000000000e+00
7.780000000000000000e+02,9.930000000000377571e-06,0.000000000000000000e+00
7.790000000000000000e+02,9.850000000000378337e-06,0.000000000000000000e+00
7.800000000000000000e+02,9.770000000000379103e-06,0.000000000000000000e+00
7.810000000000000000e+02,9.690000000000379869e-06,0.000000000000000000e+00
7.820000000000000000e+02,9.610000000000380635e-06,0.000000000000000000e+00
7.830000000000000000e+02,9.530000000000381401e-06,0.000000000000000000e+00
7.840000000000000000e+02,9.450000000000382167e-06,0.000000000000000000e+00
7.850000000000000000e+02,9.370000000000382933e-06,0.000000000000000000e+00
7.860000000000000000e+02,9.290000000000383698e-06,0.000000000000000000e+00
7.870000000000000000e+02,9.210000000000384464e-06,0.000000000000000000e+00
7.880000000000000000e+02,9.130000000000385230e-06,0.000000000000000000e+00
7.890000000000000000e+02,9.050000000000385996e-06,0.000000000000000000e+00
7.900000000000000000e+02,8.970000000000386762e-06,0.000000000000000000e+00
7.910000000000000000e+02,8.890000000000387528e-06,0.000000000000000000e+00
7.920000000000000000e+02,8.810000000000388294e-06,0.000000000000000000e+00
7.930000000000000000e+02,8.730000000000389060e-06,0.000000000000000000e+00
7.940000000000000000e+02,8.650000000000389826e-06,0.000000000000000000e+00
7.950000000000000000e+02,8.570000000000390592e-06,0.000000000000000000e+00
7.960000000000000000e+02,8.490000000000391358e-06,0.000000000000000000e+00
7.970000000000000000e+02,8.410000000000392124e-06,0.000000000000000000e+00
7.980000000000000000e+02,8.330000000000392890e-06,0.000000000000000000e+00
7.990000000000000000e+02,8.250000000000393656e-06,0.000000000000000000e+00
8.000000000000000000e+02,8.170000000000394422e-06,0.000000000000000000e+00
8.010000000000000000e+02,8.090000000000395188e-06,0.000000000000000000e+00
8.020000000000000000e+02,8.010000000000395954e-06,0.000000000000000000e+00
8.030000000000000000e+02,7.930000000000396720e-06,0.000000000000000000e+00
8.040000000000000000e+02,7.850000000000397486e-06,0.000000000000000000e+00
8.050000000000000000e+02,7.770000000000398252e-06,0.000000000000000000e+00
8.060000000000000000e+02,7.690000000000399017e-06,0.000000000000000000e+00
8.070000000000000000e+02,7.610000000000398936e-06,0.000000000000000000e+00
8.080000000000000000e+02,7.530000000000398855e-06,0.000000000000000000e+00
8.090000000000000000e+02,7.450000000000398774e-06,0.000000000000000000e+00
8.100000000000000000e+02,7.370000000000398693e-06,0.000000000000000000e+00
8.110000000000000000e+02,7.290000000000398612e-06,0.000000000000000000e+00
8.120000000000000000e+02,7.210000000000398531e-06,0.000000000000000000e+00
8.130000000000000000e+02,7.130000000000398450e-06,0.000000000000000000e+00
8.140000000000000000e+02,7.050000000000398369e-06,0.000000000000000000e+00
8.150000000000000000e+02,6.970000000000398288e-06,0.000000000000000000e+00
8.160000000000000000e+02,6.890000000000398207e-06,0.000000000000000000e+00
8.170000000000000000e+02,6.810000000000398126e-06,0.000000000000000000e+00
8.180000000000000000e+02,6.730000000000398044e-06,0.000000000000000000e+00
8.190000000000000000e+02,6.650000000000397963e-06,0.000000000000000000e+00
8.200000000000000000e+02,6.570000000000397882e-06,0.000000000000000000e+00
8.210000000000000000e+02,6.490000000000397801e-06,0.000000000000000000e+00
8.220000000000000000e+02,6.410000000000397720e-06,0.000000000000000000e+00
8.230000000000000000e+02,6.330000000000397639e-06,0.000000000000000000e+00
8.240000000000000000e+02,6.250000000000397558e-06,0.000000000000000000e+00
8.250000000000000000e+02,6.170000000000397477e-06,0.000000000000000000e+00
8.260000000000000000e+02,6.090000000000397396e-06,0.000000000000000000e+00
8.270000000000000000e+02,6.010000000000397315e-06,0.000000000000000000e+00
8.280000000000000000e+02,5.930000000000397234e-06,0.000000000000000000e+00
8.290000000000000000e+02,5.850000000000397153e-06,0.000000000000000000e+00
8.300000000000000000e+02,5.770000000000397071e-06,0.000000000000000000e+00
8.310000000000000000e+02,5.690000000000396990e-06,0.000000000000000000e+00
8.320000000000000000e+02,5.610000000000396909e-06,0.000000000000000000e+00
8.330000000000000000e+02,5.530000000000396828e-06,0.000000000000000000e+00
8.340000000000000000e+02,5.450000000000396747e-06,0.000000000000000000e+00
8.350000000000000000e+02,5.370000000000396666e-06,0.000000000000000000e+00
8.360000000000000000e+02,5.290000000000396585e-06,0.000000000000000000e+00
8.370000000000000000e+02,5.210000000000396504e-06,0.000000000000000000e+00
8.380000000000000000e+02,5.130000000000396423e-06,0.000000000000000000e+00
8.390000000000000000e+02,5.050000000000396342e-06,0.000000000000000000e+00
8.400000000000000000e+02,4.970000000000396261e-06,0.000000000000000000e+00
8.410000000000000000e+02,4.890000000000396180e-06,0.000000000000000000e+00
8.420000000000000000e+02,4.810000000000396098e-06,0.000000000000000000e+00
8.430000000000000000e+02,4.730000000000396017e-06,0.000000000000000000e+00
8.440000000000000000e+02,4.650000000000395936e-06,0.000000000000000000e+00
8.450000000000000000e+02,4.570000000000395855e-06,0.000000000000000000e+00
8.460000000000000000e+02,4.490000000000395774e-06,0.000000000000000000e+00
8.470000000000000000e+02,4.410000000000395693e-06,0.000000000000000000e+00
8.480000000000000000e+02,4.330000000000395612e-06,0.000000000000000000e+00
8.490000000000000000e+02,4.250000000000395531e-06,0.000000000000000000e+00
8.500000000000000000e+02,4.170000000000395450e-06,0.000000000000000000e+00
8.510000000000000000e+02,4.090000000000395369e-06,1.829268292682926719e-02
8.520000000000000000e+02,4.010000000000395288e-06,4.878048780487805047e-02
8.530000000000000000e+02,3.930000000000395207e-06,6.707317073170732113e-02
8.540000000000000000e+02,3.850000000000395125e-06,7.317073170731706877e-02
8.550000000000000000e+02,3.770000000000395044e-06,9.146341463414633943e-02
8.560000000000000000e+02,3.690000000000394963e-06,9.756097560975610095e-02
8.570000000000000000e+02,3.610000000000394882e-06,1.951219512195122019e-01
8.580000000000000000e+02,3.530000000000394801e-06,2.926829268292682751e-01
8.590000000000000000e+02,3.450000000000394720e-06,3.536585365853658347e-01
8.600000000000000000e+02,3.370000000000394639e-06,4.451219512195122019e-01
8.610000000000000000e+02,3.290000000000394558e-06,5.060975609756097615e-01
8.620000000000000000e+02,3.210000000000394477e-06,5.304878048780488076e-01
8.630000000000000000e+02,3.130000000000394396e-06,5.670731707317072656e-01
8.640000000000000000e+02,3.050000000000394315e-06,6.097560975609755962e-01
8.650000000000000000e+02,2.970000000000394234e-06,6.402439024390244038e-01
8.660000000000000000e+02,2.890000000000394152e-06,6.463414634146341653e-01
8.670000000000000000e+02,2.810000000000394071e-06,6.707317073170732113e-01
8.680000000000000000e+02,2.730000000000393990e-06,6.829268292682927344e-01
8.690000000000000000e+02,2.650000000000393909e-06,6.829268292682927344e-01
8.700000000000000000e+02,2.570000000000393828e-06,6.951219512195121464e-01
8.710000000000000000e+02,2.490000000000393747e-06,7.012195121951219079e-01
8.720000000000000000e+02,2.410000000000393666e-06,7.256097560975609539e-01
8.730000000000000000e+02,2.330000000000393585e-06,7.256097560975609539e-01
8.740000000000000000e+02,2.250000000000393504e-06,7.317073170731707155e-01
8.750000000000000000e+02,2.170000000000393423e-06,7.439024390243902385e-01
8.760000000000000000e+02,2.090000000000393342e-06,7.439024390243902385e-01
8.770000000000000000e+02,2.010000000000393261e-06,7.439024390243902385e-01
8.780000000000000000e+02,1.930000000000393179e-06,7.439024390243902385e-01
8.790000000000000000e+02,1.850000000000393098e-06,7.500000000000000000e-01
8.800000000000000000e+02,1.770000000000393017e-06,7.560975609756097615e-01
8.810000000000000000e+02,1.690000000000392936e-06,7.682926829268292845e-01
8.820000000000000000e+02,1.610000000000392855e-06,7.682926829268292845e-01
8.830000000000000000e+02,1.530000000000392774e-06,7.682926829268292845e-01
8.840000000000000000e+02,1.450000000000392693e-06,7.804878048780488076e-01
8.850000000000000000e+02,1.370000000000392612e-06,7.865853658536585691e-01
8.860000000000000000e+02,1.290000000000392531e-06,7.987804878048780921e-01
8.870000000000000000e+02,1.210000000000392450e-06,7.987804878048780921e-01
8.880000000000000000e+02,1.130000000000392369e-06,7.987804878048780921e-01
8.890000000000000000e+02,1.050000000000392288e-06,7.987804878048780921e-01
8.900000000000000000e+02,9.700000000003922065e-07,7.987804878048780921e-01
8.910000000000000000e+02,8.900000000003922313e-07,7.987804878048780921e-01
8.920000000000000000e+02,8.100000000003922561e-07,7.987804878048780921e-01
8.930000000000000000e+02,7.300000000003922809e-07,8.109756097560976151e-01
8.940000000000000000e+02,8.730000000000394142e-06,0.000000000000000000e+00
8.950000000000000000e+02,8.650000000000394908e-06,0.000000000000000000e+00
8.960000000000000000e+02,8.570000000000395674e-06,0.000000000000000000e+00
8.970000000000000000e+02,8.490000000000396440e-06,0.000000000000000000e+00
8.980000000000000000e+02,8.410000000000397206e-06,0.000000000000000000e+00
8.990000000000000000e+02,8.330000000000397972e-06,0.000000000000000000e+00
9.000000000000000000e+02,8.250000000000398738e-06,0.000000000000000000e+00
9.010000000000000000e+02,8.170000000000399504e-06,0.000000000000000000e+00
9.020000000000000000e+02,8.090000000000400270e-06,0.000000000000000000e+00
9.030000000000000000e+02,8.010000000000401036e-06,0.000000000000000000e+00
9.040000000000000000e+02,7.930000000000401802e-06,0.000000000000000000e+00
9.050000000000000000e+02,7.850000000000402568e-06,0.000000000000000000e+00
9.060000000000000000e+02,7.770000000000403334e-06,0.000000000000000000e+00
9.070000000000000000e+02,7.690000000000404100e-06,0.000000000000000000e+00
9.080000000000000000e+02,7.610000000000404019e-06,0.000000000000000000e+00
9.090000000000000000e+02,7.530000000000403937e-06,0.000000000000000000e+00
9.100000000000000000e+02,7.450000000000403856e-06,0.000000000000000000e+00
9.110000000000000000e+02,7.370000000000403775e-06,0.000000000000000000e+00
9.120000000000000000e+02,7.290000000000403694e-06,0.000000000000000000e+00
9.130000000000000000e+02,7.210000000000403613e-06,0.000000000000000000e+00
9.140000000000000000e+02,7.130000000000403532e-06,0.000000000000000000e+00
9.150000000000000000e+02,7.050000000000403451e-06,0.000000000000000000e+00
9.160000000000000000e+02,6.970000000000403370e-06,0.000000000000000000e+00
9.170000000000000000e+02,6.890000000000403289e-06,0.000000000000000000e+00
9.180000000000000000e+02,6.810000000000403208e-06,0.000000000000000000e+00
9.190000000000000000e+02,6.730000000000403127e-06,0.000000000000000000e+00
9.200000000000000000e+02,6.650000000000403046e-06,0.000000000000000000e+00
9.210000000000000000e+02,6.570000000000402964e-06,0.000000000000000000e+00
9.220000000000000000e+02,6.490000000000402883e-06,0.000000000000000000e+00
9.230000000000000000e+02,6.410000000000402802e-06,0.000000000000000000e+00
9.240000000000000000e+02,6.330000000000402721e-06,0.000000000000000000e+00
9.250000000000000000e+02,6.250000000000402640e-06,0.000000000000000000e+00
9.260000000000000000e+02,6.170000000000402559e-06,0.000000000000000000e+00
9.270000000000000000e+02,6.090000000000402478e-06,0.000000000000000000e+00
9.280000000000000000e+02,6.010000000000402397e-06,0.000000000000000000e+00
9.290000000000000000e+02,5.930000000000402316e-06,0.000000000000000000e+00
9.300000000000000000e+02,5.850000000000402235e-06,0.000000000000000000e+00
9.310000000000000000e+02,5.770000000000402154e-06,0.000000000000000000e+00
9.320000000000000000e+02,5.690000000000402073e-06,0.000000000000000000e+00
9.330000000000000000e+02,5.610000000000401991e-06,0.000000000000000000e+00
9.340000000000000000e+02,5.530000000000401910e-06,0.000000000000000000e+00
9.350000000000000000e+02,5.450000000000401829e-06,0.000000000000000000e+00
9.360000000000000000e+02,5.370000000000401748e-06,0.000000000000000000e+00
9.370000000000000000e+02,5.290000000000401667e-06,0.000000000000000000e+00
9.380000000000000000e+02,5.210000000000401586e-06,0.000000000000000000e+00
9.390000000000000000e+02,5.130000000000401505e-06,0.000000000000000000e+00
9.400000000000000000e+02,5.050000000000401424e-06,0.000000000000000000e+00
9.410000000000000000e+02,4.970000000000401343e-06,0.000000000000000000e+00
9.420000000000000000e+02,4.890000000000401262e-06,0.000000000000000000e+00
9.430000000000000000e+02,4.810000000000401181e-06,0.000000000000000000e+00
9.440000000000000000e+02,4.730000000000401100e-06,0.000000000000000000e+00
9.450000000000000000e+02,4.650000000000401018e-06,0.000000000000000000e+00
9.460000000000000000e+02,4.570000000000400937e-06,0.000000000000000000e+00
9.470000000000000000e+02,4.490000000000400856e-06,0.000000000000000000e+00
9.480000000000000000e+02,4.410000000000400775e-06,0.000000000000000000e+00
9.490000000000000000e+02,4.330000000000400694e-06,0.000000000000000000e+00
9.500000000000000000e+02,4.250000000000400613e-06,0.000000000000000000e+00
9.510000000000000000e+02,4.170000000000400532e-06,0.000000000000000000e+00
9.520000000000000000e+02,4.090000000000400451e-06,0.000000000000000000e+00
9.530000000000000000e+02,4.010000000000400370e-06,0.000000000000000000e+00
9.540000000000000000e+02,3.930000000000400289e-06,0.000000000000000000e+00
9.550000000000000000e+02,3.850000000000400208e-06,0.000000000000000000e+00
9.560000000000000000e+02,3.770000000000400127e-06,0.000000000000000000e+00
9.570000000000000000e+02,3.690000000000400046e-06,0.000000000000000000e+00
9.580000000000000000e+02,3.610000000000399964e-06,0.000000000000000000e+00
9.590000000000000000e+02,3.530000000000399883e-06,0.000000000000000000e+00
9.600000000000000000e+02,3.450000000000399802e-06,0.000000000000000000e+00
9.610000000000000000e+02,3.370000000000399721e-06,0.000000000000000000e+00
9.620000000000000000e+02,3.290000000000399640e-06,0.000000000000000000e+00
9.630000000000000000e+02,3.210000000000399559e-06,1.219512195121951262e-02
9.640000000000000000e+02,3.130000000000399478e-06,1.219512195121951262e-02
9.650000000000000000e+02,3.050000000000399397e-06,3.048780487804877981e-02
9.660000000000000000e+02,2.970000000000399316e-06,3.658536585365853439e-02
9.670000000000000000e+02,2.890000000000399235e-06,3.658536585365853439e-02
9.680000000000000000e+02,2.810000000000399154e-06,2.256097560975609817e-01
9.690000000000000000e+02,2.730000000000399073e-06,2.560975609756097615e-01
9.700000000000000000e+02,2.650000000000398991e-06,2.804878048780488076e-01
9.710000000000000000e+02,2.570000000000398910e-06,3.719512195121951192e-01
9.720000000000000000e+02,2.490000000000398829e-06,4.146341463414633943e-01
9.730000000000000000e+02,2.410000000000398748e-06,4.756097560975609539e-01
9.740000000000000000e+02,2.330000000000398667e-06,5.182926829268292845e-01
9.750000000000000000e+02,2.250000000000398586e-06,5.609756097560976151e-01
9.760000000000000000e+02,2.170000000000398505e-06,5.914634146341463117e-01
9.770000000000000000e+02,2.090000000000398424e-06,6.219512195121951192e-01
9.780000000000000000e+02,2.010000000000398343e-06,6.646341463414634498e-01
9.790000000000000000e+02,1.930000000000398262e-06,6.707317073170732113e-01
9.800000000000000000e+02,1.850000000000398181e-06,6.951219512195121464e-01
9.810000000000000000e+02,1.770000000000398100e-06,7.073170731707316694e-01
9.820000000000000000e+02,1.690000000000398018e-06,7.256097560975609539e-01
9.830000000000000000e+02,1.610000000000397937e-06,7.560975609756097615e-01
9.840000000000000000e+02,1.530000000000397856e-06,7.621951219512195230e-01
9.850000000000000000e+02,1.450000000000397775e-06,7.682926829268292845e-01
9.860000000000000000e+02,1.370000000000397694e-06,7.682926829268292845e-01
9.870000000000000000e+02,1.290000000000397613e-06,7.743902439024390461e-01
9.880000000000000000e+02,1.210000000000397532e-06,7.865853658536585691e-01
9.890000000000000000e+02,1.130000000000397451e-06,7.865853658536585691e-01
9.900000000000000000e+02,1.050000000000397370e-06,7.865853658536585691e-01
9.910000000000000000e+02,9.700000000003972887e-07,7.865853658536585691e-01
9.920000000000000000e+02,8.900000000003973135e-07,7.865853658536585691e-01
9.930000000000000000e+02,8.100000000003973383e-07,7.926829268292683306e-01
9.940000000000000000e+02,7.300000000003973631e-07,7.926829268292683306e-01
9.950000000000000000e+02,6.500000000003973879e-07,7.926829268292683306e-01
9.960000000000000000e+02,5.700000000003974127e-07,8.048780487804878536e-01
9.970000000000000000e+02,8.420000000000398804e-06,0.000000000000000000e+00
9.980000000000000000e+02,8.340000000000399570e-06,0.000000000000000000e+00
9.990000000000000000e+02,8.260000000000400336e-06,0.000000000000000000e+00
1.000000000000000000e+03,8.180000000000401102e-06,0.000000000000000000e+00
1.001000000000000000e+03,8.100000000000401868e-06,0.000000000000000000e+00
1.002000000000000000e+03,8.020000000000402634e-06,0.000000000000000000e+00
1.003000000000000000e+03,7.940000000000403400e-06,0.000000000000000000e+00
1.004000000000000000e+03,7.860000000000404166e-06,0.000000000000000000e+00
1.005000000000000000e+03,7.780000000000404932e-06,0.000000000000000000e+00
1.006000000000000000e+03,7.700000000000405698e-06,0.000000000000000000e+00
1.007000000000000000e+03,7.620000000000405617e-06,0.000000000000000000e+00
1.008000000000000000e+03,7.540000000000405536e-06,0.000000000000000000e+00
1.009000000000000000e+03,7.460000000000405455e-06,0.000000000000000000e+00
1.010000000000000000e+03,7.380000000000405374e-06,0.000000000000000000e+00
1.011000000000000000e+03,7.300000000000405293e-06,0.000000000000000000e+00
1.012000000000000000e+03,7.220000000000405211e-06,0.000000000000000000e+00
1.013000000000000000e+03,7.140000000000405130e-06,0.000000000000000000e+00
1.014000000000000000e+03,7.060000000000405049e-06,0.000000000000000000e+00
1.015000000000000000e+03,6.980000000000404968e-06,0.000000000000000000e+00
1.016000000000000000e+03,6.900000000000404887e-06,0.000000000000000000e+00
1.017000000000000000e+03,6.820000000000404806e-06,0.000000000000000000e+00
1.018000000000000000e+03,6.740000000000404725e-06,0.000000000000000000e+00
1.019000000000000000e+03,6.660000000000404644e-06,0.000000000000000000e+00
1.020000000000000000e+03,6.580000000000404563e-06,0.000000000000000000e+00
1.021000000000000000e+03,6.500000000000404482e-06,0.000000000000000000e+00
1.022000000000000000e+03,6.420000000000404401e-06,0.000000000000000000e+00
1.023000000000000000e+03,6.340000000000404320e-06,0.000000000000000000e+00
1.024000000000000000e+03,6.260000000000404238e-06,0.000000000000000000e+00
1.025000000000000000e+03,6.180000000000404157e-06,0.000000000000000000e+00
1.026000000000000000e+03,6.100000000000404076e-06,0.000000000000000000e+00
1.027000000000000000e+03,6.020000000000403995e-06,0.000000000000000000e+00
1.028000000000000000e+03,5.940000000000403914e-06,0.000000000000000000e+00
1.029000000000000000e+03,5.860000000000403833e-06,0.000000000000000000e+00
1.030000000000000000e+03,5.780000000000403752e-06,0.000000000000000000e+00
1.031000000000000000e+03,5.700000000000403671e-06,0.000000000000000000e+00
1.032000000000000000e+03,5.620000000000403590e-06,0.000000000000000000e+00
1.033000000000000000e+03,5.540000000000403509e-06,0.000000000000000000e+00
1.034000000000000000e+03,5.460000000000403428e-06,0.000000000000000000e+00
1.035000000000000000e+03,5.380000000000403347e-06,0.000000000000000000e+00
1.036000000000000000e+03,5.300000000000403265e-06,0.000000000000000000e+00
1.037000000000000000e+03,5.220000000000403184e-06,0.000000000000000000e+00
1.038000000000000000e+03,5.140000000000403103e-06,0.000000000000000000e+00
1.039000000000000000e+03,5.060000000000403022e-06,0.000000000000000000e+00
1.040000000000000000e+03,4.980000000000402941e-06,0.000000000000000000e+00
1.041000000000000000e+03,4.900000000000402860e-06,0.000000000000000000e+00
1.042000000000000000e+03,4.820000000000402779e-06,0.000000000000000000e+00
1.043000000000000000e+03,4.740000000000402698e-06,0.000000000000000000e+00
1.044000000000000000e+03,4.660000000000402617e-06,0.000000000000000000e+00
1.045000000000000000e+03,4.580000000000402536e-06,0.000000000000000000e+00
1.046000000000000000e+03,4.500000000000402455e-06,0.000000000000000000e+00
1.047000000000000000e+03,4.420000000000402374e-06,0.000000000000000000e+00
1.048000000000000000e+03,4.340000000000402292e-06,0.000000000000000000e+00
1.049000000000000000e+03,4.260000000000402211e-06,0.000000000000000000e+00
1.050000000000000000e+03,4.180000000000402130e-06,0.000000000000000000e+00
1.051000000000000000e+03,4.100000000000402049e-06,0.000000000000000000e+00
1.052000000000000000e+03,4.020000000000401968e-06,0.000000000000000000e+00
1.053000000000000000e+03,3.940000000000401887e-06,0.000000000000000000e+00
1.054000000000000000e+03,3.860000000000401806e-06,0.000000000000000000e+00
1.055000000000000000e+03,3.780000000000401725e-06,0.000000000000000000e+00
1.056000000000000000e+03,3.700000000000401644e-06,0.000000000000000000e+00
1.057000000000000000e+03,3.620000000000401563e-06,0.000000000000000000e+00
1.058000000000000000e+03,3.540000000000401482e-06,0.000000000000000000e+00
1.059000000000000000e+03,3.460000000000401401e-06,0.000000000000000000e+00
1.060000000000000000e+03,3.380000000000401319e-06,0.000000000000000000e+00
1.061000000000000000e+03,3.300000000000401238e-06,0.000000000000000000e+00
1.062000000000000000e+03,3.220000000000401157e-06,0.000000000000000000e+00
1.063000000000000000e+03,3.140000000000401076e-06,0.000000000000000000e+00
1.064000000000000000e+03,3.060000000000400995e-06,0.000000000000000000e+00
1.065000000000000000e+03,2.980000000000400914e-06,0.000000000000000000e+00
1.066000000000000000e+03,2.900000000000400833e-06,0.000000000000000000e+00
1.067000000000000000e+03,2.820000000000400752e-06,0.000000000000000000e+00
1.068000000000000000e+03,2.740000000000400671e-06,0.000000000000000000e+00
1.069000000000000000e+03,2.660000000000400590e-06,0.000000000000000000e+00
1.070000000000000000e+03,2.580000000000400509e-06,0.000000000000000000e+00
1.071000000000000000e+03,2.500000000000400428e-06,0.000000000000000000e+00
1.072000000000000000e+03,2.420000000000400346e-06,0.000000000000000000e+00
1.073000000000000000e+03,2.340000000000400265e-06,0.000000000000000000e+00
1.074000000000000000e+03,2.260000000000400184e-06,0.000000000000000000e+00
1.075000000000000000e+03,2.180000000000400103e-06,0.000000000000000000e+00
1.076000000000000000e+03,2.100000000000400022e-06,4.207317073170731558e-01
1.077000000000000000e+03,2.020000000000399941e-06,4.817073170731707155e-01
1.078000000000000000e+03,1.940000000000399860e-06,5.304878048780488076e-01
1.079000000000000000e+03,1.860000000000399779e-06,5.853658536585365502e-01
1.080000000000000000e+03,1.780000000000399698e-06,6.707317073170732113e-01
1.081000000000000000e+03,1.700000000000399617e-06,6.890243902439023849e-01
1.082000000000000000e+03,1.620000000000399536e-06,7.195121951219511924e-01
1.083000000000000000e+03,1.540000000000399455e-06,7.378048780487804770e-01
1.084000000000000000e+03,1.460000000000399373e-06,7.439024390243902385e-01
1.085000000000000000e+03,1.380000000000399292e-06,7.500000000000000000e-01
1.086000000000000000e+03,1.300000000000399211e-06,7.865853658536585691e-01
1.087000000000000000e+03,1.220000000000399130e-06,7.926829268292683306e-01
1.088000000000000000e+03,1.140000000000399049e-06,7.987804878048780921e-01
1.089000000000000000e+03,1.060000000000398968e-06,7.987804878048780921e-01
1.090000000000000000e+03,9.800000000003988870e-07,8.048780487804878536e-01
1.091000000000000000e+03,8.780000000000400440e-06,0.000000000000000000e+00
1.092000000000000000e+03,8.700000000000401206e-06,0.000000000000000000e+00
1.093000000000000000e+03,8.620000000000401972e-06,0.000000000000000000e+00
1.094000000000000000e+03,8.540000000000402738e-06,0.000000000000000000e+00
1.095000000000000000e+03,8.460000000000403504e-06,0.000000000000000000e+00
1.096000000000000000e+03,8.380000000000404270e-06,0.000000000000000000e+00
1.097000000000000000e+03,8.300000000000405036e-06,0.000000000000000000e+00
1.098000000000000000e+03,8.220000000000405802e-06,0.000000000000000000e+00
1.099000000000000000e+03,8.140000000000406567e-06,0.000000000000000000e+00
1.100000000000000000e+03,8.060000000000407333e-06,0.000000000000000000e+00
1.101000000000000000e+03,7.980000000000408099e-06,0.000000000000000000e+00
1.102000000000000000e+03,7.900000000000408865e-06,0.000000000000000000e+00
1.103000000000000000e+03,7.820000000000409631e-06,0.000000000000000000e+00
1.104000000000000000e+03,7.740000000000410397e-06,0.000000000000000000e+00
1.105000000000000000e+03,7.660000000000411163e-06,0.000000000000000000e+00
1.106000000000000000e+03,7.580000000000411082e-06,0.000000000000000000e+00
1.107000000000000000e+03,7.500000000000411001e-06,0.000000000000000000e+00
1.108000000000000000e+03,7.420000000000410920e-06,0.000000000000000000e+00
1.109000000000000000e+03,7.340000000000410839e-06,0.000000000000000000e+00
1.110000000000000000e+03,7.260000000000410758e-06,0.000000000000000000e+00
1.111000000000000000e+03,7.180000000000410677e-06,0.000000000000000000e+00
1.112000000000000000e+03,7.100000000000410596e-06,0.000000000000000000e+00
1.113000000000000000e+03,7.020000000000410514e-06,0.000000000000000000e+00
1.114000000000000000e+03,6.940000000000410433e-06,0.000000000000000000e+00
1.115000000000000000e+03,6.860000000000410352e-06,0.000000000000000000e+00
1.116000000000000000e+03,6.780000000000410271e-06,0.000000000000000000e+00
1.117000000000000000e+03,6.700000000000410190e-06,0.000000000000000000e+00
1.118000000000000000e+03,6.620000000000410109e-06,0.000000000000000000e+00
1.119000000000000000e+03,6.540000000000410028e-06,0.000000000000000000e+00
1.120000000000000000e+03,6.460000000000409947e-06,0.000000000000000000e+00
1.121000000000000000e+03,6.380000000000409866e-06,0.000000000000000000e+00
1.122000000000000000e+03,6.300000000000409785e-06,0.000000000000000000e+00
1.123000000000000000e+03,6.220000000000409704e-06,0.000000000000000000e+00
1.124000000000000000e+03,6.140000000000409623e-06,0.000000000000000000e+00
1.125000000000000000e+03,6.060000000000409541e-06,0.000000000000000000e+00
1.126000000000000000e+03,5.980000000000409460e-06,0.000000000000000000e+00
1.127000000000000000e+03,5.900000000000409379e-06,0.000000000000000000e+00
1.128000000000000000e+03,5.820000000000409298e-06,0.000000000000000000e+00
1.129000000000000000e+03,5.740000000000409217e-06,0.000000000000000000e+00
1.130000000000000000e+03,5.660000000000409136e-06,0.000000000000000000e+00
1.131000000000000000e+03,5.580000000000409055e-06,0.000000000000000000e+00
1.132000000000000000e+03,5.500000000000408974e-06,0.000000000000000000e+00
1.133000000000000000e+03,5.420000000000408893e-06,0.000000000000000000e+00
1.134000000000000000e+03,5.340000000000408812e-06,0.000000000000000000e+00
1.135000000000000000e+03,5.260000000000408731e-06,0.000000000000000000e+00
1.136000000000000000e+03,5.180000000000408650e-06,0.000000000000000000e+00
1.137000000000000000e+03,5.100000000000408568e-06,0.000000000000000000e+00
1.138000000000000000e+03,5.020000000000408487e-06,0.000000000000000000e+00
1.139000000000000000e+03,4.940000000000408406e-06,0.000000000000000000e+00
1.140000000000000000e+03,4.860000000000408325e-06,0.000000000000000000e+00
1.141000000000000000e+03,4.780000000000408244e-06,0.000000000000000000e+00
1.142000000000000000e+03,4.700000000000408163e-06,0.000000000000000000e+00
1.143000000000000000e+03,4.620000000000408082e-06,0.000000000000000000e+00
1.144000000000000000e+03,4.540000000000408001e-06,0.000000000000000000e+00
1.145000000000000000e+03,4.460000000000407920e-06,0.000000000000000000e+00
1.146000000000000000e+03,4.380000000000407839e-06,0.000000000000000000e+00
1.147000000000000000e+03,4.300000000000407758e-06,0.000000000000000000e+00
1.148000000000000000e+03,4.220000000000407677e-06,0.000000000000000000e+00
1.149000000000000000e+03,4.140000000000407595e-06,0.000000000000000000e+00
1.150000000000000000e+03,4.060000000000407514e-06,0.000000000000000000e+00
1.151000000000000000e+03,3.980000000000407433e-06,0.000000000000000000e+00
1.152000000000000000e+03,3.900000000000407352e-06,0.000000000000000000e+00
1.153000000000000000e+03,3.820000000000407271e-06,0.000000000000000000e+00
1.154000000000000000e+03,3.740000000000407190e-06,0.000000000000000000e+00
1.155000000000000000e+03,3.660000000000407109e-06,0.000000000000000000e+00
1.156000000000000000e+03,3.580000000000407028e-06,0.000000000000000000e+00
1.157000000000000000e+03,3.500000000000406947e-06,0.000000000000000000e+00
1.158000000000000000e+03,3.420000000000406866e-06,0.000000000000000000e+00
1.159000000000000000e+03,3.340000000000406785e-06,0.000000000000000000e+00
1.160000000000000000e+03,3.260000000000406704e-06,0.000000000000000000e+00
1.161000000000000000e+03,3.180000000000406622e-06,0.000000000000000000e+00
1.162000000000000000e+03,3.100000000000406541e-06,0.000000000000000000e+00
1.163000000000000000e+03,3.020000000000406460e-06,6.097560975609756309e-03
1.164000000000000000e+03,2.940000000000406379e-06,3.048780487804877981e-02
1.165000000000000000e+03,2.860000000000406298e-06,3.048780487804877981e-02
1.166000000000000000e+03,2.780000000000406217e-06,1.585365853658536606e-01
1.167000000000000000e+03,2.700000000000406136e-06,1.829268292682926789e-01
1.168000000000000000e+03,2.620000000000406055e-06,2.317073170731707432e-01
1.169000000000000000e+03,2.540000000000405974e-06,2.865853658536585136e-01
1.170000000000000000e+03,2.460000000000405893e-06,3.170731707317073211e-01
1.171000000000000000e+03,2.380000000000405812e-06,3.902439024390244038e-01
1.172000000000000000e+03,2.300000000000405731e-06,4.573170731707317249e-01
1.173000000000000000e+03,2.220000000000405649e-06,5.609756097560976151e-01
1.174000000000000000e+03,2.140000000000405568e-06,6.524390243902439268e-01
1.175000000000000000e+03,2.060000000000405487e-06,6.890243902439023849e-01
1.176000000000000000e+03,1.980000000000405406e-06,7.073170731707316694e-01
1.177000000000000000e+03,1.900000000000405325e-06,7.195121951219511924e-01
1.178000000000000000e+03,1.820000000000405244e-06,7.256097560975609539e-01
1.179000000000000000e+03,1.740000000000405163e-06,7.256097560975609539e-01
1.180000000000000000e+03,1.660000000000405082e-06,7.256097560975609539e-01
1.181000000000000000e+03,1.580000000000405001e-06,7.256097560975609539e-01
1.182000000000000000e+03,1.500000000000404920e-06,7.256097560975609539e-01
1.183000000000000000e+03,1.420000000000404839e-06,7.621951219512195230e-01
1.184000000000000000e+03,1.340000000000404758e-06,7.621951219512195230e-01
1.185000000000000000e+03,1.260000000000404677e-06,7.682926829268292845e-01
1.186000000000000000e+03,1.180000000000404595e-06,7.743902439024390461e-01
1.187000000000000000e+03,1.100000000000404514e-06,7.743902439024390461e-01
1.188000000000000000e+03,1.020000000000404433e-06,7.804878048780488076e-01
1.189000000000000000e+03,9.400000000004044580e-07,7.804878048780488076e-01
1.190000000000000000e+03,8.600000000004044828e-07,7.804878048780488076e-01
1.191000000000000000e+03,7.800000000004045076e-07,7.804878048780488076e-01
1.192000000000000000e+03,7.000000000004045324e-07,7.865853658536585691e-01
1.193000000000000000e+03,6.200000000004045572e-07,7.926829268292683306e-01
1.194000000000000000e+03,5.400000000004045820e-07,7.926829268292683306e-01
1.195000000000000000e+03,4.600000000004046068e-07,7.926829268292683306e-01
1.196000000000000000e+03,3.800000000004046316e-07,8.170731707317072656e-01
1.197000000000000000e+03,8.430000000000405485e-06,0.000000000000000000e+00
1.198000000000000000e+03,8.350000000000406251e-06,0.000000000000000000e+00
1.199000000000000000e+03,8.270000000000407017e-06,0.000000000000000000e+00
1.200000000000000000e+03,8.190000000000407783e-06,0.000000000000000000e+00
1.201000000000000000e+03,8.110000000000408549e-06,0.000000000000000000e+00
1.202000000000000000e+03,8.030000000000409315e-06,0.000000000000000000e+00
1.203000000000000000e+03,7.950000000000410081e-06,0.000000000000000000e+00
1.204000000000000000e+03,7.870000000000410847e-06,0.000000000000000000e+00
1.205000000000000000e+03,7.790000000000411613e-06,0.000000000000000000e+00
1.206000000000000000e+03,7.710000000000412378e-06,0.000000000000000000e+00
1.207000000000000000e+03,7.630000000000413144e-06,0.000000000000000000e+00
1.208000000000000000e+03,7.550000000000413063e-06,0.000000000000000000e+00
1.209000000000000000e+03,7.470000000000412982e-06,0.000000000000000000e+00
1.210000000000000000e+03,7.390000000000412901e-06,0.000000000000000000e+00
1.211000000000000000e+03,7.310000000000412820e-06,0.000000000000000000e+00
1.212000000000000000e+03,7.230000000000412739e-06,0.000000000000000000e+00
1.213000000000000000e+03,7.150000000000412658e-06,0.000000000000000000e+00
1.214000000000000000e+03,7.070000000000412577e-06,0.000000000000000000e+00
1.215000000000000000e+03,6.990000000000412496e-06,0.000000000000000000e+00
1.216000000000000000e+03,6.910000000000412415e-06,0.000000000000000000e+00
1.217000000000000000e+03,6.830000000000412334e-06,0.000000000000000000e+00
1.218000000000000000e+03,6.750000000000412253e-06,0.000000000000000000e+00
1.219000000000000000e+03,6.670000000000412171e-06,0.000000000000000000e+00
1.220000000000000000e+03,6.590000000000412090e-06,0.000000000000000000e+00
1.221000000000000000e+03,6.510000000000412009e-06,0.000000000000000000e+00
1.222000000000000000e+03,6.430000000000411928e-06,0.000000000000000000e+00
1.223000000000000000e+03,6.350000000000411847e-06,0.000000000000000000e+00
1.224000000000000000e+03,6.270000000000411766e-06,0.000000000000000000e+00
1.225000000000000000e+03,6.190000000000411685e-06,0.000000000000000000e+00
1.226000000000000000e+03,6.110000000000411604e-06,0.000000000000000000e+00
1.227000000000000000e+03,6.030000000000411523e-06,0.000000000000000000e+00
1.228000000000000000e+03,5.950000000000411442e-06,0.000000000000000000e+00
1.229000000000000000e+03,5.870000000000411361e-06,0.000000000000000000e+00
1.230000000000000000e+03,5.790000000000411280e-06,0.000000000000000000e+00
1.231000000000000000e+03,5.710000000000411198e-06,0.000000000000000000e+00
1.232000000000000000e+03,5.630000000000411117e-06,0.000000000000000000e+00
1.233000000000000000e+03,5.550000000000411036e-06,0.000000000000000000e+00
1.234000000000000000e+03,5.470000000000410955e-06,0.000000000000000000e+00
1.235000000000000000e+03,5.390000000000410874e-06,0.000000000000000000e+00
1.236000000000000000e+03,5.310000000000410793e-06,0.000000000000000000e+00
1.237000000000000000e+03,5.230000000000410712e-06,0.000000000000000000e+00
1.238000000000000000e+03,5.150000000000410631e-06,0.000000000000000000e+00
1.239000000000000000e+03,5.070000000000410550e-06,0.000000000000000000e+00
1.240000000000000000e+03,4.990000000000410469e-06,0.000000000000000000e+00
1.241000000000000000e+03,4.910000000000410388e-06,0.000000000000000000e+00
1.242000000000000000e+03,4.830000000000410307e-06,0.000000000000000000e+00
1.243000000000000000e+03,4.750000000000410225e-06,0.000000000000000000e+00
1.244000000000000000e+03,4.670000000000410144e-06,0.000000000000000000e+00
1.245000000000000000e+03,4.590000000000410063e-06,0.000000000000000000e+00
1.246000000000000000e+03,4.510000000000409982e-06,0.000000000000000000e+00
1.247000000000000000e+03,4.430000000000409901e-06,0.000000000000000000e+00
1.248000000000000000e+03,4.350000000000409820e-06,0.000000000000000000e+00
1.249000000000000000e+03,4.270000000000409739e-06,0.000000000000000000e+00
1.250000000000000000e+03,4.190000000000409658e-06,0.000000000000000000e+00
1.251000000000000000e+03,4.110000000000409577e-06,0.000000000000000000e+00
1.252000000000000000e+03,4.030000000000409496e-06,0.000000000000000000e+00
1.253000000000000000e+03,3.950000000000409415e-06,0.000000000000000000e+00
1.254000000000000000e+03,3.870000000000409334e-06,0.000000000000000000e+00
1.255000000000000000e+03,3.790000000000409252e-06,0.000000000000000000e+00
1.256000000000000000e+03,3.710000000000409171e-06,0.000000000000000000e+00
1.257000000000000000e+03,3.630000000000409090e-06,0.000000000000000000e+00
1.258000000000000000e+03,3.550000000000409009e-06,0.000000000000000000e+00
1.259000000000000000e+03,3.470000000000408928e-06,0.000000000000000000e+00
1.260000000000000000e+03,3.390000000000408847e-06,0.000000000000000000e+00
1.261000000000000000e+03,3.310000000000408766e-06,0.000000000000000000e+00
1.262000000000000000e+03,3.230000000000408685e-06,0.000000000000000000e+00
1.263000000000000000e+03,3.150000000000408604e-06,0.000000000000000000e+00
1.264000000000000000e+03,3.070000000000408523e-06,0.000000000000000000e+00
1.265000000000000000e+03,2.990000000000408442e-06,0.000000000000000000e+00
1.266000000000000000e+03,2.910000000000408361e-06,0.000000000000000000e+00
1.267000000000000000e+03,2.830000000000408279e-06,0.000000000000000000e+00
1.268000000000000000e+03,2.750000000000408198e-06,0.000000000000000000e+00
1.269000000000000000e+03,2.670000000000408117e-06,1.219512195121951262e-02
1.270000000000000000e+03,2.590000000000408036e-06,1.219512195121951262e-02
1.271000000000000000e+03,2.510000000000407955e-06,1.829268292682926719e-02
1.272000000000000000e+03,2.430000000000407874e-06,9.146341463414633943e-02
1.273000000000000000e+03,2.350000000000407793e-06,1.036585365853658486e-01
1.274000000000000000e+03,2.270000000000407712e-06,1.890243902439024404e-01
1.275000000000000000e+03,2.190000000000407631e-06,3.170731707317073211e-01
1.276000000000000000e+03,2.110000000000407550e-06,3.414634146341463672e-01
1.277000000000000000e+03,2.030000000000407469e-06,3.841463414634146423e-01
1.278000000000000000e+03,1.950000000000407388e-06,4.146341463414633943e-01
1.279000000000000000e+03,1.870000000000407306e-06,4.634146341463414864e-01
1.280000000000000000e+03,1.790000000000407225e-06,4.939024390243902385e-01
1.281000000000000000e+03,1.710000000000407144e-06,5.182926829268292845e-01
1.282000000000000000e+03,1.630000000000407063e-06,5.548780487804878536e-01
1.283000000000000000e+03,1.550000000000406982e-06,5.975609756097560732e-01
1.284000000000000000e+03,1.470000000000406901e-06,6.341463414634146423e-01
1.285000000000000000e+03,1.390000000000406820e-06,6.402439024390244038e-01
1.286000000000000000e+03,1.310000000000406739e-06,6.402439024390244038e-01
1.287000000000000000e+03,1.230000000000406658e-06,6.463414634146341653e-01
1.288000000000000000e+03,1.150000000000406577e-06,6.707317073170732113e-01
1.289000000000000000e+03,1.070000000000406496e-06,6.829268292682927344e-01
1.290000000000000000e+03,9.900000000004064145e-07,6.829268292682927344e-01
1.291000000000000000e+03,9.100000000004064393e-07,6.951219512195121464e-01
1.292000000000000000e+03,8.300000000004064641e-07,7.073170731707316694e-01
1.293000000000000000e+03,7.500000000004064889e-07,7.195121951219511924e-01
1.294000000000000000e+03,6.700000000004065137e-07,7.256097560975609539e-01
1.295000000000000000e+03,5.900000000004065385e-07,7.439024390243902385e-01
1.296000000000000000e+03,5.100000000004065633e-07,7.439024390243902385e-01
1.297000000000000000e+03,4.300000000004065881e-07,7.439024390243902385e-01
1.298000000000000000e+03,3.500000000004066129e-07,7.621951219512195230e-01
1.299000000000000000e+03,2.700000000004066377e-07,7.682926829268292845e-01
1.300000000000000000e+03,1.900000000004066360e-07,7.682926829268292845e-01
1.301000000000000000e+03,1.100000000004066344e-07,7.804878048780488076e-01
1.302000000000000000e+03,3.000000000040663269e-08,7.865853658536585691e-01
1.303000000000000000e+03,-4.999999999959336898e-08,7.926829268292683306e-01
1.304000000000000000e+03,-1.299999999995933707e-07,7.926829268292683306e-01
1.305000000000000000e+03,-2.099999999995933723e-07,7.926829268292683306e-01
1.306000000000000000e+03,-2.899999999995934005e-07,7.926829268292683306e-01
1.307000000000000000e+03,-3.699999999995933757e-07,7.926829268292683306e-01
1.308000000000000000e+03,-4.499999999995933509e-07,7.987804878048780921e-01
1.309000000000000000e+03,-5.299999999995933261e-07,7.987804878048780921e-01
1.310000000000000000e+03,-6.099999999995933013e-07,7.987804878048780921e-01
1.311000000000000000e+03,-6.899999999995932765e-07,7.987804878048780921e-01
1.312000000000000000e+03,-7.699999999995932517e-07,7.987804878048780921e-01
1.313000000000000000e+03,-8.499999999995932269e-07,8.170731707317072656e-01
1.314000000000000000e+03,7.350000000000406508e-06,0.000000000000000000e+00
1.315000000000000000e+03,7.270000000000406427e-06,0.000000000000000000e+00
1.316000000000000000e+03,7.190000000000406346e-06,0.000000000000000000e+00
1.317000000000000000e+03,7.110000000000406265e-06,0.000000000000000000e+00
1.318000000000000000e+03,7.030000000000406184e-06,0.000000000000000000e+00
1.319000000000000000e+03,6.950000000000406102e-06,0.000000000000000000e+00
1.320000000000000000e+03,6.870000000000406021e-06,0.000000000000000000e+00
1.321000000000000000e+03,6.790000000000405940e-06,0.000000000000000000e+00
1.322000000000000000e+03,6.710000000000405859e-06,0.000000000000000000e+00
1.323000000000000000e+03,6.630000000000405778e-06,0.000000000000000000e+00
1.324000000000000000e+03,6.550000000000405697e-06,0.000000000000000000e+00
1.325000000000000000e+03,6.470000000000405616e-06,0.000000000000000000e+00
1.326000000000000000e+03,6.390000000000405535e-06,0.000000000000000000e+00
1.327000000000000000e+03,6.310000000000405454e-06,0.000000000000000000e+00
1.328000000000000000e+03,6.230000000000405373e-06,0.000000000000000000e+00
1.329000000000000000e+03,6.150000000000405292e-06,0.000000000000000000e+00
1.330000000000000000e+03,6.070000000000405211e-06,0.000000000000000000e+00
1.331000000000000000e+03,5.990000000000405129e-06,0.000000000000000000e+00
1.332000000000000000e+03,5.910000000000405048e-06,0.000000000000000000e+00
1.333000000000000000e+03,5.830000000000404967e-06,0.000000000000000000e+00
1.334000000000000000e+03,5.750000000000404886e-06,0.000000000000000000e+00
1.335000000000000000e+03,5.670000000000404805e-06,0.000000000000000000e+00
1.336000000000000000e+03,5.590000000000404724e-06,0.000000000000000000e+00
1.337000000000000000e+03,5.510000000000404643e-06,0.000000000000000000e+00
1.338000000000000000e+03,5.430000000000404562e-06,0.000000000000000000e+00
1.339000000000000000e+03,5.350000000000404481e-06,0.000000000000000000e+00
1.340000000000000000e+03,5.270000000000404400e-06,0.000000000000000000e+00
1.341000000000000000e+03,5.190000000000404319e-06,0.000000000000000000e+00
1.342000000000000000e+03,5.110000000000404238e-06,0.000000000000000000e+00
1.343000000000000000e+03,5.030000000000404156e-06,0.000000000000000000e+00
1.344000000000000000e+03,4.950000000000404075e-06,0.000000000000000000e+00
1.345000000000000000e+03,4.870000000000403994e-06,0.000000000000000000e+00
1.346000000000000000e+03,4.790000000000403913e-06,0.000000000000000000e+00
1.347000000000000000e+03,4.710000000000403832e-06,0.000000000000000000e+00
1.348000000000000000e+03,4.630000000000403751e-06,0.000000000000000000e+00
1.349000000000000000e+03,4.550000000000403670e-06,0.000000000000000000e+00
1.350000000000000000e+03,4.470000000000403589e-06,0.000000000000000000e+00
1.351000000000000000e+03,4.390000000000403508e-06,0.000000000000000000e+00
1.352000000000000000e+03,4.310000000000403427e-06,0.000000000000000000e+00
1.353000000000000000e+03,4.230000000000403346e-06,0.000000000000000000e+00
1.354000000000000000e+03,4.150000000000403265e-06,0.000000000000000000e+00
1.355000000000000000e+03,4.070000000000403184e-06,0.000000000000000000e+00
1.356000000000000000e+03,3.990000000000403102e-06,0.000000000000000000e+00
1.357000000000000000e+03,3.910000000000403021e-06,0.000000000000000000e+00
1.358000000000000000e+03,3.830000000000402940e-06,0.000000000000000000e+00
1.359000000000000000e+03,3.750000000000402859e-06,0.000000000000000000e+00
1.360000000000000000e+03,3.670000000000402778e-06,0.000000000000000000e+00
1.361000000000000000e+03,3.590000000000402697e-06,0.000000000000000000e+00
1.362000000000000000e+03,3.510000000000402616e-06,0.000000000000000000e+00
1.363000000000000000e+03,3.430000000000402535e-06,0.000000000000000000e+00
1.364000000000000000e+03,3.350000000000402454e-06,0.000000000000000000e+00
1.365000000000000000e+03,3.270000000000402373e-06,0.000000000000000000e+00
1.366000000000000000e+03,3.190000000000402292e-06,0.000000000000000000e+00
1.367000000000000000e+03,3.110000000000402211e-06,0.000000000000000000e+00
1.368000000000000000e+03,3.030000000000402129e-06,0.000000000000000000e+00
1.369000000000000000e+03,2.950000000000402048e-06,0.000000000000000000e+00
1.370000000000000000e+03,2.870000000000401967e-06,0.000000000000000000e+00
1.371000000000000000e+03,2.790000000000401886e-06,0.000000000000000000e+00
1.372000000000000000e+03,2.710000000000401805e-06,0.000000000000000000e+00
1.373000000000000000e+03,2.630000000000401724e-06,0.000000000000000000e+00
1.374000000000000000e+03,2.550000000000401643e-06,0.000000000000000000e+00
1.375000000000000000e+03,2.470000000000401562e-06,0.000000000000000000e+00
1.376000000000000000e+03,2.390000000000401481e-06,0.000000000000000000e+00
1.377000000000000000e+03,2.310000000000401400e-06,0.000000000000000000e+00
1.378000000000000000e+03,2.230000000000401319e-06,0.000000000000000000e+00
1.379000000000000000e+03,2.150000000000401238e-06,0.000000000000000000e+00
1.380000000000000000e+03,2.070000000000401156e-06,0.000000000000000000e+00
1.381000000000000000e+03,1.990000000000401075e-06,0.000000000000000000e+00
1.382000000000000000e+03,1.910000000000400994e-06,0.000000000000000000e+00
1.383000000000000000e+03,1.830000000000400913e-06,0.000000000000000000e+00
1.384000000000000000e+03,1.750000000000400832e-06,0.000000000000000000e+00
1.385000000000000000e+03,1.670000000000400751e-06,0.000000000000000000e+00
1.386000000000000000e+03,1.590000000000400670e-06,0.000000000000000000e+00
1.387000000000000000e+03,1.510000000000400589e-06,1.646341463414634221e-01
1.388000000000000000e+03,1.430000000000400508e-06,2.621951219512195230e-01
1.389000000000000000e+03,1.350000000000400427e-06,3.048780487804877981e-01
1.390000000000000000e+03,1.270000000000400346e-06,3.414634146341463672e-01
1.391000000000000000e+03,1.190000000000400265e-06,3.658536585365853577e-01
1.392000000000000000e+03,1.110000000000400183e-06,4.085365853658536328e-01
1.393000000000000000e+03,1.030000000000400102e-06,4.451219512195122019e-01
1.394000000000000000e+03,9.500000000004001271e-07,4.573170731707317249e-01
1.395000000000000000e+03,8.700000000004001519e-07,4.939024390243902385e-01
1.396000000000000000e+03,7.900000000004001767e-07,5.792682926829267887e-01
1.397000000000000000e+03,7.100000000004002015e-07,6.097560975609755962e-01
1.398000000000000000e+03,6.300000000004002263e-07,6.219512195121951192e-01
1.399000000000000000e+03,5.500000000004002511e-07,6.890243902439023849e-01
1.400000000000000000e+03,4.700000000004002759e-07,7.256097560975609539e-01
1.401000000000000000e+03,3.900000000004003007e-07,7.378048780487804770e-01
1.402000000000000000e+03,3.100000000004003255e-07,7.439024390243902385e-01
1.403000000000000000e+03,2.300000000004003238e-07,7.500000000000000000e-01
1.404000000000000000e+03,1.500000000004003222e-07,7.682926829268292845e-01
1.405000000000000000e+03,7.000000000040032049e-08,7.743902439024390461e-01
1.406000000000000000e+03,-9.999999999599681189e-09,7.804878048780488076e-01
1.407000000000000000e+03,-8.999999999959968286e-08,7.804878048780488076e-01
1.408000000000000000e+03,-1.699999999995996845e-07,7.865853658536585691e-01
1.409000000000000000e+03,-2.499999999995997127e-07,7.926829268292683306e-01
1.410000000000000000e+03,-3.299999999995996879e-07,7.987804878048780921e-01
1.411000000000000000e+03,-4.099999999995996631e-07,7.987804878048780921e-01
1.412000000000000000e+03,-4.899999999995996383e-07,7.987804878048780921e-01
1.413000000000000000e+03,-5.699999999995996135e-07,8.048780487804878536e-01
1.414000000000000000e+03,7.380000000000401986e-06,0.000000000000000000e+00
1.415000000000000000e+03,7.300000000000401904e-06,0.000000000000000000e+00
1.416000000000000000e+03,7.220000000000401823e-06,0.000000000000000000e+00
1.417000000000000000e+03,7.140000000000401742e-06,0.000000000000000000e+00
1.418000000000000000e+03,7.060000000000401661e-06,0.000000000000000000e+00
1.419000000000000000e+03,6.980000000000401580e-06,0.000000000000000000e+00
1.420000000000000000e+03,6.900000000000401499e-06,0.000000000000000000e+00
1.421000000000000000e+03,6.820000000000401418e-06,0.000000000000000000e+00
1.422000000000000000e+03,6.740000000000401337e-06,0.000000000000000000e+00
1.423000000000000000e+03,6.660000000000401256e-06,0.000000000000000000e+00
1.424000000000000000e+03,6.580000000000401175e-06,0.000000000000000000e+00
1.425000000000000000e+03,6.500000000000401094e-06,0.000000000000000000e+00
1.426000000000000000e+03,6.420000000000401013e-06,0.000000000000000000e+00
1.427000000000000000e+03,6.340000000000400931e-06,0.000000000000000000e+00
1.428000000000000000e+03,6.260000000000400850e-06,0.000000000000000000e+00
1.429000000000000000e+03,6.180000000000400769e-06,0.000000000000000000e+00
1.430000000000000000e+03,6.100000000000400688e-06,0.000000000000000000e+00
1.431000000000000000e+03,6.020000000000400607e-06,0.000000000000000000e+00
1.432000000000000000e+03,5.940000000000400526e-06,0.000000000000000000e+00
1.433000000000000000e+03,5.860000000000400445e-06,0.000000000000000000e+00
1.434000000000000000e+03,5.780000000000400364e-06,0.000000000000000000e+00
1.435000000000000000e+03,5.700000000000400283e-06,0.000000000000000000e+00
1.436000000000000000e+03,5.620000000000400202e-06,0.000000000000000000e+00
1.437000000000000000e+03,5.540000000000400121e-06,0.000000000000000000e+00
1.438000000000000000e+03,5.460000000000400040e-06,0.000000000000000000e+00
1.439000000000000000e+03,5.380000000000399958e-06,0.000000000000000000e+00
1.440000000000000000e+03,5.300000000000399877e-06,0.000000000000000000e+00
1.441000000000000000e+03,5.220000000000399796e-06,0.000000000000000000e+00
1.442000000000000000e+03,5.140000000000399715e-06,0.000000000000000000e+00
1.443000000000000000e+03,5.060000000000399634e-06,0.000000000000000000e+00
1.444000000000000000e+03,4.980000000000399553e-06,0.000000000000000000e+00
1.445000000000000000e+03,4.900000000000399472e-06,0.000000000000000000e+00
1.446000000000000000e+03,4.820000000000399391e-06,0.000000000000000000e+00
1.447000000000000000e+03,4.740000000000399310e-06,0.000000000000000000e+00
1.448000000000000000e+03,4.660000000000399229e-06,0.000000000000000000e+00
1.449000000000000000e+03,4.580000000000399148e-06,0.000000000000000000e+00
1.450000000000000000e+03,4.500000000000399067e-06,0.000000000000000000e+00
1.451000000000000000e+03,4.420000000000398985e-06,0.000000000000000000e+00
1.452000000000000000e+03,4.340000000000398904e-06,0.000000000000000000e+00
1.453000000000000000e+03,4.260000000000398823e-06,0.000000000000000000e+00
1.454000000000000000e+03,4.180000000000398742e-06,0.000000000000000000e+00
1.455000000000000000e+03,4.100000000000398661e-06,0.000000000000000000e+00
1.456000000000000000e+03,4.020000000000398580e-06,0.000000000000000000e+00
1.457000000000000000e+03,3.940000000000398499e-06,0.000000000000000000e+00
1.458000000000000000e+03,3.860000000000398418e-06,0.000000000000000000e+00
1.459000000000000000e+03,3.780000000000398337e-06,0.000000000000000000e+00
1.460000000000000000e+03,3.700000000000398256e-06,0.000000000000000000e+00
1.461000000000000000e+03,3.620000000000398175e-06,0.000000000000000000e+00
1.462000000000000000e+03,3.540000000000398094e-06,0.000000000000000000e+00
1.463000000000000000e+03,3.460000000000398012e-06,0.000000000000000000e+00
1.464000000000000000e+03,3.380000000000397931e-06,0.000000000000000000e+00
1.465000000000000000e+03,3.300000000000397850e-06,0.000000000000000000e+00
1.466000000000000000e+03,3.220000000000397769e-06,0.000000000000000000e+00
1.467000000000000000e+03,3.140000000000397688e-06,0.000000000000000000e+00
1.468000000000000000e+03,3.060000000000397607e-06,0.000000000000000000e+00
1.469000000000000000e+03,2.980000000000397526e-06,0.000000000000000000e+00
1.470000000000000000e+03,2.900000000000397445e-06,0.000000000000000000e+00
1.471000000000000000e+03,2.820000000000397364e-06,0.000000000000000000e+00
1.472000000000000000e+03,2.740000000000397283e-06,0.000000000000000000e+00
1.473000000000000000e+03,2.660000000000397202e-06,0.000000000000000000e+00
1.474000000000000000e+03,2.580000000000397121e-06,0.000000000000000000e+00
1.475000000000000000e+03,2.500000000000397039e-06,0.000000000000000000e+00
1.476000000000000000e+03,2.420000000000396958e-06,0.000000000000000000e+00
1.477000000000000000e+03,2.340000000000396877e-06,0.000000000000000000e+00
1.478000000000000000e+03,2.260000000000396796e-06,0.000000000000000000e+00
1.479000000000000000e+03,2.180000000000396715e-06,0.000000000000000000e+00
1.480000000000000000e+03,2.100000000000396634e-06,0.000000000000000000e+00
1.481000000000000000e+03,2.020000000000396553e-06,0.000000000000000000e+00
1.482000000000000000e+03,1.940000000000396472e-06,0.000000000000000000e+00
1.483000000000000000e+03,1.860000000000396391e-06,0.000000000000000000e+00
1.484000000000000000e+03,1.780000000000396310e-06,0.000000000000000000e+00
1.485000000000000000e+03,1.700000000000396229e-06,0.000000000000000000e+00
1.486000000000000000e+03,1.620000000000396148e-06,0.000000000000000000e+00
1.487000000000000000e+03,1.540000000000396066e-06,0.000000000000000000e+00
1.488000000000000000e+03,1.460000000000395985e-06,0.000000000000000000e+00
1.489000000000000000e+03,1.380000000000395904e-06,0.000000000000000000e+00
1.490000000000000000e+03,1.300000000000395823e-06,0.000000000000000000e+00
1.491000000000000000e+03,1.220000000000395742e-06,1.951219512195122019e-01
1.492000000000000000e+03,1.140000000000395661e-06,2.439024390243902385e-01
1.493000000000000000e+03,1.060000000000395580e-06,3.719512195121951192e-01
1.494000000000000000e+03,9.800000000003954989e-07,4.451219512195122019e-01
1.495000000000000000e+03,9.000000000003955237e-07,5.304878048780488076e-01
1.496000000000000000e+03,8.200000000003955485e-07,5.487804878048780921e-01
1.497000000000000000e+03,7.400000000003955733e-07,6.158536585365853577e-01
1.498000000000000000e+03,6.600000000003955980e-07,6.707317073170732113e-01
1.499000000000000000e+03,5.800000000003956228e-07,6.951219512195121464e-01
1.500000000000000000e+03,5.000000000003956476e-07,7.378048780487804770e-01
1.501000000000000000e+03,4.200000000003956724e-07,7.621951219512195230e-01
1.502000000000000000e+03,3.400000000003956972e-07,7.682926829268292845e-01
1.503000000000000000e+03,2.600000000003957220e-07,7.682926829268292845e-01
1.504000000000000000e+03,1.800000000003957204e-07,7.743902439024390461e-01
1.505000000000000000e+03,1.000000000003957187e-07,7.987804878048780921e-01
1.506000000000000000e+03,2.000000000039571701e-08,7.987804878048780921e-01
1.507000000000000000e+03,-5.999999999960428467e-08,8.170731707317072656e-01
1.508000000000000000e+03,7.790000000000396366e-06,0.000000000000000000e+00
1.509000000000000000e+03,7.710000000000397132e-06,0.000000000000000000e+00
1.510000000000000000e+03,7.630000000000397898e-06,0.000000000000000000e+00
1.511000000000000000e+03,7.550000000000397817e-06,0.000000000000000000e+00
1.512000000000000000e+03,7.470000000000397736e-06,0.000000000000000000e+00
1.513000000000000000e+03,7.390000000000397655e-06,0.000000000000000000e+00
1.514000000000000000e+03,7.310000000000397574e-06,0.000000000000000000e+00
1.515000000000000000e+03,7.230000000000397492e-06,0.000000000000000000e+00
1.516000000000000000e+03,7.150000000000397411e-06,0.000000000000000000e+00
1.517000000000000000e+03,7.070000000000397330e-06,0.000000000000000000e+00
1.518000000000000000e+03,6.990000000000397249e-06,0.000000000000000000e+00
1.519000000000000000e+03,6.910000000000397168e-06,0.000000000000000000e+00
1.520000000000000000e+03,6.830000000000397087e-06,0.000000000000000000e+00
1.521000000000000000e+03,6.750000000000397006e-06,0.000000000000000000e+00
1.522000000000000000e+03,6.670000000000396925e-06,0.000000000000000000e+00
1.523000000000000000e+03,6.590000000000396844e-06,0.000000000000000000e+00
1.524000000000000000e+03,6.510000000000396763e-06,0.000000000000000000e+00
1.525000000000000000e+03,6.430000000000396682e-06,0.000000000000000000e+00
1.526000000000000000e+03,6.350000000000396601e-06,0.000000000000000000e+00
1.527000000000000000e+03,6.270000000000396519e-06,0.000000000000000000e+00
1.528000000000000000e+03,6.190000000000396438e-06,0.000000000000000000e+00
1.529000000000000000e+03,6.110000000000396357e-06,0.000000000000000000e+00
1.530000000000000000e+03,6.030000000000396276e-06,0.000000000000000000e+00
1.531000000000000000e+03,5.950000000000396195e-06,0.000000000000000000e+00
1.532000000000000000e+03,5.870000000000396114e-06,0.000000000000000000e+00
1.533000000000000000e+03,5.790000000000396033e-06,0.000000000000000000e+00
1.534000000000000000e+03,5.710000000000395952e-06,0.000000000000000000e+00
1.535000000000000000e+03,5.630000000000395871e-06,0.000000000000000000e+00
1.536000000000000000e+03,5.550000000000395790e-06,0.000000000000000000e+00
1.537000000000000000e+03,5.470000000000395709e-06,0.000000000000000000e+00
1.538000000000000000e+03,5.390000000000395628e-06,0.000000000000000000e+00
1.539000000000000000e+03,5.310000000000395546e-06,0.000000000000000000e+00
1.540000000000000000e+03,5.230000000000395465e-06,0.000000000000000000e+00
1.541000000000000000e+03,5.150000000000395384e-06,0.000000000000000000e+00
1.542000000000000000e+03,5.070000000000395303e-06,0.000000000000000000e+00
1.543000000000000000e+03,4.990000000000395222e-06,0.000000000000000000e+00
1.544000000000000000e+03,4.910000000000395141e-06,0.000000000000000000e+00
1.545000000000000000e+03,4.830000000000395060e-06,0.000000000000000000e+00
1.546000000000000000e+03,4.750000000000394979e-06,0.000000000000000000e+00
1.547000000000000000e+03,4.670000000000394898e-06,0.000000000000000000e+00
1.548000000000000000e+03,4.590000000000394817e-06,0.000000000000000000e+00
1.549000000000000000e+03,4.510000000000394736e-06,0.000000000000000000e+00
1.550000000000000000e+03,4.430000000000394655e-06,0.000000000000000000e+00
1.551000000000000000e+03,4.350000000000394573e-06,0.000000000000000000e+00
1.552000000000000000e+03,4.270000000000394492e-06,0.000000000000000000e+00
1.553000000000000000e+03,4.190000000000394411e-06,0.000000000000000000e+00
1.554000000000000000e+03,4.110000000000394330e-06,0.000000000000000000e+00
1.555000000000000000e+03,4.030000000000394249e-06,0.000000000000000000e+00
1.556000000000000000e+03,3.950000000000394168e-06,0.000000000000000000e+00
1.557000000000000000e+03,3.870000000000394087e-06,0.000000000000000000e+00
1.558000000000000000e+03,3.790000000000394006e-06,0.000000000000000000e+00
1.559000000000000000e+03,3.710000000000393925e-06,0.000000000000000000e+00
1.560000000000000000e+03,3.630000000000393844e-06,0.000000000000000000e+00
1.561000000000000000e+03,3.550000000000393763e-06,0.000000000000000000e+00
1.562000000000000000e+03,3.470000000000393682e-06,0.000000000000000000e+00
1.563000000000000000e+03,3.390000000000393600e-06,0.000000000000000000e+00
1.564000000000000000e+03,3.310000000000393519e-06,0.000000000000000000e+00
1.565000000000000000e+03,3.230000000000393438e-06,0.000000000000000000e+00
1.566000000000000000e+03,3.150000000000393357e-06,0.000000000000000000e+00
1.567000000000000000e+03,3.070000000000393276e-06,0.000000000000000000e+00
1.568000000000000000e+03,2.990000000000393195e-06,0.000000000000000000e+00
1.569000000000000000e+03,2.910000000000393114e-06,0.000000000000000000e+00
1.570000000000000000e+03,2.830000000000393033e-06,0.000000000000000000e+00
1.571000000000000000e+03,2.750000000000392952e-06,0.000000000000000000e+00
1.572000000000000000e+03,2.670000000000392871e-06,0.000000000000000000e+00
1.573000000000000000e+03,2.590000000000392790e-06,0.000000000000000000e+00
1.574000000000000000e+03,2.510000000000392709e-06,0.000000000000000000e+00
1.575000000000000000e+03,2.430000000000392627e-06,0.000000000000000000e+00
1.576000000000000000e+03,2.350000000000392546e-06,0.000000000000000000e+00
1.577000000000000000e+03,2.270000000000392465e-06,0.000000000000000000e+00
1.578000000000000000e+03,2.190000000000392384e-06,0.000000000000000000e+00
1.579000000000000000e+03,2.110000000000392303e-06,0.000000000000000000e+00
1.580000000000000000e+03,2.030000000000392222e-06,0.000000000000000000e+00
1.581000000000000000e+03,1.950000000000392141e-06,6.097560975609756309e-03
1.582000000000000000e+03,1.870000000000392060e-06,6.097560975609756309e-03
1.583000000000000000e+03,1.790000000000391979e-06,1.219512195121951262e-02
1.584000000000000000e+03,1.710000000000391898e-06,9.146341463414633943e-02
1.585000000000000000e+03,1.630000000000391817e-06,9.146341463414633943e-02
1.586000000000000000e+03,1.550000000000391736e-06,1.341463414634146423e-01
1.587000000000000000e+03,1.470000000000391654e-06,1.585365853658536606e-01
1.588000000000000000e+03,1.390000000000391573e-06,2.865853658536585136e-01
1.589000000000000000e+03,1.310000000000391492e-06,3.841463414634146423e-01
1.590000000000000000e+03,1.230000000000391411e-06,4.085365853658536328e-01
1.591000000000000000e+03,1.150000000000391330e-06,4.817073170731707155e-01
1.592000000000000000e+03,1.070000000000391249e-06,5.121951219512195230e-01
1.593000000000000000e+03,9.900000000003911680e-07,5.670731707317072656e-01
1.594000000000000000e+03,9.100000000003911928e-07,6.097560975609755962e-01
1.595000000000000000e+03,8.300000000003912175e-07,6.219512195121951192e-01
1.596000000000000000e+03,7.500000000003912423e-07,6.524390243902439268e-01
1.597000000000000000e+03,6.700000000003912671e-07,6.585365853658536883e-01
1.598000000000000000e+03,5.900000000003912919e-07,6.768292682926829729e-01
1.599000000000000000e+03,5.100000000003913167e-07,6.768292682926829729e-01
1.600000000000000000e+03,4.300000000003913415e-07,6.829268292682927344e-01
1.601000000000000000e+03,3.500000000003913663e-07,6.890243902439023849e-01
1.602000000000000000e+03,2.700000000003913911e-07,6.951219512195121464e-01
1.603000000000000000e+03,1.900000000003913894e-07,6.951219512195121464e-01
1.604000000000000000e+03,1.100000000003913878e-07,7.195121951219511924e-01
1.605000000000000000e+03,3.000000000039138610e-08,7.317073170731707155e-01
1.606000000000000000e+03,-4.999999999960861558e-08,7.317073170731707155e-01
1.607000000000000000e+03,-1.299999999996086173e-07,7.378048780487804770e-01
1.608000000000000000e+03,-2.099999999996086189e-07,7.500000000000000000e-01
1.609000000000000000e+03,-2.899999999996086471e-07,7.621951219512195230e-01
1.610000000000000000e+03,-3.699999999996086223e-07,7.682926829268292845e-01
1.611000000000000000e+03,-4.499999999996085975e-07,7.743902439024390461e-01
1.612000000000000000e+03,-5.299999999996085727e-07,7.743902439024390461e-01
1.613000000000000000e+03,-6.099999999996085479e-07,7.865853658536585691e-01
1.614000000000000000e+03,-6.899999999996085231e-07,7.987804878048780921e-01
1.615000000000000000e+03,-7.699999999996084983e-07,7.987804878048780921e-01
1.616000000000000000e+03,-8.499999999996084735e-07,7.987804878048780921e-01
1.617000000000000000e+03,-9.299999999996084487e-07,7.987804878048780921e-01
1.618000000000000000e+03,-1.009999999999608530e-06,7.987804878048780921e-01
1.619000000000000000e+03,-1.089999999999608611e-06,7.987804878048780921e-01
1.620000000000000000e+03,-1.169999999999608692e-06,7.987804878048780921e-01
1.621000000000000000e+03,-1.249999999999608773e-06,7.987804878048780921e-01
1.622000000000000000e+03,-1.329999999999608854e-06,7.987804878048780921e-01
1.623000000000000000e+03,-1.409999999999608935e-06,7.987804878048780921e-01
1.624000000000000000e+03,-1.489999999999609016e-06,7.987804878048780921e-01
1.625000000000000000e+03,-1.569999999999609097e-06,8.048780487804878536e-01
1.626000000000000000e+03,6.380000000000392925e-06,0.000000000000000000e+00
1.627000000000000000e+03,6.300000000000392844e-06,0.000000000000000000e+00
1.628000000000000000e+03,6.220000000000392763e-06,0.000000000000000000e+00
1.629000000000000000e+03,6.140000000000392682e-06,0.000000000000000000e+00
1.630000000000000000e+03,6.060000000000392601e-06,0.000000000000000000e+00
1.631000000000000000e+03,5.980000000000392520e-06,0.000000000000000000e+00
1.632000000000000000e+03,5.900000000000392439e-06,0.000000000000000000e+00
1.633000000000000000e+03,5.820000000000392358e-06,0.000000000000000000e+00
1.634000000000000000e+03,5.740000000000392276e-06,0.000000000000000000e+00
1.635000000000000000e+03,5.660000000000392195e-06,0.000000000000000000e+00
1.636000000000000000e+03,5.580000000000392114e-06,0.000000000000000000e+00
1.637000000000000000e+03,5.500000000000392033e-06,0.000000000000000000e+00
1.638000000000000000e+03,5.420000000000391952e-06,0.000000000000000000e+00
1.639000000000000000e+03,5.340000000000391871e-06,0.000000000000000000e+00
1.640000000000000000e+03,5.260000000000391790e-06,0.000000000000000000e+00
1.641000000000000000e+03,5.180000000000391709e-06,0.000000000000000000e+00
1.642000000000000000e+03,5.100000000000391628e-06,0.000000000000000000e+00
1.643000000000000000e+03,5.020000000000391547e-06,0.000000000000000000e+00
1.644000000000000000e+03,4.940000000000391466e-06,0.000000000000000000e+00
1.645000000000000000e+03,4.860000000000391385e-06,0.000000000000000000e+00
1.646000000000000000e+03,4.780000000000391304e-06,0.000000000000000000e+00
1.647000000000000000e+03,4.700000000000391222e-06,0.000000000000000000e+00
1.648000000000000000e+03,4.620000000000391141e-06,0.000000000000000000e+00
1.649000000000000000e+03,4.540000000000391060e-06,0.000000000000000000e+00
1.650000000000000000e+03,4.460000000000390979e-06,0.000000000000000000e+00
1.651000000000000000e+03,4.380000000000390898e-06,0.000000000000000000e+00
1.652000000000000000e+03,4.300000000000390817e-06,0.000000000000000000e+00
1.653000000000000000e+03,4.220000000000390736e-06,0.000000000000000000e+00
1.654000000000000000e+03,4.140000000000390655e-06,0.000000000000000000e+00
1.655000000000000000e+03,4.060000000000390574e-06,0.000000000000000000e+00
1.656000000000000000e+03,3.980000000000390493e-06,0.000000000000000000e+00
1.657000000000000000e+03,3.900000000000390412e-06,0.000000000000000000e+00
1.658000000000000000e+03,3.820000000000390331e-06,0.000000000000000000e+00
1.659000000000000000e+03,3.740000000000390249e-06,0.000000000000000000e+00
1.660000000000000000e+03,3.660000000000390168e-06,0.000000000000000000e+00
1.661000000000000000e+03,3.580000000000390087e-06,0.000000000000000000e+00
1.662000000000000000e+03,3.500000000000390006e-06,0.000000000000000000e+00
1.663000000000000000e+03,3.420000000000389925e-06,0.000000000000000000e+00
1.664000000000000000e+03,3.340000000000389844e-06,0.000000000000000000e+00
1.665000000000000000e+03,3.260000000000389763e-06,0.000000000000000000e+00
1.666000000000000000e+03,3.180000000000389682e-06,0.000000000000000000e+00
1.667000000000000000e+03,3.100000000000389601e-06,0.000000000000000000e+00
1.668000000000000000e+03,3.020000000000389520e-06,0.000000000000000000e+00
1.669000000000000000e+03,2.940000000000389439e-06,0.000000000000000000e+00
1.670000000000000000e+03,2.860000000000389358e-06,0.000000000000000000e+00
1.671000000000000000e+03,2.780000000000389276e-06,0.000000000000000000e+00
1.672000000000000000e+03,2.700000000000389195e-06,0.000000000000000000e+00
1.673000000000000000e+03,2.620000000000389114e-06,0.000000000000000000e+00
1.674000000000000000e+03,2.540000000000389033e-06,0.000000000000000000e+00
1.675000000000000000e+03,2.460000000000388952e-06,0.000000000000000000e+00
1.676000000000000000e+03,2.380000000000388871e-06,0.000000000000000000e+00
1.677000000000000000e+03,2.300000000000388790e-06,0.000000000000000000e+00
1.678000000000000000e+03,2.220000000000388709e-06,0.000000000000000000e+00
1.679000000000000000e+03,2.140000000000388628e-06,0.000000000000000000e+00
1.680000000000000000e+03,2.060000000000388547e-06,0.000000000000000000e+00
1.681000000000000000e+03,1.980000000000388466e-06,0.000000000000000000e+00
1.682000000000000000e+03,1.900000000000388385e-06,0.000000000000000000e+00
1.683000000000000000e+03,1.820000000000388303e-06,0.000000000000000000e+00
1.684000000000000000e+03,1.740000000000388222e-06,0.000000000000000000e+00
1.685000000000000000e+03,1.660000000000388141e-06,0.000000000000000000e+00
1.686000000000000000e+03,1.580000000000388060e-06,0.000000000000000000e+00
1.687000000000000000e+03,1.500000000000387979e-06,0.000000000000000000e+00
1.688000000000000000e+03,1.420000000000387898e-06,0.000000000000000000e+00
1.689000000000000000e+03,1.340000000000387817e-06,0.000000000000000000e+00
1.690000000000000000e+03,1.260000000000387736e-06,0.000000000000000000e+00
1.691000000000000000e+03,1.180000000000387655e-06,0.000000000000000000e+00
1.692000000000000000e+03,1.100000000000387574e-06,0.000000000000000000e+00
1.693000000000000000e+03,1.020000000000387493e-06,0.000000000000000000e+00
1.694000000000000000e+03,9.400000000003875174e-07,0.000000000000000000e+00
1.695000000000000000e+03,8.600000000003875422e-07,0.000000000000000000e+00
1.696000000000000000e+03,7.800000000003875670e-07,0.000000000000000000e+00
1.697000000000000000e+03,7.000000000003875918e-07,0.000000000000000000e+00
1.698000000000000000e+03,6.200000000003876166e-07,1.219512195121951262e-02
1.699000000000000000e+03,5.400000000003876414e-07,2.378048780487804770e-01
1.700000000000000000e+03,4.600000000003876662e-07,2.926829268292682751e-01
1.701000000000000000e+03,3.800000000003876910e-07,3.414634146341463672e-01
1.702000000000000000e+03,3.000000000003877158e-07,4.390243902439024404e-01
1.703000000000000000e+03,2.200000000003877141e-07,4.878048780487804770e-01
1.704000000000000000e+03,1.400000000003877124e-07,5.060975609756097615e-01
1.705000000000000000e+03,6.000000000038771073e-08,5.609756097560976151e-01
1.706000000000000000e+03,-1.999999999961229094e-08,6.097560975609755962e-01
1.707000000000000000e+03,-9.999999999961229261e-08,6.646341463414634498e-01
1.708000000000000000e+03,-1.799999999996122943e-07,6.890243902439023849e-01
1.709000000000000000e+03,-2.599999999996123224e-07,7.012195121951219079e-01
1.710000000000000000e+03,-3.399999999996122976e-07,7.073170731707316694e-01
1.711000000000000000e+03,-4.199999999996122728e-07,7.256097560975609539e-01
1.712000000000000000e+03,-4.999999999996122480e-07,7.317073170731707155e-01
1.713000000000000000e+03,-5.799999999996122232e-07,7.682926829268292845e-01
1.714000000000000000e+03,-6.599999999996121985e-07,7.682926829268292845e-01
1.715000000000000000e+03,-7.399999999996121737e-07,7.682926829268292845e-01
1.716000000000000000e+03,-8.199999999996121489e-07,7.743902439024390461e-01
1.717000000000000000e+03,-8.999999999996121241e-07,7.804878048780488076e-01
1.718000000000000000e+03,-9.799999999996122051e-07,7.804878048780488076e-01
1.719000000000000000e+03,-1.059999999999612286e-06,7.804878048780488076e-01
1.720000000000000000e+03,-1.139999999999612367e-06,7.804878048780488076e-01
1.721000000000000000e+03,-1.219999999999612448e-06,7.804878048780488076e-01
1.722000000000000000e+03,-1.299999999999612529e-06,7.865853658536585691e-01
1.723000000000000000e+03,-1.379999999999612611e-06,7.865853658536585691e-01
1.724000000000000000e+03,-1.459999999999612692e-06,7.865853658536585691e-01
1.725000000000000000e+03,-1.539999999999612773e-06,7.865853658536585691e-01
1.726000000000000000e+03,-1.619999999999612854e-06,7.865853658536585691e-01
1.727000000000000000e+03,-1.699999999999612935e-06,7.865853658536585691e-01
1.728000000000000000e+03,-1.779999999999613016e-06,7.865853658536585691e-01
1.729000000000000000e+03,-1.859999999999613097e-06,7.926829268292683306e-01
1.730000000000000000e+03,-1.939999999999612966e-06,7.926829268292683306e-01
1.731000000000000000e+03,-2.019999999999613047e-06,7.987804878048780921e-01
1.732000000000000000e+03,-2.099999999999613129e-06,7.987804878048780921e-01
1.733000000000000000e+03,-2.179999999999613210e-06,7.987804878048780921e-01
1.734000000000000000e+03,-2.259999999999613291e-06,8.048780487804878536e-01
1.735000000000000000e+03,5.740000000000388041e-06,0.000000000000000000e+00
1.736000000000000000e+03,5.660000000000387960e-06,0.000000000000000000e+00
1.737000000000000000e+03,5.580000000000387879e-06,0.000000000000000000e+00
1.738000000000000000e+03,5.500000000000387798e-06,0.000000000000000000e+00
1.739000000000000000e+03,5.420000000000387717e-06,0.000000000000000000e+00
1.740000000000000000e+03,5.340000000000387636e-06,0.000000000000000000e+00
1.741000000000000000e+03,5.260000000000387555e-06,0.000000000000000000e+00
1.742000000000000000e+03,5.180000000000387474e-06,0.000000000000000000e+00
1.743000000000000000e+03,5.100000000000387393e-06,0.000000000000000000e+00
1.744000000000000000e+03,5.020000000000387312e-06,0.000000000000000000e+00
1.745000000000000000e+03,4.940000000000387231e-06,0.000000000000000000e+00
1.746000000000000000e+03,4.860000000000387149e-06,0.000000000000000000e+00
1.747000000000000000e+03,4.780000000000387068e-06,0.000000000000000000e+00
1.748000000000000000e+03,4.700000000000386987e-06,0.000000000000000000e+00
1.749000000000000000e+03,4.620000000000386906e-06,0.000000000000000000e+00
1.750000000000000000e+03,4.540000000000386825e-06,0.000000000000000000e+00
1.751000000000000000e+03,4.460000000000386744e-06,0.000000000000000000e+00
1.752000000000000000e+03,4.380000000000386663e-06,0.000000000000000000e+00
1.753000000000000000e+03,4.300000000000386582e-06,0.000000000000000000e+00
1.754000000000000000e+03,4.220000000000386501e-06,0.000000000000000000e+00
1.755000000000000000e+03,4.140000000000386420e-06,0.000000000000000000e+00
1.756000000000000000e+03,4.060000000000386339e-06,0.000000000000000000e+00
1.757000000000000000e+03,3.980000000000386258e-06,0.000000000000000000e+00
1.758000000000000000e+03,3.900000000000386176e-06,0.000000000000000000e+00
1.759000000000000000e+03,3.820000000000386095e-06,0.000000000000000000e+00
1.760000000000000000e+03,3.740000000000386014e-06,0.000000000000000000e+00
1.761000000000000000e+03,3.660000000000385933e-06,0.000000000000000000e+00
1.762000000000000000e+03,3.580000000000385852e-06,0.000000000000000000e+00
1.763000000000000000e+03,3.500000000000385771e-06,0.000000000000000000e+00
1.764000000000000000e+03,3.420000000000385690e-06,0.000000000000000000e+00
1.765000000000000000e+03,3.340000000000385609e-06,0.000000000000000000e+00
1.766000000000000000e+03,3.260000000000385528e-06,0.000000000000000000e+00
1.767000000000000000e+03,3.180000000000385447e-06,0.000000000000000000e+00
1.768000000000000000e+03,3.100000000000385366e-06,0.000000000000000000e+00
1.769000000000000000e+03,3.020000000000385285e-06,0.000000000000000000e+00
1.770000000000000000e+03,2.940000000000385203e-06,0.000000000000000000e+00
1.771000000000000000e+03,2.860000000000385122e-06,0.000000000000000000e+00
1.772000000000000000e+03,2.780000000000385041e-06,0.000000000000000000e+00
1.773000000000000000e+03,2.700000000000384960e-06,0.000000000000000000e+00
1.774000000000000000e+03,2.620000000000384879e-06,0.000000000000000000e+00
1.775000000000000000e+03,2.540000000000384798e-06,0.000000000000000000e+00
1.776000000000000000e+03,2.460000000000384717e-06,0.000000000000000000e+00
1.777000000000000000e+03,2.380000000000384636e-06,0.000000000000000000e+00
1.778000000000000000e+03,2.300000000000384555e-06,0.000000000000000000e+00
1.779000000000000000e+03,2.220000000000384474e-06,0.000000000000000000e+00
1.780000000000000000e+03,2.140000000000384393e-06,0.000000000000000000e+00
1.781000000000000000e+03,2.060000000000384312e-06,0.000000000000000000e+00
1.782000000000000000e+03,1.980000000000384230e-06,0.000000000000000000e+00
1.783000000000000000e+03,1.900000000000384149e-06,0.000000000000000000e+00
1.784000000000000000e+03,1.820000000000384068e-06,0.000000000000000000e+00
1.785000000000000000e+03,1.740000000000383987e-06,0.000000000000000000e+00
1.786000000000000000e+03,1.660000000000383906e-06,0.000000000000000000e+00
1.787000000000000000e+03,1.580000000000383825e-06,0.000000000000000000e+00
1.788000000000000000e+03,1.500000000000383744e-06,0.000000000000000000e+00
1.789000000000000000e+03,1.420000000000383663e-06,0.000000000000000000e+00
1.790000000000000000e+03,1.340000000000383582e-06,0.000000000000000000e+00
1.791000000000000000e+03,1.260000000000383501e-06,0.000000000000000000e+00
1.792000000000000000e+03,1.180000000000383420e-06,0.000000000000000000e+00
1.793000000000000000e+03,1.100000000000383339e-06,0.000000000000000000e+00
1.794000000000000000e+03,1.020000000000383257e-06,0.000000000000000000e+00
1.795000000000000000e+03,9.400000000003832822e-07,0.000000000000000000e+00
1.796000000000000000e+03,8.600000000003833070e-07,0.000000000000000000e+00
1.797000000000000000e+03,7.800000000003833318e-07,0.000000000000000000e+00
1.798000000000000000e+03,7.000000000003833566e-07,0.000000000000000000e+00
1.799000000000000000e+03,6.200000000003833814e-07,0.000000000000000000e+00
1.800000000000000000e+03,5.400000000003834062e-07,0.000000000000000000e+00
1.801000000000000000e+03,4.600000000003834310e-07,0.000000000000000000e+00
1.802000000000000000e+03,3.800000000003834558e-07,0.000000000000000000e+00
1.803000000000000000e+03,3.000000000003834806e-07,0.000000000000000000e+00
1.804000000000000000e+03,2.200000000003834789e-07,0.000000000000000000e+00
1.805000000000000000e+03,1.400000000003834772e-07,6.097560975609756309e-03
1.806000000000000000e+03,6.000000000038347557e-08,6.097560975609756309e-03
1.807000000000000000e+03,-1.999999999961652610e-08,6.097560975609756309e-03
1.808000000000000000e+03,-9.999999999961652778e-08,6.097560975609756309e-03
1.809000000000000000e+03,-1.799999999996165295e-07,6.097560975609756309e-03
1.810000000000000000e+03,-2.599999999996165576e-07,6.097560975609756309e-03
1.811000000000000000e+03,-3.399999999996165328e-07,3.536585365853658347e-01
1.812000000000000000e+03,-4.199999999996165080e-07,4.268292682926829174e-01
1.813000000000000000e+03,-4.999999999996164832e-07,4.512195121951219634e-01
1.814000000000000000e+03,-5.799999999996164584e-07,5.365853658536585691e-01
1.815000000000000000e+03,-6.599999999996164336e-07,6.097560975609755962e-01
1.816000000000000000e+03,-7.399999999996164088e-07,6.829268292682927344e-01
1.817000000000000000e+03,-8.199999999996163840e-07,7.378048780487804770e-01
1.818000000000000000e+03,-8.999999999996163592e-07,7.560975609756097615e-01
1.819000000000000000e+03,-9.799999999996164403e-07,7.682926829268292845e-01
1.820000000000000000e+03,-1.059999999999616521e-06,7.987804878048780921e-01
1.821000000000000000e+03,-1.139999999999616602e-06,7.987804878048780921e-01
1.822000000000000000e+03,-1.219999999999616684e-06,8.048780487804878536e-01
1.823000000000000000e+03,6.730000000000385339e-06,0.000000000000000000e+00
1.824000000000000000e+03,6.650000000000385258e-06,0.000000000000000000e+00
1.825000000000000000e+03,6.570000000000385177e-06,0.000000000000000000e+00
1.826000000000000000e+03,6.490000000000385096e-06,0.000000000000000000e+00
1.827000000000000000e+03,6.410000000000385015e-06,0.000000000000000000e+00
1.828000000000000000e+03,6.330000000000384934e-06,0.000000000000000000e+00
1.829000000000000000e+03,6.250000000000384852e-06,0.000000000000000000e+00
1.830000000000000000e+03,6.170000000000384771e-06,0.000000000000000000e+00
1.831000000000000000e+03,6.090000000000384690e-06,0.000000000000000000e+00
1.832000000000000000e+03,6.010000000000384609e-06,0.000000000000000000e+00
1.833000000000000000e+03,5.930000000000384528e-06,0.000000000000000000e+00
1.834000000000000000e+03,5.850000000000384447e-06,0.000000000000000000e+00
1.835000000000000000e+03,5.770000000000384366e-06,0.000000000000000000e+00
1.836000000000000000e+03,5.690000000000384285e-06,0.000000000000000000e+00
1.837000000000000000e+03,5.610000000000384204e-06,0.000000000000000000e+00
1.838000000000000000e+03,5.530000000000384123e-06,0.000000000000000000e+00
1.839000000000000000e+03,5.450000000000384042e-06,0.000000000000000000e+00
1.840000000000000000e+03,5.370000000000383961e-06,0.000000000000000000e+00
1.841000000000000000e+03,5.290000000000383879e-06,0.000000000000000000e+00
1.842000000000000000e+03,5.210000000000383798e-06,0.000000000000000000e+00
1.843000000000000000e+03,5.130000000000383717e-06,0.000000000000000000e+00
1.844000000000000000e+03,5.050000000000383636e-06,0.000000000000000000e+00
1.845000000000000000e+03,4.970000000000383555e-06,0.000000000000000000e+00
1.846000000000000000e+03,4.890000000000383474e-06,0.000000000000000000e+00
1.847000000000000000e+03,4.810000000000383393e-06,0.000000000000000000e+00
1.848000000000000000e+03,4.730000000000383312e-06,0.000000000000000000e+00
1.849000000000000000e+03,4.650000000000383231e-06,0.000000000000000000e+00
1.850000000000000000e+03,4.570000000000383150e-06,0.000000000000000000e+00
1.851000000000000000e+03,4.490000000000383069e-06,0.000000000000000000e+00
1.852000000000000000e+03,4.410000000000382988e-06,0.000000000000000000e+00
1.853000000000000000e+03,4.330000000000382906e-06,0.000000000000000000e+00
1.854000000000000000e+03,4.250000000000382825e-06,0.000000000000000000e+00
1.855000000000000000e+03,4.170000000000382744e-06,0.000000000000000000e+00
1.856000000000000000e+03,4.090000000000382663e-06,0.000000000000000000e+00
1.857000000000000000e+03,4.010000000000382582e-06,0.000000000000000000e+00
1.858000000000000000e+03,3.930000000000382501e-06,0.000000000000000000e+00
1.859000000000000000e+03,3.850000000000382420e-06,0.000000000000000000e+00
1.860000000000000000e+03,3.770000000000382339e-06,0.000000000000000000e+00
1.861000000000000000e+03,3.690000000000382258e-06,0.000000000000000000e+00
1.862000000000000000e+03,3.610000000000382177e-06,0.000000000000000000e+00
1.863000000000000000e+03,3.530000000000382096e-06,0.000000000000000000e+00
1.864000000000000000e+03,3.450000000000382015e-06,0.000000000000000000e+00
1.865000000000000000e+03,3.370000000000381933e-06,0.000000000000000000e+00
1.866000000000000000e+03,3.290000000000381852e-06,0.000000000000000000e+00
1.867000000000000000e+03,3.210000000000381771e-06,0.000000000000000000e+00
1.868000000000000000e+03,3.130000000000381690e-06,0.000000000000000000e+00
1.869000000000000000e+03,3.050000000000381609e-06,0.000000000000000000e+00
1.870000000000000000e+03,2.970000000000381528e-06,0.000000000000000000e+00
1.871000000000000000e+03,2.890000000000381447e-06,0.000000000000000000e+00
1.872000000000000000e+03,2.810000000000381366e-06,0.000000000000000000e+00
1.873000000000000000e+03,2.730000000000381285e-06,0.000000000000000000e+00
1.874000000000000000e+03,2.650000000000381204e-06,0.000000000000000000e+00
1.875000000000000000e+03,2.570000000000381123e-06,0.000000000000000000e+00
1.876000000000000000e+03,2.490000000000381042e-06,0.000000000000000000e+00
1.877000000000000000e+03,2.410000000000380960e-06,0.000000000000000000e+00
1.878000000000000000e+03,2.330000000000380879e-06,0.000000000000000000e+00
1.879000000000000000e+03,2.250000000000380798e-06,0.000000000000000000e+00
1.880000000000000000e+03,2.170000000000380717e-06,0.000000000000000000e+00
1.881000000000000000e+03,2.090000000000380636e-06,0.000000000000000000e+00
1.882000000000000000e+03,2.010000000000380555e-06,0.000000000000000000e+00
1.883000000000000000e+03,1.930000000000380474e-06,0.000000000000000000e+00
1.884000000000000000e+03,1.850000000000380393e-06,0.000000000000000000e+00
1.885000000000000000e+03,1.770000000000380312e-06,0.000000000000000000e+00
1.886000000000000000e+03,1.690000000000380231e-06,0.000000000000000000e+00
1.887000000000000000e+03,1.610000000000380150e-06,0.000000000000000000e+00
1.888000000000000000e+03,1.530000000000380069e-06,0.000000000000000000e+00
1.889000000000000000e+03,1.450000000000379987e-06,0.000000000000000000e+00
1.890000000000000000e+03,1.370000000000379906e-06,0.000000000000000000e+00
1.891000000000000000e+03,1.290000000000379825e-06,0.000000000000000000e+00
1.892000000000000000e+03,1.210000000000379744e-06,0.000000000000000000e+00
1.893000000000000000e+03,1.130000000000379663e-06,0.000000000000000000e+00
1.894000000000000000e+03,1.050000000000379582e-06,0.000000000000000000e+00
1.895000000000000000e+03,9.700000000003795010e-07,0.000000000000000000e+00
1.896000000000000000e+03,8.900000000003795258e-07,0.000000000000000000e+00
1.897000000000000000e+03,8.100000000003795506e-07,0.000000000000000000e+00
1.898000000000000000e+03,7.300000000003795754e-07,6.097560975609756309e-03
1.899000000000000000e+03,6.500000000003796002e-07,6.097560975609756309e-03
1.900000000000000000e+03,5.700000000003796250e-07,1.219512195121951262e-02
1.901000000000000000e+03,4.900000000003796498e-07,1.829268292682926719e-02
1.902000000000000000e+03,4.100000000003796746e-07,1.829268292682926719e-02
1.903000000000000000e+03,3.300000000003796993e-07,4.268292682926829590e-02
1.904000000000000000e+03,2.500000000003797241e-07,1.890243902439024404e-01
1.905000000000000000e+03,1.700000000003797225e-07,3.963414634146341653e-01
1.906000000000000000e+03,9.000000000037972080e-08,4.329268292682926789e-01
1.907000000000000000e+03,1.000000000037971912e-08,4.634146341463414864e-01
1.908000000000000000e+03,-6.999999999962028255e-08,4.817073170731707155e-01
1.909000000000000000e+03,-1.499999999996202842e-07,4.878048780487804770e-01
1.910000000000000000e+03,-2.299999999996202859e-07,5.365853658536585691e-01
1.911000000000000000e+03,-3.099999999996203140e-07,6.097560975609755962e-01
1.912000000000000000e+03,-3.899999999996202892e-07,6.341463414634146423e-01
1.913000000000000000e+03,-4.699999999996202644e-07,6.768292682926829729e-01
1.914000000000000000e+03,-5.499999999996202397e-07,6.890243902439023849e-01
1.915000000000000000e+03,-6.299999999996202149e-07,7.134146341463414309e-01
1.916000000000000000e+03,-7.099999999996201901e-07,7.134146341463414309e-01
1.917000000000000000e+03,-7.899999999996201653e-07,7.134146341463414309e-01
1.918000000000000000e+03,-8.699999999996201405e-07,7.134146341463414309e-01
1.919000000000000000e+03,-9.499999999996201157e-07,7.256097560975609539e-01
1.920000000000000000e+03,-1.029999999999620197e-06,7.439024390243902385e-01
1.921000000000000000e+03,-1.109999999999620278e-06,7.500000000000000000e-01
1.922000000000000000e+03,-1.189999999999620359e-06,7.500000000000000000e-01
1.923000000000000000e+03,-1.269999999999620440e-06,7.621951219512195230e-01
1.924000000000000000e+03,-1.349999999999620521e-06,7.621951219512195230e-01
1.925000000000000000e+03,-1.429999999999620602e-06,7.743902439024390461e-01
1.926000000000000000e+03,-1.509999999999620683e-06,7.743902439024390461e-01
1.927000000000000000e+03,-1.589999999999620764e-06,7.926829268292683306e-01
1.928000000000000000e+03,-1.669999999999620845e-06,7.926829268292683306e-01
1.929000000000000000e+03,-1.749999999999620927e-06,8.048780487804878536e-01
1.930000000000000000e+03,6.050000000000380838e-06,0.000000000000000000e+00
1.931000000000000000e+03,5.970000000000380757e-06,0.000000000000000000e+00
1.932000000000000000e+03,5.890000000000380676e-06,0.000000000000000000e+00
1.933000000000000000e+03,5.810000000000380595e-06,0.000000000000000000e+00
1.934000000000000000e+03,5.730000000000380514e-06,0.000000000000000000e+00
1.935000000000000000e+03,5.650000000000380433e-06,0.000000000000000000e+00
1.936000000000000000e+03,5.570000000000380352e-06,0.000000000000000000e+00
1.937000000000000000e+03,5.490000000000380271e-06,0.000000000000000000e+00
1.938000000000000000e+03,5.410000000000380189e-06,0.000000000000000000e+00
1.939000000000000000e+03,5.330000000000380108e-06,0.000000000000000000e+00
1.940000000000000000e+03,5.250000000000380027e-06,0.000000000000000000e+00
1.941000000000000000e+03,5.170000000000379946e-06,0.000000000000000000e+00
1.942000000000000000e+03,5.090000000000379865e-06,0.000000000000000000e+00
1.943000000000000000e+03,5.010000000000379784e-06,0.000000000000000000e+00
1.944000000000000000e+03,4.930000000000379703e-06,0.000000000000000000e+00
1.945000000000000000e+03,4.850000000000379622e-06,0.000000000000000000e+00
1.946000000000000000e+03,4.770000000000379541e-06,0.000000000000000000e+00
1.947000000000000000e+03,4.690000000000379460e-06,0.000000000000000000e+00
1.948000000000000000e+03,4.610000000000379379e-06,0.000000000000000000e+00
1.949000000000000000e+03,4.530000000000379298e-06,0.000000000000000000e+00
1.950000000000000000e+03,4.450000000000379216e-06,0.000000000000000000e+00
1.951000000000000000e+03,4.370000000000379135e-06,0.000000000000000000e+00
1.952000000000000000e+03,4.290000000000379054e-06,0.000000000000000000e+00
1.953000000000000000e+03,4.210000000000378973e-06,0.000000000000000000e+00
1.954000000000000000e+03,4.130000000000378892e-06,0.000000000000000000e+00
1.955000000000000000e+03,4.050000000000378811e-06,0.000000000000000000e+00
1.956000000000000000e+03,3.970000000000378730e-06,0.000000000000000000e+00
1.957000000000000000e+03,3.890000000000378649e-06,0.000000000000000000e+00
1.958000000000000000e+03,3.810000000000378568e-06,0.000000000000000000e+00
1.959000000000000000e+03,3.730000000000378487e-06,0.000000000000000000e+00
1.960000000000000000e+03,3.650000000000378406e-06,0.000000000000000000e+00
1.961000000000000000e+03,3.570000000000378325e-06,0.000000000000000000e+00
1.962000000000000000e+03,3.490000000000378243e-06,0.000000000000000000e+00
1.963000000000000000e+03,3.410000000000378162e-06,0.000000000000000000e+00
1.964000000000000000e+03,3.330000000000378081e-06,0.000000000000000000e+00
1.965000000000000000e+03,3.250000000000378000e-06,0.000000000000000000e+00
1.966000000000000000e+03,3.170000000000377919e-06,0.000000000000000000e+00
1.967000000000000000e+03,3.090000000000377838e-06,0.000000000000000000e+00
1.968000000000000000e+03,3.010000000000377757e-06,0.000000000000000000e+00
1.969000000000000000e+03,2.930000000000377676e-06,0.000000000000000000e+00
1.970000000000000000e+03,2.850000000000377595e-06,0.000000000000000000e+00
1.971000000000000000e+03,2.770000000000377514e-06,0.000000000000000000e+00
1.972000000000000000e+03,2.690000000000377433e-06,0.000000000000000000e+00
1.973000000000000000e+03,2.610000000000377352e-06,0.000000000000000000e+00
1.974000000000000000e+03,2.530000000000377270e-06,0.000000000000000000e+00
1.975000000000000000e+03,2.450000000000377189e-06,0.000000000000000000e+00
1.976000000000000000e+03,2.370000000000377108e-06,0.000000000000000000e+00
1.977000000000000000e+03,2.290000000000377027e-06,0.000000000000000000e+00
1.978000000000000000e+03,2.210000000000376946e-06,0.000000000000000000e+00
1.979000000000000000e+03,2.130000000000376865e-06,0.000000000000000000e+00
1.980000000000000000e+03,2.050000000000376784e-06,0.000000000000000000e+00
1.981000000000000000e+03,1.970000000000376703e-06,0.000000000000000000e+00
1.982000000000000000e+03,1.890000000000376622e-06,0.000000000000000000e+00
1.983000000000000000e+03,1.810000000000376541e-06,0.000000000000000000e+00
1.984000000000000000e+03,1.730000000000376460e-06,0.000000000000000000e+00
1.985000000000000000e+03,1.650000000000376379e-06,0.000000000000000000e+00
1.986000000000000000e+03,1.570000000000376297e-06,0.000000000000000000e+00
1.987000000000000000e+03,1.490000000000376216e-06,0.000000000000000000e+00
1.988000000000000000e+03,1.410000000000376135e-06,0.000000000000000000e+00
1.989000000000000000e+03,1.330000000000376054e-06,0.000000000000000000e+00
1.990000000000000000e+03,1.250000000000375973e-06,0.000000000000000000e+00
1.991000000000000000e+03,1.170000000000375892e-06,0.000000000000000000e+00
1.992000000000000000e+03,1.090000000000375811e-06,0.000000000000000000e+00
1.993000000000000000e+03,1.010000000000375730e-06,0.000000000000000000e+00
1.994000000000000000e+03,9.300000000003757547e-07,0.000000000000000000e+00
1.995000000000000000e+03,8.500000000003757795e-07,0.000000000000000000e+00
1.996000000000000000e+03,7.700000000003758043e-07,0.000000000000000000e+00
1.997000000000000000e+03,6.900000000003758291e-07,0.000000000000000000e+00
1.998000000000000000e+03,6.100000000003758539e-07,0.000000000000000000e+00
1.999000000000000000e+03,5.300000000003758787e-07,0.000000000000000000e+00
2.000000000000000000e+03,4.500000000003759034e-07,0.000000000000000000e+00
2.001000000000000000e+03,3.700000000003759282e-07,0.000000000000000000e+00
2.002000000000000000e+03,2.900000000003759530e-07,0.000000000000000000e+00
2.003000000000000000e+03,2.100000000003759514e-07,0.000000000000000000e+00
2.004000000000000000e+03,1.300000000003759497e-07,0.000000000000000000e+00
2.005000000000000000e+03,5.000000000037594802e-08,0.000000000000000000e+00
2.006000000000000000e+03,-2.999999999962405366e-08,1.341463414634146423e-01
2.007000000000000000e+03,-1.099999999996240553e-07,2.926829268292682751e-01
2.008000000000000000e+03,-1.899999999996240570e-07,3.658536585365853577e-01
2.009000000000000000e+03,-2.699999999996240851e-07,4.085365853658536328e-01
2.010000000000000000e+03,-3.499999999996240604e-07,5.060975609756097615e-01
2.011000000000000000e+03,-4.299999999996240356e-07,5.670731707317072656e-01
2.012000000000000000e+03,-5.099999999996240108e-07,6.341463414634146423e-01
2.013000000000000000e+03,-5.899999999996239860e-07,6.646341463414634498e-01
2.014000000000000000e+03,-6.699999999996239612e-07,6.646341463414634498e-01
2.015000000000000000e+03,-7.499999999996239364e-07,6.829268292682927344e-01
2.016000000000000000e+03,-8.299999999996239116e-07,6.951219512195121464e-01
2.017000000000000000e+03,-9.099999999996238868e-07,7.134146341463414309e-01
2.018000000000000000e+03,-9.899999999996239679e-07,7.195121951219511924e-01
2.019000000000000000e+03,-1.069999999999624049e-06,7.317073170731707155e-01
2.020000000000000000e+03,-1.149999999999624130e-06,7.317073170731707155e-01
2.021000000000000000e+03,-1.229999999999624211e-06,7.439024390243902385e-01
2.022000000000000000e+03,-1.309999999999624292e-06,7.500000000000000000e-01
2.023000000000000000e+03,-1.389999999999624373e-06,7.500000000000000000e-01
2.024000000000000000e+03,-1.469999999999624454e-06,7.560975609756097615e-01
2.025000000000000000e+03,-1.549999999999624535e-06,7.560975609756097615e-01
2.026000000000000000e+03,-1.629999999999624617e-06,7.560975609756097615e-01
2.027000000000000000e+03,-1.709999999999624698e-06,7.621951219512195230e-01
2.028000000000000000e+03,-1.789999999999624779e-06,7.743902439024390461e-01
2.029000000000000000e+03,-1.869999999999624860e-06,7.804878048780488076e-01
2.030000000000000000e+03,-1.949999999999624729e-06,7.804878048780488076e-01
2.031000000000000000e+03,-2.029999999999624810e-06,7.804878048780488076e-01
2.032000000000000000e+03,-2.109999999999624891e-06,7.804878048780488076e-01
2.033000000000000000e+03,-2.189999999999624972e-06,7.804878048780488076e-01
2.034000000000000000e+03,-2.269999999999625053e-06,7.804878048780488076e-01
2.035000000000000000e+03,-2.349999999999625135e-06,7.804878048780488076e-01
2.036000000000000000e+03,-2.429999999999625216e-06,7.804878048780488076e-01
2.037000000000000000e+03,-2.509999999999625297e-06,7.804878048780488076e-01
2.038000000000000000e+03,-2.589999999999625378e-06,7.804878048780488076e-01
2.039000000000000000e+03,-2.669999999999625459e-06,7.804878048780488076e-01
2.040000000000000000e+03,-2.749999999999625540e-06,7.865853658536585691e-01
2.041000000000000000e+03,-2.829999999999625621e-06,7.987804878048780921e-01
2.042000000000000000e+03,-2.909999999999625702e-06,7.987804878048780921e-01
2.043000000000000000e+03,-2.989999999999625783e-06,8.048780487804878536e-01
2.044000000000000000e+03,4.810000000000375770e-06,0.000000000000000000e+00
2.045000000000000000e+03,4.730000000000375689e-06,0.000000000000000000e+00
2.046000000000000000e+03,4.650000000000375608e-06,0.000000000000000000e+00
2.047000000000000000e+03,4.570000000000375526e-06,0.000000000000000000e+00
2.048000000000000000e+03,4.490000000000375445e-06,0.000000000000000000e+00
2.049000000000000000e+03,4.410000000000375364e-06,0.000000000000000000e+00
2.050000000000000000e+03,4.330000000000375283e-06,0.000000000000000000e+00
2.051000000000000000e+03,4.250000000000375202e-06,0.000000000000000000e+00
2.052000000000000000e+03,4.170000000000375121e-06,0.000000000000000000e+00
2.053000000000000000e+03,4.090000000000375040e-06,0.000000000000000000e+00
2.054000000000000000e+03,4.010000000000374959e-06,0.000000000000000000e+00
2.055000000000000000e+03,3.930000000000374878e-06,0.000000000000000000e+00
2.056000000000000000e+03,3.850000000000374797e-06,0.000000000000000000e+00
2.057000000000000000e+03,3.770000000000374716e-06,0.000000000000000000e+00
2.058000000000000000e+03,3.690000000000374635e-06,0.000000000000000000e+00
2.059000000000000000e+03,3.610000000000374553e-06,0.000000000000000000e+00
2.060000000000000000e+03,3.530000000000374472e-06,0.000000000000000000e+00
2.061000000000000000e+03,3.450000000000374391e-06,0.000000000000000000e+00
2.062000000000000000e+03,3.370000000000374310e-06,0.000000000000000000e+00
2.063000000000000000e+03,3.290000000000374229e-06,0.000000000000000000e+00
2.064000000000000000e+03,3.210000000000374148e-06,0.000000000000000000e+00
2.065000000000000000e+03,3.130000000000374067e-06,0.000000000000000000e+00
2.066000000000000000e+03,3.050000000000373986e-06,0.000000000000000000e+00
2.067000000000000000e+03,2.970000000000373905e-06,0.000000000000000000e+00
2.068000000000000000e+03,2.890000000000373824e-06,0.000000000000000000e+00
2.069000000000000000e+03,2.810000000000373743e-06,0.000000000000000000e+00
2.070000000000000000e+03,2.730000000000373662e-06,0.000000000000000000e+00
2.071000000000000000e+03,2.650000000000373580e-06,0.000000000000000000e+00
2.072000000000000000e+03,2.570000000000373499e-06,0.000000000000000000e+00
2.073000000000000000e+03,2.490000000000373418e-06,0.000000000000000000e+00
2.074000000000000000e+03,2.410000000000373337e-06,0.000000000000000000e+00
2.075000000000000000e+03,2.330000000000373256e-06,0.000000000000000000e+00
2.076000000000000000e+03,2.250000000000373175e-06,0.000000000000000000e+00
2.077000000000000000e+03,2.170000000000373094e-06,0.000000000000000000e+00
2.078000000000000000e+03,2.090000000000373013e-06,0.000000000000000000e+00
2.079000000000000000e+03,2.010000000000372932e-06,0.000000000000000000e+00
2.080000000000000000e+03,1.930000000000372851e-06,0.000000000000000000e+00
2.081000000000000000e+03,1.850000000000372770e-06,0.000000000000000000e+00
2.082000000000000000e+03,1.770000000000372689e-06,0.000000000000000000e+00
2.083000000000000000e+03,1.690000000000372607e-06,0.000000000000000000e+00
2.084000000000000000e+03,1.610000000000372526e-06,0.000000000000000000e+00
2.085000000000000000e+03,1.530000000000372445e-06,0.000000000000000000e+00
2.086000000000000000e+03,1.450000000000372364e-06,0.000000000000000000e+00
2.087000000000000000e+03,1.370000000000372283e-06,0.000000000000000000e+00
2.088000000000000000e+03,1.290000000000372202e-06,0.000000000000000000e+00
2.089000000000000000e+03,1.210000000000372121e-06,0.000000000000000000e+00
2.090000000000000000e+03,1.130000000000372040e-06,0.000000000000000000e+00
2.091000000000000000e+03,1.050000000000371959e-06,0.000000000000000000e+00
2.092000000000000000e+03,9.700000000003718777e-07,0.000000000000000000e+00
2.093000000000000000e+03,8.900000000003719025e-07,0.000000000000000000e+00
2.094000000000000000e+03,8.100000000003719273e-07,0.000000000000000000e+00
2.095000000000000000e+03,7.300000000003719521e-07,0.000000000000000000e+00
2.096000000000000000e+03,6.500000000003719769e-07,0.000000000000000000e+00
2.097000000000000000e+03,5.700000000003720017e-07,0.000000000000000000e+00
2.098000000000000000e+03,4.900000000003720265e-07,0.000000000000000000e+00
2.099000000000000000e+03,4.100000000003720513e-07,0.000000000000000000e+00
2.100000000000000000e+03,3.300000000003720761e-07,0.000000000000000000e+00
2.101000000000000000e+03,2.500000000003721008e-07,0.000000000000000000e+00
2.102000000000000000e+03,1.700000000003720992e-07,0.000000000000000000e+00
2.103000000000000000e+03,9.000000000037209750e-08,0.000000000000000000e+00
2.104000000000000000e+03,1.000000000037209583e-08,0.000000000000000000e+00
2.105000000000000000e+03,-6.999999999962790585e-08,0.000000000000000000e+00
2.106000000000000000e+03,-1.499999999996279075e-07,0.000000000000000000e+00
2.107000000000000000e+03,-2.299999999996279092e-07,0.000000000000000000e+00
2.108000000000000000e+03,-3.099999999996279373e-07,0.000000000000000000e+00
2.109000000000000000e+03,-3.899999999996279125e-07,0.000000000000000000e+00
2.110000000000000000e+03,-4.699999999996278877e-07,0.000000000000000000e+00
2.111000000000000000e+03,-5.499999999996278629e-07,0.000000000000000000e+00
2.112000000000000000e+03,-6.299999999996278382e-07,0.000000000000000000e+00
2.113000000000000000e+03,-7.099999999996278134e-07,0.000000000000000000e+00
2.114000000000000000e+03,-7.899999999996277886e-07,0.000000000000000000e+00
2.115000000000000000e+03,-8.699999999996277638e-07,0.000000000000000000e+00
2.116000000000000000e+03,-9.499999999996277390e-07,0.000000000000000000e+00
2.117000000000000000e+03,-1.029999999999627820e-06,0.000000000000000000e+00
2.118000000000000000e+03,-1.109999999999627901e-06,0.000000000000000000e+00
2.119000000000000000e+03,-1.189999999999627982e-06,0.000000000000000000e+00
2.120000000000000000e+03,-1.269999999999628063e-06,0.000000000000000000e+00
2.121000000000000000e+03,-1.349999999999628144e-06,5.304878048780488076e-01
2.122000000000000000e+03,-1.429999999999628225e-06,5.487804878048780921e-01
2.123000000000000000e+03,-1.509999999999628307e-06,5.792682926829267887e-01
2.124000000000000000e+03,-1.589999999999628388e-06,6.280487804878048808e-01
2.125000000000000000e+03,-1.669999999999628469e-06,6.707317073170732113e-01
2.126000000000000000e+03,-1.749999999999628550e-06,7.378048780487804770e-01
2.127000000000000000e+03,-1.829999999999628631e-06,7.439024390243902385e-01
2.128000000000000000e+03,-1.909999999999628500e-06,7.743902439024390461e-01
2.129000000000000000e+03,-1.989999999999628581e-06,7.804878048780488076e-01
2.130000000000000000e+03,-2.069999999999628662e-06,7.804878048780488076e-01
2.131000000000000000e+03,-2.149999999999628743e-06,7.865853658536585691e-01
2.132000000000000000e+03,-2.229999999999628825e-06,7.926829268292683306e-01
2.133000000000000000e+03,-2.309999999999628906e-06,7.987804878048780921e-01
2.134000000000000000e+03,-2.389999999999628987e-06,8.048780487804878536e-01
2.135000000000000000e+03,5.510000000000371609e-06,0.000000000000000000e+00
2.136000000000000000e+03,5.430000000000371528e-06,0.000000000000000000e+00
2.137000000000000000e+03,5.350000000000371447e-06,0.000000000000000000e+00
2.138000000000000000e+03,5.270000000000371365e-06,0.000000000000000000e+00
2.139000000000000000e+03,5.190000000000371284e-06,0.000000000000000000e+00
2.140000000000000000e+03,5.110000000000371203e-06,0.000000000000000000e+00
2.141000000000000000e+03,5.030000000000371122e-06,0.000000000000000000e+00
2.142000000000000000e+03,4.950000000000371041e-06,0.000000000000000000e+00
2.143000000000000000e+03,4.870000000000370960e-06,0.000000000000000000e+00
2.144000000000000000e+03,4.790000000000370879e-06,0.000000000000000000e+00
2.145000000000000000e+03,4.710000000000370798e-06,0.000000000000000000e+00
2.146000000000000000e+03,4.630000000000370717e-06,0.000000000000000000e+00
2.147000000000000000e+03,4.550000000000370636e-06,0.000000000000000000e+00
2.148000000000000000e+03,4.470000000000370555e-06,0.000000000000000000e+00
2.149000000000000000e+03,4.390000000000370474e-06,0.000000000000000000e+00
2.150000000000000000e+03,4.310000000000370392e-06,0.000000000000000000e+00
2.151000000000000000e+03,4.230000000000370311e-06,0.000000000000000000e+00
2.152000000000000000e+03,4.150000000000370230e-06,0.000000000000000000e+00
2.153000000000000000e+03,4.070000000000370149e-06,0.000000000000000000e+00
2.154000000000000000e+03,3.990000000000370068e-06,0.000000000000000000e+00
2.155000000000000000e+03,3.910000000000369987e-06,0.000000000000000000e+00
2.156000000000000000e+03,3.830000000000369906e-06,0.000000000000000000e+00
2.157000000000000000e+03,3.750000000000369825e-06,0.000000000000000000e+00
2.158000000000000000e+03,3.670000000000369744e-06,0.000000000000000000e+00
2.159000000000000000e+03,3.590000000000369663e-06,0.000000000000000000e+00
2.160000000000000000e+03,3.510000000000369582e-06,0.000000000000000000e+00
2.161000000000000000e+03,3.430000000000369501e-06,0.000000000000000000e+00
2.162000000000000000e+03,3.350000000000369419e-06,0.000000000000000000e+00
2.163000000000000000e+03,3.270000000000369338e-06,0.000000000000000000e+00
2.164000000000000000e+03,3.190000000000369257e-06,0.000000000000000000e+00
2.165000000000000000e+03,3.110000000000369176e-06,0.000000000000000000e+00
2.166000000000000000e+03,3.030000000000369095e-06,0.000000000000000000e+00
2.167000000000000000e+03,2.950000000000369014e-06,0.000000000000000000e+00
2.168000000000000000e+03,2.870000000000368933e-06,0.000000000000000000e+00
2.169000000000000000e+03,2.790000000000368852e-06,0.000000000000000000e+00
2.170000000000000000e+03,2.710000000000368771e-06,0.000000000000000000e+00
2.171000000000000000e+03,2.630000000000368690e-06,0.000000000000000000e+00
2.172000000000000000e+03,2.550000000000368609e-06,0.000000000000000000e+00
2.173000000000000000e+03,2.470000000000368528e-06,0.000000000000000000e+00
2.174000000000000000e+03,2.390000000000368446e-06,0.000000000000000000e+00
2.175000000000000000e+03,2.310000000000368365e-06,0.000000000000000000e+00
2.176000000000000000e+03,2.230000000000368284e-06,0.000000000000000000e+00
2.177000000000000000e+03,2.150000000000368203e-06,0.000000000000000000e+00
2.178000000000000000e+03,2.070000000000368122e-06,0.000000000000000000e+00
2.179000000000000000e+03,1.990000000000368041e-06,0.000000000000000000e+00
2.180000000000000000e+03,1.910000000000367960e-06,0.000000000000000000e+00
2.181000000000000000e+03,1.830000000000367879e-06,0.000000000000000000e+00
2.182000000000000000e+03,1.750000000000367798e-06,0.000000000000000000e+00
2.183000000000000000e+03,1.670000000000367717e-06,0.000000000000000000e+00
2.184000000000000000e+03,1.590000000000367636e-06,0.000000000000000000e+00
2.185000000000000000e+03,1.510000000000367555e-06,0.000000000000000000e+00
2.186000000000000000e+03,1.430000000000367473e-06,0.000000000000000000e+00
2.187000000000000000e+03,1.350000000000367392e-06,0.000000000000000000e+00
2.188000000000000000e+03,1.270000000000367311e-06,0.000000000000000000e+00
2.189000000000000000e+03,1.190000000000367230e-06,0.000000000000000000e+00
2.190000000000000000e+03,1.110000000000367149e-06,0.000000000000000000e+00
2.191000000000000000e+03,1.030000000000367068e-06,0.000000000000000000e+00
2.192000000000000000e+03,9.500000000003670929e-07,0.000000000000000000e+00
2.193000000000000000e+03,8.700000000003671176e-07,0.000000000000000000e+00
2.194000000000000000e+03,7.900000000003671424e-07,0.000000000000000000e+00
2.195000000000000000e+03,7.100000000003671672e-07,0.000000000000000000e+00
2.196000000000000000e+03,6.300000000003671920e-07,0.000000000000000000e+00
2.197000000000000000e+03,5.500000000003672168e-07,0.000000000000000000e+00
2.198000000000000000e+03,4.700000000003672416e-07,0.000000000000000000e+00
2.199000000000000000e+03,3.900000000003672664e-07,0.000000000000000000e+00
2.200000000000000000e+03,3.100000000003672912e-07,0.000000000000000000e+00
2.201000000000000000e+03,2.300000000003672895e-07,0.000000000000000000e+00
2.202000000000000000e+03,1.500000000003672879e-07,0.000000000000000000e+00
2.203000000000000000e+03,7.000000000036728620e-08,0.000000000000000000e+00
2.204000000000000000e+03,-9.999999999632715474e-09,0.000000000000000000e+00
2.205000000000000000e+03,-8.999999999963271715e-08,0.000000000000000000e+00
2.206000000000000000e+03,-1.699999999996327188e-07,0.000000000000000000e+00
2.207000000000000000e+03,-2.499999999996327470e-07,0.000000000000000000e+00
2.208000000000000000e+03,-3.299999999996327222e-07,0.000000000000000000e+00
2.209000000000000000e+03,-4.099999999996326974e-07,0.000000000000000000e+00
2.210000000000000000e+03,-4.899999999996326726e-07,6.097560975609756309e-03
2.211000000000000000e+03,-5.699999999996326478e-07,6.097560975609756309e-03
2.212000000000000000e+03,-6.499999999996326230e-07,6.097560975609756309e-03
2.213000000000000000e+03,-7.299999999996325982e-07,6.097560975609756309e-03
2.214000000000000000e+03,-8.099999999996325734e-07,3.780487804878048808e-01
2.215000000000000000e+03,-8.899999999996325486e-07,4.390243902439024404e-01
2.216000000000000000e+03,-9.699999999996326297e-07,4.756097560975609539e-01
2.217000000000000000e+03,-1.049999999999632711e-06,5.609756097560976151e-01
2.218000000000000000e+03,-1.129999999999632792e-06,6.036585365853658347e-01
2.219000000000000000e+03,-1.209999999999632873e-06,6.219512195121951192e-01
2.220000000000000000e+03,-1.289999999999632954e-06,6.341463414634146423e-01
2.221000000000000000e+03,-1.369999999999633035e-06,6.707317073170732113e-01
2.222000000000000000e+03,-1.449999999999633116e-06,7.256097560975609539e-01
2.223000000000000000e+03,-1.529999999999633197e-06,7.439024390243902385e-01
2.224000000000000000e+03,-1.609999999999633278e-06,7.439024390243902385e-01
2.225000000000000000e+03,-1.689999999999633359e-06,7.560975609756097615e-01
2.226000000000000000e+03,-1.769999999999633441e-06,7.560975609756097615e-01
2.227000000000000000e+03,-1.849999999999633522e-06,7.743902439024390461e-01
2.228000000000000000e+03,-1.929999999999633391e-06,7.743902439024390461e-01
2.229000000000000000e+03,-2.009999999999633472e-06,7.743902439024390461e-01
2.230000000000000000e+03,-2.089999999999633553e-06,7.865853658536585691e-01
2.231000000000000000e+03,-2.169999999999633634e-06,7.865853658536585691e-01
2.232000000000000000e+03,-2.249999999999633715e-06,7.865853658536585691e-01
2.233000000000000000e+03,-2.329999999999633796e-06,7.865853658536585691e-01
2.234000000000000000e+03,-2.409999999999633877e-06,7.865853658536585691e-01
2.235000000000000000e+03,-2.489999999999633959e-06,7.865853658536585691e-01
2.236000000000000000e+03,-2.569999999999634040e-06,7.865853658536585691e-01
2.237000000000000000e+03,-2.649999999999634121e-06,7.865853658536585691e-01
2.238000000000000000e+03,-2.729999999999634202e-06,7.865853658536585691e-01
2.239000000000000000e+03,-2.809999999999634283e-06,7.865853658536585691e-01
2.240000000000000000e+03,-2.889999999999634364e-06,7.865853658536585691e-01
2.241000000000000000e+03,-2.969999999999634445e-06,7.865853658536585691e-01
2.242000000000000000e+03,-3.049999999999634526e-06,7.865853658536585691e-01
2.243000000000000000e+03,-3.129999999999634607e-06,7.926829268292683306e-01
2.244000000000000000e+03,-3.209999999999634688e-06,7.926829268292683306e-01
2.245000000000000000e+03,-3.289999999999634769e-06,7.987804878048780921e-01
2.246000000000000000e+03,-3.369999999999634850e-06,8.048780487804878536e-01
2.247000000000000000e+03,4.480000000000366224e-06,0.000000000000000000e+00
2.248000000000000000e+03,4.400000000000366143e-06,0.000000000000000000e+00
2.249000000000000000e+03,4.320000000000366062e-06,0.000000000000000000e+00
2.250000000000000000e+03,4.240000000000365980e-06,0.000000000000000000e+00
2.251000000000000000e+03,4.160000000000365899e-06,0.000000000000000000e+00
2.252000000000000000e+03,4.080000000000365818e-06,0.000000000000000000e+00
2.253000000000000000e+03,4.000000000000365737e-06,0.000000000000000000e+00
2.254000000000000000e+03,3.920000000000365656e-06,0.000000000000000000e+00
2.255000000000000000e+03,3.840000000000365575e-06,0.000000000000000000e+00
2.256000000000000000e+03,3.760000000000365494e-06,0.000000000000000000e+00
2.257000000000000000e+03,3.680000000000365413e-06,0.000000000000000000e+00
2.258000000000000000e+03,3.600000000000365332e-06,0.000000000000000000e+00
2.259000000000000000e+03,3.520000000000365251e-06,0.000000000000000000e+00
2.260000000000000000e+03,3.440000000000365170e-06,0.000000000000000000e+00
2.261000000000000000e+03,3.360000000000365089e-06,0.000000000000000000e+00
2.262000000000000000e+03,3.280000000000365007e-06,0.000000000000000000e+00
2.263000000000000000e+03,3.200000000000364926e-06,0.000000000000000000e+00
2.264000000000000000e+03,3.120000000000364845e-06,0.000000000000000000e+00
2.265000000000000000e+03,3.040000000000364764e-06,0.000000000000000000e+00
2.266000000000000000e+03,2.960000000000364683e-06,0.000000000000000000e+00
2.267000000000000000e+03,2.880000000000364602e-06,0.000000000000000000e+00
2.268000000000000000e+03,2.800000000000364521e-06,0.000000000000000000e+00
2.269000000000000000e+03,2.720000000000364440e-06,0.000000000000000000e+00
2.270000000000000000e+03,2.640000000000364359e-06,0.000000000000000000e+00
2.271000000000000000e+03,2.560000000000364278e-06,0.000000000000000000e+00
2.272000000000000000e+03,2.480000000000364197e-06,0.000000000000000000e+00
2.273000000000000000e+03,2.400000000000364116e-06,0.000000000000000000e+00
2.274000000000000000e+03,2.320000000000364034e-06,0.000000000000000000e+00
2.275000000000000000e+03,2.240000000000363953e-06,0.000000000000000000e+00
2.276000000000000000e+03,2.160000000000363872e-06,0.000000000000000000e+00
2.277000000000000000e+03,2.080000000000363791e-06,0.000000000000000000e+00
2.278000000000000000e+03,2.000000000000363710e-06,0.000000000000000000e+00
2.279000000000000000e+03,1.920000000000363629e-06,0.000000000000000000e+00
2.280000000000000000e+03,1.840000000000363548e-06,0.000000000000000000e+00
2.281000000000000000e+03,1.760000000000363467e-06,0.000000000000000000e+00
2.282000000000000000e+03,1.680000000000363386e-06,0.000000000000000000e+00
2.283000000000000000e+03,1.600000000000363305e-06,0.000000000000000000e+00
2.284000000000000000e+03,1.520000000000363224e-06,0.000000000000000000e+00
2.285000000000000000e+03,1.440000000000363143e-06,0.000000000000000000e+00
2.286000000000000000e+03,1.360000000000363061e-06,0.000000000000000000e+00
2.287000000000000000e+03,1.280000000000362980e-06,0.000000000000000000e+00
2.288000000000000000e+03,1.200000000000362899e-06,0.000000000000000000e+00
2.289000000000000000e+03,1.120000000000362818e-06,0.000000000000000000e+00
2.290000000000000000e+03,1.040000000000362737e-06,0.000000000000000000e+00
2.291000000000000000e+03,9.600000000003626561e-07,0.000000000000000000e+00
2.292000000000000000e+03,8.800000000003626809e-07,0.000000000000000000e+00
2.293000000000000000e+03,8.000000000003627057e-07,0.000000000000000000e+00
2.294000000000000000e+03,7.200000000003627305e-07,0.000000000000000000e+00
2.295000000000000000e+03,6.400000000003627553e-07,0.000000000000000000e+00
2.296000000000000000e+03,5.600000000003627800e-07,0.000000000000000000e+00
2.297000000000000000e+03,4.800000000003628048e-07,0.000000000000000000e+00
2.298000000000000000e+03,4.000000000003628296e-07,0.000000000000000000e+00
2.299000000000000000e+03,3.200000000003628544e-07,0.000000000000000000e+00
2.300000000000000000e+03,2.400000000003628792e-07,0.000000000000000000e+00
2.301000000000000000e+03,1.600000000003628776e-07,0.000000000000000000e+00
2.302000000000000000e+03,8.000000000036287588e-08,0.000000000000000000e+00
2.303000000000000000e+03,3.628742085596626046e-19,0.000000000000000000e+00
2.304000000000000000e+03,-7.999999999963712747e-08,0.000000000000000000e+00
2.305000000000000000e+03,-1.599999999996371291e-07,0.000000000000000000e+00
2.306000000000000000e+03,-2.399999999996371308e-07,0.000000000000000000e+00
2.307000000000000000e+03,-3.199999999996371590e-07,0.000000000000000000e+00
2.308000000000000000e+03,-3.999999999996371342e-07,0.000000000000000000e+00
2.309000000000000000e+03,-4.799999999996371094e-07,0.000000000000000000e+00
2.310000000000000000e+03,-5.599999999996370846e-07,0.000000000000000000e+00
2.311000000000000000e+03,-6.399999999996370598e-07,0.000000000000000000e+00
2.312000000000000000e+03,-7.199999999996370350e-07,0.000000000000000000e+00
2.313000000000000000e+03,-7.999999999996370102e-07,0.000000000000000000e+00
2.314000000000000000e+03,-8.799999999996369854e-07,0.000000000000000000e+00
2.315000000000000000e+03,-9.599999999996369606e-07,0.000000000000000000e+00
2.316000000000000000e+03,-1.039999999999637042e-06,0.000000000000000000e+00
2.317000000000000000e+03,-1.119999999999637123e-06,0.000000000000000000e+00
2.318000000000000000e+03,-1.199999999999637204e-06,0.000000000000000000e+00
2.319000000000000000e+03,-1.279999999999637285e-06,0.000000000000000000e+00
2.320000000000000000e+03,-1.359999999999637366e-06,0.000000000000000000e+00
2.321000000000000000e+03,-1.439999999999637447e-06,0.000000000000000000e+00
2.322000000000000000e+03,-1.519999999999637528e-06,0.000000000000000000e+00
2.323000000000000000e+03,-1.599999999999637609e-06,3.353658536585366057e-01
2.324000000000000000e+03,-1.679999999999637690e-06,4.024390243902439268e-01
2.325000000000000000e+03,-1.759999999999637771e-06,4.634146341463414864e-01
2.326000000000000000e+03,-1.839999999999637853e-06,5.243902439024390461e-01
2.327000000000000000e+03,-1.919999999999637722e-06,5.853658536585365502e-01
2.328000000000000000e+03,-1.999999999999637803e-06,6.402439024390244038e-01
2.329000000000000000e+03,-2.079999999999637884e-06,7.012195121951219079e-01
2.330000000000000000e+03,-2.159999999999637965e-06,7.256097560975609539e-01
2.331000000000000000e+03,-2.239999999999638046e-06,7.317073170731707155e-01
2.332000000000000000e+03,-2.319999999999638127e-06,7.500000000000000000e-01
2.333000000000000000e+03,-2.399999999999638208e-06,7.560975609756097615e-01
2.334000000000000000e+03,-2.479999999999638289e-06,7.621951219512195230e-01
2.335000000000000000e+03,-2.559999999999638370e-06,7.804878048780488076e-01
2.336000000000000000e+03,-2.639999999999638452e-06,7.804878048780488076e-01
2.337000000000000000e+03,-2.719999999999638533e-06,7.865853658536585691e-01
2.338000000000000000e+03,-2.799999999999638614e-06,7.926829268292683306e-01
2.339000000000000000e+03,-2.879999999999638695e-06,7.987804878048780921e-01
2.340000000000000000e+03,-2.959999999999638776e-06,7.987804878048780921e-01
2.341000000000000000e+03,-3.039999999999638857e-06,8.048780487804878536e-01
2.342000000000000000e+03,4.960000000000362475e-06,0.000000000000000000e+00
2.343000000000000000e+03,4.880000000000362394e-06,0.000000000000000000e+00
2.344000000000000000e+03,4.800000000000362313e-06,0.000000000000000000e+00
2.345000000000000000e+03,4.720000000000362232e-06,0.000000000000000000e+00
2.346000000000000000e+03,4.640000000000362151e-06,0.000000000000000000e+00
2.347000000000000000e+03,4.560000000000362070e-06,0.000000000000000000e+00
2.348000000000000000e+03,4.480000000000361989e-06,0.000000000000000000e+00
2.349000000000000000e+03,4.400000000000361907e-06,0.000000000000000000e+00
2.350000000000000000e+03,4.320000000000361826e-06,0.000000000000000000e+00
2.351000000000000000e+03,4.240000000000361745e-06,0.000000000000000000e+00
2.352000000000000000e+03,4.160000000000361664e-06,0.000000000000000000e+00
2.353000000000000000e+03,4.080000000000361583e-06,0.000000000000000000e+00
2.354000000000000000e+03,4.000000000000361502e-06,0.000000000000000000e+00
2.355000000000000000e+03,3.920000000000361421e-06,0.000000000000000000e+00
2.356000000000000000e+03,3.840000000000361340e-06,0.000000000000000000e+00
2.357000000000000000e+03,3.760000000000361259e-06,0.000000000000000000e+00
2.358000000000000000e+03,3.680000000000361178e-06,0.000000000000000000e+00
2.359000000000000000e+03,3.600000000000361097e-06,0.000000000000000000e+00
2.360000000000000000e+03,3.520000000000361016e-06,0.000000000000000000e+00
2.361000000000000000e+03,3.440000000000360934e-06,0.000000000000000000e+00
2.362000000000000000e+03,3.360000000000360853e-06,0.000000000000000000e+00
2.363000000000000000e+03,3.280000000000360772e-06,0.000000000000000000e+00
2.364000000000000000e+03,3.200000000000360691e-06,0.000000000000000000e+00
2.365000000000000000e+03,3.120000000000360610e-06,0.000000000000000000e+00
2.366000000000000000e+03,3.040000000000360529e-06,0.000000000000000000e+00
2.367000000000000000e+03,2.960000000000360448e-06,0.000000000000000000e+00
2.368000000000000000e+03,2.880000000000360367e-06,0.000000000000000000e+00
2.369000000000000000e+03,2.800000000000360286e-06,0.000000000000000000e+00
2.370000000000000000e+03,2.720000000000360205e-06,0.000000000000000000e+00
2.371000000000000000e+03,2.640000000000360124e-06,0.000000000000000000e+00
2.372000000000000000e+03,2.560000000000360043e-06,0.000000000000000000e+00
2.373000000000000000e+03,2.480000000000359961e-06,0.000000000000000000e+00
2.374000000000000000e+03,2.400000000000359880e-06,0.000000000000000000e+00
2.375000000000000000e+03,2.320000000000359799e-06,0.000000000000000000e+00
2.376000000000000000e+03,2.240000000000359718e-06,0.000000000000000000e+00
2.377000000000000000e+03,2.160000000000359637e-06,0.000000000000000000e+00
2.378000000000000000e+03,2.080000000000359556e-06,0.000000000000000000e+00
2.379000000000000000e+03,2.000000000000359475e-06,0.000000000000000000e+00
2.380000000000000000e+03,1.920000000000359394e-06,0.000000000000000000e+00
2.381000000000000000e+03,1.840000000000359313e-06,0.000000000000000000e+00
2.382000000000000000e+03,1.760000000000359232e-06,0.000000000000000000e+00
2.383000000000000000e+03,1.680000000000359151e-06,0.000000000000000000e+00
2.384000000000000000e+03,1.600000000000359070e-06,0.000000000000000000e+00
2.385000000000000000e+03,1.520000000000358988e-06,0.000000000000000000e+00
2.386000000000000000e+03,1.440000000000358907e-06,0.000000000000000000e+00
2.387000000000000000e+03,1.360000000000358826e-06,0.000000000000000000e+00
2.388000000000000000e+03,1.280000000000358745e-06,0.000000000000000000e+00
2.389000000000000000e+03,1.200000000000358664e-06,0.000000000000000000e+00
2.390000000000000000e+03,1.120000000000358583e-06,0.000000000000000000e+00
2.391000000000000000e+03,1.040000000000358502e-06,0.000000000000000000e+00
2.392000000000000000e+03,9.600000000003584209e-07,0.000000000000000000e+00
2.393000000000000000e+03,8.800000000003584457e-07,0.000000000000000000e+00
2.394000000000000000e+03,8.000000000003584705e-07,0.000000000000000000e+00
2.395000000000000000e+03,7.200000000003584953e-07,0.000000000000000000e+00
2.396000000000000000e+03,6.400000000003585201e-07,0.000000000000000000e+00
2.397000000000000000e+03,5.600000000003585449e-07,0.000000000000000000e+00
2.398000000000000000e+03,4.800000000003585697e-07,0.000000000000000000e+00
2.399000000000000000e+03,4.000000000003585945e-07,0.000000000000000000e+00
2.400000000000000000e+03,3.200000000003586193e-07,0.000000000000000000e+00
2.401000000000000000e+03,2.400000000003586441e-07,0.000000000000000000e+00
2.402000000000000000e+03,1.600000000003586424e-07,0.000000000000000000e+00
2.403000000000000000e+03,8.000000000035864072e-08,0.000000000000000000e+00
2.404000000000000000e+03,3.586390438233911029e-19,0.000000000000000000e+00
2.405000000000000000e+03,-7.999999999964136263e-08,0.000000000000000000e+00
2.406000000000000000e+03,-1.599999999996413643e-07,0.000000000000000000e+00
2.407000000000000000e+03,-2.399999999996413660e-07,0.000000000000000000e+00
2.408000000000000000e+03,-3.199999999996413941e-07,0.000000000000000000e+00
2.409000000000000000e+03,-3.999999999996413693e-07,0.000000000000000000e+00
2.410000000000000000e+03,-4.799999999996413445e-07,0.000000000000000000e+00
2.411000000000000000e+03,-5.599999999996413197e-07,0.000000000000000000e+00
2.412000000000000000e+03,-6.399999999996412949e-07,0.000000000000000000e+00
2.413000000000000000e+03,-7.199999999996412701e-07,0.000000000000000000e+00
2.414000000000000000e+03,-7.999999999996412453e-07,0.000000000000000000e+00
2.415000000000000000e+03,-8.799999999996412205e-07,0.000000000000000000e+00
2.416000000000000000e+03,-9.599999999996411958e-07,0.000000000000000000e+00
2.417000000000000000e+03,-1.039999999999641277e-06,0.000000000000000000e+00
2.418000000000000000e+03,-1.119999999999641358e-06,0.000000000000000000e+00
2.419000000000000000e+03,-1.199999999999641439e-06,0.000000000000000000e+00
2.420000000000000000e+03,-1.279999999999641520e-06,0.000000000000000000e+00
2.421000000000000000e+03,-1.359999999999641601e-06,0.000000000000000000e+00
2.422000000000000000e+03,-1.439999999999641682e-06,0.000000000000000000e+00
2.423000000000000000e+03,-1.519999999999641763e-06,3.902439024390244038e-01
2.424000000000000000e+03,-1.599999999999641844e-06,4.695121951219511924e-01
2.425000000000000000e+03,-1.679999999999641926e-06,5.000000000000000000e-01
2.426000000000000000e+03,-1.759999999999642007e-06,5.548780487804878536e-01
2.427000000000000000e+03,-1.839999999999642088e-06,5.914634146341463117e-01
2.428000000000000000e+03,-1.919999999999641957e-06,6.463414634146341653e-01
2.429000000000000000e+03,-1.999999999999642038e-06,6.768292682926829729e-01
2.430000000000000000e+03,-2.079999999999642119e-06,6.829268292682927344e-01
2.431000000000000000e+03,-2.159999999999642200e-06,6.951219512195121464e-01
2.432000000000000000e+03,-2.239999999999642281e-06,7.134146341463414309e-01
2.433000000000000000e+03,-2.319999999999642362e-06,7.378048780487804770e-01
2.434000000000000000e+03,-2.399999999999642443e-06,7.560975609756097615e-01
2.435000000000000000e+03,-2.479999999999642525e-06,7.560975609756097615e-01
2.436000000000000000e+03,-2.559999999999642606e-06,7.682926829268292845e-01
2.437000000000000000e+03,-2.639999999999642687e-06,7.682926829268292845e-01
2.438000000000000000e+03,-2.719999999999642768e-06,7.743902439024390461e-01
2.439000000000000000e+03,-2.799999999999642849e-06,7.743902439024390461e-01
2.440000000000000000e+03,-2.879999999999642930e-06,7.804878048780488076e-01
2.441000000000000000e+03,-2.959999999999643011e-06,7.865853658536585691e-01
2.442000000000000000e+03,-3.039999999999643092e-06,7.987804878048780921e-01
2.443000000000000000e+03,-3.119999999999643173e-06,7.987804878048780921e-01
2.444000000000000000e+03,-3.199999999999643254e-06,8.048780487804878536e-01
2.445000000000000000e+03,4.600000000000358299e-06,0.000000000000000000e+00
2.446000000000000000e+03,4.520000000000358217e-06,0.000000000000000000e+00
2.447000000000000000e+03,4.440000000000358136e-06,0.000000000000000000e+00
2.448000000000000000e+03,4.360000000000358055e-06,0.000000000000000000e+00
2.449000000000000000e+03,4.280000000000357974e-06,0.000000000000000000e+00
2.450000000000000000e+03,4.200000000000357893e-06,0.000000000000000000e+00
2.451000000000000000e+03,4.120000000000357812e-06,0.000000000000000000e+00
2.452000000000000000e+03,4.040000000000357731e-06,0.000000000000000000e+00
2.453000000000000000e+03,3.960000000000357650e-06,0.000000000000000000e+00
2.454000000000000000e+03,3.880000000000357569e-06,0.000000000000000000e+00
2.455000000000000000e+03,3.800000000000357488e-06,0.000000000000000000e+00
2.456000000000000000e+03,3.720000000000357407e-06,0.000000000000000000e+00
2.457000000000000000e+03,3.640000000000357326e-06,0.000000000000000000e+00
2.458000000000000000e+03,3.560000000000357244e-06,0.000000000000000000e+00
2.459000000000000000e+03,3.480000000000357163e-06,0.000000000000000000e+00
2.460000000000000000e+03,3.400000000000357082e-06,0.000000000000000000e+00
2.461000000000000000e+03,3.320000000000357001e-06,0.000000000000000000e+00
2.462000000000000000e+03,3.240000000000356920e-06,0.000000000000000000e+00
2.463000000000000000e+03,3.160000000000356839e-06,0.000000000000000000e+00
2.464000000000000000e+03,3.080000000000356758e-06,0.000000000000000000e+00
2.465000000000000000e+03,3.000000000000356677e-06,0.000000000000000000e+00
2.466000000000000000e+03,2.920000000000356596e-06,0.000000000000000000e+00
2.467000000000000000e+03,2.840000000000356515e-06,0.000000000000000000e+00
2.468000000000000000e+03,2.760000000000356434e-06,0.000000000000000000e+00
2.469000000000000000e+03,2.680000000000356353e-06,0.000000000000000000e+00
2.470000000000000000e+03,2.600000000000356271e-06,0.000000000000000000e+00
2.471000000000000000e+03,2.520000000000356190e-06,0.000000000000000000e+00
2.472000000000000000e+03,2.440000000000356109e-06,0.000000000000000000e+00
2.473000000000000000e+03,2.360000000000356028e-06,0.000000000000000000e+00
2.474000000000000000e+03,2.280000000000355947e-06,0.000000000000000000e+00
2.475000000000000000e+03,2.200000000000355866e-06,0.000000000000000000e+00
2.476000000000000000e+03,2.120000000000355785e-06,0.000000000000000000e+00
2.477000000000000000e+03,2.040000000000355704e-06,0.000000000000000000e+00
2.478000000000000000e+03,1.960000000000355623e-06,0.000000000000000000e+00
2.479000000000000000e+03,1.880000000000355542e-06,0.000000000000000000e+00
2.480000000000000000e+03,1.800000000000355461e-06,0.000000000000000000e+00
2.481000000000000000e+03,1.720000000000355380e-06,0.000000000000000000e+00
2.482000000000000000e+03,1.640000000000355298e-06,0.000000000000000000e+00
2.483000000000000000e+03,1.560000000000355217e-06,0.000000000000000000e+00
2.484000000000000000e+03,1.480000000000355136e-06,0.000000000000000000e+00
2.485000000000000000e+03,1.400000000000355055e-06,0.000000000000000000e+00
2.486000000000000000e+03,1.320000000000354974e-06,0.000000000000000000e+00
2.487000000000000000e+03,1.240000000000354893e-06,0.000000000000000000e+00
2.488000000000000000e+03,1.160000000000354812e-06,0.000000000000000000e+00
2.489000000000000000e+03,1.080000000000354731e-06,0.000000000000000000e+00
2.490000000000000000e+03,1.000000000000354650e-06,0.000000000000000000e+00
2.491000000000000000e+03,9.200000000003546746e-07,0.000000000000000000e+00
2.492000000000000000e+03,8.400000000003546994e-07,0.000000000000000000e+00
2.493000000000000000e+03,7.600000000003547242e-07,0.000000000000000000e+00
2.494000000000000000e+03,6.800000000003547490e-07,0.000000000000000000e+00
2.495000000000000000e+03,6.000000000003547738e-07,0.000000000000000000e+00
2.496000000000000000e+03,5.200000000003547986e-07,0.000000000000000000e+00
2.497000000000000000e+03,4.400000000003548234e-07,0.000000000000000000e+00
2.498000000000000000e+03,3.600000000003548482e-07,0.000000000000000000e+00
2.499000000000000000e+03,2.800000000003548730e-07,0.000000000000000000e+00
2.500000000000000000e+03,2.000000000003548713e-07,0.000000000000000000e+00
2.501000000000000000e+03,1.200000000003548696e-07,0.000000000000000000e+00
2.502000000000000000e+03,4.000000000035486794e-08,0.000000000000000000e+00
2.503000000000000000e+03,-3.999999999964513374e-08,0.000000000000000000e+00
2.504000000000000000e+03,-1.199999999996451354e-07,0.000000000000000000e+00
2.505000000000000000e+03,-1.999999999996451371e-07,0.000000000000000000e+00
2.506000000000000000e+03,-2.799999999996451652e-07,0.000000000000000000e+00
2.507000000000000000e+03,-3.599999999996451404e-07,0.000000000000000000e+00
2.508000000000000000e+03,-4.399999999996451156e-07,0.000000000000000000e+00
2.509000000000000000e+03,-5.199999999996450908e-07,0.000000000000000000e+00
2.510000000000000000e+03,-5.999999999996450660e-07,0.000000000000000000e+00
2.511000000000000000e+03,-6.799999999996450412e-07,0.000000000000000000e+00
2.512000000000000000e+03,-7.599999999996450165e-07,0.000000000000000000e+00
2.513000000000000000e+03,-8.399999999996449917e-07,0.000000000000000000e+00
2.514000000000000000e+03,-9.199999999996449669e-07,0.000000000000000000e+00
2.515000000000000000e+03,-9.999999999996450479e-07,0.000000000000000000e+00
2.516000000000000000e+03,-1.079999999999645129e-06,0.000000000000000000e+00
2.517000000000000000e+03,-1.159999999999645210e-06,0.000000000000000000e+00
2.518000000000000000e+03,-1.239999999999645291e-06,0.000000000000000000e+00
2.519000000000000000e+03,-1.319999999999645372e-06,0.000000000000000000e+00
2.520000000000000000e+03,-1.399999999999645453e-06,0.000000000000000000e+00
2.521000000000000000e+03,-1.479999999999645534e-06,0.000000000000000000e+00
2.522000000000000000e+03,-1.559999999999645616e-06,6.097560975609756309e-03
2.523000000000000000e+03,-1.639999999999645697e-06,6.097560975609756309e-03
2.524000000000000000e+03,-1.719999999999645778e-06,6.097560975609756309e-03
2.525000000000000000e+03,-1.799999999999645859e-06,6.097560975609756309e-03
2.526000000000000000e+03,-1.879999999999645940e-06,6.097560975609756309e-03
2.527000000000000000e+03,-1.959999999999645809e-06,5.182926829268292845e-01
2.528000000000000000e+03,-2.039999999999645890e-06,5.731707317073170271e-01
2.529000000000000000e+03,-2.119999999999645971e-06,6.158536585365853577e-01
2.530000000000000000e+03,-2.199999999999646052e-06,6.341463414634146423e-01
2.531000000000000000e+03,-2.279999999999646134e-06,6.768292682926829729e-01
2.532000000000000000e+03,-2.359999999999646215e-06,7.012195121951219079e-01
2.533000000000000000e+03,-2.439999999999646296e-06,7.134146341463414309e-01
2.534000000000000000e+03,-2.519999999999646377e-06,7.195121951219511924e-01
2.535000000000000000e+03,-2.599999999999646458e-06,7.256097560975609539e-01
2.536000000000000000e+03,-2.679999999999646539e-06,7.378048780487804770e-01
2.537000000000000000e+03,-2.759999999999646620e-06,7.560975609756097615e-01
2.538000000000000000e+03,-2.839999999999646701e-06,7.621951219512195230e-01
2.539000000000000000e+03,-2.919999999999646782e-06,7.621951219512195230e-01
2.540000000000000000e+03,-2.999999999999646863e-06,7.743902439024390461e-01
2.541000000000000000e+03,-3.079999999999646944e-06,7.743902439024390461e-01
2.542000000000000000e+03,-3.159999999999647025e-06,7.865853658536585691e-01
2.543000000000000000e+03,-3.239999999999647107e-06,7.926829268292683306e-01
2.544000000000000000e+03,-3.319999999999647188e-06,7.987804878048780921e-01
2.545000000000000000e+03,-3.399999999999647269e-06,7.987804878048780921e-01
2.546000000000000000e+03,-3.479999999999647350e-06,8.048780487804878536e-01
2.547000000000000000e+03,4.470000000000354461e-06,0.000000000000000000e+00
2.548000000000000000e+03,4.390000000000354380e-06,0.000000000000000000e+00
2.549000000000000000e+03,4.310000000000354299e-06,0.000000000000000000e+00
2.550000000000000000e+03,4.230000000000354218e-06,0.000000000000000000e+00
2.551000000000000000e+03,4.150000000000354137e-06,0.000000000000000000e+00
2.552000000000000000e+03,4.070000000000354056e-06,0.000000000000000000e+00
2.553000000000000000e+03,3.990000000000353975e-06,0.000000000000000000e+00
2.554000000000000000e+03,3.910000000000353893e-06,0.000000000000000000e+00
2.555000000000000000e+03,3.830000000000353812e-06,0.000000000000000000e+00
2.556000000000000000e+03,3.750000000000353731e-06,0.000000000000000000e+00
2.557000000000000000e+03,3.670000000000353650e-06,0.000000000000000000e+00
2.558000000000000000e+03,3.590000000000353569e-06,0.000000000000000000e+00
2.559000000000000000e+03,3.510000000000353488e-06,0.000000000000000000e+00
2.560000000000000000e+03,3.430000000000353407e-06,0.000000000000000000e+00
2.561000000000000000e+03,3.350000000000353326e-06,0.000000000000000000e+00
2.562000000000000000e+03,3.270000000000353245e-06,0.000000000000000000e+00
2.563000000000000000e+03,3.190000000000353164e-06,0.000000000000000000e+00
2.564000000000000000e+03,3.110000000000353083e-06,0.000000000000000000e+00
2.565000000000000000e+03,3.030000000000353002e-06,0.000000000000000000e+00
2.566000000000000000e+03,2.950000000000352920e-06,0.000000000000000000e+00
2.567000000000000000e+03,2.870000000000352839e-06,0.000000000000000000e+00
2.568000000000000000e+03,2.790000000000352758e-06,0.000000000000000000e+00
2.569000000000000000e+03,2.710000000000352677e-06,0.000000000000000000e+00
2.570000000000000000e+03,2.630000000000352596e-06,0.000000000000000000e+00
2.571000000000000000e+03,2.550000000000352515e-06,0.000000000000000000e+00
2.572000000000000000e+03,2.470000000000352434e-06,0.000000000000000000e+00
2.573000000000000000e+03,2.390000000000352353e-06,0.000000000000000000e+00
2.574000000000000000e+03,2.310000000000352272e-06,0.000000000000000000e+00
2.575000000000000000e+03,2.230000000000352191e-06,0.000000000000000000e+00
2.576000000000000000e+03,2.150000000000352110e-06,0.000000000000000000e+00
2.577000000000000000e+03,2.070000000000352029e-06,0.000000000000000000e+00
2.578000000000000000e+03,1.990000000000351947e-06,0.000000000000000000e+00
2.579000000000000000e+03,1.910000000000351866e-06,0.000000000000000000e+00
2.580000000000000000e+03,1.830000000000351785e-06,0.000000000000000000e+00
2.581000000000000000e+03,1.750000000000351704e-06,0.000000000000000000e+00
2.582000000000000000e+03,1.670000000000351623e-06,0.000000000000000000e+00
2.583000000000000000e+03,1.590000000000351542e-06,0.000000000000000000e+00
2.584000000000000000e+03,1.510000000000351461e-06,0.000000000000000000e+00
2.585000000000000000e+03,1.430000000000351380e-06,0.000000000000000000e+00
2.586000000000000000e+03,1.350000000000351299e-06,0.000000000000000000e+00
2.587000000000000000e+03,1.270000000000351218e-06,0.000000000000000000e+00
2.588000000000000000e+03,1.190000000000351137e-06,0.000000000000000000e+00
2.589000000000000000e+03,1.110000000000351056e-06,0.000000000000000000e+00
2.590000000000000000e+03,1.030000000000350974e-06,0.000000000000000000e+00
2.591000000000000000e+03,9.500000000003509992e-07,0.000000000000000000e+00
2.592000000000000000e+03,8.700000000003510240e-07,0.000000000000000000e+00
2.593000000000000000e+03,7.900000000003510488e-07,0.000000000000000000e+00
2.594000000000000000e+03,7.100000000003510736e-07,0.000000000000000000e+00
2.595000000000000000e+03,6.300000000003510984e-07,0.000000000000000000e+00
2.596000000000000000e+03,5.500000000003511232e-07,0.000000000000000000e+00
2.597000000000000000e+03,4.700000000003511480e-07,0.000000000000000000e+00
2.598000000000000000e+03,3.900000000003511728e-07,0.000000000000000000e+00
2.599000000000000000e+03,3.100000000003511976e-07,0.000000000000000000e+00
2.600000000000000000e+03,2.300000000003511959e-07,0.000000000000000000e+00
2.601000000000000000e+03,1.500000000003511942e-07,0.000000000000000000e+00
2.602000000000000000e+03,7.000000000035119257e-08,0.000000000000000000e+00
2.603000000000000000e+03,-9.999999999648809100e-09,0.000000000000000000e+00
2.604000000000000000e+03,-8.999999999964881077e-08,0.000000000000000000e+00
2.605000000000000000e+03,-1.699999999996488124e-07,0.000000000000000000e+00
2.606000000000000000e+03,-2.499999999996488406e-07,0.000000000000000000e+00
2.607000000000000000e+03,-3.299999999996488158e-07,0.000000000000000000e+00
2.608000000000000000e+03,-4.099999999996487910e-07,0.000000000000000000e+00
2.609000000000000000e+03,-4.899999999996487662e-07,0.000000000000000000e+00
2.610000000000000000e+03,-5.699999999996487414e-07,0.000000000000000000e+00
2.611000000000000000e+03,-6.499999999996487166e-07,0.000000000000000000e+00
2.612000000000000000e+03,-7.299999999996486918e-07,0.000000000000000000e+00
2.613000000000000000e+03,-8.099999999996486670e-07,0.000000000000000000e+00
2.614000000000000000e+03,-8.899999999996486422e-07,0.000000000000000000e+00
2.615000000000000000e+03,-9.699999999996487233e-07,0.000000000000000000e+00
2.616000000000000000e+03,-1.049999999999648804e-06,0.000000000000000000e+00
2.617000000000000000e+03,-1.129999999999648885e-06,0.000000000000000000e+00
2.618000000000000000e+03,-1.209999999999648967e-06,0.000000000000000000e+00
2.619000000000000000e+03,-1.289999999999649048e-06,0.000000000000000000e+00
2.620000000000000000e+03,-1.369999999999649129e-06,0.000000000000000000e+00
2.621000000000000000e+03,-1.449999999999649210e-06,0.000000000000000000e+00
2.622000000000000000e+03,-1.529999999999649291e-06,0.000000000000000000e+00
2.623000000000000000e+03,-1.609999999999649372e-06,0.000000000000000000e+00
2.624000000000000000e+03,-1.689999999999649453e-06,0.000000000000000000e+00
2.625000000000000000e+03,-1.769999999999649534e-06,0.000000000000000000e+00
2.626000000000000000e+03,-1.849999999999649615e-06,0.000000000000000000e+00
2.627000000000000000e+03,-1.929999999999649485e-06,0.000000000000000000e+00
2.628000000000000000e+03,-2.009999999999649566e-06,0.000000000000000000e+00
2.629000000000000000e+03,-2.089999999999649647e-06,0.000000000000000000e+00
2.630000000000000000e+03,-2.169999999999649728e-06,0.000000000000000000e+00
2.631000000000000000e+03,-2.249999999999649809e-06,0.000000000000000000e+00
2.632000000000000000e+03,-2.329999999999649890e-06,0.000000000000000000e+00
2.633000000000000000e+03,-2.409999999999649971e-06,0.000000000000000000e+00
2.634000000000000000e+03,-2.489999999999650052e-06,0.000000000000000000e+00
2.635000000000000000e+03,-2.569999999999650133e-06,0.000000000000000000e+00
2.636000000000000000e+03,-2.649999999999650214e-06,0.000000000000000000e+00
2.637000000000000000e+03,-2.729999999999650295e-06,0.000000000000000000e+00
2.638000000000000000e+03,-2.809999999999650376e-06,0.000000000000000000e+00
2.639000000000000000e+03,-2.889999999999650458e-06,0.000000000000000000e+00
2.640000000000000000e+03,-2.969999999999650539e-06,0.000000000000000000e+00
2.641000000000000000e+03,-3.049999999999650620e-06,0.000000000000000000e+00
2.642000000000000000e+03,-3.129999999999650701e-06,0.000000000000000000e+00
2.643000000000000000e+03,-3.209999999999650782e-06,0.000000000000000000e+00
2.644000000000000000e+03,-3.289999999999650863e-06,7.682926829268292845e-01
2.645000000000000000e+03,-3.369999999999650944e-06,7.804878048780488076e-01
2.646000000000000000e+03,-3.449999999999651025e-06,7.926829268292683306e-01
2.647000000000000000e+03,-3.529999999999651106e-06,7.926829268292683306e-01
2.648000000000000000e+03,-3.609999999999651187e-06,7.926829268292683306e-01
2.649000000000000000e+03,-3.689999999999651268e-06,8.048780487804878536e-01
2.650000000000000000e+03,4.210000000000349327e-06,0.000000000000000000e+00
2.651000000000000000e+03,4.130000000000349246e-06,0.000000000000000000e+00
2.652000000000000000e+03,4.050000000000349165e-06,0.000000000000000000e+00
2.653000000000000000e+03,3.970000000000349084e-06,0.000000000000000000e+00
2.654000000000000000e+03,3.890000000000349003e-06,0.000000000000000000e+00
2.655000000000000000e+03,3.810000000000348922e-06,0.000000000000000000e+00
2.656000000000000000e+03,3.730000000000348841e-06,0.000000000000000000e+00
2.657000000000000000e+03,3.650000000000348759e-06,0.000000000000000000e+00
2.658000000000000000e+03,3.570000000000348678e-06,0.000000000000000000e+00
2.659000000000000000e+03,3.490000000000348597e-06,0.000000000000000000e+00
2.660000000000000000e+03,3.410000000000348516e-06,0.000000000000000000e+00
2.661000000000000000e+03,3.330000000000348435e-06,0.000000000000000000e+00
2.662000000000000000e+03,3.250000000000348354e-06,0.000000000000000000e+00
2.663000000000000000e+03,3.170000000000348273e-06,0.000000000000000000e+00
2.664000000000000000e+03,3.090000000000348192e-06,0.000000000000000000e+00
2.665000000000000000e+03,3.010000000000348111e-06,0.000000000000000000e+00
2.666000000000000000e+03,2.930000000000348030e-06,0.000000000000000000e+00
2.667000000000000000e+03,2.850000000000347949e-06,0.000000000000000000e+00
2.668000000000000000e+03,2.770000000000347868e-06,0.000000000000000000e+00
2.669000000000000000e+03,2.690000000000347786e-06,0.000000000000000000e+00
2.670000000000000000e+03,2.610000000000347705e-06,0.000000000000000000e+00
2.671000000000000000e+03,2.530000000000347624e-06,0.000000000000000000e+00
2.672000000000000000e+03,2.450000000000347543e-06,0.000000000000000000e+00
2.673000000000000000e+03,2.370000000000347462e-06,0.000000000000000000e+00
2.674000000000000000e+03,2.290000000000347381e-06,0.000000000000000000e+00
2.675000000000000000e+03,2.210000000000347300e-06,0.000000000000000000e+00
2.676000000000000000e+03,2.130000000000347219e-06,0.000000000000000000e+00
2.677000000000000000e+03,2.050000000000347138e-06,0.000000000000000000e+00
2.678000000000000000e+03,1.970000000000347057e-06,0.000000000000000000e+00
2.679000000000000000e+03,1.890000000000346976e-06,0.000000000000000000e+00
2.680000000000000000e+03,1.810000000000346895e-06,0.000000000000000000e+00
2.681000000000000000e+03,1.730000000000346813e-06,0.000000000000000000e+00
2.682000000000000000e+03,1.650000000000346732e-06,0.000000000000000000e+00
2.683000000000000000e+03,1.570000000000346651e-06,0.000000000000000000e+00
2.684000000000000000e+03,1.490000000000346570e-06,0.000000000000000000e+00
2.685000000000000000e+03,1.410000000000346489e-06,0.000000000000000000e+00
2.686000000000000000e+03,1.330000000000346408e-06,0.000000000000000000e+00
2.687000000000000000e+03,1.250000000000346327e-06,0.000000000000000000e+00
2.688000000000000000e+03,1.170000000000346246e-06,0.000000000000000000e+00
2.689000000000000000e+03,1.090000000000346165e-06,0.000000000000000000e+00
2.690000000000000000e+03,1.010000000000346084e-06,0.000000000000000000e+00
2.691000000000000000e+03,9.300000000003461085e-07,0.000000000000000000e+00
2.692000000000000000e+03,8.500000000003461333e-07,0.000000000000000000e+00
2.693000000000000000e+03,7.700000000003461581e-07,0.000000000000000000e+00
2.694000000000000000e+03,6.900000000003461829e-07,0.000000000000000000e+00
2.695000000000000000e+03,6.100000000003462077e-07,0.000000000000000000e+00
2.696000000000000000e+03,5.300000000003462325e-07,0.000000000000000000e+00
2.697000000000000000e+03,4.500000000003462573e-07,0.000000000000000000e+00
2.698000000000000000e+03,3.700000000003462821e-07,0.000000000000000000e+00
2.699000000000000000e+03,2.900000000003463069e-07,0.000000000000000000e+00
2.700000000000000000e+03,2.100000000003463052e-07,0.000000000000000000e+00
2.701000000000000000e+03,1.300000000003463035e-07,0.000000000000000000e+00
2.702000000000000000e+03,5.000000000034630186e-08,0.000000000000000000e+00
2.703000000000000000e+03,-2.999999999965369981e-08,0.000000000000000000e+00
2.704000000000000000e+03,-1.099999999996537015e-07,0.000000000000000000e+00
2.705000000000000000e+03,-1.899999999996537032e-07,0.000000000000000000e+00
2.706000000000000000e+03,-2.699999999996537313e-07,0.000000000000000000e+00
2.707000000000000000e+03,-3.499999999996537065e-07,0.000000000000000000e+00
2.708000000000000000e+03,-4.299999999996536817e-07,0.000000000000000000e+00
2.709000000000000000e+03,-5.099999999996536569e-07,0.000000000000000000e+00
2.710000000000000000e+03,-5.899999999996536321e-07,0.000000000000000000e+00
2.711000000000000000e+03,-6.699999999996536073e-07,0.000000000000000000e+00
2.712000000000000000e+03,-7.499999999996535825e-07,0.000000000000000000e+00
2.713000000000000000e+03,-8.299999999996535577e-07,0.000000000000000000e+00
2.714000000000000000e+03,-9.099999999996535329e-07,0.000000000000000000e+00
2.715000000000000000e+03,-9.899999999996536140e-07,0.000000000000000000e+00
2.716000000000000000e+03,-1.069999999999653695e-06,0.000000000000000000e+00
2.717000000000000000e+03,-1.149999999999653776e-06,0.000000000000000000e+00
2.718000000000000000e+03,-1.229999999999653857e-06,0.000000000000000000e+00
2.719000000000000000e+03,-1.309999999999653938e-06,0.000000000000000000e+00
2.720000000000000000e+03,-1.389999999999654019e-06,0.000000000000000000e+00
2.721000000000000000e+03,-1.469999999999654101e-06,0.000000000000000000e+00
2.722000000000000000e+03,-1.549999999999654182e-06,0.000000000000000000e+00
2.723000000000000000e+03,-1.629999999999654263e-06,0.000000000000000000e+00
2.724000000000000000e+03,-1.709999999999654344e-06,0.000000000000000000e+00
2.725000000000000000e+03,-1.789999999999654425e-06,0.000000000000000000e+00
2.726000000000000000e+03,-1.869999999999654506e-06,0.000000000000000000e+00
2.727000000000000000e+03,-1.949999999999654375e-06,0.000000000000000000e+00
2.728000000000000000e+03,-2.029999999999654456e-06,0.000000000000000000e+00
2.729000000000000000e+03,-2.109999999999654537e-06,0.000000000000000000e+00
2.730000000000000000e+03,-2.189999999999654619e-06,0.000000000000000000e+00
2.731000000000000000e+03,-2.269999999999654700e-06,0.000000000000000000e+00
2.732000000000000000e+03,-2.349999999999654781e-06,5.060975609756097615e-01
2.733000000000000000e+03,-2.429999999999654862e-06,5.670731707317072656e-01
2.734000000000000000e+03,-2.509999999999654943e-06,6.341463414634146423e-01
2.735000000000000000e+03,-2.589999999999655024e-06,6.707317073170732113e-01
2.736000000000000000e+03,-2.669999999999655105e-06,6.951219512195121464e-01
2.737000000000000000e+03,-2.749999999999655186e-06,7.073170731707316694e-01
2.738000000000000000e+03,-2.829999999999655267e-06,7.317073170731707155e-01
2.739000000000000000e+03,-2.909999999999655348e-06,7.378048780487804770e-01
2.740000000000000000e+03,-2.989999999999655429e-06,7.439024390243902385e-01
2.741000000000000000e+03,-3.069999999999655510e-06,7.439024390243902385e-01
2.742000000000000000e+03,-3.149999999999655592e-06,7.439024390243902385e-01
2.743000000000000000e+03,-3.229999999999655673e-06,7.500000000000000000e-01
2.744000000000000000e+03,-3.309999999999655754e-06,7.500000000000000000e-01
2.745000000000000000e+03,-3.389999999999655835e-06,7.500000000000000000e-01
2.746000000000000000e+03,-3.469999999999655916e-06,7.621951219512195230e-01
2.747000000000000000e+03,-3.549999999999655997e-06,7.621951219512195230e-01
2.748000000000000000e+03,-3.629999999999656078e-06,7.682926829268292845e-01
2.749000000000000000e+03,-3.709999999999656159e-06,7.682926829268292845e-01
2.750000000000000000e+03,-3.789999999999656240e-06,7.743902439024390461e-01
2.751000000000000000e+03,-3.869999999999656321e-06,7.804878048780488076e-01
2.752000000000000000e+03,-3.949999999999656402e-06,7.804878048780488076e-01
2.753000000000000000e+03,-4.029999999999656483e-06,7.804878048780488076e-01
2.754000000000000000e+03,-4.109999999999656565e-06,7.804878048780488076e-01
2.755000000000000000e+03,-4.189999999999656646e-06,7.804878048780488076e-01
2.756000000000000000e+03,-4.269999999999656727e-06,7.804878048780488076e-01
2.757000000000000000e+03,-4.349999999999656808e-06,7.865853658536585691e-01
2.758000000000000000e+03,-4.429999999999656889e-06,7.865853658536585691e-01
2.759000000000000000e+03,-4.509999999999656970e-06,7.926829268292683306e-01
2.760000000000000000e+03,-4.589999999999657051e-06,7.926829268292683306e-01
2.761000000000000000e+03,-4.669999999999657132e-06,7.926829268292683306e-01
2.762000000000000000e+03,-4.749999999999657213e-06,7.987804878048780921e-01
2.763000000000000000e+03,-4.829999999999657294e-06,7.987804878048780921e-01
2.764000000000000000e+03,-4.909999999999657375e-06,7.987804878048780921e-01
2.765000000000000000e+03,-4.989999999999657456e-06,7.987804878048780921e-01
2.766000000000000000e+03,-5.069999999999657537e-06,7.987804878048780921e-01
2.767000000000000000e+03,-5.149999999999657619e-06,8.109756097560976151e-01
2.768000000000000000e+03,2.850000000000343713e-06,0.000000000000000000e+00
2.769000000000000000e+03,2.770000000000343632e-06,0.000000000000000000e+00
2.770000000000000000e+03,2.690000000000343551e-06,0.000000000000000000e+00
2.771000000000000000e+03,2.610000000000343470e-06,0.000000000000000000e+00
2.772000000000000000e+03,2.530000000000343389e-06,0.000000000000000000e+00
2.773000000000000000e+03,2.450000000000343308e-06,0.000000000000000000e+00
2.774000000000000000e+03,2.370000000000343227e-06,0.000000000000000000e+00
2.775000000000000000e+03,2.290000000000343146e-06,0.000000000000000000e+00
2.776000000000000000e+03,2.210000000000343065e-06,0.000000000000000000e+00
2.777000000000000000e+03,2.130000000000342984e-06,0.000000000000000000e+00
2.778000000000000000e+03,2.050000000000342903e-06,0.000000000000000000e+00
2.779000000000000000e+03,1.970000000000342822e-06,0.000000000000000000e+00
2.780000000000000000e+03,1.890000000000342740e-06,0.000000000000000000e+00
2.781000000000000000e+03,1.810000000000342659e-06,0.000000000000000000e+00
2.782000000000000000e+03,1.730000000000342578e-06,0.000000000000000000e+00
2.783000000000000000e+03,1.650000000000342497e-06,0.000000000000000000e+00
2.784000000000000000e+03,1.570000000000342416e-06,0.000000000000000000e+00
2.785000000000000000e+03,1.490000000000342335e-06,0.000000000000000000e+00
2.786000000000000000e+03,1.410000000000342254e-06,0.000000000000000000e+00
2.787000000000000000e+03,1.330000000000342173e-06,0.000000000000000000e+00
2.788000000000000000e+03,1.250000000000342092e-06,0.000000000000000000e+00
2.789000000000000000e+03,1.170000000000342011e-06,0.000000000000000000e+00
2.790000000000000000e+03,1.090000000000341930e-06,0.000000000000000000e+00
2.791000000000000000e+03,1.010000000000341849e-06,0.000000000000000000e+00
2.792000000000000000e+03,9.300000000003418734e-07,0.000000000000000000e+00
2.793000000000000000e+03,8.500000000003418981e-07,0.000000000000000000e+00
2.794000000000000000e+03,7.700000000003419229e-07,0.000000000000000000e+00
2.795000000000000000e+03,6.900000000003419477e-07,0.000000000000000000e+00
2.796000000000000000e+03,6.100000000003419725e-07,0.000000000000000000e+00
2.797000000000000000e+03,5.300000000003419973e-07,0.000000000000000000e+00
2.798000000000000000e+03,4.500000000003420221e-07,0.000000000000000000e+00
2.799000000000000000e+03,3.700000000003420469e-07,0.000000000000000000e+00
2.800000000000000000e+03,2.900000000003420717e-07,0.000000000000000000e+00
2.801000000000000000e+03,2.100000000003420700e-07,0.000000000000000000e+00
2.802000000000000000e+03,1.300000000003420684e-07,0.000000000000000000e+00
2.803000000000000000e+03,5.000000000034206670e-08,0.000000000000000000e+00
2.804000000000000000e+03,-2.999999999965793497e-08,0.000000000000000000e+00
2.805000000000000000e+03,-1.099999999996579366e-07,0.000000000000000000e+00
2.806000000000000000e+03,-1.899999999996579383e-07,0.000000000000000000e+00
2.807000000000000000e+03,-2.699999999996579665e-07,0.000000000000000000e+00
2.808000000000000000e+03,-3.499999999996579417e-07,0.000000000000000000e+00
2.809000000000000000e+03,-4.299999999996579169e-07,0.000000000000000000e+00
2.810000000000000000e+03,-5.099999999996578921e-07,0.000000000000000000e+00
2.811000000000000000e+03,-5.899999999996578673e-07,0.000000000000000000e+00
2.812000000000000000e+03,-6.699999999996578425e-07,0.000000000000000000e+00
2.813000000000000000e+03,-7.499999999996578177e-07,0.000000000000000000e+00
2.814000000000000000e+03,-8.299999999996577929e-07,0.000000000000000000e+00
2.815000000000000000e+03,-9.099999999996577681e-07,0.000000000000000000e+00
2.816000000000000000e+03,-9.899999999996578492e-07,0.000000000000000000e+00
2.817000000000000000e+03,-1.069999999999657930e-06,0.000000000000000000e+00
2.818000000000000000e+03,-1.149999999999658011e-06,0.000000000000000000e+00
2.819000000000000000e+03,-1.229999999999658092e-06,0.000000000000000000e+00
2.820000000000000000e+03,-1.309999999999658174e-06,0.000000000000000000e+00
2.821000000000000000e+03,-1.389999999999658255e-06,0.000000000000000000e+00
2.822000000000000000e+03,-1.469999999999658336e-06,0.000000000000000000e+00
2.823000000000000000e+03,-1.549999999999658417e-06,0.000000000000000000e+00
2.824000000000000000e+03,-1.629999999999658498e-06,0.000000000000000000e+00
2.825000000000000000e+03,-1.709999999999658579e-06,0.000000000000000000e+00
2.826000000000000000e+03,-1.789999999999658660e-06,0.000000000000000000e+00
2.827000000000000000e+03,-1.869999999999658741e-06,0.000000000000000000e+00
2.828000000000000000e+03,-1.949999999999658610e-06,0.000000000000000000e+00
2.829000000000000000e+03,-2.029999999999658692e-06,0.000000000000000000e+00
2.830000000000000000e+03,-2.109999999999658773e-06,0.000000000000000000e+00
2.831000000000000000e+03,-2.189999999999658854e-06,0.000000000000000000e+00
2.832000000000000000e+03,-2.269999999999658935e-06,0.000000000000000000e+00
2.833000000000000000e+03,-2.349999999999659016e-06,0.000000000000000000e+00
2.834000000000000000e+03,-2.429999999999659097e-06,0.000000000000000000e+00
2.835000000000000000e+03,-2.509999999999659178e-06,0.000000000000000000e+00
2.836000000000000000e+03,-2.589999999999659259e-06,0.000000000000000000e+00
2.837000000000000000e+03,-2.669999999999659340e-06,0.000000000000000000e+00
2.838000000000000000e+03,-2.749999999999659421e-06,0.000000000000000000e+00
2.839000000000000000e+03,-2.829999999999659502e-06,0.000000000000000000e+00
2.840000000000000000e+03,-2.909999999999659583e-06,0.000000000000000000e+00
2.841000000000000000e+03,-2.989999999999659665e-06,0.000000000000000000e+00
2.842000000000000000e+03,-3.069999999999659746e-06,0.000000000000000000e+00
2.843000000000000000e+03,-3.149999999999659827e-06,0.000000000000000000e+00
2.844000000000000000e+03,-3.229999999999659908e-06,4.268292682926829174e-01
2.845000000000000000e+03,-3.309999999999659989e-06,4.573170731707317249e-01
2.846000000000000000e+03,-3.389999999999660070e-06,5.365853658536585691e-01
2.847000000000000000e+03,-3.469999999999660151e-06,5.731707317073170271e-01
2.848000000000000000e+03,-3.549999999999660232e-06,6.158536585365853577e-01
2.849000000000000000e+03,-3.629999999999660313e-06,6.463414634146341653e-01
2.850000000000000000e+03,-3.709999999999660394e-06,6.829268292682927344e-01
2.851000000000000000e+03,-3.789999999999660475e-06,7.012195121951219079e-01
2.852000000000000000e+03,-3.869999999999660556e-06,7.195121951219511924e-01
2.853000000000000000e+03,-3.949999999999660637e-06,7.500000000000000000e-01
2.854000000000000000e+03,-4.029999999999660719e-06,7.682926829268292845e-01
2.855000000000000000e+03,-4.109999999999660800e-06,7.865853658536585691e-01
2.856000000000000000e+03,-4.189999999999660881e-06,7.865853658536585691e-01
2.857000000000000000e+03,-4.269999999999660962e-06,7.926829268292683306e-01
2.858000000000000000e+03,-4.349999999999661043e-06,7.987804878048780921e-01
2.859000000000000000e+03,-4.429999999999661124e-06,7.987804878048780921e-01
2.860000000000000000e+03,-4.509999999999661205e-06,8.109756097560976151e-01
2.861000000000000000e+03,3.490000000000340127e-06,0.000000000000000000e+00
2.862000000000000000e+03,3.410000000000340046e-06,0.000000000000000000e+00
2.863000000000000000e+03,3.330000000000339965e-06,0.000000000000000000e+00
2.864000000000000000e+03,3.250000000000339884e-06,0.000000000000000000e+00
2.865000000000000000e+03,3.170000000000339803e-06,0.000000000000000000e+00
2.866000000000000000e+03,3.090000000000339722e-06,0.000000000000000000e+00
2.867000000000000000e+03,3.010000000000339640e-06,0.000000000000000000e+00
2.868000000000000000e+03,2.930000000000339559e-06,0.000000000000000000e+00
2.869000000000000000e+03,2.850000000000339478e-06,0.000000000000000000e+00
2.870000000000000000e+03,2.770000000000339397e-06,0.000000000000000000e+00
2.871000000000000000e+03,2.690000000000339316e-06,0.000000000000000000e+00
2.872000000000000000e+03,2.610000000000339235e-06,0.000000000000000000e+00
2.873000000000000000e+03,2.530000000000339154e-06,0.000000000000000000e+00
2.874000000000000000e+03,2.450000000000339073e-06,0.000000000000000000e+00
2.875000000000000000e+03,2.370000000000338992e-06,0.000000000000000000e+00
2.876000000000000000e+03,2.290000000000338911e-06,0.000000000000000000e+00
2.877000000000000000e+03,2.210000000000338830e-06,0.000000000000000000e+00
2.878000000000000000e+03,2.130000000000338749e-06,0.000000000000000000e+00
2.879000000000000000e+03,2.050000000000338667e-06,0.000000000000000000e+00
2.880000000000000000e+03,1.970000000000338586e-06,0.000000000000000000e+00
2.881000000000000000e+03,1.890000000000338505e-06,0.000000000000000000e+00
2.882000000000000000e+03,1.810000000000338424e-06,0.000000000000000000e+00
2.883000000000000000e+03,1.730000000000338343e-06,0.000000000000000000e+00
2.884000000000000000e+03,1.650000000000338262e-06,0.000000000000000000e+00
2.885000000000000000e+03,1.570000000000338181e-06,0.000000000000000000e+00
2.886000000000000000e+03,1.490000000000338100e-06,0.000000000000000000e+00
2.887000000000000000e+03,1.410000000000338019e-06,0.000000000000000000e+00
2.888000000000000000e+03,1.330000000000337938e-06,0.000000000000000000e+00
2.889000000000000000e+03,1.250000000000337857e-06,0.000000000000000000e+00
2.890000000000000000e+03,1.170000000000337776e-06,0.000000000000000000e+00
2.891000000000000000e+03,1.090000000000337694e-06,0.000000000000000000e+00
2.892000000000000000e+03,1.010000000000337613e-06,0.000000000000000000e+00
2.893000000000000000e+03,9.300000000003376382e-07,0.000000000000000000e+00
2.894000000000000000e+03,8.500000000003376630e-07,0.000000000000000000e+00
2.895000000000000000e+03,7.700000000003376878e-07,0.000000000000000000e+00
2.896000000000000000e+03,6.900000000003377126e-07,0.000000000000000000e+00
2.897000000000000000e+03,6.100000000003377374e-07,0.000000000000000000e+00
2.898000000000000000e+03,5.300000000003377622e-07,0.000000000000000000e+00
2.899000000000000000e+03,4.500000000003377870e-07,0.000000000000000000e+00
2.900000000000000000e+03,3.700000000003378118e-07,0.000000000000000000e+00
2.901000000000000000e+03,2.900000000003378366e-07,0.000000000000000000e+00
2.902000000000000000e+03,2.100000000003378349e-07,0.000000000000000000e+00
2.903000000000000000e+03,1.300000000003378332e-07,0.000000000000000000e+00
2.904000000000000000e+03,5.000000000033783153e-08,0.000000000000000000e+00
2.905000000000000000e+03,-2.999999999966217014e-08,0.000000000000000000e+00
2.906000000000000000e+03,-1.099999999996621718e-07,0.000000000000000000e+00
2.907000000000000000e+03,-1.899999999996621735e-07,0.000000000000000000e+00
2.908000000000000000e+03,-2.699999999996622016e-07,0.000000000000000000e+00
2.909000000000000000e+03,-3.499999999996621768e-07,0.000000000000000000e+00
2.910000000000000000e+03,-4.299999999996621520e-07,0.000000000000000000e+00
2.911000000000000000e+03,-5.099999999996621272e-07,0.000000000000000000e+00
2.912000000000000000e+03,-5.899999999996621024e-07,0.000000000000000000e+00
2.913000000000000000e+03,-6.699999999996620777e-07,0.000000000000000000e+00
2.914000000000000000e+03,-7.499999999996620529e-07,0.000000000000000000e+00
2.915000000000000000e+03,-8.299999999996620281e-07,0.000000000000000000e+00
2.916000000000000000e+03,-9.099999999996620033e-07,0.000000000000000000e+00
2.917000000000000000e+03,-9.899999999996620843e-07,0.000000000000000000e+00
2.918000000000000000e+03,-1.069999999999662165e-06,0.000000000000000000e+00
2.919000000000000000e+03,-1.149999999999662247e-06,0.000000000000000000e+00
2.920000000000000000e+03,-1.229999999999662328e-06,0.000000000000000000e+00
2.921000000000000000e+03,-1.309999999999662409e-06,0.000000000000000000e+00
2.922000000000000000e+03,-1.389999999999662490e-06,0.000000000000000000e+00
2.923000000000000000e+03,-1.469999999999662571e-06,0.000000000000000000e+00
2.924000000000000000e+03,-1.549999999999662652e-06,0.000000000000000000e+00
2.925000000000000000e+03,-1.629999999999662733e-06,0.000000000000000000e+00
2.926000000000000000e+03,-1.709999999999662814e-06,0.000000000000000000e+00
2.927000000000000000e+03,-1.789999999999662895e-06,0.000000000000000000e+00
2.928000000000000000e+03,-1.869999999999662976e-06,0.000000000000000000e+00
2.929000000000000000e+03,-1.949999999999662846e-06,0.000000000000000000e+00
2.930000000000000000e+03,-2.029999999999662927e-06,0.000000000000000000e+00
2.931000000000000000e+03,-2.109999999999663008e-06,0.000000000000000000e+00
2.932000000000000000e+03,-2.189999999999663089e-06,0.000000000000000000e+00
2.933000000000000000e+03,-2.269999999999663170e-06,0.000000000000000000e+00
2.934000000000000000e+03,-2.349999999999663251e-06,0.000000000000000000e+00
2.935000000000000000e+03,-2.429999999999663332e-06,0.000000000000000000e+00
2.936000000000000000e+03,-2.509999999999663413e-06,0.000000000000000000e+00
2.937000000000000000e+03,-2.589999999999663494e-06,0.000000000000000000e+00
2.938000000000000000e+03,-2.669999999999663575e-06,0.000000000000000000e+00
2.939000000000000000e+03,-2.749999999999663656e-06,0.000000000000000000e+00
2.940000000000000000e+03,-2.829999999999663737e-06,0.000000000000000000e+00
2.941000000000000000e+03,-2.909999999999663819e-06,0.000000000000000000e+00
2.942000000000000000e+03,-2.989999999999663900e-06,0.000000000000000000e+00
2.943000000000000000e+03,-3.069999999999663981e-06,0.000000000000000000e+00
2.944000000000000000e+03,-3.149999999999664062e-06,0.000000000000000000e+00
2.945000000000000000e+03,-3.229999999999664143e-06,0.000000000000000000e+00
2.946000000000000000e+03,-3.309999999999664224e-06,0.000000000000000000e+00
2.947000000000000000e+03,-3.389999999999664305e-06,0.000000000000000000e+00
2.948000000000000000e+03,-3.469999999999664386e-06,0.000000000000000000e+00
2.949000000000000000e+03,-3.549999999999664467e-06,0.000000000000000000e+00
2.950000000000000000e+03,-3.629999999999664548e-06,6.890243902439023849e-01
2.951000000000000000e+03,-3.709999999999664629e-06,7.012195121951219079e-01
2.952000000000000000e+03,-3.789999999999664710e-06,7.073170731707316694e-01
2.953000000000000000e+03,-3.869999999999664792e-06,7.195121951219511924e-01
2.954000000000000000e+03,-3.949999999999664873e-06,7.256097560975609539e-01
2.955000000000000000e+03,-4.029999999999664954e-06,7.317073170731707155e-01
2.956000000000000000e+03,-4.109999999999665035e-06,7.378048780487804770e-01
2.957000000000000000e+03,-4.189999999999665116e-06,7.439024390243902385e-01
2.958000000000000000e+03,-4.269999999999665197e-06,7.500000000000000000e-01
2.959000000000000000e+03,-4.349999999999665278e-06,7.560975609756097615e-01
2.960000000000000000e+03,-4.429999999999665359e-06,7.621951219512195230e-01
2.961000000000000000e+03,-4.509999999999665440e-06,7.621951219512195230e-01
2.962000000000000000e+03,-4.589999999999665521e-06,7.621951219512195230e-01
2.963000000000000000e+03,-4.669999999999665602e-06,7.621951219512195230e-01
2.964000000000000000e+03,-4.749999999999665683e-06,7.682926829268292845e-01
2.965000000000000000e+03,-4.829999999999665765e-06,7.682926829268292845e-01
2.966000000000000000e+03,-4.909999999999665846e-06,7.743902439024390461e-01
2.967000000000000000e+03,-4.989999999999665927e-06,7.743902439024390461e-01
2.968000000000000000e+03,-5.069999999999666008e-06,7.865853658536585691e-01
2.969000000000000000e+03,-5.149999999999666089e-06,7.926829268292683306e-01
2.970000000000000000e+03,-5.229999999999666170e-06,7.926829268292683306e-01
2.971000000000000000e+03,-5.309999999999666251e-06,8.048780487804878536e-01
2.972000000000000000e+03,2.590000000000334344e-06,0.000000000000000000e+00
2.973000000000000000e+03,2.510000000000334263e-06,0.000000000000000000e+00
2.974000000000000000e+03,2.430000000000334182e-06,0.000000000000000000e+00
2.975000000000000000e+03,2.350000000000334101e-06,0.000000000000000000e+00
2.976000000000000000e+03,2.270000000000334020e-06,0.000000000000000000e+00
2.977000000000000000e+03,2.190000000000333939e-06,0.000000000000000000e+00
2.978000000000000000e+03,2.110000000000333858e-06,0.000000000000000000e+00
2.979000000000000000e+03,2.030000000000333777e-06,0.000000000000000000e+00
2.980000000000000000e+03,1.950000000000333696e-06,0.000000000000000000e+00
2.981000000000000000e+03,1.870000000000333615e-06,0.000000000000000000e+00
2.982000000000000000e+03,1.790000000000333534e-06,0.000000000000000000e+00
2.983000000000000000e+03,1.710000000000333452e-06,0.000000000000000000e+00
2.984000000000000000e+03,1.630000000000333371e-06,0.000000000000000000e+00
2.985000000000000000e+03,1.550000000000333290e-06,0.000000000000000000e+00
2.986000000000000000e+03,1.470000000000333209e-06,0.000000000000000000e+00
2.987000000000000000e+03,1.390000000000333128e-06,0.000000000000000000e+00
2.988000000000000000e+03,1.310000000000333047e-06,0.000000000000000000e+00
2.989000000000000000e+03,1.230000000000332966e-06,0.000000000000000000e+00
2.990000000000000000e+03,1.150000000000332885e-06,0.000000000000000000e+00
2.991000000000000000e+03,1.070000000000332804e-06,0.000000000000000000e+00
2.992000000000000000e+03,9.900000000003327227e-07,0.000000000000000000e+00
2.993000000000000000e+03,9.100000000003327475e-07,0.000000000000000000e+00
2.994000000000000000e+03,8.300000000003327723e-07,0.000000000000000000e+00
2.995000000000000000e+03,7.500000000003327971e-07,0.000000000000000000e+00
2.996000000000000000e+03,6.700000000003328219e-07,0.000000000000000000e+00
2.997000000000000000e+03,5.900000000003328467e-07,0.000000000000000000e+00
2.998000000000000000e+03,5.100000000003328715e-07,0.000000000000000000e+00
2.999000000000000000e+03,4.300000000003328963e-07,0.000000000000000000e+00
3.000000000000000000e+03,3.500000000003329210e-07,0.000000000000000000e+00
3.001000000000000000e+03,2.700000000003329458e-07,0.000000000000000000e+00
3.002000000000000000e+03,1.900000000003329442e-07,0.000000000000000000e+00
3.003000000000000000e+03,1.100000000003329425e-07,0.000000000000000000e+00
3.004000000000000000e+03,3.000000000033294082e-08,0.000000000000000000e+00
3.005000000000000000e+03,-4.999999999966706085e-08,0.000000000000000000e+00
3.006000000000000000e+03,-1.299999999996670625e-07,0.000000000000000000e+00
3.007000000000000000e+03,-2.099999999996670642e-07,0.000000000000000000e+00
3.008000000000000000e+03,-2.899999999996670923e-07,0.000000000000000000e+00
3.009000000000000000e+03,-3.699999999996670675e-07,0.000000000000000000e+00
3.010000000000000000e+03,-4.499999999996670427e-07,0.000000000000000000e+00
3.011000000000000000e+03,-5.299999999996670180e-07,0.000000000000000000e+00
3.012000000000000000e+03,-6.099999999996669932e-07,0.000000000000000000e+00
3.013000000000000000e+03,-6.899999999996669684e-07,0.000000000000000000e+00
3.014000000000000000e+03,-7.699999999996669436e-07,0.000000000000000000e+00
3.015000000000000000e+03,-8.499999999996669188e-07,0.000000000000000000e+00
3.016000000000000000e+03,-9.299999999996668940e-07,0.000000000000000000e+00
3.017000000000000000e+03,-1.009999999999666975e-06,0.000000000000000000e+00
3.018000000000000000e+03,-1.089999999999667056e-06,0.000000000000000000e+00
3.019000000000000000e+03,-1.169999999999667137e-06,0.000000000000000000e+00
3.020000000000000000e+03,-1.249999999999667218e-06,0.000000000000000000e+00
3.021000000000000000e+03,-1.329999999999667299e-06,0.000000000000000000e+00
3.022000000000000000e+03,-1.409999999999667380e-06,0.000000000000000000e+00
3.023000000000000000e+03,-1.489999999999667462e-06,0.000000000000000000e+00
3.024000000000000000e+03,-1.569999999999667543e-06,0.000000000000000000e+00
3.025000000000000000e+03,-1.649999999999667624e-06,0.000000000000000000e+00
3.026000000000000000e+03,-1.729999999999667705e-06,0.000000000000000000e+00
3.027000000000000000e+03,-1.809999999999667786e-06,0.000000000000000000e+00
3.028000000000000000e+03,-1.889999999999667867e-06,0.000000000000000000e+00
3.029000000000000000e+03,-1.969999999999667736e-06,0.000000000000000000e+00
3.030000000000000000e+03,-2.049999999999667817e-06,0.000000000000000000e+00
3.031000000000000000e+03,-2.129999999999667898e-06,0.000000000000000000e+00
3.032000000000000000e+03,-2.209999999999667980e-06,0.000000000000000000e+00
3.033000000000000000e+03,-2.289999999999668061e-06,0.000000000000000000e+00
3.034000000000000000e+03,-2.369999999999668142e-06,0.000000000000000000e+00
3.035000000000000000e+03,-2.449999999999668223e-06,0.000000000000000000e+00
3.036000000000000000e+03,-2.529999999999668304e-06,0.000000000000000000e+00
3.037000000000000000e+03,-2.609999999999668385e-06,0.000000000000000000e+00
3.038000000000000000e+03,-2.689999999999668466e-06,0.000000000000000000e+00
3.039000000000000000e+03,-2.769999999999668547e-06,0.000000000000000000e+00
3.040000000000000000e+03,-2.849999999999668628e-06,0.000000000000000000e+00
3.041000000000000000e+03,-2.929999999999668709e-06,0.000000000000000000e+00
3.042000000000000000e+03,-3.009999999999668790e-06,0.000000000000000000e+00
3.043000000000000000e+03,-3.089999999999668871e-06,0.000000000000000000e+00
3.044000000000000000e+03,-3.169999999999668953e-06,0.000000000000000000e+00
3.045000000000000000e+03,-3.249999999999669034e-06,0.000000000000000000e+00
3.046000000000000000e+03,-3.329999999999669115e-06,0.000000000000000000e+00
3.047000000000000000e+03,-3.409999999999669196e-06,0.000000000000000000e+00
3.048000000000000000e+03,-3.489999999999669277e-06,0.000000000000000000e+00
3.049000000000000000e+03,-3.569999999999669358e-06,0.000000000000000000e+00
3.050000000000000000e+03,-3.649999999999669439e-06,3.902439024390244038e-01
3.051000000000000000e+03,-3.729999999999669520e-06,4.878048780487804770e-01
3.052000000000000000e+03,-3.809999999999669601e-06,5.609756097560976151e-01
3.053000000000000000e+03,-3.889999999999669682e-06,6.219512195121951192e-01
3.054000000000000000e+03,-3.969999999999669763e-06,6.585365853658536883e-01
3.055000000000000000e+03,-4.049999999999669844e-06,6.768292682926829729e-01
3.056000000000000000e+03,-4.129999999999669926e-06,7.073170731707316694e-01
3.057000000000000000e+03,-4.209999999999670007e-06,7.195121951219511924e-01
3.058000000000000000e+03,-4.289999999999670088e-06,7.256097560975609539e-01
3.059000000000000000e+03,-4.369999999999670169e-06,7.500000000000000000e-01
3.060000000000000000e+03,-4.449999999999670250e-06,7.682926829268292845e-01
3.061000000000000000e+03,-4.529999999999670331e-06,7.682926829268292845e-01
3.062000000000000000e+03,-4.609999999999670412e-06,7.743902439024390461e-01
3.063000000000000000e+03,-4.689999999999670493e-06,7.743902439024390461e-01
3.064000000000000000e+03,-4.769999999999670574e-06,7.743902439024390461e-01
3.065000000000000000e+03,-4.849999999999670655e-06,7.743902439024390461e-01
3.066000000000000000e+03,-4.929999999999670736e-06,7.804878048780488076e-01
3.067000000000000000e+03,-5.009999999999670817e-06,7.865853658536585691e-01
3.068000000000000000e+03,-5.089999999999670899e-06,7.865853658536585691e-01
3.069000000000000000e+03,-5.169999999999670980e-06,7.865853658536585691e-01
3.070000000000000000e+03,-5.249999999999671061e-06,8.048780487804878536e-01
3.071000000000000000e+03,2.650000000000329535e-06,0.000000000000000000e+00
3.072000000000000000e+03,2.570000000000329454e-06,0.000000000000000000e+00
3.073000000000000000e+03,2.490000000000329373e-06,0.000000000000000000e+00
3.074000000000000000e+03,2.410000000000329291e-06,0.000000000000000000e+00
3.075000000000000000e+03,2.330000000000329210e-06,0.000000000000000000e+00
3.076000000000000000e+03,2.250000000000329129e-06,0.000000000000000000e+00
3.077000000000000000e+03,2.170000000000329048e-06,0.000000000000000000e+00
3.078000000000000000e+03,2.090000000000328967e-06,0.000000000000000000e+00
3.079000000000000000e+03,2.010000000000328886e-06,0.000000000000000000e+00
3.080000000000000000e+03,1.930000000000328805e-06,0.000000000000000000e+00
3.081000000000000000e+03,1.850000000000328724e-06,0.000000000000000000e+00
3.082000000000000000e+03,1.770000000000328643e-06,0.000000000000000000e+00
3.083000000000000000e+03,1.690000000000328562e-06,0.000000000000000000e+00
3.084000000000000000e+03,1.610000000000328481e-06,0.000000000000000000e+00
3.085000000000000000e+03,1.530000000000328400e-06,0.000000000000000000e+00
3.086000000000000000e+03,1.450000000000328318e-06,0.000000000000000000e+00
3.087000000000000000e+03,1.370000000000328237e-06,0.000000000000000000e+00
3.088000000000000000e+03,1.290000000000328156e-06,0.000000000000000000e+00
3.089000000000000000e+03,1.210000000000328075e-06,0.000000000000000000e+00
3.090000000000000000e+03,1.130000000000327994e-06,0.000000000000000000e+00
3.091000000000000000e+03,1.050000000000327913e-06,0.000000000000000000e+00
3.092000000000000000e+03,9.700000000003278320e-07,0.000000000000000000e+00
3.093000000000000000e+03,8.900000000003278568e-07,0.000000000000000000e+00
3.094000000000000000e+03,8.100000000003278816e-07,0.000000000000000000e+00
3.095000000000000000e+03,7.300000000003279064e-07,0.000000000000000000e+00
3.096000000000000000e+03,6.500000000003279312e-07,0.000000000000000000e+00
3.097000000000000000e+03,5.700000000003279560e-07,0.000000000000000000e+00
3.098000000000000000e+03,4.900000000003279807e-07,0.000000000000000000e+00
3.099000000000000000e+03,4.100000000003280055e-07,0.000000000000000000e+00
3.100000000000000000e+03,3.300000000003280303e-07,0.000000000000000000e+00
3.101000000000000000e+03,2.500000000003280551e-07,0.000000000000000000e+00
3.102000000000000000e+03,1.700000000003280535e-07,0.000000000000000000e+00
3.103000000000000000e+03,9.000000000032805179e-08,0.000000000000000000e+00
3.104000000000000000e+03,1.000000000032805011e-08,0.000000000000000000e+00
3.105000000000000000e+03,-6.999999999967195156e-08,0.000000000000000000e+00
3.106000000000000000e+03,-1.499999999996719532e-07,0.000000000000000000e+00
3.107000000000000000e+03,-2.299999999996719549e-07,0.000000000000000000e+00
3.108000000000000000e+03,-3.099999999996719831e-07,0.000000000000000000e+00
3.109000000000000000e+03,-3.899999999996719583e-07,0.000000000000000000e+00
3.110000000000000000e+03,-4.699999999996719335e-07,0.000000000000000000e+00
3.111000000000000000e+03,-5.499999999996719087e-07,0.000000000000000000e+00
3.112000000000000000e+03,-6.299999999996718839e-07,0.000000000000000000e+00
3.113000000000000000e+03,-7.099999999996718591e-07,0.000000000000000000e+00
3.114000000000000000e+03,-7.899999999996718343e-07,0.000000000000000000e+00
3.115000000000000000e+03,-8.699999999996718095e-07,0.000000000000000000e+00
3.116000000000000000e+03,-9.499999999996717847e-07,0.000000000000000000e+00
3.117000000000000000e+03,-1.029999999999671866e-06,0.000000000000000000e+00
3.118000000000000000e+03,-1.109999999999671947e-06,0.000000000000000000e+00
3.119000000000000000e+03,-1.189999999999672028e-06,0.000000000000000000e+00
3.120000000000000000e+03,-1.269999999999672109e-06,0.000000000000000000e+00
3.121000000000000000e+03,-1.349999999999672190e-06,0.000000000000000000e+00
3.122000000000000000e+03,-1.429999999999672271e-06,0.000000000000000000e+00
3.123000000000000000e+03,-1.509999999999672352e-06,0.000000000000000000e+00
3.124000000000000000e+03,-1.589999999999672433e-06,0.000000000000000000e+00
3.125000000000000000e+03,-1.669999999999672514e-06,0.000000000000000000e+00
3.126000000000000000e+03,-1.749999999999672596e-06,0.000000000000000000e+00
3.127000000000000000e+03,-1.829999999999672677e-06,0.000000000000000000e+00
3.128000000000000000e+03,-1.909999999999672546e-06,0.000000000000000000e+00
3.129000000000000000e+03,-1.989999999999672627e-06,0.000000000000000000e+00
3.130000000000000000e+03,-2.069999999999672708e-06,0.000000000000000000e+00
3.131000000000000000e+03,-2.149999999999672789e-06,0.000000000000000000e+00
3.132000000000000000e+03,-2.229999999999672870e-06,0.000000000000000000e+00
3.133000000000000000e+03,-2.309999999999672951e-06,0.000000000000000000e+00
3.134000000000000000e+03,-2.389999999999673032e-06,0.000000000000000000e+00
3.135000000000000000e+03,-2.469999999999673114e-06,0.000000000000000000e+00
3.136000000000000000e+03,-2.549999999999673195e-06,0.000000000000000000e+00
3.137000000000000000e+03,-2.629999999999673276e-06,0.000000000000000000e+00
3.138000000000000000e+03,-2.709999999999673357e-06,0.000000000000000000e+00
3.139000000000000000e+03,-2.789999999999673438e-06,0.000000000000000000e+00
3.140000000000000000e+03,-2.869999999999673519e-06,0.000000000000000000e+00
3.141000000000000000e+03,-2.949999999999673600e-06,0.000000000000000000e+00
3.142000000000000000e+03,-3.029999999999673681e-06,0.000000000000000000e+00
3.143000000000000000e+03,-3.109999999999673762e-06,0.000000000000000000e+00
3.144000000000000000e+03,-3.189999999999673843e-06,0.000000000000000000e+00
3.145000000000000000e+03,-3.269999999999673924e-06,0.000000000000000000e+00
3.146000000000000000e+03,-3.349999999999674005e-06,0.000000000000000000e+00
3.147000000000000000e+03,-3.429999999999674087e-06,0.000000000000000000e+00
3.148000000000000000e+03,-3.509999999999674168e-06,0.000000000000000000e+00
3.149000000000000000e+03,-3.589999999999674249e-06,0.000000000000000000e+00
3.150000000000000000e+03,-3.669999999999674330e-06,0.000000000000000000e+00
3.151000000000000000e+03,-3.749999999999674411e-06,0.000000000000000000e+00
3.152000000000000000e+03,-3.829999999999674492e-06,0.000000000000000000e+00
3.153000000000000000e+03,-3.909999999999674573e-06,5.487804878048780921e-01
3.154000000000000000e+03,-3.989999999999674654e-06,5.975609756097560732e-01
3.155000000000000000e+03,-4.069999999999674735e-06,6.463414634146341653e-01
3.156000000000000000e+03,-4.149999999999674816e-06,6.707317073170732113e-01
3.157000000000000000e+03,-4.229999999999674897e-06,7.073170731707316694e-01
3.158000000000000000e+03,-4.309999999999674978e-06,7.134146341463414309e-01
3.159000000000000000e+03,-4.389999999999675060e-06,7.134146341463414309e-01
3.160000000000000000e+03,-4.469999999999675141e-06,7.134146341463414309e-01
3.161000000000000000e+03,-4.549999999999675222e-06,7.317073170731707155e-01
3.162000000000000000e+03,-4.629999999999675303e-06,7.378048780487804770e-01
3.163000000000000000e+03,-4.709999999999675384e-06,7.500000000000000000e-01
3.164000000000000000e+03,-4.789999999999675465e-06,7.560975609756097615e-01
3.165000000000000000e+03,-4.869999999999675546e-06,7.743902439024390461e-01
3.166000000000000000e+03,-4.949999999999675627e-06,7.804878048780488076e-01
3.167000000000000000e+03,-5.029999999999675708e-06,7.865853658536585691e-01
3.168000000000000000e+03,-5.109999999999675789e-06,7.865853658536585691e-01
3.169000000000000000e+03,-5.189999999999675870e-06,7.865853658536585691e-01
3.170000000000000000e+03,-5.269999999999675951e-06,7.865853658536585691e-01
3.171000000000000000e+03,-5.349999999999676032e-06,7.865853658536585691e-01
3.172000000000000000e+03,-5.429999999999676114e-06,7.865853658536585691e-01
3.173000000000000000e+03,-5.509999999999676195e-06,7.926829268292683306e-01
3.174000000000000000e+03,-5.589999999999676276e-06,7.987804878048780921e-01
3.175000000000000000e+03,-5.669999999999676357e-06,7.987804878048780921e-01
3.176000000000000000e+03,-5.749999999999676438e-06,7.987804878048780921e-01
3.177000000000000000e+03,-5.829999999999676519e-06,7.987804878048780921e-01
3.178000000000000000e+03,-5.909999999999676600e-06,8.048780487804878536e-01
3.179000000000000000e+03,2.090000000000324732e-06,0.000000000000000000e+00
3.180000000000000000e+03,2.010000000000324651e-06,0.000000000000000000e+00
3.181000000000000000e+03,1.930000000000324570e-06,0.000000000000000000e+00
3.182000000000000000e+03,1.850000000000324489e-06,0.000000000000000000e+00
3.183000000000000000e+03,1.770000000000324408e-06,0.000000000000000000e+00
3.184000000000000000e+03,1.690000000000324327e-06,0.000000000000000000e+00
3.185000000000000000e+03,1.610000000000324245e-06,0.000000000000000000e+00
3.186000000000000000e+03,1.530000000000324164e-06,0.000000000000000000e+00
3.187000000000000000e+03,1.450000000000324083e-06,0.000000000000000000e+00
3.188000000000000000e+03,1.370000000000324002e-06,0.000000000000000000e+00
3.189000000000000000e+03,1.290000000000323921e-06,0.000000000000000000e+00
3.190000000000000000e+03,1.210000000000323840e-06,0.000000000000000000e+00
3.191000000000000000e+03,1.130000000000323759e-06,0.000000000000000000e+00
3.192000000000000000e+03,1.050000000000323678e-06,0.000000000000000000e+00
3.193000000000000000e+03,9.700000000003235968e-07,0.000000000000000000e+00
3.194000000000000000e+03,8.900000000003236216e-07,0.000000000000000000e+00
3.195000000000000000e+03,8.100000000003236464e-07,0.000000000000000000e+00
3.196000000000000000e+03,7.300000000003236712e-07,0.000000000000000000e+00
3.197000000000000000e+03,6.500000000003236960e-07,0.000000000000000000e+00
3.198000000000000000e+03,5.700000000003237208e-07,0.000000000000000000e+00
3.199000000000000000e+03,4.900000000003237456e-07,0.000000000000000000e+00
3.200000000000000000e+03,4.100000000003237704e-07,0.000000000000000000e+00
3.201000000000000000e+03,3.300000000003237952e-07,0.000000000000000000e+00
3.202000000000000000e+03,2.500000000003238200e-07,0.000000000000000000e+00
3.203000000000000000e+03,1.700000000003238183e-07,0.000000000000000000e+00
3.204000000000000000e+03,9.000000000032381662e-08,0.000000000000000000e+00
3.205000000000000000e+03,1.000000000032381495e-08,0.000000000000000000e+00
3.206000000000000000e+03,-6.999999999967618672e-08,0.000000000000000000e+00
3.207000000000000000e+03,-1.499999999996761884e-07,0.000000000000000000e+00
3.208000000000000000e+03,-2.299999999996761901e-07,0.000000000000000000e+00
3.209000000000000000e+03,-3.099999999996762182e-07,0.000000000000000000e+00
3.210000000000000000e+03,-3.899999999996761934e-07,0.000000000000000000e+00
3.211000000000000000e+03,-4.699999999996761686e-07,0.000000000000000000e+00
3.212000000000000000e+03,-5.499999999996761438e-07,0.000000000000000000e+00
3.213000000000000000e+03,-6.299999999996761190e-07,0.000000000000000000e+00
3.214000000000000000e+03,-7.099999999996760942e-07,0.000000000000000000e+00
3.215000000000000000e+03,-7.899999999996760694e-07,0.000000000000000000e+00
3.216000000000000000e+03,-8.699999999996760446e-07,0.000000000000000000e+00
3.217000000000000000e+03,-9.499999999996760198e-07,0.000000000000000000e+00
3.218000000000000000e+03,-1.029999999999676101e-06,0.000000000000000000e+00
3.219000000000000000e+03,-1.109999999999676182e-06,0.000000000000000000e+00
3.220000000000000000e+03,-1.189999999999676263e-06,0.000000000000000000e+00
3.221000000000000000e+03,-1.269999999999676344e-06,0.000000000000000000e+00
3.222000000000000000e+03,-1.349999999999676425e-06,0.000000000000000000e+00
3.223000000000000000e+03,-1.429999999999676506e-06,0.000000000000000000e+00
3.224000000000000000e+03,-1.509999999999676587e-06,0.000000000000000000e+00
3.225000000000000000e+03,-1.589999999999676669e-06,0.000000000000000000e+00
3.226000000000000000e+03,-1.669999999999676750e-06,0.000000000000000000e+00
3.227000000000000000e+03,-1.749999999999676831e-06,0.000000000000000000e+00
3.228000000000000000e+03,-1.829999999999676912e-06,0.000000000000000000e+00
3.229000000000000000e+03,-1.909999999999676781e-06,0.000000000000000000e+00
3.230000000000000000e+03,-1.989999999999676862e-06,0.000000000000000000e+00
3.231000000000000000e+03,-2.069999999999676943e-06,0.000000000000000000e+00
3.232000000000000000e+03,-2.149999999999677024e-06,0.000000000000000000e+00
3.233000000000000000e+03,-2.229999999999677105e-06,0.000000000000000000e+00
3.234000000000000000e+03,-2.309999999999677187e-06,0.000000000000000000e+00
3.235000000000000000e+03,-2.389999999999677268e-06,0.000000000000000000e+00
3.236000000000000000e+03,-2.469999999999677349e-06,0.000000000000000000e+00
3.237000000000000000e+03,-2.549999999999677430e-06,0.000000000000000000e+00
3.238000000000000000e+03,-2.629999999999677511e-06,0.000000000000000000e+00
3.239000000000000000e+03,-2.709999999999677592e-06,0.000000000000000000e+00
3.240000000000000000e+03,-2.789999999999677673e-06,0.000000000000000000e+00
3.241000000000000000e+03,-2.869999999999677754e-06,0.000000000000000000e+00
3.242000000000000000e+03,-2.949999999999677835e-06,0.000000000000000000e+00
3.243000000000000000e+03,-3.029999999999677916e-06,0.000000000000000000e+00
3.244000000000000000e+03,-3.109999999999677997e-06,0.000000000000000000e+00
3.245000000000000000e+03,-3.189999999999678078e-06,0.000000000000000000e+00
3.246000000000000000e+03,-3.269999999999678160e-06,0.000000000000000000e+00
3.247000000000000000e+03,-3.349999999999678241e-06,0.000000000000000000e+00
3.248000000000000000e+03,-3.429999999999678322e-06,0.000000000000000000e+00
3.249000000000000000e+03,-3.509999999999678403e-06,0.000000000000000000e+00
3.250000000000000000e+03,-3.589999999999678484e-06,0.000000000000000000e+00
3.251000000000000000e+03,-3.669999999999678565e-06,0.000000000000000000e+00
3.252000000000000000e+03,-3.749999999999678646e-06,0.000000000000000000e+00
3.253000000000000000e+03,-3.829999999999678727e-06,0.000000000000000000e+00
3.254000000000000000e+03,-3.909999999999678808e-06,0.000000000000000000e+00
3.255000000000000000e+03,-3.989999999999678889e-06,0.000000000000000000e+00
3.256000000000000000e+03,-4.069999999999678970e-06,0.000000000000000000e+00
3.257000000000000000e+03,-4.149999999999679051e-06,0.000000000000000000e+00
3.258000000000000000e+03,-4.229999999999679132e-06,0.000000000000000000e+00
3.259000000000000000e+03,-4.309999999999679214e-06,0.000000000000000000e+00
3.260000000000000000e+03,-4.389999999999679295e-06,0.000000000000000000e+00
3.261000000000000000e+03,-4.469999999999679376e-06,5.792682926829267887e-01
3.262000000000000000e+03,-4.549999999999679457e-06,6.097560975609755962e-01
3.263000000000000000e+03,-4.629999999999679538e-06,6.524390243902439268e-01
3.264000000000000000e+03,-4.709999999999679619e-06,6.890243902439023849e-01
3.265000000000000000e+03,-4.789999999999679700e-06,7.134146341463414309e-01
3.266000000000000000e+03,-4.869999999999679781e-06,7.134146341463414309e-01
3.267000000000000000e+03,-4.949999999999679862e-06,7.378048780487804770e-01
3.268000000000000000e+03,-5.029999999999679943e-06,7.378048780487804770e-01
3.269000000000000000e+03,-5.109999999999680024e-06,7.439024390243902385e-01
3.270000000000000000e+03,-5.189999999999680105e-06,7.439024390243902385e-01
3.271000000000000000e+03,-5.269999999999680187e-06,7.439024390243902385e-01
3.272000000000000000e+03,-5.349999999999680268e-06,7.500000000000000000e-01
3.273000000000000000e+03,-5.429999999999680349e-06,7.621951219512195230e-01
3.274000000000000000e+03,-5.509999999999680430e-06,7.621951219512195230e-01
3.275000000000000000e+03,-5.589999999999680511e-06,7.682926829268292845e-01
3.276000000000000000e+03,-5.669999999999680592e-06,7.804878048780488076e-01
3.277000000000000000e+03,-5.749999999999680673e-06,7.804878048780488076e-01
3.278000000000000000e+03,-5.829999999999680754e-06,7.804878048780488076e-01
3.279000000000000000e+03,-5.909999999999680835e-06,7.804878048780488076e-01
3.280000000000000000e+03,-5.989999999999680916e-06,7.804878048780488076e-01
3.281000000000000000e+03,-6.069999999999680997e-06,7.865853658536585691e-01
3.282000000000000000e+03,-6.149999999999681078e-06,7.865853658536585691e-01
3.283000000000000000e+03,-6.229999999999681160e-06,7.865853658536585691e-01
3.284000000000000000e+03,-6.309999999999681241e-06,7.865853658536585691e-01
3.285000000000000000e+03,-6.389999999999681322e-06,7.987804878048780921e-01
3.286000000000000000e+03,-6.469999999999681403e-06,8.048780487804878536e-01
3.287000000000000000e+03,1.330000000000320150e-06,0.000000000000000000e+00
3.288000000000000000e+03,1.250000000000320069e-06,0.000000000000000000e+00
3.289000000000000000e+03,1.170000000000319988e-06,0.000000000000000000e+00
3.290000000000000000e+03,1.090000000000319907e-06,0.000000000000000000e+00
3.291000000000000000e+03,1.010000000000319826e-06,0.000000000000000000e+00
3.292000000000000000e+03,9.300000000003198505e-07,0.000000000000000000e+00
3.293000000000000000e+03,8.500000000003198753e-07,0.000000000000000000e+00
3.294000000000000000e+03,7.700000000003199001e-07,0.000000000000000000e+00
3.295000000000000000e+03,6.900000000003199249e-07,0.000000000000000000e+00
3.296000000000000000e+03,6.100000000003199497e-07,0.000000000000000000e+00
3.297000000000000000e+03,5.300000000003199745e-07,0.000000000000000000e+00
3.298000000000000000e+03,4.500000000003199993e-07,0.000000000000000000e+00
3.299000000000000000e+03,3.700000000003200241e-07,0.000000000000000000e+00
3.300000000000000000e+03,2.900000000003200489e-07,0.000000000000000000e+00
3.301000000000000000e+03,2.100000000003200472e-07,0.000000000000000000e+00
3.302000000000000000e+03,1.300000000003200455e-07,0.000000000000000000e+00
3.303000000000000000e+03,5.000000000032004384e-08,0.000000000000000000e+00
3.304000000000000000e+03,-2.999999999967995783e-08,0.000000000000000000e+00
3.305000000000000000e+03,-1.099999999996799595e-07,0.000000000000000000e+00
3.306000000000000000e+03,-1.899999999996799612e-07,0.000000000000000000e+00
3.307000000000000000e+03,-2.699999999996799893e-07,0.000000000000000000e+00
3.308000000000000000e+03,-3.499999999996799645e-07,0.000000000000000000e+00
3.309000000000000000e+03,-4.299999999996799397e-07,0.000000000000000000e+00
3.310000000000000000e+03,-5.099999999996799149e-07,0.000000000000000000e+00
3.311000000000000000e+03,-5.899999999996798901e-07,0.000000000000000000e+00
3.312000000000000000e+03,-6.699999999996798653e-07,0.000000000000000000e+00
3.313000000000000000e+03,-7.499999999996798405e-07,0.000000000000000000e+00
3.314000000000000000e+03,-8.299999999996798158e-07,0.000000000000000000e+00
3.315000000000000000e+03,-9.099999999996797910e-07,0.000000000000000000e+00
3.316000000000000000e+03,-9.899999999996798720e-07,0.000000000000000000e+00
3.317000000000000000e+03,-1.069999999999679953e-06,0.000000000000000000e+00
3.318000000000000000e+03,-1.149999999999680034e-06,0.000000000000000000e+00
3.319000000000000000e+03,-1.229999999999680115e-06,0.000000000000000000e+00
3.320000000000000000e+03,-1.309999999999680196e-06,0.000000000000000000e+00
3.321000000000000000e+03,-1.389999999999680277e-06,0.000000000000000000e+00
3.322000000000000000e+03,-1.469999999999680359e-06,0.000000000000000000e+00
3.323000000000000000e+03,-1.549999999999680440e-06,0.000000000000000000e+00
3.324000000000000000e+03,-1.629999999999680521e-06,0.000000000000000000e+00
3.325000000000000000e+03,-1.709999999999680602e-06,0.000000000000000000e+00
3.326000000000000000e+03,-1.789999999999680683e-06,0.000000000000000000e+00
3.327000000000000000e+03,-1.869999999999680764e-06,0.000000000000000000e+00
3.328000000000000000e+03,-1.949999999999680633e-06,0.000000000000000000e+00
3.329000000000000000e+03,-2.029999999999680714e-06,0.000000000000000000e+00
3.330000000000000000e+03,-2.109999999999680795e-06,0.000000000000000000e+00
3.331000000000000000e+03,-2.189999999999680877e-06,0.000000000000000000e+00
3.332000000000000000e+03,-2.269999999999680958e-06,0.000000000000000000e+00
3.333000000000000000e+03,-2.349999999999681039e-06,0.000000000000000000e+00
3.334000000000000000e+03,-2.429999999999681120e-06,0.000000000000000000e+00
3.335000000000000000e+03,-2.509999999999681201e-06,0.000000000000000000e+00
3.336000000000000000e+03,-2.589999999999681282e-06,0.000000000000000000e+00
3.337000000000000000e+03,-2.669999999999681363e-06,0.000000000000000000e+00
3.338000000000000000e+03,-2.749999999999681444e-06,0.000000000000000000e+00
3.339000000000000000e+03,-2.829999999999681525e-06,0.000000000000000000e+00
3.340000000000000000e+03,-2.909999999999681606e-06,0.000000000000000000e+00
3.341000000000000000e+03,-2.989999999999681687e-06,0.000000000000000000e+00
3.342000000000000000e+03,-3.069999999999681768e-06,0.000000000000000000e+00
3.343000000000000000e+03,-3.149999999999681850e-06,0.000000000000000000e+00
3.344000000000000000e+03,-3.229999999999681931e-06,0.000000000000000000e+00
3.345000000000000000e+03,-3.309999999999682012e-06,0.000000000000000000e+00
3.346000000000000000e+03,-3.389999999999682093e-06,0.000000000000000000e+00
3.347000000000000000e+03,-3.469999999999682174e-06,0.000000000000000000e+00
3.348000000000000000e+03,-3.549999999999682255e-06,0.000000000000000000e+00
3.349000000000000000e+03,-3.629999999999682336e-06,0.000000000000000000e+00
3.350000000000000000e+03,-3.709999999999682417e-06,0.000000000000000000e+00
3.351000000000000000e+03,-3.789999999999682498e-06,0.000000000000000000e+00
3.352000000000000000e+03,-3.869999999999682579e-06,0.000000000000000000e+00
3.353000000000000000e+03,-3.949999999999682660e-06,0.000000000000000000e+00
3.354000000000000000e+03,-4.029999999999682741e-06,0.000000000000000000e+00
3.355000000000000000e+03,-4.109999999999682823e-06,0.000000000000000000e+00
3.356000000000000000e+03,-4.189999999999682904e-06,0.000000000000000000e+00
3.357000000000000000e+03,-4.269999999999682985e-06,0.000000000000000000e+00
3.358000000000000000e+03,-4.349999999999683066e-06,0.000000000000000000e+00
3.359000000000000000e+03,-4.429999999999683147e-06,0.000000000000000000e+00
3.360000000000000000e+03,-4.509999999999683228e-06,0.000000000000000000e+00
3.361000000000000000e+03,-4.589999999999683309e-06,0.000000000000000000e+00
3.362000000000000000e+03,-4.669999999999683390e-06,0.000000000000000000e+00
3.363000000000000000e+03,-4.749999999999683471e-06,0.000000000000000000e+00
3.364000000000000000e+03,-4.829999999999683552e-06,0.000000000000000000e+00
3.365000000000000000e+03,-4.909999999999683633e-06,0.000000000000000000e+00
3.366000000000000000e+03,-4.989999999999683714e-06,0.000000000000000000e+00
3.367000000000000000e+03,-5.069999999999683796e-06,6.585365853658536883e-01
3.368000000000000000e+03,-5.149999999999683877e-06,6.951219512195121464e-01
3.369000000000000000e+03,-5.229999999999683958e-06,7.134146341463414309e-01
3.370000000000000000e+03,-5.309999999999684039e-06,7.378048780487804770e-01
3.371000000000000000e+03,-5.389999999999684120e-06,7.500000000000000000e-01
3.372000000000000000e+03,-5.469999999999684201e-06,7.560975609756097615e-01
3.373000000000000000e+03,-5.549999999999684282e-06,7.560975609756097615e-01
3.374000000000000000e+03,-5.629999999999684363e-06,7.682926829268292845e-01
3.375000000000000000e+03,-5.709999999999684444e-06,7.743902439024390461e-01
3.376000000000000000e+03,-5.789999999999684525e-06,7.804878048780488076e-01
3.377000000000000000e+03,-5.869999999999684606e-06,7.804878048780488076e-01
3.378000000000000000e+03,-5.949999999999684687e-06,7.804878048780488076e-01
3.379000000000000000e+03,-6.029999999999684769e-06,7.865853658536585691e-01
3.380000000000000000e+03,-6.109999999999684850e-06,7.987804878048780921e-01
3.381000000000000000e+03,-6.189999999999684931e-06,8.048780487804878536e-01
3.382000000000000000e+03,1.710000000000315665e-06,0.000000000000000000e+00
3.383000000000000000e+03,1.630000000000315584e-06,0.000000000000000000e+00
3.384000000000000000e+03,1.550000000000315503e-06,0.000000000000000000e+00
3.385000000000000000e+03,1.470000000000315421e-06,0.000000000000000000e+00
3.386000000000000000e+03,1.390000000000315340e-06,0.000000000000000000e+00
3.387000000000000000e+03,1.310000000000315259e-06,0.000000000000000000e+00
3.388000000000000000e+03,1.230000000000315178e-06,0.000000000000000000e+00
3.389000000000000000e+03,1.150000000000315097e-06,0.000000000000000000e+00
3.390000000000000000e+03,1.070000000000315016e-06,0.000000000000000000e+00
3.391000000000000000e+03,9.900000000003149350e-07,0.000000000000000000e+00
3.392000000000000000e+03,9.100000000003149598e-07,0.000000000000000000e+00
3.393000000000000000e+03,8.300000000003149846e-07,0.000000000000000000e+00
3.394000000000000000e+03,7.500000000003150094e-07,0.000000000000000000e+00
3.395000000000000000e+03,6.700000000003150342e-07,0.000000000000000000e+00
3.396000000000000000e+03,5.900000000003150590e-07,0.000000000000000000e+00
3.397000000000000000e+03,5.100000000003150838e-07,0.000000000000000000e+00
3.398000000000000000e+03,4.300000000003151086e-07,0.000000000000000000e+00
3.399000000000000000e+03,3.500000000003151334e-07,0.000000000000000000e+00
3.400000000000000000e+03,2.700000000003151582e-07,0.000000000000000000e+00
3.401000000000000000e+03,1.900000000003151565e-07,0.000000000000000000e+00
3.402000000000000000e+03,1.100000000003151548e-07,0.000000000000000000e+00
3.403000000000000000e+03,3.000000000031515313e-08,0.000000000000000000e+00
3.404000000000000000e+03,-4.999999999968484854e-08,0.000000000000000000e+00
3.405000000000000000e+03,-1.299999999996848502e-07,0.000000000000000000e+00
3.406000000000000000e+03,-2.099999999996848519e-07,0.000000000000000000e+00
3.407000000000000000e+03,-2.899999999996848800e-07,0.000000000000000000e+00
3.408000000000000000e+03,-3.699999999996848552e-07,0.000000000000000000e+00
3.409000000000000000e+03,-4.499999999996848304e-07,0.000000000000000000e+00
3.410000000000000000e+03,-5.299999999996848056e-07,0.000000000000000000e+00
3.411000000000000000e+03,-6.099999999996847808e-07,0.000000000000000000e+00
3.412000000000000000e+03,-6.899999999996847561e-07,0.000000000000000000e+00
3.413000000000000000e+03,-7.699999999996847313e-07,0.000000000000000000e+00
3.414000000000000000e+03,-8.499999999996847065e-07,0.000000000000000000e+00
3.415000000000000000e+03,-9.299999999996846817e-07,0.000000000000000000e+00
3.416000000000000000e+03,-1.009999999999684763e-06,0.000000000000000000e+00
3.417000000000000000e+03,-1.089999999999684844e-06,0.000000000000000000e+00
3.418000000000000000e+03,-1.169999999999684925e-06,0.000000000000000000e+00
3.419000000000000000e+03,-1.249999999999685006e-06,0.000000000000000000e+00
3.420000000000000000e+03,-1.329999999999685087e-06,0.000000000000000000e+00
3.421000000000000000e+03,-1.409999999999685168e-06,0.000000000000000000e+00
3.422000000000000000e+03,-1.489999999999685249e-06,0.000000000000000000e+00
3.423000000000000000e+03,-1.569999999999685330e-06,0.000000000000000000e+00
3.424000000000000000e+03,-1.649999999999685411e-06,0.000000000000000000e+00
3.425000000000000000e+03,-1.729999999999685492e-06,0.000000000000000000e+00
3.426000000000000000e+03,-1.809999999999685574e-06,0.000000000000000000e+00
3.427000000000000000e+03,-1.889999999999685655e-06,0.000000000000000000e+00
3.428000000000000000e+03,-1.969999999999685524e-06,0.000000000000000000e+00
3.429000000000000000e+03,-2.049999999999685605e-06,0.000000000000000000e+00
3.430000000000000000e+03,-2.129999999999685686e-06,0.000000000000000000e+00
3.431000000000000000e+03,-2.209999999999685767e-06,0.000000000000000000e+00
3.432000000000000000e+03,-2.289999999999685848e-06,0.000000000000000000e+00
3.433000000000000000e+03,-2.369999999999685929e-06,0.000000000000000000e+00
3.434000000000000000e+03,-2.449999999999686010e-06,0.000000000000000000e+00
3.435000000000000000e+03,-2.529999999999686092e-06,0.000000000000000000e+00
3.436000000000000000e+03,-2.609999999999686173e-06,0.000000000000000000e+00
3.437000000000000000e+03,-2.689999999999686254e-06,0.000000000000000000e+00
3.438000000000000000e+03,-2.769999999999686335e-06,0.000000000000000000e+00
3.439000000000000000e+03,-2.849999999999686416e-06,0.000000000000000000e+00
3.440000000000000000e+03,-2.929999999999686497e-06,0.000000000000000000e+00
3.441000000000000000e+03,-3.009999999999686578e-06,0.000000000000000000e+00
3.442000000000000000e+03,-3.089999999999686659e-06,0.000000000000000000e+00
3.443000000000000000e+03,-3.169999999999686740e-06,0.000000000000000000e+00
3.444000000000000000e+03,-3.249999999999686821e-06,0.000000000000000000e+00
3.445000000000000000e+03,-3.329999999999686902e-06,0.000000000000000000e+00
3.446000000000000000e+03,-3.409999999999686983e-06,0.000000000000000000e+00
3.447000000000000000e+03,-3.489999999999687065e-06,0.000000000000000000e+00
3.448000000000000000e+03,-3.569999999999687146e-06,0.000000000000000000e+00
3.449000000000000000e+03,-3.649999999999687227e-06,0.000000000000000000e+00
3.450000000000000000e+03,-3.729999999999687308e-06,0.000000000000000000e+00
3.451000000000000000e+03,-3.809999999999687389e-06,0.000000000000000000e+00
3.452000000000000000e+03,-3.889999999999687470e-06,0.000000000000000000e+00
3.453000000000000000e+03,-3.969999999999687551e-06,0.000000000000000000e+00
3.454000000000000000e+03,-4.049999999999687632e-06,0.000000000000000000e+00
3.455000000000000000e+03,-4.129999999999687713e-06,0.000000000000000000e+00
3.456000000000000000e+03,-4.209999999999687794e-06,0.000000000000000000e+00
3.457000000000000000e+03,-4.289999999999687875e-06,0.000000000000000000e+00
3.458000000000000000e+03,-4.369999999999687956e-06,0.000000000000000000e+00
3.459000000000000000e+03,-4.449999999999688038e-06,0.000000000000000000e+00
3.460000000000000000e+03,-4.529999999999688119e-06,4.268292682926829590e-02
3.461000000000000000e+03,-4.609999999999688200e-06,2.804878048780488076e-01
3.462000000000000000e+03,-4.689999999999688281e-06,3.963414634146341653e-01
3.463000000000000000e+03,-4.769999999999688362e-06,4.451219512195122019e-01
3.464000000000000000e+03,-4.849999999999688443e-06,5.365853658536585691e-01
3.465000000000000000e+03,-4.929999999999688524e-06,5.792682926829267887e-01
3.466000000000000000e+03,-5.009999999999688605e-06,6.402439024390244038e-01
3.467000000000000000e+03,-5.089999999999688686e-06,6.707317073170732113e-01
3.468000000000000000e+03,-5.169999999999688767e-06,6.951219512195121464e-01
3.469000000000000000e+03,-5.249999999999688848e-06,7.073170731707316694e-01
3.470000000000000000e+03,-5.329999999999688929e-06,7.195121951219511924e-01
3.471000000000000000e+03,-5.409999999999689011e-06,7.256097560975609539e-01
3.472000000000000000e+03,-5.489999999999689092e-06,7.317073170731707155e-01
3.473000000000000000e+03,-5.569999999999689173e-06,7.439024390243902385e-01
3.474000000000000000e+03,-5.649999999999689254e-06,7.743902439024390461e-01
3.475000000000000000e+03,-5.729999999999689335e-06,7.804878048780488076e-01
3.476000000000000000e+03,-5.809999999999689416e-06,7.865853658536585691e-01
3.477000000000000000e+03,-5.889999999999689497e-06,7.865853658536585691e-01
3.478000000000000000e+03,-5.969999999999689578e-06,7.865853658536585691e-01
3.479000000000000000e+03,-6.049999999999689659e-06,7.926829268292683306e-01
3.480000000000000000e+03,-6.129999999999689740e-06,7.926829268292683306e-01
3.481000000000000000e+03,-6.209999999999689821e-06,7.926829268292683306e-01
3.482000000000000000e+03,-6.289999999999689902e-06,7.926829268292683306e-01
3.483000000000000000e+03,-6.369999999999689984e-06,7.926829268292683306e-01
3.484000000000000000e+03,-6.449999999999690065e-06,8.048780487804878536e-01
3.485000000000000000e+03,1.400000000000311009e-06,0.000000000000000000e+00
3.486000000000000000e+03,1.320000000000310928e-06,0.000000000000000000e+00
3.487000000000000000e+03,1.240000000000310847e-06,0.000000000000000000e+00
3.488000000000000000e+03,1.160000000000310766e-06,0.000000000000000000e+00
3.489000000000000000e+03,1.080000000000310685e-06,0.000000000000000000e+00
3.490000000000000000e+03,1.000000000000310604e-06,0.000000000000000000e+00
3.491000000000000000e+03,9.200000000003106289e-07,0.000000000000000000e+00
3.492000000000000000e+03,8.400000000003106537e-07,0.000000000000000000e+00
3.493000000000000000e+03,7.600000000003106785e-07,0.000000000000000000e+00
3.494000000000000000e+03,6.800000000003107033e-07,0.000000000000000000e+00
3.495000000000000000e+03,6.000000000003107281e-07,0.000000000000000000e+00
3.496000000000000000e+03,5.200000000003107529e-07,0.000000000000000000e+00
3.497000000000000000e+03,4.400000000003107777e-07,0.000000000000000000e+00
3.498000000000000000e+03,3.600000000003108024e-07,0.000000000000000000e+00
3.499000000000000000e+03,2.800000000003108272e-07,0.000000000000000000e+00
3.500000000000000000e+03,2.000000000003108256e-07,0.000000000000000000e+00
3.501000000000000000e+03,1.200000000003108239e-07,0.000000000000000000e+00
3.502000000000000000e+03,4.000000000031082222e-08,0.000000000000000000e+00
3.503000000000000000e+03,-3.999999999968917945e-08,0.000000000000000000e+00
3.504000000000000000e+03,-1.199999999996891811e-07,0.000000000000000000e+00
3.505000000000000000e+03,-1.999999999996891828e-07,0.000000000000000000e+00
3.506000000000000000e+03,-2.799999999996892109e-07,0.000000000000000000e+00
3.507000000000000000e+03,-3.599999999996891861e-07,0.000000000000000000e+00
3.508000000000000000e+03,-4.399999999996891613e-07,0.000000000000000000e+00
3.509000000000000000e+03,-5.199999999996891366e-07,0.000000000000000000e+00
3.510000000000000000e+03,-5.999999999996891118e-07,0.000000000000000000e+00
3.511000000000000000e+03,-6.799999999996890870e-07,0.000000000000000000e+00
3.512000000000000000e+03,-7.599999999996890622e-07,0.000000000000000000e+00
3.513000000000000000e+03,-8.399999999996890374e-07,0.000000000000000000e+00
3.514000000000000000e+03,-9.199999999996890126e-07,0.000000000000000000e+00
3.515000000000000000e+03,-9.999999999996890937e-07,0.000000000000000000e+00
3.516000000000000000e+03,-1.079999999999689175e-06,0.000000000000000000e+00
3.517000000000000000e+03,-1.159999999999689256e-06,0.000000000000000000e+00
3.518000000000000000e+03,-1.239999999999689337e-06,0.000000000000000000e+00
3.519000000000000000e+03,-1.319999999999689418e-06,0.000000000000000000e+00
3.520000000000000000e+03,-1.399999999999689499e-06,0.000000000000000000e+00
3.521000000000000000e+03,-1.479999999999689580e-06,0.000000000000000000e+00
3.522000000000000000e+03,-1.559999999999689661e-06,0.000000000000000000e+00
3.523000000000000000e+03,-1.639999999999689742e-06,0.000000000000000000e+00
3.524000000000000000e+03,-1.719999999999689823e-06,0.000000000000000000e+00
3.525000000000000000e+03,-1.799999999999689904e-06,0.000000000000000000e+00
3.526000000000000000e+03,-1.879999999999689986e-06,0.000000000000000000e+00
3.527000000000000000e+03,-1.959999999999689855e-06,0.000000000000000000e+00
3.528000000000000000e+03,-2.039999999999689936e-06,0.000000000000000000e+00
3.529000000000000000e+03,-2.119999999999690017e-06,0.000000000000000000e+00
3.530000000000000000e+03,-2.199999999999690098e-06,0.000000000000000000e+00
3.531000000000000000e+03,-2.279999999999690179e-06,0.000000000000000000e+00
3.532000000000000000e+03,-2.359999999999690260e-06,0.000000000000000000e+00
3.533000000000000000e+03,-2.439999999999690341e-06,0.000000000000000000e+00
3.534000000000000000e+03,-2.519999999999690422e-06,0.000000000000000000e+00
3.535000000000000000e+03,-2.599999999999690504e-06,0.000000000000000000e+00
3.536000000000000000e+03,-2.679999999999690585e-06,0.000000000000000000e+00
3.537000000000000000e+03,-2.759999999999690666e-06,0.000000000000000000e+00
3.538000000000000000e+03,-2.839999999999690747e-06,0.000000000000000000e+00
3.539000000000000000e+03,-2.919999999999690828e-06,0.000000000000000000e+00
3.540000000000000000e+03,-2.999999999999690909e-06,0.000000000000000000e+00
3.541000000000000000e+03,-3.079999999999690990e-06,0.000000000000000000e+00
3.542000000000000000e+03,-3.159999999999691071e-06,0.000000000000000000e+00
3.543000000000000000e+03,-3.239999999999691152e-06,0.000000000000000000e+00
3.544000000000000000e+03,-3.319999999999691233e-06,0.000000000000000000e+00
3.545000000000000000e+03,-3.399999999999691314e-06,0.000000000000000000e+00
3.546000000000000000e+03,-3.479999999999691395e-06,0.000000000000000000e+00
3.547000000000000000e+03,-3.559999999999691477e-06,0.000000000000000000e+00
3.548000000000000000e+03,-3.639999999999691558e-06,0.000000000000000000e+00
3.549000000000000000e+03,-3.719999999999691639e-06,0.000000000000000000e+00
3.550000000000000000e+03,-3.799999999999691720e-06,0.000000000000000000e+00
3.551000000000000000e+03,-3.879999999999691801e-06,0.000000000000000000e+00
3.552000000000000000e+03,-3.959999999999691882e-06,0.000000000000000000e+00
3.553000000000000000e+03,-4.039999999999691963e-06,0.000000000000000000e+00
3.554000000000000000e+03,-4.119999999999692044e-06,0.000000000000000000e+00
3.555000000000000000e+03,-4.199999999999692125e-06,0.000000000000000000e+00
3.556000000000000000e+03,-4.279999999999692206e-06,0.000000000000000000e+00
3.557000000000000000e+03,-4.359999999999692287e-06,0.000000000000000000e+00
3.558000000000000000e+03,-4.439999999999692368e-06,0.000000000000000000e+00
3.559000000000000000e+03,-4.519999999999692450e-06,0.000000000000000000e+00
3.560000000000000000e+03,-4.599999999999692531e-06,0.000000000000000000e+00
3.561000000000000000e+03,-4.679999999999692612e-06,0.000000000000000000e+00
3.562000000000000000e+03,-4.759999999999692693e-06,0.000000000000000000e+00
3.563000000000000000e+03,-4.839999999999692774e-06,0.000000000000000000e+00
3.564000000000000000e+03,-4.919999999999692855e-06,0.000000000000000000e+00
3.565000000000000000e+03,-4.999999999999692936e-06,4.573170731707317249e-01
3.566000000000000000e+03,-5.079999999999693017e-06,5.304878048780488076e-01
3.567000000000000000e+03,-5.159999999999693098e-06,5.609756097560976151e-01
3.568000000000000000e+03,-5.239999999999693179e-06,6.097560975609755962e-01
3.569000000000000000e+03,-5.319999999999693260e-06,6.524390243902439268e-01
3.570000000000000000e+03,-5.399999999999693341e-06,6.890243902439023849e-01
3.571000000000000000e+03,-5.479999999999693423e-06,6.951219512195121464e-01
3.572000000000000000e+03,-5.559999999999693504e-06,7.256097560975609539e-01
3.573000000000000000e+03,-5.639999999999693585e-06,7.317073170731707155e-01
3.574000000000000000e+03,-5.719999999999693666e-06,7.439024390243902385e-01
3.575000000000000000e+03,-5.799999999999693747e-06,7.500000000000000000e-01
3.576000000000000000e+03,-5.879999999999693828e-06,7.500000000000000000e-01
3.577000000000000000e+03,-5.959999999999693909e-06,7.621951219512195230e-01
3.578000000000000000e+03,-6.039999999999693990e-06,7.743902439024390461e-01
3.579000000000000000e+03,-6.119999999999694071e-06,7.865853658536585691e-01
3.580000000000000000e+03,-6.199999999999694152e-06,7.926829268292683306e-01
3.581000000000000000e+03,-6.279999999999694233e-06,7.926829268292683306e-01
3.582000000000000000e+03,-6.359999999999694314e-06,7.926829268292683306e-01
3.583000000000000000e+03,-6.439999999999694396e-06,7.926829268292683306e-01
3.584000000000000000e+03,-6.519999999999694477e-06,7.926829268292683306e-01
3.585000000000000000e+03,-6.599999999999694558e-06,8.048780487804878536e-01
3.586000000000000000e+03,1.400000000000306774e-06,0.000000000000000000e+00
3.587000000000000000e+03,1.320000000000306693e-06,0.000000000000000000e+00
3.588000000000000000e+03,1.240000000000306612e-06,0.000000000000000000e+00
3.589000000000000000e+03,1.160000000000306531e-06,0.000000000000000000e+00
3.590000000000000000e+03,1.080000000000306450e-06,0.000000000000000000e+00
3.591000000000000000e+03,1.000000000000306369e-06,0.000000000000000000e+00
3.592000000000000000e+03,9.200000000003063937e-07,0.000000000000000000e+00
3.593000000000000000e+03,8.400000000003064185e-07,0.000000000000000000e+00
3.594000000000000000e+03,7.600000000003064433e-07,0.000000000000000000e+00
3.595000000000000000e+03,6.800000000003064681e-07,0.000000000000000000e+00
3.596000000000000000e+03,6.000000000003064929e-07,0.000000000000000000e+00
3.597000000000000000e+03,5.200000000003065177e-07,0.000000000000000000e+00
3.598000000000000000e+03,4.400000000003065425e-07,0.000000000000000000e+00
3.599000000000000000e+03,3.600000000003065673e-07,0.000000000000000000e+00
3.600000000000000000e+03,2.800000000003065921e-07,0.000000000000000000e+00
3.601000000000000000e+03,2.000000000003065904e-07,0.000000000000000000e+00
3.602000000000000000e+03,1.200000000003065887e-07,0.000000000000000000e+00
3.603000000000000000e+03,4.000000000030658706e-08,0.000000000000000000e+00
3.604000000000000000e+03,-3.999999999969341461e-08,0.000000000000000000e+00
3.605000000000000000e+03,-1.199999999996934163e-07,0.000000000000000000e+00
3.606000000000000000e+03,-1.999999999996934180e-07,0.000000000000000000e+00
3.607000000000000000e+03,-2.799999999996934461e-07,0.000000000000000000e+00
3.608000000000000000e+03,-3.599999999996934213e-07,0.000000000000000000e+00
3.609000000000000000e+03,-4.399999999996933965e-07,0.000000000000000000e+00
3.610000000000000000e+03,-5.199999999996933717e-07,0.000000000000000000e+00
3.611000000000000000e+03,-5.999999999996933469e-07,0.000000000000000000e+00
3.612000000000000000e+03,-6.799999999996933221e-07,0.000000000000000000e+00
3.613000000000000000e+03,-7.599999999996932973e-07,0.000000000000000000e+00
3.614000000000000000e+03,-8.399999999996932725e-07,0.000000000000000000e+00
3.615000000000000000e+03,-9.199999999996932477e-07,0.000000000000000000e+00
3.616000000000000000e+03,-9.999999999996933288e-07,0.000000000000000000e+00
3.617000000000000000e+03,-1.079999999999693410e-06,0.000000000000000000e+00
3.618000000000000000e+03,-1.159999999999693491e-06,0.000000000000000000e+00
3.619000000000000000e+03,-1.239999999999693572e-06,0.000000000000000000e+00
3.620000000000000000e+03,-1.319999999999693653e-06,0.000000000000000000e+00
3.621000000000000000e+03,-1.399999999999693734e-06,0.000000000000000000e+00
3.622000000000000000e+03,-1.479999999999693815e-06,0.000000000000000000e+00
3.623000000000000000e+03,-1.559999999999693896e-06,0.000000000000000000e+00
3.624000000000000000e+03,-1.639999999999693977e-06,0.000000000000000000e+00
3.625000000000000000e+03,-1.719999999999694059e-06,0.000000000000000000e+00
3.626000000000000000e+03,-1.799999999999694140e-06,0.000000000000000000e+00
3.627000000000000000e+03,-1.879999999999694221e-06,0.000000000000000000e+00
3.628000000000000000e+03,-1.959999999999694090e-06,0.000000000000000000e+00
3.629000000000000000e+03,-2.039999999999694171e-06,0.000000000000000000e+00
3.630000000000000000e+03,-2.119999999999694252e-06,0.000000000000000000e+00
3.631000000000000000e+03,-2.199999999999694333e-06,0.000000000000000000e+00
3.632000000000000000e+03,-2.279999999999694414e-06,0.000000000000000000e+00
3.633000000000000000e+03,-2.359999999999694495e-06,0.000000000000000000e+00
3.634000000000000000e+03,-2.439999999999694577e-06,0.000000000000000000e+00
3.635000000000000000e+03,-2.519999999999694658e-06,0.000000000000000000e+00
3.636000000000000000e+03,-2.599999999999694739e-06,0.000000000000000000e+00
3.637000000000000000e+03,-2.679999999999694820e-06,0.000000000000000000e+00
3.638000000000000000e+03,-2.759999999999694901e-06,0.000000000000000000e+00
3.639000000000000000e+03,-2.839999999999694982e-06,0.000000000000000000e+00
3.640000000000000000e+03,-2.919999999999695063e-06,0.000000000000000000e+00
3.641000000000000000e+03,-2.999999999999695144e-06,0.000000000000000000e+00
3.642000000000000000e+03,-3.079999999999695225e-06,0.000000000000000000e+00
3.643000000000000000e+03,-3.159999999999695306e-06,0.000000000000000000e+00
3.644000000000000000e+03,-3.239999999999695387e-06,0.000000000000000000e+00
3.645000000000000000e+03,-3.319999999999695468e-06,0.000000000000000000e+00
3.646000000000000000e+03,-3.399999999999695550e-06,0.000000000000000000e+00
3.647000000000000000e+03,-3.479999999999695631e-06,0.000000000000000000e+00
3.648000000000000000e+03,-3.559999999999695712e-06,0.000000000000000000e+00
3.649000000000000000e+03,-3.639999999999695793e-06,0.000000000000000000e+00
3.650000000000000000e+03,-3.719999999999695874e-06,0.000000000000000000e+00
3.651000000000000000e+03,-3.799999999999695955e-06,0.000000000000000000e+00
3.652000000000000000e+03,-3.879999999999696036e-06,0.000000000000000000e+00
3.653000000000000000e+03,-3.959999999999696117e-06,0.000000000000000000e+00
3.654000000000000000e+03,-4.039999999999696198e-06,0.000000000000000000e+00
3.655000000000000000e+03,-4.119999999999696279e-06,0.000000000000000000e+00
3.656000000000000000e+03,-4.199999999999696360e-06,0.000000000000000000e+00
3.657000000000000000e+03,-4.279999999999696441e-06,0.000000000000000000e+00
3.658000000000000000e+03,-4.359999999999696523e-06,0.000000000000000000e+00
3.659000000000000000e+03,-4.439999999999696604e-06,0.000000000000000000e+00
3.660000000000000000e+03,-4.519999999999696685e-06,0.000000000000000000e+00
3.661000000000000000e+03,-4.599999999999696766e-06,0.000000000000000000e+00
3.662000000000000000e+03,-4.679999999999696847e-06,0.000000000000000000e+00
3.663000000000000000e+03,-4.759999999999696928e-06,0.000000000000000000e+00
3.664000000000000000e+03,-4.839999999999697009e-06,0.000000000000000000e+00
3.665000000000000000e+03,-4.919999999999697090e-06,1.341463414634146423e-01
3.666000000000000000e+03,-4.999999999999697171e-06,2.682926829268292845e-01
3.667000000000000000e+03,-5.079999999999697252e-06,3.292682926829268442e-01
3.668000000000000000e+03,-5.159999999999697333e-06,3.719512195121951192e-01
3.669000000000000000e+03,-5.239999999999697414e-06,4.878048780487804770e-01
3.670000000000000000e+03,-5.319999999999697496e-06,5.182926829268292845e-01
3.671000000000000000e+03,-5.399999999999697577e-06,6.158536585365853577e-01
3.672000000000000000e+03,-5.479999999999697658e-06,6.646341463414634498e-01
3.673000000000000000e+03,-5.559999999999697739e-06,7.012195121951219079e-01
3.674000000000000000e+03,-5.639999999999697820e-06,7.378048780487804770e-01
3.675000000000000000e+03,-5.719999999999697901e-06,7.439024390243902385e-01
3.676000000000000000e+03,-5.799999999999697982e-06,7.500000000000000000e-01
3.677000000000000000e+03,-5.879999999999698063e-06,7.560975609756097615e-01
3.678000000000000000e+03,-5.959999999999698144e-06,7.560975609756097615e-01
3.679000000000000000e+03,-6.039999999999698225e-06,7.926829268292683306e-01
3.680000000000000000e+03,-6.119999999999698306e-06,7.926829268292683306e-01
3.681000000000000000e+03,-6.199999999999698387e-06,7.926829268292683306e-01
3.682000000000000000e+03,-6.279999999999698469e-06,7.926829268292683306e-01
3.683000000000000000e+03,-6.359999999999698550e-06,7.926829268292683306e-01
3.684000000000000000e+03,-6.439999999999698631e-06,8.048780487804878536e-01
3.685000000000000000e+03,1.360000000000302922e-06,0.000000000000000000e+00
3.686000000000000000e+03,1.280000000000302841e-06,0.000000000000000000e+00
3.687000000000000000e+03,1.200000000000302760e-06,0.000000000000000000e+00
3.688000000000000000e+03,1.120000000000302679e-06,0.000000000000000000e+00
3.689000000000000000e+03,1.040000000000302598e-06,0.000000000000000000e+00
3.690000000000000000e+03,9.600000000003025167e-07,0.000000000000000000e+00
3.691000000000000000e+03,8.800000000003025415e-07,0.000000000000000000e+00
3.692000000000000000e+03,8.000000000003025663e-07,0.000000000000000000e+00
3.693000000000000000e+03,7.200000000003025911e-07,0.000000000000000000e+00
3.694000000000000000e+03,6.400000000003026159e-07,0.000000000000000000e+00
3.695000000000000000e+03,5.600000000003026407e-07,0.000000000000000000e+00
3.696000000000000000e+03,4.800000000003026655e-07,0.000000000000000000e+00
3.697000000000000000e+03,4.000000000003026903e-07,0.000000000000000000e+00
3.698000000000000000e+03,3.200000000003027151e-07,0.000000000000000000e+00
3.699000000000000000e+03,2.400000000003027399e-07,0.000000000000000000e+00
3.700000000000000000e+03,1.600000000003027382e-07,0.000000000000000000e+00
3.701000000000000000e+03,8.000000000030273654e-08,0.000000000000000000e+00
3.702000000000000000e+03,3.027348693046072806e-19,0.000000000000000000e+00
3.703000000000000000e+03,-7.999999999969726680e-08,0.000000000000000000e+00
3.704000000000000000e+03,-1.599999999996972685e-07,0.000000000000000000e+00
3.705000000000000000e+03,-2.399999999996972702e-07,0.000000000000000000e+00
3.706000000000000000e+03,-3.199999999996972983e-07,0.000000000000000000e+00
3.707000000000000000e+03,-3.999999999996972735e-07,0.000000000000000000e+00
3.708000000000000000e+03,-4.799999999996972487e-07,0.000000000000000000e+00
3.709000000000000000e+03,-5.599999999996972239e-07,0.000000000000000000e+00
3.710000000000000000e+03,-6.399999999996971991e-07,0.000000000000000000e+00
3.711000000000000000e+03,-7.199999999996971743e-07,0.000000000000000000e+00
3.712000000000000000e+03,-7.999999999996971495e-07,0.000000000000000000e+00
3.713000000000000000e+03,-8.799999999996971247e-07,0.000000000000000000e+00
3.714000000000000000e+03,-9.599999999996970999e-07,0.000000000000000000e+00
3.715000000000000000e+03,-1.039999999999697181e-06,0.000000000000000000e+00
3.716000000000000000e+03,-1.119999999999697262e-06,0.000000000000000000e+00
3.717000000000000000e+03,-1.199999999999697343e-06,0.000000000000000000e+00
3.718000000000000000e+03,-1.279999999999697424e-06,0.000000000000000000e+00
3.719000000000000000e+03,-1.359999999999697505e-06,0.000000000000000000e+00
3.720000000000000000e+03,-1.439999999999697586e-06,0.000000000000000000e+00
3.721000000000000000e+03,-1.519999999999697668e-06,0.000000000000000000e+00
3.722000000000000000e+03,-1.599999999999697749e-06,0.000000000000000000e+00
3.723000000000000000e+03,-1.679999999999697830e-06,0.000000000000000000e+00
3.724000000000000000e+03,-1.759999999999697911e-06,0.000000000000000000e+00
3.725000000000000000e+03,-1.839999999999697992e-06,0.000000000000000000e+00
3.726000000000000000e+03,-1.919999999999697861e-06,0.000000000000000000e+00
3.727000000000000000e+03,-1.999999999999697942e-06,0.000000000000000000e+00
3.728000000000000000e+03,-2.079999999999698023e-06,0.000000000000000000e+00
3.729000000000000000e+03,-2.159999999999698104e-06,0.000000000000000000e+00
3.730000000000000000e+03,-2.239999999999698185e-06,0.000000000000000000e+00
3.731000000000000000e+03,-2.319999999999698267e-06,0.000000000000000000e+00
3.732000000000000000e+03,-2.399999999999698348e-06,0.000000000000000000e+00
3.733000000000000000e+03,-2.479999999999698429e-06,0.000000000000000000e+00
3.734000000000000000e+03,-2.559999999999698510e-06,0.000000000000000000e+00
3.735000000000000000e+03,-2.639999999999698591e-06,0.000000000000000000e+00
3.736000000000000000e+03,-2.719999999999698672e-06,0.000000000000000000e+00
3.737000000000000000e+03,-2.799999999999698753e-06,0.000000000000000000e+00
3.738000000000000000e+03,-2.879999999999698834e-06,0.000000000000000000e+00
3.739000000000000000e+03,-2.959999999999698915e-06,0.000000000000000000e+00
3.740000000000000000e+03,-3.039999999999698996e-06,0.000000000000000000e+00
3.741000000000000000e+03,-3.119999999999699077e-06,0.000000000000000000e+00
3.742000000000000000e+03,-3.199999999999699158e-06,0.000000000000000000e+00
3.743000000000000000e+03,-3.279999999999699240e-06,0.000000000000000000e+00
3.744000000000000000e+03,-3.359999999999699321e-06,0.000000000000000000e+00
3.745000000000000000e+03,-3.439999999999699402e-06,0.000000000000000000e+00
3.746000000000000000e+03,-3.519999999999699483e-06,0.000000000000000000e+00
3.747000000000000000e+03,-3.599999999999699564e-06,0.000000000000000000e+00
3.748000000000000000e+03,-3.679999999999699645e-06,0.000000000000000000e+00
3.749000000000000000e+03,-3.759999999999699726e-06,0.000000000000000000e+00
3.750000000000000000e+03,-3.839999999999699807e-06,0.000000000000000000e+00
3.751000000000000000e+03,-3.919999999999699888e-06,0.000000000000000000e+00
3.752000000000000000e+03,-3.999999999999699969e-06,0.000000000000000000e+00
3.753000000000000000e+03,-4.079999999999700050e-06,0.000000000000000000e+00
3.754000000000000000e+03,-4.159999999999700131e-06,0.000000000000000000e+00
3.755000000000000000e+03,-4.239999999999700213e-06,0.000000000000000000e+00
3.756000000000000000e+03,-4.319999999999700294e-06,0.000000000000000000e+00
3.757000000000000000e+03,-4.399999999999700375e-06,0.000000000000000000e+00
3.758000000000000000e+03,-4.479999999999700456e-06,0.000000000000000000e+00
3.759000000000000000e+03,-4.559999999999700537e-06,0.000000000000000000e+00
3.760000000000000000e+03,-4.639999999999700618e-06,0.000000000000000000e+00
3.761000000000000000e+03,-4.719999999999700699e-06,0.000000000000000000e+00
3.762000000000000000e+03,-4.799999999999700780e-06,0.000000000000000000e+00
3.763000000000000000e+03,-4.879999999999700861e-06,0.000000000000000000e+00
3.764000000000000000e+03,-4.959999999999700942e-06,0.000000000000000000e+00
3.765000000000000000e+03,-5.039999999999701023e-06,0.000000000000000000e+00
3.766000000000000000e+03,-5.119999999999701104e-06,0.000000000000000000e+00
3.767000000000000000e+03,-5.199999999999701186e-06,5.000000000000000000e-01
3.768000000000000000e+03,-5.279999999999701267e-06,5.365853658536585691e-01
3.769000000000000000e+03,-5.359999999999701348e-06,5.853658536585365502e-01
3.770000000000000000e+03,-5.439999999999701429e-06,5.914634146341463117e-01
3.771000000000000000e+03,-5.519999999999701510e-06,6.341463414634146423e-01
3.772000000000000000e+03,-5.599999999999701591e-06,6.524390243902439268e-01
3.773000000000000000e+03,-5.679999999999701672e-06,6.646341463414634498e-01
3.774000000000000000e+03,-5.759999999999701753e-06,6.890243902439023849e-01
3.775000000000000000e+03,-5.839999999999701834e-06,6.890243902439023849e-01
3.776000000000000000e+03,-5.919999999999701915e-06,7.012195121951219079e-01
3.777000000000000000e+03,-5.999999999999701996e-06,7.073170731707316694e-01
3.778000000000000000e+03,-6.079999999999702077e-06,7.256097560975609539e-01
3.779000000000000000e+03,-6.159999999999702159e-06,7.256097560975609539e-01
3.780000000000000000e+03,-6.239999999999702240e-06,7.256097560975609539e-01
3.781000000000000000e+03,-6.319999999999702321e-06,7.317073170731707155e-01
3.782000000000000000e+03,-6.399999999999702402e-06,7.439024390243902385e-01
3.783000000000000000e+03,-6.479999999999702483e-06,7.439024390243902385e-01
3.784000000000000000e+03,-6.559999999999702564e-06,7.560975609756097615e-01
3.785000000000000000e+03,-6.639999999999702645e-06,7.621951219512195230e-01
3.786000000000000000e+03,-6.719999999999702726e-06,7.682926829268292845e-01
3.787000000000000000e+03,-6.799999999999702807e-06,7.682926829268292845e-01
3.788000000000000000e+03,-6.879999999999702888e-06,7.682926829268292845e-01
3.789000000000000000e+03,-6.959999999999702969e-06,7.682926829268292845e-01
3.790000000000000000e+03,-7.039999999999703050e-06,7.743902439024390461e-01
3.791000000000000000e+03,-7.119999999999703132e-06,7.865853658536585691e-01
3.792000000000000000e+03,-7.199999999999703213e-06,7.987804878048780921e-01
3.793000000000000000e+03,-7.279999999999703294e-06,7.987804878048780921e-01
3.794000000000000000e+03,-7.359999999999703375e-06,7.987804878048780921e-01
3.795000000000000000e+03,-7.439999999999703456e-06,8.109756097560976151e-01
3.796000000000000000e+03,5.600000000002978761e-07,0.000000000000000000e+00
3.797000000000000000e+03,4.800000000002979009e-07,0.000000000000000000e+00
3.798000000000000000e+03,4.000000000002979257e-07,0.000000000000000000e+00
3.799000000000000000e+03,3.200000000002979505e-07,0.000000000000000000e+00
3.800000000000000000e+03,2.400000000002979753e-07,0.000000000000000000e+00
3.801000000000000000e+03,1.600000000002979737e-07,0.000000000000000000e+00
3.802000000000000000e+03,8.000000000029797198e-08,0.000000000000000000e+00
3.803000000000000000e+03,2.979703089763018412e-19,0.000000000000000000e+00
3.804000000000000000e+03,-7.999999999970203136e-08,0.000000000000000000e+00
3.805000000000000000e+03,-1.599999999997020330e-07,0.000000000000000000e+00
3.806000000000000000e+03,-2.399999999997020347e-07,0.000000000000000000e+00
3.807000000000000000e+03,-3.199999999997020629e-07,0.000000000000000000e+00
3.808000000000000000e+03,-3.999999999997020381e-07,0.000000000000000000e+00
3.809000000000000000e+03,-4.799999999997020133e-07,0.000000000000000000e+00
3.810000000000000000e+03,-5.599999999997019885e-07,0.000000000000000000e+00
3.811000000000000000e+03,-6.399999999997019637e-07,0.000000000000000000e+00
3.812000000000000000e+03,-7.199999999997019389e-07,0.000000000000000000e+00
3.813000000000000000e+03,-7.999999999997019141e-07,0.000000000000000000e+00
3.814000000000000000e+03,-8.799999999997018893e-07,0.000000000000000000e+00
3.815000000000000000e+03,-9.599999999997019704e-07,0.000000000000000000e+00
3.816000000000000000e+03,-1.039999999999702051e-06,0.000000000000000000e+00
3.817000000000000000e+03,-1.119999999999702133e-06,0.000000000000000000e+00
3.818000000000000000e+03,-1.199999999999702214e-06,0.000000000000000000e+00
3.819000000000000000e+03,-1.279999999999702295e-06,0.000000000000000000e+00
3.820000000000000000e+03,-1.359999999999702376e-06,0.000000000000000000e+00
3.821000000000000000e+03,-1.439999999999702457e-06,0.000000000000000000e+00
3.822000000000000000e+03,-1.519999999999702538e-06,0.000000000000000000e+00
3.823000000000000000e+03,-1.599999999999702619e-06,0.000000000000000000e+00
3.824000000000000000e+03,-1.679999999999702700e-06,0.000000000000000000e+00
3.825000000000000000e+03,-1.759999999999702781e-06,0.000000000000000000e+00
3.826000000000000000e+03,-1.839999999999702862e-06,0.000000000000000000e+00
3.827000000000000000e+03,-1.919999999999702943e-06,0.000000000000000000e+00
3.828000000000000000e+03,-1.999999999999703024e-06,0.000000000000000000e+00
3.829000000000000000e+03,-2.079999999999703106e-06,0.000000000000000000e+00
3.830000000000000000e+03,-2.159999999999703187e-06,0.000000000000000000e+00
3.831000000000000000e+03,-2.239999999999703268e-06,0.000000000000000000e+00
3.832000000000000000e+03,-2.319999999999703349e-06,0.000000000000000000e+00
3.833000000000000000e+03,-2.399999999999703430e-06,0.000000000000000000e+00
3.834000000000000000e+03,-2.479999999999703511e-06,0.000000000000000000e+00
3.835000000000000000e+03,-2.559999999999703592e-06,0.000000000000000000e+00
3.836000000000000000e+03,-2.639999999999703673e-06,0.000000000000000000e+00
3.837000000000000000e+03,-2.719999999999703754e-06,0.000000000000000000e+00
3.838000000000000000e+03,-2.799999999999703835e-06,0.000000000000000000e+00
3.839000000000000000e+03,-2.879999999999703916e-06,0.000000000000000000e+00
3.840000000000000000e+03,-2.959999999999703997e-06,0.000000000000000000e+00
3.841000000000000000e+03,-3.039999999999704079e-06,0.000000000000000000e+00
3.842000000000000000e+03,-3.119999999999704160e-06,0.000000000000000000e+00
3.843000000000000000e+03,-3.199999999999704241e-06,0.000000000000000000e+00
3.844000000000000000e+03,-3.279999999999704322e-06,0.000000000000000000e+00
3.845000000000000000e+03,-3.359999999999704403e-06,0.000000000000000000e+00
3.846000000000000000e+03,-3.439999999999704484e-06,0.000000000000000000e+00
3.847000000000000000e+03,-3.519999999999704565e-06,0.000000000000000000e+00
3.848000000000000000e+03,-3.599999999999704646e-06,0.000000000000000000e+00
3.849000000000000000e+03,-3.679999999999704727e-06,0.000000000000000000e+00
3.850000000000000000e+03,-3.759999999999704808e-06,0.000000000000000000e+00
3.851000000000000000e+03,-3.839999999999704889e-06,0.000000000000000000e+00
3.852000000000000000e+03,-3.919999999999704970e-06,0.000000000000000000e+00
3.853000000000000000e+03,-3.999999999999705052e-06,0.000000000000000000e+00
3.854000000000000000e+03,-4.079999999999705133e-06,0.000000000000000000e+00
3.855000000000000000e+03,-4.159999999999705214e-06,0.000000000000000000e+00
3.856000000000000000e+03,-4.239999999999705295e-06,0.000000000000000000e+00
3.857000000000000000e+03,-4.319999999999705376e-06,0.000000000000000000e+00
3.858000000000000000e+03,-4.399999999999705457e-06,0.000000000000000000e+00
3.859000000000000000e+03,-4.479999999999705538e-06,0.000000000000000000e+00
3.860000000000000000e+03,-4.559999999999705619e-06,0.000000000000000000e+00
3.861000000000000000e+03,-4.639999999999705700e-06,0.000000000000000000e+00
3.862000000000000000e+03,-4.719999999999705781e-06,0.000000000000000000e+00
3.863000000000000000e+03,-4.799999999999705862e-06,0.000000000000000000e+00
3.864000000000000000e+03,-4.879999999999705943e-06,0.000000000000000000e+00
3.865000000000000000e+03,-4.959999999999706025e-06,0.000000000000000000e+00
3.866000000000000000e+03,-5.039999999999706106e-06,0.000000000000000000e+00
3.867000000000000000e+03,-5.119999999999706187e-06,0.000000000000000000e+00
3.868000000000000000e+03,-5.199999999999706268e-06,0.000000000000000000e+00
3.869000000000000000e+03,-5.279999999999706349e-06,0.000000000000000000e+00
3.870000000000000000e+03,-5.359999999999706430e-06,0.000000000000000000e+00
3.871000000000000000e+03,-5.439999999999706511e-06,0.000000000000000000e+00
3.872000000000000000e+03,-5.519999999999706592e-06,0.000000000000000000e+00
3.873000000000000000e+03,-5.599999999999706673e-06,0.000000000000000000e+00
3.874000000000000000e+03,-5.679999999999706754e-06,0.000000000000000000e+00
3.875000000000000000e+03,-5.759999999999706835e-06,0.000000000000000000e+00
3.876000000000000000e+03,-5.839999999999706916e-06,0.000000000000000000e+00
3.877000000000000000e+03,-5.919999999999706998e-06,0.000000000000000000e+00
3.878000000000000000e+03,-5.999999999999707079e-06,6.036585365853658347e-01
3.879000000000000000e+03,-6.079999999999707160e-06,6.341463414634146423e-01
3.880000000000000000e+03,-6.159999999999707241e-06,6.890243902439023849e-01
3.881000000000000000e+03,-6.239999999999707322e-06,6.890243902439023849e-01
3.882000000000000000e+03,-6.319999999999707403e-06,7.439024390243902385e-01
3.883000000000000000e+03,-6.399999999999707484e-06,7.682926829268292845e-01
3.884000000000000000e+03,-6.479999999999707565e-06,7.865853658536585691e-01
3.885000000000000000e+03,-6.559999999999707646e-06,7.987804878048780921e-01
3.886000000000000000e+03,-6.639999999999707727e-06,8.048780487804878536e-01
3.887000000000000000e+03,9.600000000002931994e-07,0.000000000000000000e+00
3.888000000000000000e+03,8.800000000002932242e-07,0.000000000000000000e+00
3.889000000000000000e+03,8.000000000002932490e-07,0.000000000000000000e+00
3.890000000000000000e+03,7.200000000002932738e-07,0.000000000000000000e+00
3.891000000000000000e+03,6.400000000002932985e-07,0.000000000000000000e+00
3.892000000000000000e+03,5.600000000002933233e-07,0.000000000000000000e+00
3.893000000000000000e+03,4.800000000002933481e-07,0.000000000000000000e+00
3.894000000000000000e+03,4.000000000002933729e-07,0.000000000000000000e+00
3.895000000000000000e+03,3.200000000002933977e-07,0.000000000000000000e+00
3.896000000000000000e+03,2.400000000002934225e-07,0.000000000000000000e+00
3.897000000000000000e+03,1.600000000002934209e-07,0.000000000000000000e+00
3.898000000000000000e+03,8.000000000029341918e-08,0.000000000000000000e+00
3.899000000000000000e+03,2.934175068848099768e-19,0.000000000000000000e+00
3.900000000000000000e+03,-7.999999999970658417e-08,0.000000000000000000e+00
3.901000000000000000e+03,-1.599999999997065858e-07,0.000000000000000000e+00
3.902000000000000000e+03,-2.399999999997065875e-07,0.000000000000000000e+00
3.903000000000000000e+03,-3.199999999997066157e-07,0.000000000000000000e+00
3.904000000000000000e+03,-3.999999999997065909e-07,0.000000000000000000e+00
3.905000000000000000e+03,-4.799999999997065661e-07,0.000000000000000000e+00
3.906000000000000000e+03,-5.599999999997065413e-07,0.000000000000000000e+00
3.907000000000000000e+03,-6.399999999997065165e-07,0.000000000000000000e+00
3.908000000000000000e+03,-7.199999999997064917e-07,0.000000000000000000e+00
3.909000000000000000e+03,-7.999999999997064669e-07,0.000000000000000000e+00
3.910000000000000000e+03,-8.799999999997064421e-07,0.000000000000000000e+00
3.911000000000000000e+03,-9.599999999997064173e-07,0.000000000000000000e+00
3.912000000000000000e+03,-1.039999999999706498e-06,0.000000000000000000e+00
3.913000000000000000e+03,-1.119999999999706579e-06,0.000000000000000000e+00
3.914000000000000000e+03,-1.199999999999706661e-06,0.000000000000000000e+00
3.915000000000000000e+03,-1.279999999999706742e-06,0.000000000000000000e+00
3.916000000000000000e+03,-1.359999999999706823e-06,0.000000000000000000e+00
3.917000000000000000e+03,-1.439999999999706904e-06,0.000000000000000000e+00
3.918000000000000000e+03,-1.519999999999706985e-06,0.000000000000000000e+00
3.919000000000000000e+03,-1.599999999999707066e-06,0.000000000000000000e+00
3.920000000000000000e+03,-1.679999999999707147e-06,0.000000000000000000e+00
3.921000000000000000e+03,-1.759999999999707228e-06,0.000000000000000000e+00
3.922000000000000000e+03,-1.839999999999707309e-06,0.000000000000000000e+00
3.923000000000000000e+03,-1.919999999999707179e-06,0.000000000000000000e+00
3.924000000000000000e+03,-1.999999999999707260e-06,0.000000000000000000e+00
3.925000000000000000e+03,-2.079999999999707341e-06,0.000000000000000000e+00
3.926000000000000000e+03,-2.159999999999707422e-06,0.000000000000000000e+00
3.927000000000000000e+03,-2.239999999999707503e-06,0.000000000000000000e+00
3.928000000000000000e+03,-2.319999999999707584e-06,0.000000000000000000e+00
3.929000000000000000e+03,-2.399999999999707665e-06,0.000000000000000000e+00
3.930000000000000000e+03,-2.479999999999707746e-06,0.000000000000000000e+00
3.931000000000000000e+03,-2.559999999999707827e-06,0.000000000000000000e+00
3.932000000000000000e+03,-2.639999999999707908e-06,0.000000000000000000e+00
3.933000000000000000e+03,-2.719999999999707989e-06,0.000000000000000000e+00
3.934000000000000000e+03,-2.799999999999708070e-06,0.000000000000000000e+00
3.935000000000000000e+03,-2.879999999999708152e-06,0.000000000000000000e+00
3.936000000000000000e+03,-2.959999999999708233e-06,0.000000000000000000e+00
3.937000000000000000e+03,-3.039999999999708314e-06,0.000000000000000000e+00
3.938000000000000000e+03,-3.119999999999708395e-06,0.000000000000000000e+00
3.939000000000000000e+03,-3.199999999999708476e-06,0.000000000000000000e+00
3.940000000000000000e+03,-3.279999999999708557e-06,0.000000000000000000e+00
3.941000000000000000e+03,-3.359999999999708638e-06,0.000000000000000000e+00
3.942000000000000000e+03,-3.439999999999708719e-06,0.000000000000000000e+00
3.943000000000000000e+03,-3.519999999999708800e-06,0.000000000000000000e+00
3.944000000000000000e+03,-3.599999999999708881e-06,0.000000000000000000e+00
3.945000000000000000e+03,-3.679999999999708962e-06,0.000000000000000000e+00
3.946000000000000000e+03,-3.759999999999709043e-06,0.000000000000000000e+00
3.947000000000000000e+03,-3.839999999999709125e-06,0.000000000000000000e+00
3.948000000000000000e+03,-3.919999999999709206e-06,0.000000000000000000e+00
3.949000000000000000e+03,-3.999999999999709287e-06,0.000000000000000000e+00
3.950000000000000000e+03,-4.079999999999709368e-06,0.000000000000000000e+00
3.951000000000000000e+03,-4.159999999999709449e-06,0.000000000000000000e+00
3.952000000000000000e+03,-4.239999999999709530e-06,0.000000000000000000e+00
3.953000000000000000e+03,-4.319999999999709611e-06,0.000000000000000000e+00
3.954000000000000000e+03,-4.399999999999709692e-06,0.000000000000000000e+00
3.955000000000000000e+03,-4.479999999999709773e-06,0.000000000000000000e+00
3.956000000000000000e+03,-4.559999999999709854e-06,0.000000000000000000e+00
3.957000000000000000e+03,-4.639999999999709935e-06,0.000000000000000000e+00
3.958000000000000000e+03,-4.719999999999710016e-06,0.000000000000000000e+00
3.959000000000000000e+03,-4.799999999999710098e-06,0.000000000000000000e+00
3.960000000000000000e+03,-4.879999999999710179e-06,0.000000000000000000e+00
3.961000000000000000e+03,-4.959999999999710260e-06,1.219512195121951262e-02
3.962000000000000000e+03,-5.039999999999710341e-06,1.219512195121951262e-02
3.963000000000000000e+03,-5.119999999999710422e-06,1.219512195121951262e-02
3.964000000000000000e+03,-5.199999999999710503e-06,1.219512195121951262e-02
3.965000000000000000e+03,-5.279999999999710584e-06,1.219512195121951262e-02
3.966000000000000000e+03,-5.359999999999710665e-06,4.024390243902439268e-01
3.967000000000000000e+03,-5.439999999999710746e-06,4.390243902439024404e-01
3.968000000000000000e+03,-5.519999999999710827e-06,5.000000000000000000e-01
3.969000000000000000e+03,-5.599999999999710908e-06,6.036585365853658347e-01
3.970000000000000000e+03,-5.679999999999710989e-06,6.341463414634146423e-01
3.971000000000000000e+03,-5.759999999999711071e-06,6.524390243902439268e-01
3.972000000000000000e+03,-5.839999999999711152e-06,6.646341463414634498e-01
3.973000000000000000e+03,-5.919999999999711233e-06,6.890243902439023849e-01
3.974000000000000000e+03,-5.999999999999711314e-06,6.890243902439023849e-01
3.975000000000000000e+03,-6.079999999999711395e-06,7.134146341463414309e-01
3.976000000000000000e+03,-6.159999999999711476e-06,7.134146341463414309e-01
3.977000000000000000e+03,-6.239999999999711557e-06,7.500000000000000000e-01
3.978000000000000000e+03,-6.319999999999711638e-06,7.500000000000000000e-01
3.979000000000000000e+03,-6.399999999999711719e-06,7.500000000000000000e-01
3.980000000000000000e+03,-6.479999999999711800e-06,7.560975609756097615e-01
3.981000000000000000e+03,-6.559999999999711881e-06,7.560975609756097615e-01
3.982000000000000000e+03,-6.639999999999711962e-06,7.743902439024390461e-01
3.983000000000000000e+03,-6.719999999999712044e-06,7.865853658536585691e-01
3.984000000000000000e+03,-6.799999999999712125e-06,7.865853658536585691e-01
3.985000000000000000e+03,-6.879999999999712206e-06,7.865853658536585691e-01
3.986000000000000000e+03,-6.959999999999712287e-06,7.987804878048780921e-01
3.987000000000000000e+03,-7.039999999999712368e-06,7.987804878048780921e-01
3.988000000000000000e+03,-7.119999999999712449e-06,7.987804878048780921e-01
3.989000000000000000e+03,-7.199999999999712530e-06,8.048780487804878536e-01
3.990000000000000000e+03,7.500000000002892808e-07,0.000000000000000000e+00
3.991000000000000000e+03,6.700000000002893055e-07,0.000000000000000000e+00
3.992000000000000000e+03,5.900000000002893303e-07,0.000000000000000000e+00
3.993000000000000000e+03,5.100000000002893551e-07,0.000000000000000000e+00
3.994000000000000000e+03,4.300000000002893799e-07,0.000000000000000000e+00
3.995000000000000000e+03,3.500000000002894047e-07,0.000000000000000000e+00
3.996000000000000000e+03,2.700000000002894295e-07,0.000000000000000000e+00
3.997000000000000000e+03,1.900000000002894279e-07,0.000000000000000000e+00
3.998000000000000000e+03,1.100000000002894262e-07,0.000000000000000000e+00
3.999000000000000000e+03,3.000000000028942451e-08,0.000000000000000000e+00
4.000000000000000000e+03,-4.999999999971057717e-08,0.000000000000000000e+00
4.001000000000000000e+03,-1.299999999997105788e-07,0.000000000000000000e+00
4.002000000000000000e+03,-2.099999999997105805e-07,0.000000000000000000e+00
4.003000000000000000e+03,-2.899999999997106087e-07,0.000000000000000000e+00
4.004000000000000000e+03,-3.699999999997105839e-07,0.000000000000000000e+00
4.005000000000000000e+03,-4.499999999997105591e-07,0.000000000000000000e+00
4.006000000000000000e+03,-5.299999999997105343e-07,0.000000000000000000e+00
4.007000000000000000e+03,-6.099999999997105095e-07,0.000000000000000000e+00
4.008000000000000000e+03,-6.899999999997104847e-07,0.000000000000000000e+00
4.009000000000000000e+03,-7.699999999997104599e-07,0.000000000000000000e+00
4.010000000000000000e+03,-8.499999999997104351e-07,0.000000000000000000e+00
4.011000000000000000e+03,-9.299999999997104103e-07,0.000000000000000000e+00
4.012000000000000000e+03,-1.009999999999710385e-06,0.000000000000000000e+00
4.013000000000000000e+03,-1.089999999999710467e-06,0.000000000000000000e+00
4.014000000000000000e+03,-1.169999999999710548e-06,0.000000000000000000e+00
4.015000000000000000e+03,-1.249999999999710629e-06,0.000000000000000000e+00
4.016000000000000000e+03,-1.329999999999710710e-06,0.000000000000000000e+00
4.017000000000000000e+03,-1.409999999999710791e-06,0.000000000000000000e+00
4.018000000000000000e+03,-1.489999999999710872e-06,0.000000000000000000e+00
4.019000000000000000e+03,-1.569999999999710953e-06,0.000000000000000000e+00
4.020000000000000000e+03,-1.649999999999711034e-06,0.000000000000000000e+00
4.021000000000000000e+03,-1.729999999999711115e-06,0.000000000000000000e+00
4.022000000000000000e+03,-1.809999999999711196e-06,0.000000000000000000e+00
4.023000000000000000e+03,-1.889999999999711277e-06,0.000000000000000000e+00
4.024000000000000000e+03,-1.969999999999711358e-06,0.000000000000000000e+00
4.025000000000000000e+03,-2.049999999999711440e-06,0.000000000000000000e+00
4.026000000000000000e+03,-2.129999999999711521e-06,0.000000000000000000e+00
4.027000000000000000e+03,-2.209999999999711602e-06,0.000000000000000000e+00
4.028000000000000000e+03,-2.289999999999711683e-06,0.000000000000000000e+00
4.029000000000000000e+03,-2.369999999999711764e-06,0.000000000000000000e+00
4.030000000000000000e+03,-2.449999999999711845e-06,0.000000000000000000e+00
4.031000000000000000e+03,-2.529999999999711926e-06,0.000000000000000000e+00
4.032000000000000000e+03,-2.609999999999712007e-06,0.000000000000000000e+00
4.033000000000000000e+03,-2.689999999999712088e-06,0.000000000000000000e+00
4.034000000000000000e+03,-2.769999999999712169e-06,0.000000000000000000e+00
4.035000000000000000e+03,-2.849999999999712250e-06,0.000000000000000000e+00
4.036000000000000000e+03,-2.929999999999712331e-06,0.000000000000000000e+00
4.037000000000000000e+03,-3.009999999999712413e-06,0.000000000000000000e+00
4.038000000000000000e+03,-3.089999999999712494e-06,0.000000000000000000e+00
4.039000000000000000e+03,-3.169999999999712575e-06,0.000000000000000000e+00
4.040000000000000000e+03,-3.249999999999712656e-06,0.000000000000000000e+00
4.041000000000000000e+03,-3.329999999999712737e-06,0.000000000000000000e+00
4.042000000000000000e+03,-3.409999999999712818e-06,0.000000000000000000e+00
4.043000000000000000e+03,-3.489999999999712899e-06,0.000000000000000000e+00
4.044000000000000000e+03,-3.569999999999712980e-06,0.000000000000000000e+00
4.045000000000000000e+03,-3.649999999999713061e-06,0.000000000000000000e+00
4.046000000000000000e+03,-3.729999999999713142e-06,0.000000000000000000e+00
4.047000000000000000e+03,-3.809999999999713223e-06,0.000000000000000000e+00
4.048000000000000000e+03,-3.889999999999712881e-06,0.000000000000000000e+00
4.049000000000000000e+03,-3.969999999999712962e-06,0.000000000000000000e+00
4.050000000000000000e+03,-4.049999999999713043e-06,0.000000000000000000e+00
4.051000000000000000e+03,-4.129999999999713124e-06,0.000000000000000000e+00
4.052000000000000000e+03,-4.209999999999713205e-06,0.000000000000000000e+00
4.053000000000000000e+03,-4.289999999999713286e-06,0.000000000000000000e+00
4.054000000000000000e+03,-4.369999999999713367e-06,0.000000000000000000e+00
4.055000000000000000e+03,-4.449999999999713449e-06,0.000000000000000000e+00
4.056000000000000000e+03,-4.529999999999713530e-06,0.000000000000000000e+00
4.057000000000000000e+03,-4.609999999999713611e-06,0.000000000000000000e+00
4.058000000000000000e+03,-4.689999999999713692e-06,0.000000000000000000e+00
4.059000000000000000e+03,-4.769999999999713773e-06,0.000000000000000000e+00
4.060000000000000000e+03,-4.849999999999713854e-06,0.000000000000000000e+00
4.061000000000000000e+03,-4.929999999999713935e-06,0.000000000000000000e+00
4.062000000000000000e+03,-5.009999999999714016e-06,0.000000000000000000e+00
4.063000000000000000e+03,-5.089999999999714097e-06,0.000000000000000000e+00
4.064000000000000000e+03,-5.169999999999714178e-06,0.000000000000000000e+00
4.065000000000000000e+03,-5.249999999999714259e-06,0.000000000000000000e+00
4.066000000000000000e+03,-5.329999999999714340e-06,0.000000000000000000e+00
4.067000000000000000e+03,-5.409999999999714422e-06,0.000000000000000000e+00
4.068000000000000000e+03,-5.489999999999714503e-06,0.000000000000000000e+00
4.069000000000000000e+03,-5.569999999999714584e-06,0.000000000000000000e+00
4.070000000000000000e+03,-5.649999999999714665e-06,0.000000000000000000e+00
4.071000000000000000e+03,-5.729999999999714746e-06,3.536585365853658347e-01
4.072000000000000000e+03,-5.809999999999714827e-06,4.146341463414633943e-01
4.073000000000000000e+03,-5.889999999999714908e-06,4.634146341463414864e-01
4.074000000000000000e+03,-5.969999999999714989e-06,5.426829268292683306e-01
4.075000000000000000e+03,-6.049999999999715070e-06,5.853658536585365502e-01
4.076000000000000000e+03,-6.129999999999715151e-06,5.853658536585365502e-01
4.077000000000000000e+03,-6.209999999999715232e-06,6.219512195121951192e-01
4.078000000000000000e+03,-6.289999999999715313e-06,6.463414634146341653e-01
4.079000000000000000e+03,-6.369999999999715395e-06,6.890243902439023849e-01
4.080000000000000000e+03,-6.449999999999715476e-06,7.195121951219511924e-01
4.081000000000000000e+03,-6.529999999999715557e-06,7.195121951219511924e-01
4.082000000000000000e+03,-6.609999999999715638e-06,7.195121951219511924e-01
4.083000000000000000e+03,-6.689999999999715719e-06,7.256097560975609539e-01
4.084000000000000000e+03,-6.769999999999715800e-06,7.378048780487804770e-01
4.085000000000000000e+03,-6.849999999999715881e-06,7.439024390243902385e-01
4.086000000000000000e+03,-6.929999999999715962e-06,7.560975609756097615e-01
4.087000000000000000e+03,-7.009999999999716043e-06,7.682926829268292845e-01
4.088000000000000000e+03,-7.089999999999716124e-06,7.743902439024390461e-01
4.089000000000000000e+03,-7.169999999999716205e-06,7.804878048780488076e-01
4.090000000000000000e+03,-7.249999999999716286e-06,8.048780487804878536e-01
4.091000000000000000e+03,5.500000000002852664e-07,0.000000000000000000e+00
4.092000000000000000e+03,4.700000000002852912e-07,0.000000000000000000e+00
4.093000000000000000e+03,3.900000000002853160e-07,0.000000000000000000e+00
4.094000000000000000e+03,3.100000000002853408e-07,0.000000000000000000e+00
4.095000000000000000e+03,2.300000000002853391e-07,0.000000000000000000e+00
4.096000000000000000e+03,1.500000000002853374e-07,0.000000000000000000e+00
4.097000000000000000e+03,7.000000000028533576e-08,0.000000000000000000e+00
4.098000000000000000e+03,-9.999999999714665911e-09,0.000000000000000000e+00
4.099000000000000000e+03,-8.999999999971466759e-08,0.000000000000000000e+00
4.100000000000000000e+03,-1.699999999997146693e-07,0.000000000000000000e+00
4.101000000000000000e+03,-2.499999999997146974e-07,0.000000000000000000e+00
4.102000000000000000e+03,-3.299999999997146726e-07,0.000000000000000000e+00
4.103000000000000000e+03,-4.099999999997146478e-07,0.000000000000000000e+00
4.104000000000000000e+03,-4.899999999997146230e-07,0.000000000000000000e+00
4.105000000000000000e+03,-5.699999999997145982e-07,0.000000000000000000e+00
4.106000000000000000e+03,-6.499999999997145734e-07,0.000000000000000000e+00
4.107000000000000000e+03,-7.299999999997145486e-07,0.000000000000000000e+00
4.108000000000000000e+03,-8.099999999997145238e-07,0.000000000000000000e+00
4.109000000000000000e+03,-8.899999999997144990e-07,0.000000000000000000e+00
4.110000000000000000e+03,-9.699999999997145801e-07,0.000000000000000000e+00
4.111000000000000000e+03,-1.049999999999714661e-06,0.000000000000000000e+00
4.112000000000000000e+03,-1.129999999999714742e-06,0.000000000000000000e+00
4.113000000000000000e+03,-1.209999999999714823e-06,0.000000000000000000e+00
4.114000000000000000e+03,-1.289999999999714904e-06,0.000000000000000000e+00
4.115000000000000000e+03,-1.369999999999714986e-06,0.000000000000000000e+00
4.116000000000000000e+03,-1.449999999999715067e-06,0.000000000000000000e+00
4.117000000000000000e+03,-1.529999999999715148e-06,0.000000000000000000e+00
4.118000000000000000e+03,-1.609999999999715229e-06,0.000000000000000000e+00
4.119000000000000000e+03,-1.689999999999715310e-06,0.000000000000000000e+00
4.120000000000000000e+03,-1.769999999999715391e-06,0.000000000000000000e+00
4.121000000000000000e+03,-1.849999999999715472e-06,0.000000000000000000e+00
4.122000000000000000e+03,-1.929999999999715553e-06,0.000000000000000000e+00
4.123000000000000000e+03,-2.009999999999715634e-06,0.000000000000000000e+00
4.124000000000000000e+03,-2.089999999999715715e-06,0.000000000000000000e+00
4.125000000000000000e+03,-2.169999999999715796e-06,0.000000000000000000e+00
4.126000000000000000e+03,-2.249999999999715877e-06,0.000000000000000000e+00
4.127000000000000000e+03,-2.329999999999715959e-06,0.000000000000000000e+00
4.128000000000000000e+03,-2.409999999999716040e-06,0.000000000000000000e+00
4.129000000000000000e+03,-2.489999999999716121e-06,0.000000000000000000e+00
4.130000000000000000e+03,-2.569999999999716202e-06,0.000000000000000000e+00
4.131000000000000000e+03,-2.649999999999716283e-06,0.000000000000000000e+00
4.132000000000000000e+03,-2.729999999999716364e-06,0.000000000000000000e+00
4.133000000000000000e+03,-2.809999999999716445e-06,0.000000000000000000e+00
4.134000000000000000e+03,-2.889999999999716526e-06,0.000000000000000000e+00
4.135000000000000000e+03,-2.969999999999716607e-06,0.000000000000000000e+00
4.136000000000000000e+03,-3.049999999999716688e-06,0.000000000000000000e+00
4.137000000000000000e+03,-3.129999999999716769e-06,0.000000000000000000e+00
4.138000000000000000e+03,-3.209999999999716850e-06,0.000000000000000000e+00
4.139000000000000000e+03,-3.289999999999716932e-06,0.000000000000000000e+00
4.140000000000000000e+03,-3.369999999999717013e-06,0.000000000000000000e+00
4.141000000000000000e+03,-3.449999999999717094e-06,0.000000000000000000e+00
4.142000000000000000e+03,-3.529999999999717175e-06,0.000000000000000000e+00
4.143000000000000000e+03,-3.609999999999717256e-06,0.000000000000000000e+00
4.144000000000000000e+03,-3.689999999999717337e-06,0.000000000000000000e+00
4.145000000000000000e+03,-3.769999999999717418e-06,0.000000000000000000e+00
4.146000000000000000e+03,-3.849999999999717499e-06,0.000000000000000000e+00
4.147000000000000000e+03,-3.929999999999717580e-06,0.000000000000000000e+00
4.148000000000000000e+03,-4.009999999999717661e-06,0.000000000000000000e+00
4.149000000000000000e+03,-4.089999999999717742e-06,0.000000000000000000e+00
4.150000000000000000e+03,-4.169999999999717823e-06,0.000000000000000000e+00
4.151000000000000000e+03,-4.249999999999717905e-06,0.000000000000000000e+00
4.152000000000000000e+03,-4.329999999999717986e-06,0.000000000000000000e+00
4.153000000000000000e+03,-4.409999999999718067e-06,0.000000000000000000e+00
4.154000000000000000e+03,-4.489999999999718148e-06,0.000000000000000000e+00
4.155000000000000000e+03,-4.569999999999718229e-06,0.000000000000000000e+00
4.156000000000000000e+03,-4.649999999999718310e-06,0.000000000000000000e+00
4.157000000000000000e+03,-4.729999999999718391e-06,0.000000000000000000e+00
4.158000000000000000e+03,-4.809999999999718472e-06,0.000000000000000000e+00
4.159000000000000000e+03,-4.889999999999718553e-06,0.000000000000000000e+00
4.160000000000000000e+03,-4.969999999999718634e-06,0.000000000000000000e+00
4.161000000000000000e+03,-5.049999999999718715e-06,0.000000000000000000e+00
4.162000000000000000e+03,-5.129999999999718796e-06,0.000000000000000000e+00
4.163000000000000000e+03,-5.209999999999718878e-06,0.000000000000000000e+00
4.164000000000000000e+03,-5.289999999999718959e-06,0.000000000000000000e+00
4.165000000000000000e+03,-5.369999999999719040e-06,0.000000000000000000e+00
4.166000000000000000e+03,-5.449999999999719121e-06,0.000000000000000000e+00
4.167000000000000000e+03,-5.529999999999719202e-06,1.829268292682926719e-02
4.168000000000000000e+03,-5.609999999999719283e-06,3.048780487804877981e-02
4.169000000000000000e+03,-5.689999999999719364e-06,3.048780487804877981e-01
4.170000000000000000e+03,-5.769999999999719445e-06,3.902439024390244038e-01
4.171000000000000000e+03,-5.849999999999719526e-06,4.207317073170731558e-01
4.172000000000000000e+03,-5.929999999999719607e-06,4.451219512195122019e-01
4.173000000000000000e+03,-6.009999999999719688e-06,4.695121951219511924e-01
4.174000000000000000e+03,-6.089999999999719769e-06,5.182926829268292845e-01
4.175000000000000000e+03,-6.169999999999719851e-06,5.426829268292683306e-01
4.176000000000000000e+03,-6.249999999999719932e-06,5.792682926829267887e-01
4.177000000000000000e+03,-6.329999999999720013e-06,5.853658536585365502e-01
4.178000000000000000e+03,-6.409999999999720094e-06,6.036585365853658347e-01
4.179000000000000000e+03,-6.489999999999720175e-06,6.219512195121951192e-01
4.180000000000000000e+03,-6.569999999999720256e-06,6.585365853658536883e-01
4.181000000000000000e+03,-6.649999999999720337e-06,6.768292682926829729e-01
4.182000000000000000e+03,-6.729999999999720418e-06,6.829268292682927344e-01
4.183000000000000000e+03,-6.809999999999720499e-06,6.951219512195121464e-01
4.184000000000000000e+03,-6.889999999999720580e-06,7.073170731707316694e-01
4.185000000000000000e+03,-6.969999999999720661e-06,7.195121951219511924e-01
4.186000000000000000e+03,-7.049999999999720742e-06,7.195121951219511924e-01
4.187000000000000000e+03,-7.129999999999720824e-06,7.378048780487804770e-01
4.188000000000000000e+03,-7.209999999999720905e-06,7.500000000000000000e-01
4.189000000000000000e+03,-7.289999999999720986e-06,7.682926829268292845e-01
4.190000000000000000e+03,-7.369999999999721067e-06,7.743902439024390461e-01
4.191000000000000000e+03,-7.449999999999721148e-06,7.743902439024390461e-01
4.192000000000000000e+03,-7.529999999999721229e-06,7.743902439024390461e-01
4.193000000000000000e+03,-7.609999999999721310e-06,7.743902439024390461e-01
4.194000000000000000e+03,-7.689999999999721391e-06,7.804878048780488076e-01
4.195000000000000000e+03,-7.769999999999720625e-06,7.987804878048780921e-01
4.196000000000000000e+03,-7.849999999999719859e-06,8.048780487804878536e-01
4.197000000000000000e+03,-4.999999999971830634e-08,0.000000000000000000e+00
4.198000000000000000e+03,-1.299999999997183080e-07,0.000000000000000000e+00
4.199000000000000000e+03,-2.099999999997183097e-07,0.000000000000000000e+00
4.200000000000000000e+03,-2.899999999997183378e-07,0.000000000000000000e+00
4.201000000000000000e+03,-3.699999999997183130e-07,0.000000000000000000e+00
4.202000000000000000e+03,-4.499999999997182882e-07,0.000000000000000000e+00
4.203000000000000000e+03,-5.299999999997182634e-07,0.000000000000000000e+00
4.204000000000000000e+03,-6.099999999997182387e-07,0.000000000000000000e+00
4.205000000000000000e+03,-6.899999999997182139e-07,0.000000000000000000e+00
4.206000000000000000e+03,-7.699999999997181891e-07,0.000000000000000000e+00
4.207000000000000000e+03,-8.499999999997181643e-07,0.000000000000000000e+00
4.208000000000000000e+03,-9.299999999997181395e-07,0.000000000000000000e+00
4.209000000000000000e+03,-1.009999999999718221e-06,0.000000000000000000e+00
4.210000000000000000e+03,-1.089999999999718302e-06,0.000000000000000000e+00
4.211000000000000000e+03,-1.169999999999718383e-06,0.000000000000000000e+00
4.212000000000000000e+03,-1.249999999999718464e-06,0.000000000000000000e+00
4.213000000000000000e+03,-1.329999999999718545e-06,0.000000000000000000e+00
4.214000000000000000e+03,-1.409999999999718626e-06,0.000000000000000000e+00
4.215000000000000000e+03,-1.489999999999718707e-06,0.000000000000000000e+00
4.216000000000000000e+03,-1.569999999999718788e-06,0.000000000000000000e+00
4.217000000000000000e+03,-1.649999999999718869e-06,0.000000000000000000e+00
4.218000000000000000e+03,-1.729999999999718950e-06,0.000000000000000000e+00
4.219000000000000000e+03,-1.809999999999719031e-06,0.000000000000000000e+00
4.220000000000000000e+03,-1.889999999999719112e-06,0.000000000000000000e+00
4.221000000000000000e+03,-1.969999999999718982e-06,0.000000000000000000e+00
4.222000000000000000e+03,-2.049999999999719063e-06,0.000000000000000000e+00
4.223000000000000000e+03,-2.129999999999719144e-06,0.000000000000000000e+00
4.224000000000000000e+03,-2.209999999999719225e-06,0.000000000000000000e+00
4.225000000000000000e+03,-2.289999999999719306e-06,0.000000000000000000e+00
4.226000000000000000e+03,-2.369999999999719387e-06,0.000000000000000000e+00
4.227000000000000000e+03,-2.449999999999719468e-06,0.000000000000000000e+00
4.228000000000000000e+03,-2.529999999999719549e-06,0.000000000000000000e+00
4.229000000000000000e+03,-2.609999999999719630e-06,0.000000000000000000e+00
4.230000000000000000e+03,-2.689999999999719712e-06,0.000000000000000000e+00
4.231000000000000000e+03,-2.769999999999719793e-06,0.000000000000000000e+00
4.232000000000000000e+03,-2.849999999999719874e-06,0.000000000000000000e+00
4.233000000000000000e+03,-2.929999999999719955e-06,0.000000000000000000e+00
4.234000000000000000e+03,-3.009999999999720036e-06,0.000000000000000000e+00
4.235000000000000000e+03,-3.089999999999720117e-06,0.000000000000000000e+00
4.236000000000000000e+03,-3.169999999999720198e-06,0.000000000000000000e+00
4.237000000000000000e+03,-3.249999999999720279e-06,0.000000000000000000e+00
4.238000000000000000e+03,-3.329999999999720360e-06,0.000000000000000000e+00
4.239000000000000000e+03,-3.409999999999720441e-06,0.000000000000000000e+00
4.240000000000000000e+03,-3.489999999999720522e-06,0.000000000000000000e+00
4.241000000000000000e+03,-3.569999999999720603e-06,0.000000000000000000e+00
4.242000000000000000e+03,-3.649999999999720685e-06,0.000000000000000000e+00
4.243000000000000000e+03,-3.729999999999720766e-06,0.000000000000000000e+00
4.244000000000000000e+03,-3.809999999999720847e-06,0.000000000000000000e+00
4.245000000000000000e+03,-3.889999999999720504e-06,0.000000000000000000e+00
4.246000000000000000e+03,-3.969999999999720585e-06,0.000000000000000000e+00
4.247000000000000000e+03,-4.049999999999720666e-06,0.000000000000000000e+00
4.248000000000000000e+03,-4.129999999999720748e-06,0.000000000000000000e+00
4.249000000000000000e+03,-4.209999999999720829e-06,0.000000000000000000e+00
4.250000000000000000e+03,-4.289999999999720910e-06,0.000000000000000000e+00
4.251000000000000000e+03,-4.369999999999720991e-06,0.000000000000000000e+00
4.252000000000000000e+03,-4.449999999999721072e-06,0.000000000000000000e+00
4.253000000000000000e+03,-4.529999999999721153e-06,0.000000000000000000e+00
4.254000000000000000e+03,-4.609999999999721234e-06,0.000000000000000000e+00
4.255000000000000000e+03,-4.689999999999721315e-06,0.000000000000000000e+00
4.256000000000000000e+03,-4.769999999999721396e-06,0.000000000000000000e+00
4.257000000000000000e+03,-4.849999999999721477e-06,0.000000000000000000e+00
4.258000000000000000e+03,-4.929999999999721558e-06,0.000000000000000000e+00
4.259000000000000000e+03,-5.009999999999721639e-06,0.000000000000000000e+00
4.260000000000000000e+03,-5.089999999999721721e-06,0.000000000000000000e+00
4.261000000000000000e+03,-5.169999999999721802e-06,0.000000000000000000e+00
4.262000000000000000e+03,-5.249999999999721883e-06,0.000000000000000000e+00
4.263000000000000000e+03,-5.329999999999721964e-06,0.000000000000000000e+00
4.264000000000000000e+03,-5.409999999999722045e-06,0.000000000000000000e+00
4.265000000000000000e+03,-5.489999999999722126e-06,0.000000000000000000e+00
4.266000000000000000e+03,-5.569999999999722207e-06,0.000000000000000000e+00
4.267000000000000000e+03,-5.649999999999722288e-06,0.000000000000000000e+00
4.268000000000000000e+03,-5.729999999999722369e-06,0.000000000000000000e+00
4.269000000000000000e+03,-5.809999999999722450e-06,0.000000000000000000e+00
4.270000000000000000e+03,-5.889999999999722531e-06,0.000000000000000000e+00
4.271000000000000000e+03,-5.969999999999722612e-06,6.097560975609756309e-03
4.272000000000000000e+03,-6.049999999999722694e-06,1.219512195121951262e-02
4.273000000000000000e+03,-6.129999999999722775e-06,7.926829268292683028e-02
4.274000000000000000e+03,-6.209999999999722856e-06,2.987804878048780366e-01
4.275000000000000000e+03,-6.289999999999722937e-06,3.536585365853658347e-01
4.276000000000000000e+03,-6.369999999999723018e-06,4.207317073170731558e-01
4.277000000000000000e+03,-6.449999999999723099e-06,5.731707317073170271e-01
4.278000000000000000e+03,-6.529999999999723180e-06,5.975609756097560732e-01
4.279000000000000000e+03,-6.609999999999723261e-06,6.219512195121951192e-01
4.280000000000000000e+03,-6.689999999999723342e-06,6.463414634146341653e-01
4.281000000000000000e+03,-6.769999999999723423e-06,6.707317073170732113e-01
4.282000000000000000e+03,-6.849999999999723504e-06,6.829268292682927344e-01
4.283000000000000000e+03,-6.929999999999723585e-06,7.195121951219511924e-01
4.284000000000000000e+03,-7.009999999999723667e-06,7.621951219512195230e-01
4.285000000000000000e+03,-7.089999999999723748e-06,7.621951219512195230e-01
4.286000000000000000e+03,-7.169999999999723829e-06,7.804878048780488076e-01
4.287000000000000000e+03,-7.249999999999723910e-06,7.865853658536585691e-01
4.288000000000000000e+03,-7.329999999999723991e-06,7.926829268292683306e-01
4.289000000000000000e+03,-7.409999999999724072e-06,7.926829268292683306e-01
4.290000000000000000e+03,-7.489999999999724153e-06,7.926829268292683306e-01
4.291000000000000000e+03,-7.569999999999724234e-06,7.926829268292683306e-01
4.292000000000000000e+03,-7.649999999999723468e-06,7.926829268292683306e-01
4.293000000000000000e+03,-7.729999999999722702e-06,7.926829268292683306e-01
4.294000000000000000e+03,-7.809999999999721936e-06,7.926829268292683306e-01
4.295000000000000000e+03,-7.889999999999721170e-06,7.987804878048780921e-01
4.296000000000000000e+03,-7.969999999999720404e-06,7.987804878048780921e-01
4.297000000000000000e+03,-8.049999999999719638e-06,7.987804878048780921e-01
4.298000000000000000e+03,-8.129999999999718872e-06,8.048780487804878536e-01
4.299000000000000000e+03,-1.799999999997170617e-07,0.000000000000000000e+00
4.300000000000000000e+03,-2.599999999997170369e-07,0.000000000000000000e+00
4.301000000000000000e+03,-3.399999999997170121e-07,0.000000000000000000e+00
4.302000000000000000e+03,-4.199999999997169873e-07,0.000000000000000000e+00
4.303000000000000000e+03,-4.999999999997169625e-07,0.000000000000000000e+00
4.304000000000000000e+03,-5.799999999997169377e-07,0.000000000000000000e+00
4.305000000000000000e+03,-6.599999999997169129e-07,0.000000000000000000e+00
4.306000000000000000e+03,-7.399999999997168881e-07,0.000000000000000000e+00
4.307000000000000000e+03,-8.199999999997168633e-07,0.000000000000000000e+00
4.308000000000000000e+03,-8.999999999997168385e-07,0.000000000000000000e+00
4.309000000000000000e+03,-9.799999999997168137e-07,0.000000000000000000e+00
4.310000000000000000e+03,-1.059999999999716895e-06,0.000000000000000000e+00
4.311000000000000000e+03,-1.139999999999716976e-06,0.000000000000000000e+00
4.312000000000000000e+03,-1.219999999999717057e-06,0.000000000000000000e+00
4.313000000000000000e+03,-1.299999999999717138e-06,0.000000000000000000e+00
4.314000000000000000e+03,-1.379999999999717219e-06,0.000000000000000000e+00
4.315000000000000000e+03,-1.459999999999717300e-06,0.000000000000000000e+00
4.316000000000000000e+03,-1.539999999999717381e-06,0.000000000000000000e+00
4.317000000000000000e+03,-1.619999999999717462e-06,0.000000000000000000e+00
4.318000000000000000e+03,-1.699999999999717543e-06,0.000000000000000000e+00
4.319000000000000000e+03,-1.779999999999717625e-06,0.000000000000000000e+00
4.320000000000000000e+03,-1.859999999999717706e-06,0.000000000000000000e+00
4.321000000000000000e+03,-1.939999999999717575e-06,0.000000000000000000e+00
4.322000000000000000e+03,-2.019999999999717656e-06,0.000000000000000000e+00
4.323000000000000000e+03,-2.099999999999717737e-06,0.000000000000000000e+00
4.324000000000000000e+03,-2.179999999999717818e-06,0.000000000000000000e+00
4.325000000000000000e+03,-2.259999999999717899e-06,0.000000000000000000e+00
4.326000000000000000e+03,-2.339999999999717980e-06,0.000000000000000000e+00
4.327000000000000000e+03,-2.419999999999718061e-06,0.000000000000000000e+00
4.328000000000000000e+03,-2.499999999999718143e-06,0.000000000000000000e+00
4.329000000000000000e+03,-2.579999999999718224e-06,0.000000000000000000e+00
4.330000000000000000e+03,-2.659999999999718305e-06,0.000000000000000000e+00
4.331000000000000000e+03,-2.739999999999718386e-06,0.000000000000000000e+00
4.332000000000000000e+03,-2.819999999999718467e-06,0.000000000000000000e+00
4.333000000000000000e+03,-2.899999999999718548e-06,0.000000000000000000e+00
4.334000000000000000e+03,-2.979999999999718629e-06,0.000000000000000000e+00
4.335000000000000000e+03,-3.059999999999718710e-06,0.000000000000000000e+00
4.336000000000000000e+03,-3.139999999999718791e-06,0.000000000000000000e+00
4.337000000000000000e+03,-3.219999999999718872e-06,0.000000000000000000e+00
4.338000000000000000e+03,-3.299999999999718953e-06,0.000000000000000000e+00
4.339000000000000000e+03,-3.379999999999719034e-06,0.000000000000000000e+00
4.340000000000000000e+03,-3.459999999999719116e-06,0.000000000000000000e+00
4.341000000000000000e+03,-3.539999999999719197e-06,0.000000000000000000e+00
4.342000000000000000e+03,-3.619999999999719278e-06,0.000000000000000000e+00
4.343000000000000000e+03,-3.699999999999719359e-06,0.000000000000000000e+00
4.344000000000000000e+03,-3.779999999999719440e-06,0.000000000000000000e+00
4.345000000000000000e+03,-3.859999999999719097e-06,0.000000000000000000e+00
4.346000000000000000e+03,-3.939999999999719179e-06,0.000000000000000000e+00
4.347000000000000000e+03,-4.019999999999719260e-06,0.000000000000000000e+00
4.348000000000000000e+03,-4.099999999999719341e-06,0.000000000000000000e+00
4.349000000000000000e+03,-4.179999999999719422e-06,0.000000000000000000e+00
4.350000000000000000e+03,-4.259999999999719503e-06,0.000000000000000000e+00
4.351000000000000000e+03,-4.339999999999719584e-06,0.000000000000000000e+00
4.352000000000000000e+03,-4.419999999999719665e-06,0.000000000000000000e+00
4.353000000000000000e+03,-4.499999999999719746e-06,0.000000000000000000e+00
4.354000000000000000e+03,-4.579999999999719827e-06,0.000000000000000000e+00
4.355000000000000000e+03,-4.659999999999719908e-06,0.000000000000000000e+00
4.356000000000000000e+03,-4.739999999999719989e-06,0.000000000000000000e+00
4.357000000000000000e+03,-4.819999999999720070e-06,0.000000000000000000e+00
4.358000000000000000e+03,-4.899999999999720152e-06,0.000000000000000000e+00
4.359000000000000000e+03,-4.979999999999720233e-06,0.000000000000000000e+00
4.360000000000000000e+03,-5.059999999999720314e-06,0.000000000000000000e+00
4.361000000000000000e+03,-5.139999999999720395e-06,0.000000000000000000e+00
4.362000000000000000e+03,-5.219999999999720476e-06,0.000000000000000000e+00
4.363000000000000000e+03,-5.299999999999720557e-06,0.000000000000000000e+00
4.364000000000000000e+03,-5.379999999999720638e-06,0.000000000000000000e+00
4.365000000000000000e+03,-5.459999999999720719e-06,0.000000000000000000e+00
4.366000000000000000e+03,-5.539999999999720800e-06,0.000000000000000000e+00
4.367000000000000000e+03,-5.619999999999720881e-06,0.000000000000000000e+00
4.368000000000000000e+03,-5.699999999999720962e-06,0.000000000000000000e+00
4.369000000000000000e+03,-5.779999999999721043e-06,0.000000000000000000e+00
4.370000000000000000e+03,-5.859999999999721125e-06,0.000000000000000000e+00
4.371000000000000000e+03,-5.939999999999721206e-06,0.000000000000000000e+00
4.372000000000000000e+03,-6.019999999999721287e-06,0.000000000000000000e+00
4.373000000000000000e+03,-6.099999999999721368e-06,0.000000000000000000e+00
4.374000000000000000e+03,-6.179999999999721449e-06,0.000000000000000000e+00
4.375000000000000000e+03,-6.259999999999721530e-06,6.097560975609756309e-03
4.376000000000000000e+03,-6.339999999999721611e-06,1.158536585365853716e-01
4.377000000000000000e+03,-6.419999999999721692e-06,1.707317073170731836e-01
4.378000000000000000e+03,-6.499999999999721773e-06,3.109756097560975596e-01
4.379000000000000000e+03,-6.579999999999721854e-06,3.414634146341463672e-01
4.380000000000000000e+03,-6.659999999999721935e-06,4.878048780487804770e-01
4.381000000000000000e+03,-6.739999999999722016e-06,5.731707317073170271e-01
4.382000000000000000e+03,-6.819999999999722098e-06,6.036585365853658347e-01
4.383000000000000000e+03,-6.899999999999722179e-06,6.463414634146341653e-01
4.384000000000000000e+03,-6.979999999999722260e-06,6.524390243902439268e-01
4.385000000000000000e+03,-7.059999999999722341e-06,6.951219512195121464e-01
4.386000000000000000e+03,-7.139999999999722422e-06,7.195121951219511924e-01
4.387000000000000000e+03,-7.219999999999722503e-06,7.256097560975609539e-01
4.388000000000000000e+03,-7.299999999999722584e-06,7.439024390243902385e-01
4.389000000000000000e+03,-7.379999999999722665e-06,7.560975609756097615e-01
4.390000000000000000e+03,-7.459999999999722746e-06,7.865853658536585691e-01
4.391000000000000000e+03,-7.539999999999722827e-06,7.865853658536585691e-01
4.392000000000000000e+03,-7.619999999999722908e-06,7.865853658536585691e-01
4.393000000000000000e+03,-7.699999999999722989e-06,7.865853658536585691e-01
4.394000000000000000e+03,-7.779999999999722223e-06,7.865853658536585691e-01
4.395000000000000000e+03,-7.859999999999721458e-06,7.865853658536585691e-01
4.396000000000000000e+03,-7.939999999999720692e-06,7.987804878048780921e-01
4.397000000000000000e+03,-8.019999999999719926e-06,7.987804878048780921e-01
4.398000000000000000e+03,-8.099999999999719160e-06,7.987804878048780921e-01
4.399000000000000000e+03,-8.179999999999718394e-06,7.987804878048780921e-01
4.400000000000000000e+03,-8.259999999999717628e-06,7.987804878048780921e-01
4.401000000000000000e+03,-8.339999999999716862e-06,7.987804878048780921e-01
4.402000000000000000e+03,-8.419999999999716096e-06,7.987804878048780921e-01
4.403000000000000000e+03,-8.499999999999715330e-06,7.987804878048780921e-01
4.404000000000000000e+03,-8.579999999999714564e-06,7.987804878048780921e-01
4.405000000000000000e+03,-8.659999999999713798e-06,8.109756097560976151e-01
4.406000000000000000e+03,-7.599999999997132026e-07,0.000000000000000000e+00
4.407000000000000000e+03,-8.399999999997131778e-07,0.000000000000000000e+00
4.408000000000000000e+03,-9.199999999997131530e-07,0.000000000000000000e+00
4.409000000000000000e+03,-9.999999999997132341e-07,0.000000000000000000e+00
4.410000000000000000e+03,-1.079999999999713315e-06,0.000000000000000000e+00
4.411000000000000000e+03,-1.159999999999713396e-06,0.000000000000000000e+00
4.412000000000000000e+03,-1.239999999999713477e-06,0.000000000000000000e+00
4.413000000000000000e+03,-1.319999999999713558e-06,0.000000000000000000e+00
4.414000000000000000e+03,-1.399999999999713640e-06,0.000000000000000000e+00
4.415000000000000000e+03,-1.479999999999713721e-06,0.000000000000000000e+00
4.416000000000000000e+03,-1.559999999999713802e-06,0.000000000000000000e+00
4.417000000000000000e+03,-1.639999999999713883e-06,0.000000000000000000e+00
4.418000000000000000e+03,-1.719999999999713964e-06,0.000000000000000000e+00
4.419000000000000000e+03,-1.799999999999714045e-06,0.000000000000000000e+00
4.420000000000000000e+03,-1.879999999999714126e-06,0.000000000000000000e+00
4.421000000000000000e+03,-1.959999999999713995e-06,0.000000000000000000e+00
4.422000000000000000e+03,-2.039999999999714076e-06,0.000000000000000000e+00
4.423000000000000000e+03,-2.119999999999714158e-06,0.000000000000000000e+00
4.424000000000000000e+03,-2.199999999999714239e-06,0.000000000000000000e+00
4.425000000000000000e+03,-2.279999999999714320e-06,0.000000000000000000e+00
4.426000000000000000e+03,-2.359999999999714401e-06,0.000000000000000000e+00
4.427000000000000000e+03,-2.439999999999714482e-06,0.000000000000000000e+00
4.428000000000000000e+03,-2.519999999999714563e-06,0.000000000000000000e+00
4.429000000000000000e+03,-2.599999999999714644e-06,0.000000000000000000e+00
4.430000000000000000e+03,-2.679999999999714725e-06,0.000000000000000000e+00
4.431000000000000000e+03,-2.759999999999714806e-06,0.000000000000000000e+00
4.432000000000000000e+03,-2.839999999999714887e-06,0.000000000000000000e+00
4.433000000000000000e+03,-2.919999999999714968e-06,0.000000000000000000e+00
4.434000000000000000e+03,-2.999999999999715049e-06,0.000000000000000000e+00
4.435000000000000000e+03,-3.079999999999715130e-06,0.000000000000000000e+00
4.436000000000000000e+03,-3.159999999999715212e-06,0.000000000000000000e+00
4.437000000000000000e+03,-3.239999999999715293e-06,0.000000000000000000e+00
4.438000000000000000e+03,-3.319999999999715374e-06,0.000000000000000000e+00
4.439000000000000000e+03,-3.399999999999715455e-06,0.000000000000000000e+00
4.440000000000000000e+03,-3.479999999999715536e-06,0.000000000000000000e+00
4.441000000000000000e+03,-3.559999999999715617e-06,0.000000000000000000e+00
4.442000000000000000e+03,-3.639999999999715698e-06,0.000000000000000000e+00
4.443000000000000000e+03,-3.719999999999715779e-06,0.000000000000000000e+00
4.444000000000000000e+03,-3.799999999999715860e-06,0.000000000000000000e+00
4.445000000000000000e+03,-3.879999999999715518e-06,0.000000000000000000e+00
4.446000000000000000e+03,-3.959999999999715599e-06,0.000000000000000000e+00
4.447000000000000000e+03,-4.039999999999715680e-06,0.000000000000000000e+00
4.448000000000000000e+03,-4.119999999999715761e-06,0.000000000000000000e+00
4.449000000000000000e+03,-4.199999999999715842e-06,0.000000000000000000e+00
4.450000000000000000e+03,-4.279999999999715923e-06,0.000000000000000000e+00
4.451000000000000000e+03,-4.359999999999716004e-06,0.000000000000000000e+00
4.452000000000000000e+03,-4.439999999999716085e-06,0.000000000000000000e+00
4.453000000000000000e+03,-4.519999999999716166e-06,0.000000000000000000e+00
4.454000000000000000e+03,-4.599999999999716248e-06,0.000000000000000000e+00
4.455000000000000000e+03,-4.679999999999716329e-06,0.000000000000000000e+00
4.456000000000000000e+03,-4.759999999999716410e-06,0.000000000000000000e+00
4.457000000000000000e+03,-4.839999999999716491e-06,0.000000000000000000e+00
4.458000000000000000e+03,-4.919999999999716572e-06,0.000000000000000000e+00
4.459000000000000000e+03,-4.999999999999716653e-06,0.000000000000000000e+00
4.460000000000000000e+03,-5.079999999999716734e-06,0.000000000000000000e+00
4.461000000000000000e+03,-5.159999999999716815e-06,0.000000000000000000e+00
4.462000000000000000e+03,-5.239999999999716896e-06,0.000000000000000000e+00
4.463000000000000000e+03,-5.319999999999716977e-06,0.000000000000000000e+00
4.464000000000000000e+03,-5.399999999999717058e-06,0.000000000000000000e+00
4.465000000000000000e+03,-5.479999999999717139e-06,0.000000000000000000e+00
4.466000000000000000e+03,-5.559999999999717221e-06,0.000000000000000000e+00
4.467000000000000000e+03,-5.639999999999717302e-06,0.000000000000000000e+00
4.468000000000000000e+03,-5.719999999999717383e-06,0.000000000000000000e+00
4.469000000000000000e+03,-5.799999999999717464e-06,0.000000000000000000e+00
4.470000000000000000e+03,-5.879999999999717545e-06,0.000000000000000000e+00
4.471000000000000000e+03,-5.959999999999717626e-06,0.000000000000000000e+00
4.472000000000000000e+03,-6.039999999999717707e-06,0.000000000000000000e+00
4.473000000000000000e+03,-6.119999999999717788e-06,0.000000000000000000e+00
4.474000000000000000e+03,-6.199999999999717869e-06,0.000000000000000000e+00
4.475000000000000000e+03,-6.279999999999717950e-06,0.000000000000000000e+00
4.476000000000000000e+03,-6.359999999999718031e-06,0.000000000000000000e+00
4.477000000000000000e+03,-6.439999999999718112e-06,0.000000000000000000e+00
4.478000000000000000e+03,-6.519999999999718194e-06,0.000000000000000000e+00
4.479000000000000000e+03,-6.599999999999718275e-06,6.097560975609756309e-03
4.480000000000000000e+03,-6.679999999999718356e-06,1.219512195121951262e-02
4.481000000000000000e+03,-6.759999999999718437e-06,1.219512195121951262e-02
4.482000000000000000e+03,-6.839999999999718518e-06,3.109756097560975596e-01
4.483000000000000000e+03,-6.919999999999718599e-06,3.475609756097560732e-01
4.484000000000000000e+03,-6.999999999999718680e-06,4.024390243902439268e-01
4.485000000000000000e+03,-7.079999999999718761e-06,4.451219512195122019e-01
4.486000000000000000e+03,-7.159999999999718842e-06,5.243902439024390461e-01
4.487000000000000000e+03,-7.239999999999718923e-06,5.670731707317072656e-01
4.488000000000000000e+03,-7.319999999999719004e-06,5.914634146341463117e-01
4.489000000000000000e+03,-7.399999999999719085e-06,6.219512195121951192e-01
4.490000000000000000e+03,-7.479999999999719167e-06,6.646341463414634498e-01
4.491000000000000000e+03,-7.559999999999719248e-06,7.073170731707316694e-01
4.492000000000000000e+03,-7.639999999999718482e-06,7.378048780487804770e-01
4.493000000000000000e+03,-7.719999999999717716e-06,7.621951219512195230e-01
4.494000000000000000e+03,-7.799999999999716950e-06,7.621951219512195230e-01
4.495000000000000000e+03,-7.879999999999716184e-06,7.804878048780488076e-01
4.496000000000000000e+03,-7.959999999999715418e-06,7.926829268292683306e-01
4.497000000000000000e+03,-8.039999999999714652e-06,7.926829268292683306e-01
4.498000000000000000e+03,-8.119999999999713886e-06,7.987804878048780921e-01
4.499000000000000000e+03,-8.199999999999713120e-06,7.987804878048780921e-01
4.500000000000000000e+03,-8.279999999999712354e-06,7.987804878048780921e-01
4.501000000000000000e+03,-8.359999999999711588e-06,8.048780487804878536e-01
4.502000000000000000e+03,-4.099999999997097774e-07,0.000000000000000000e+00
4.503000000000000000e+03,-4.899999999997097526e-07,0.000000000000000000e+00
4.504000000000000000e+03,-5.699999999997097278e-07,0.000000000000000000e+00
4.505000000000000000e+03,-6.499999999997097030e-07,0.000000000000000000e+00
4.506000000000000000e+03,-7.299999999997096782e-07,0.000000000000000000e+00
4.507000000000000000e+03,-8.099999999997096534e-07,0.000000000000000000e+00
4.508000000000000000e+03,-8.899999999997096286e-07,0.000000000000000000e+00
4.509000000000000000e+03,-9.699999999997097097e-07,0.000000000000000000e+00
4.510000000000000000e+03,-1.049999999999709791e-06,0.000000000000000000e+00
4.511000000000000000e+03,-1.129999999999709872e-06,0.000000000000000000e+00
4.512000000000000000e+03,-1.209999999999709953e-06,0.000000000000000000e+00
4.513000000000000000e+03,-1.289999999999710034e-06,0.000000000000000000e+00
4.514000000000000000e+03,-1.369999999999710115e-06,0.000000000000000000e+00
4.515000000000000000e+03,-1.449999999999710196e-06,0.000000000000000000e+00
4.516000000000000000e+03,-1.529999999999710277e-06,0.000000000000000000e+00
4.517000000000000000e+03,-1.609999999999710358e-06,0.000000000000000000e+00
4.518000000000000000e+03,-1.689999999999710439e-06,0.000000000000000000e+00
4.519000000000000000e+03,-1.769999999999710521e-06,0.000000000000000000e+00
4.520000000000000000e+03,-1.849999999999710602e-06,0.000000000000000000e+00
4.521000000000000000e+03,-1.929999999999710471e-06,0.000000000000000000e+00
4.522000000000000000e+03,-2.009999999999710552e-06,0.000000000000000000e+00
4.523000000000000000e+03,-2.089999999999710633e-06,0.000000000000000000e+00
4.524000000000000000e+03,-2.169999999999710714e-06,0.000000000000000000e+00
4.525000000000000000e+03,-2.249999999999710795e-06,0.000000000000000000e+00
4.526000000000000000e+03,-2.329999999999710876e-06,0.000000000000000000e+00
4.527000000000000000e+03,-2.409999999999710957e-06,0.000000000000000000e+00
4.528000000000000000e+03,-2.489999999999711038e-06,0.000000000000000000e+00
4.529000000000000000e+03,-2.569999999999711120e-06,0.000000000000000000e+00
4.530000000000000000e+03,-2.649999999999711201e-06,0.000000000000000000e+00
4.531000000000000000e+03,-2.729999999999711282e-06,0.000000000000000000e+00
4.532000000000000000e+03,-2.809999999999711363e-06,0.000000000000000000e+00
4.533000000000000000e+03,-2.889999999999711444e-06,0.000000000000000000e+00
4.534000000000000000e+03,-2.969999999999711525e-06,0.000000000000000000e+00
4.535000000000000000e+03,-3.049999999999711606e-06,0.000000000000000000e+00
4.536000000000000000e+03,-3.129999999999711687e-06,0.000000000000000000e+00
4.537000000000000000e+03,-3.209999999999711768e-06,0.000000000000000000e+00
4.538000000000000000e+03,-3.289999999999711849e-06,0.000000000000000000e+00
4.539000000000000000e+03,-3.369999999999711930e-06,0.000000000000000000e+00
4.540000000000000000e+03,-3.449999999999712011e-06,0.000000000000000000e+00
4.541000000000000000e+03,-3.529999999999712093e-06,0.000000000000000000e+00
4.542000000000000000e+03,-3.609999999999712174e-06,0.000000000000000000e+00
4.543000000000000000e+03,-3.689999999999712255e-06,0.000000000000000000e+00
4.544000000000000000e+03,-3.769999999999712336e-06,0.000000000000000000e+00
4.545000000000000000e+03,-3.849999999999712417e-06,0.000000000000000000e+00
4.546000000000000000e+03,-3.929999999999712498e-06,0.000000000000000000e+00
4.547000000000000000e+03,-4.009999999999712579e-06,0.000000000000000000e+00
4.548000000000000000e+03,-4.089999999999712660e-06,0.000000000000000000e+00
4.549000000000000000e+03,-4.169999999999712741e-06,0.000000000000000000e+00
4.550000000000000000e+03,-4.249999999999712822e-06,0.000000000000000000e+00
4.551000000000000000e+03,-4.329999999999712903e-06,0.000000000000000000e+00
4.552000000000000000e+03,-4.409999999999712984e-06,0.000000000000000000e+00
4.553000000000000000e+03,-4.489999999999713066e-06,0.000000000000000000e+00
4.554000000000000000e+03,-4.569999999999713147e-06,0.000000000000000000e+00
4.555000000000000000e+03,-4.649999999999713228e-06,0.000000000000000000e+00
4.556000000000000000e+03,-4.729999999999713309e-06,0.000000000000000000e+00
4.557000000000000000e+03,-4.809999999999713390e-06,0.000000000000000000e+00
4.558000000000000000e+03,-4.889999999999713471e-06,0.000000000000000000e+00
4.559000000000000000e+03,-4.969999999999713552e-06,0.000000000000000000e+00
4.560000000000000000e+03,-5.049999999999713633e-06,0.000000000000000000e+00
4.561000000000000000e+03,-5.129999999999713714e-06,0.000000000000000000e+00
4.562000000000000000e+03,-5.209999999999713795e-06,0.000000000000000000e+00
4.563000000000000000e+03,-5.289999999999713876e-06,0.000000000000000000e+00
4.564000000000000000e+03,-5.369999999999713957e-06,0.000000000000000000e+00
4.565000000000000000e+03,-5.449999999999714039e-06,0.000000000000000000e+00
4.566000000000000000e+03,-5.529999999999714120e-06,0.000000000000000000e+00
4.567000000000000000e+03,-5.609999999999714201e-06,0.000000000000000000e+00
4.568000000000000000e+03,-5.689999999999714282e-06,0.000000000000000000e+00
4.569000000000000000e+03,-5.769999999999714363e-06,0.000000000000000000e+00
4.570000000000000000e+03,-5.849999999999714444e-06,0.000000000000000000e+00
4.571000000000000000e+03,-5.929999999999714525e-06,0.000000000000000000e+00
4.572000000000000000e+03,-6.009999999999714606e-06,0.000000000000000000e+00
4.573000000000000000e+03,-6.089999999999714687e-06,0.000000000000000000e+00
4.574000000000000000e+03,-6.169999999999714768e-06,0.000000000000000000e+00
4.575000000000000000e+03,-6.249999999999714849e-06,0.000000000000000000e+00
4.576000000000000000e+03,-6.329999999999714930e-06,0.000000000000000000e+00
4.577000000000000000e+03,-6.409999999999715012e-06,0.000000000000000000e+00
4.578000000000000000e+03,-6.489999999999715093e-06,0.000000000000000000e+00
4.579000000000000000e+03,-6.569999999999715174e-06,6.097560975609756309e-03
4.580000000000000000e+03,-6.649999999999715255e-06,6.097560975609756309e-03
4.581000000000000000e+03,-6.729999999999715336e-06,1.219512195121951262e-02
4.582000000000000000e+03,-6.809999999999715417e-06,2.560975609756097615e-01
4.583000000000000000e+03,-6.889999999999715498e-06,2.865853658536585136e-01
4.584000000000000000e+03,-6.969999999999715579e-06,3.963414634146341653e-01
4.585000000000000000e+03,-7.049999999999715660e-06,4.512195121951219634e-01
4.586000000000000000e+03,-7.129999999999715741e-06,5.609756097560976151e-01
4.587000000000000000e+03,-7.209999999999715822e-06,5.853658536585365502e-01
4.588000000000000000e+03,-7.289999999999715903e-06,6.219512195121951192e-01
4.589000000000000000e+03,-7.369999999999715985e-06,6.768292682926829729e-01
4.590000000000000000e+03,-7.449999999999716066e-06,6.951219512195121464e-01
4.591000000000000000e+03,-7.529999999999716147e-06,7.195121951219511924e-01
4.592000000000000000e+03,-7.609999999999716228e-06,7.439024390243902385e-01
4.593000000000000000e+03,-7.689999999999716309e-06,7.560975609756097615e-01
4.594000000000000000e+03,-7.769999999999715543e-06,7.682926829268292845e-01
4.595000000000000000e+03,-7.849999999999714777e-06,7.743902439024390461e-01
4.596000000000000000e+03,-7.929999999999714011e-06,7.926829268292683306e-01
4.597000000000000000e+03,-8.009999999999713245e-06,7.987804878048780921e-01
4.598000000000000000e+03,-8.089999999999712479e-06,7.987804878048780921e-01
4.599000000000000000e+03,-8.169999999999711713e-06,8.048780487804878536e-01
4.600000000000000000e+03,-3.199999999997106391e-07,0.000000000000000000e+00
4.601000000000000000e+03,-3.999999999997106143e-07,0.000000000000000000e+00
4.602000000000000000e+03,-4.799999999997105895e-07,0.000000000000000000e+00
4.603000000000000000e+03,-5.599999999997105647e-07,0.000000000000000000e+00
4.604000000000000000e+03,-6.399999999997105399e-07,0.000000000000000000e+00
4.605000000000000000e+03,-7.199999999997105151e-07,0.000000000000000000e+00
4.606000000000000000e+03,-7.999999999997104903e-07,0.000000000000000000e+00
4.607000000000000000e+03,-8.799999999997104655e-07,0.000000000000000000e+00
4.608000000000000000e+03,-9.599999999997104407e-07,0.000000000000000000e+00
4.609000000000000000e+03,-1.039999999999710522e-06,0.000000000000000000e+00
4.610000000000000000e+03,-1.119999999999710603e-06,0.000000000000000000e+00
4.611000000000000000e+03,-1.199999999999710684e-06,0.000000000000000000e+00
4.612000000000000000e+03,-1.279999999999710765e-06,0.000000000000000000e+00
4.613000000000000000e+03,-1.359999999999710846e-06,0.000000000000000000e+00
4.614000000000000000e+03,-1.439999999999710927e-06,0.000000000000000000e+00
4.615000000000000000e+03,-1.519999999999711008e-06,0.000000000000000000e+00
4.616000000000000000e+03,-1.599999999999711089e-06,0.000000000000000000e+00
4.617000000000000000e+03,-1.679999999999711170e-06,0.000000000000000000e+00
4.618000000000000000e+03,-1.759999999999711252e-06,0.000000000000000000e+00
4.619000000000000000e+03,-1.839999999999711333e-06,0.000000000000000000e+00
4.620000000000000000e+03,-1.919999999999711414e-06,0.000000000000000000e+00
4.621000000000000000e+03,-1.999999999999711495e-06,0.000000000000000000e+00
4.622000000000000000e+03,-2.079999999999711576e-06,0.000000000000000000e+00
4.623000000000000000e+03,-2.159999999999711657e-06,0.000000000000000000e+00
4.624000000000000000e+03,-2.239999999999711738e-06,0.000000000000000000e+00
4.625000000000000000e+03,-2.319999999999711819e-06,0.000000000000000000e+00
4.626000000000000000e+03,-2.399999999999711900e-06,0.000000000000000000e+00
4.627000000000000000e+03,-2.479999999999711981e-06,0.000000000000000000e+00
4.628000000000000000e+03,-2.559999999999712062e-06,0.000000000000000000e+00
4.629000000000000000e+03,-2.639999999999712143e-06,0.000000000000000000e+00
4.630000000000000000e+03,-2.719999999999712225e-06,0.000000000000000000e+00
4.631000000000000000e+03,-2.799999999999712306e-06,0.000000000000000000e+00
4.632000000000000000e+03,-2.879999999999712387e-06,0.000000000000000000e+00
4.633000000000000000e+03,-2.959999999999712468e-06,0.000000000000000000e+00
4.634000000000000000e+03,-3.039999999999712549e-06,0.000000000000000000e+00
4.635000000000000000e+03,-3.119999999999712630e-06,0.000000000000000000e+00
4.636000000000000000e+03,-3.199999999999712711e-06,0.000000000000000000e+00
4.637000000000000000e+03,-3.279999999999712792e-06,0.000000000000000000e+00
4.638000000000000000e+03,-3.359999999999712873e-06,0.000000000000000000e+00
4.639000000000000000e+03,-3.439999999999712954e-06,0.000000000000000000e+00
4.640000000000000000e+03,-3.519999999999713035e-06,0.000000000000000000e+00
4.641000000000000000e+03,-3.599999999999713116e-06,0.000000000000000000e+00
4.642000000000000000e+03,-3.679999999999713198e-06,0.000000000000000000e+00
4.643000000000000000e+03,-3.759999999999713279e-06,0.000000000000000000e+00
4.644000000000000000e+03,-3.839999999999713360e-06,0.000000000000000000e+00
4.645000000000000000e+03,-3.919999999999713441e-06,0.000000000000000000e+00
4.646000000000000000e+03,-3.999999999999713522e-06,0.000000000000000000e+00
4.647000000000000000e+03,-4.079999999999713603e-06,0.000000000000000000e+00
4.648000000000000000e+03,-4.159999999999713684e-06,0.000000000000000000e+00
4.649000000000000000e+03,-4.239999999999713765e-06,0.000000000000000000e+00
4.650000000000000000e+03,-4.319999999999713846e-06,0.000000000000000000e+00
4.651000000000000000e+03,-4.399999999999713927e-06,0.000000000000000000e+00
4.652000000000000000e+03,-4.479999999999714008e-06,0.000000000000000000e+00
4.653000000000000000e+03,-4.559999999999714089e-06,0.000000000000000000e+00
4.654000000000000000e+03,-4.639999999999714171e-06,0.000000000000000000e+00
4.655000000000000000e+03,-4.719999999999714252e-06,0.000000000000000000e+00
4.656000000000000000e+03,-4.799999999999714333e-06,0.000000000000000000e+00
4.657000000000000000e+03,-4.879999999999714414e-06,0.000000000000000000e+00
4.658000000000000000e+03,-4.959999999999714495e-06,0.000000000000000000e+00
4.659000000000000000e+03,-5.039999999999714576e-06,0.000000000000000000e+00
4.660000000000000000e+03,-5.119999999999714657e-06,0.000000000000000000e+00
4.661000000000000000e+03,-5.199999999999714738e-06,0.000000000000000000e+00
4.662000000000000000e+03,-5.279999999999714819e-06,0.000000000000000000e+00
4.663000000000000000e+03,-5.359999999999714900e-06,0.000000000000000000e+00
4.664000000000000000e+03,-5.439999999999714981e-06,0.000000000000000000e+00
4.665000000000000000e+03,-5.519999999999715062e-06,0.000000000000000000e+00
4.666000000000000000e+03,-5.599999999999715144e-06,0.000000000000000000e+00
4.667000000000000000e+03,-5.679999999999715225e-06,0.000000000000000000e+00
4.668000000000000000e+03,-5.759999999999715306e-06,0.000000000000000000e+00
4.669000000000000000e+03,-5.839999999999715387e-06,0.000000000000000000e+00
4.670000000000000000e+03,-5.919999999999715468e-06,0.000000000000000000e+00
4.671000000000000000e+03,-5.999999999999715549e-06,0.000000000000000000e+00
4.672000000000000000e+03,-6.079999999999715630e-06,0.000000000000000000e+00
4.673000000000000000e+03,-6.159999999999715711e-06,0.000000000000000000e+00
4.674000000000000000e+03,-6.239999999999715792e-06,0.000000000000000000e+00
4.675000000000000000e+03,-6.319999999999715873e-06,0.000000000000000000e+00
4.676000000000000000e+03,-6.399999999999715954e-06,0.000000000000000000e+00
4.677000000000000000e+03,-6.479999999999716035e-06,0.000000000000000000e+00
4.678000000000000000e+03,-6.559999999999716117e-06,0.000000000000000000e+00
4.679000000000000000e+03,-6.639999999999716198e-06,0.000000000000000000e+00
4.680000000000000000e+03,-6.719999999999716279e-06,0.000000000000000000e+00
4.681000000000000000e+03,-6.799999999999716360e-06,0.000000000000000000e+00
4.682000000000000000e+03,-6.879999999999716441e-06,0.000000000000000000e+00
4.683000000000000000e+03,-6.959999999999716522e-06,0.000000000000000000e+00
4.684000000000000000e+03,-7.039999999999716603e-06,0.000000000000000000e+00
4.685000000000000000e+03,-7.119999999999716684e-06,0.000000000000000000e+00
4.686000000000000000e+03,-7.199999999999716765e-06,0.000000000000000000e+00
4.687000000000000000e+03,-7.279999999999716846e-06,6.219512195121951192e-01
4.688000000000000000e+03,-7.359999999999716927e-06,6.402439024390244038e-01
4.689000000000000000e+03,-7.439999999999717008e-06,6.524390243902439268e-01
4.690000000000000000e+03,-7.519999999999717090e-06,6.524390243902439268e-01
4.691000000000000000e+03,-7.599999999999717171e-06,6.646341463414634498e-01
4.692000000000000000e+03,-7.679999999999716405e-06,6.768292682926829729e-01
4.693000000000000000e+03,-7.759999999999715639e-06,6.890243902439023849e-01
4.694000000000000000e+03,-7.839999999999714873e-06,6.951219512195121464e-01
4.695000000000000000e+03,-7.919999999999714107e-06,7.073170731707316694e-01
4.696000000000000000e+03,-7.999999999999713341e-06,7.073170731707316694e-01
4.697000000000000000e+03,-8.079999999999712575e-06,7.073170731707316694e-01
4.698000000000000000e+03,-8.159999999999711809e-06,7.134146341463414309e-01
4.699000000000000000e+03,-8.239999999999711043e-06,7.256097560975609539e-01
4.700000000000000000e+03,-8.319999999999710277e-06,7.256097560975609539e-01
4.701000000000000000e+03,-8.399999999999709511e-06,7.317073170731707155e-01
4.702000000000000000e+03,-8.479999999999708745e-06,7.317073170731707155e-01
4.703000000000000000e+03,-8.559999999999707979e-06,7.317073170731707155e-01
4.704000000000000000e+03,-8.639999999999707213e-06,7.621951219512195230e-01
4.705000000000000000e+03,-8.719999999999706447e-06,7.743902439024390461e-01
4.706000000000000000e+03,-8.799999999999705681e-06,7.926829268292683306e-01
4.707000000000000000e+03,-8.879999999999704915e-06,7.926829268292683306e-01
4.708000000000000000e+03,-8.959999999999704149e-06,7.987804878048780921e-01
4.709000000000000000e+03,-9.039999999999703384e-06,7.987804878048780921e-01
4.710000000000000000e+03,-9.119999999999702618e-06,7.987804878048780921e-01
4.711000000000000000e+03,-9.199999999999701852e-06,7.987804878048780921e-01
4.712000000000000000e+03,-9.279999999999701086e-06,8.109756097560976151e-01
4.713000000000000000e+03,-1.229999999999700232e-06,0.000000000000000000e+00
4.714000000000000000e+03,-1.309999999999700313e-06,0.000000000000000000e+00
4.715000000000000000e+03,-1.389999999999700394e-06,0.000000000000000000e+00
4.716000000000000000e+03,-1.469999999999700476e-06,0.000000000000000000e+00
4.717000000000000000e+03,-1.549999999999700557e-06,0.000000000000000000e+00
4.718000000000000000e+03,-1.629999999999700638e-06,0.000000000000000000e+00
4.719000000000000000e+03,-1.709999999999700719e-06,0.000000000000000000e+00
4.720000000000000000e+03,-1.789999999999700800e-06,0.000000000000000000e+00
4.721000000000000000e+03,-1.869999999999700881e-06,0.000000000000000000e+00
4.722000000000000000e+03,-1.949999999999700962e-06,0.000000000000000000e+00
4.723000000000000000e+03,-2.029999999999701043e-06,0.000000000000000000e+00
4.724000000000000000e+03,-2.109999999999701124e-06,0.000000000000000000e+00
4.725000000000000000e+03,-2.189999999999701205e-06,0.000000000000000000e+00
4.726000000000000000e+03,-2.269999999999701286e-06,0.000000000000000000e+00
4.727000000000000000e+03,-2.349999999999701367e-06,0.000000000000000000e+00
4.728000000000000000e+03,-2.429999999999701449e-06,0.000000000000000000e+00
4.729000000000000000e+03,-2.509999999999701530e-06,0.000000000000000000e+00
4.730000000000000000e+03,-2.589999999999701611e-06,0.000000000000000000e+00
4.731000000000000000e+03,-2.669999999999701692e-06,0.000000000000000000e+00
4.732000000000000000e+03,-2.749999999999701773e-06,0.000000000000000000e+00
4.733000000000000000e+03,-2.829999999999701854e-06,0.000000000000000000e+00
4.734000000000000000e+03,-2.909999999999701935e-06,0.000000000000000000e+00
4.735000000000000000e+03,-2.989999999999702016e-06,0.000000000000000000e+00
4.736000000000000000e+03,-3.069999999999702097e-06,0.000000000000000000e+00
4.737000000000000000e+03,-3.149999999999702178e-06,0.000000000000000000e+00
4.738000000000000000e+03,-3.229999999999702259e-06,0.000000000000000000e+00
4.739000000000000000e+03,-3.309999999999702340e-06,0.000000000000000000e+00
4.740000000000000000e+03,-3.389999999999702422e-06,0.000000000000000000e+00
4.741000000000000000e+03,-3.469999999999702503e-06,0.000000000000000000e+00
4.742000000000000000e+03,-3.549999999999702584e-06,0.000000000000000000e+00
4.743000000000000000e+03,-3.629999999999702665e-06,0.000000000000000000e+00
4.744000000000000000e+03,-3.709999999999702746e-06,0.000000000000000000e+00
4.745000000000000000e+03,-3.789999999999702827e-06,0.000000000000000000e+00
4.746000000000000000e+03,-3.869999999999702908e-06,0.000000000000000000e+00
4.747000000000000000e+03,-3.949999999999702989e-06,0.000000000000000000e+00
4.748000000000000000e+03,-4.029999999999703070e-06,0.000000000000000000e+00
4.749000000000000000e+03,-4.109999999999703151e-06,0.000000000000000000e+00
4.750000000000000000e+03,-4.189999999999703232e-06,0.000000000000000000e+00
4.751000000000000000e+03,-4.269999999999703313e-06,0.000000000000000000e+00
4.752000000000000000e+03,-4.349999999999703395e-06,0.000000000000000000e+00
4.753000000000000000e+03,-4.429999999999703476e-06,0.000000000000000000e+00
4.754000000000000000e+03,-4.509999999999703557e-06,0.000000000000000000e+00
4.755000000000000000e+03,-4.589999999999703638e-06,0.000000000000000000e+00
4.756000000000000000e+03,-4.669999999999703719e-06,0.000000000000000000e+00
4.757000000000000000e+03,-4.749999999999703800e-06,0.000000000000000000e+00
4.758000000000000000e+03,-4.829999999999703881e-06,0.000000000000000000e+00
4.759000000000000000e+03,-4.909999999999703962e-06,0.000000000000000000e+00
4.760000000000000000e+03,-4.989999999999704043e-06,0.000000000000000000e+00
4.761000000000000000e+03,-5.069999999999704124e-06,0.000000000000000000e+00
4.762000000000000000e+03,-5.149999999999704205e-06,0.000000000000000000e+00
4.763000000000000000e+03,-5.229999999999704286e-06,0.000000000000000000e+00
4.764000000000000000e+03,-5.309999999999704368e-06,0.000000000000000000e+00
4.765000000000000000e+03,-5.389999999999704449e-06,0.000000000000000000e+00
4.766000000000000000e+03,-5.469999999999704530e-06,0.000000000000000000e+00
4.767000000000000000e+03,-5.549999999999704611e-06,0.000000000000000000e+00
4.768000000000000000e+03,-5.629999999999704692e-06,0.000000000000000000e+00
4.769000000000000000e+03,-5.709999999999704773e-06,0.000000000000000000e+00
4.770000000000000000e+03,-5.789999999999704854e-06,0.000000000000000000e+00
4.771000000000000000e+03,-5.869999999999704935e-06,0.000000000000000000e+00
4.772000000000000000e+03,-5.949999999999705016e-06,0.000000000000000000e+00
4.773000000000000000e+03,-6.029999999999705097e-06,0.000000000000000000e+00
4.774000000000000000e+03,-6.109999999999705178e-06,0.000000000000000000e+00
4.775000000000000000e+03,-6.189999999999705259e-06,0.000000000000000000e+00
4.776000000000000000e+03,-6.269999999999705341e-06,0.000000000000000000e+00
4.777000000000000000e+03,-6.349999999999705422e-06,0.000000000000000000e+00
4.778000000000000000e+03,-6.429999999999705503e-06,0.000000000000000000e+00
4.779000000000000000e+03,-6.509999999999705584e-06,0.000000000000000000e+00
4.780000000000000000e+03,-6.589999999999705665e-06,0.000000000000000000e+00
4.781000000000000000e+03,-6.669999999999705746e-06,0.000000000000000000e+00
4.782000000000000000e+03,-6.749999999999705827e-06,0.000000000000000000e+00
4.783000000000000000e+03,-6.829999999999705908e-06,0.000000000000000000e+00
4.784000000000000000e+03,-6.909999999999705989e-06,0.000000000000000000e+00
4.785000000000000000e+03,-6.989999999999706070e-06,0.000000000000000000e+00
4.786000000000000000e+03,-7.069999999999706151e-06,0.000000000000000000e+00
4.787000000000000000e+03,-7.149999999999706232e-06,1.585365853658536606e-01
4.788000000000000000e+03,-7.229999999999706314e-06,1.707317073170731836e-01
4.789000000000000000e+03,-7.309999999999706395e-06,2.073170731707316972e-01
4.790000000000000000e+03,-7.389999999999706476e-06,2.317073170731707432e-01
4.791000000000000000e+03,-7.469999999999706557e-06,3.353658536585366057e-01
4.792000000000000000e+03,-7.549999999999706638e-06,3.780487804878048808e-01
4.793000000000000000e+03,-7.629999999999706719e-06,5.000000000000000000e-01
4.794000000000000000e+03,-7.709999999999705953e-06,5.426829268292683306e-01
4.795000000000000000e+03,-7.789999999999705187e-06,5.670731707317072656e-01
4.796000000000000000e+03,-7.869999999999704421e-06,6.280487804878048808e-01
4.797000000000000000e+03,-7.949999999999703655e-06,6.463414634146341653e-01
4.798000000000000000e+03,-8.029999999999702889e-06,6.768292682926829729e-01
4.799000000000000000e+03,-8.109999999999702123e-06,7.134146341463414309e-01
4.800000000000000000e+03,-8.189999999999701357e-06,7.378048780487804770e-01
4.801000000000000000e+03,-8.269999999999700591e-06,7.500000000000000000e-01
4.802000000000000000e+03,-8.349999999999699825e-06,7.682926829268292845e-01
4.803000000000000000e+03,-8.429999999999699059e-06,7.743902439024390461e-01
4.804000000000000000e+03,-8.509999999999698294e-06,7.743902439024390461e-01
4.805000000000000000e+03,-8.589999999999697528e-06,7.865853658536585691e-01
4.806000000000000000e+03,-8.669999999999696762e-06,7.926829268292683306e-01
4.807000000000000000e+03,-8.749999999999695996e-06,7.926829268292683306e-01
4.808000000000000000e+03,-8.829999999999695230e-06,7.926829268292683306e-01
4.809000000000000000e+03,-8.909999999999694464e-06,7.987804878048780921e-01
4.810000000000000000e+03,-8.989999999999693698e-06,8.048780487804878536e-01
4.811000000000000000e+03,-1.289999999999692882e-06,0.000000000000000000e+00
4.812000000000000000e+03,-1.369999999999692963e-06,0.000000000000000000e+00
4.813000000000000000e+03,-1.449999999999693044e-06,0.000000000000000000e+00
4.814000000000000000e+03,-1.529999999999693125e-06,0.000000000000000000e+00
4.815000000000000000e+03,-1.609999999999693206e-06,0.000000000000000000e+00
4.816000000000000000e+03,-1.689999999999693287e-06,0.000000000000000000e+00
4.817000000000000000e+03,-1.769999999999693368e-06,0.000000000000000000e+00
4.818000000000000000e+03,-1.849999999999693449e-06,0.000000000000000000e+00
4.819000000000000000e+03,-1.929999999999693530e-06,0.000000000000000000e+00
4.820000000000000000e+03,-2.009999999999693611e-06,0.000000000000000000e+00
4.821000000000000000e+03,-2.089999999999693692e-06,0.000000000000000000e+00
4.822000000000000000e+03,-2.169999999999693774e-06,0.000000000000000000e+00
4.823000000000000000e+03,-2.249999999999693855e-06,0.000000000000000000e+00
4.824000000000000000e+03,-2.329999999999693936e-06,0.000000000000000000e+00
4.825000000000000000e+03,-2.409999999999694017e-06,0.000000000000000000e+00
4.826000000000000000e+03,-2.489999999999694098e-06,0.000000000000000000e+00
4.827000000000000000e+03,-2.569999999999694179e-06,0.000000000000000000e+00
4.828000000000000000e+03,-2.649999999999694260e-06,0.000000000000000000e+00
4.829000000000000000e+03,-2.729999999999694341e-06,0.000000000000000000e+00
4.830000000000000000e+03,-2.809999999999694422e-06,0.000000000000000000e+00
4.831000000000000000e+03,-2.889999999999694503e-06,0.000000000000000000e+00
4.832000000000000000e+03,-2.969999999999694584e-06,0.000000000000000000e+00
4.833000000000000000e+03,-3.049999999999694665e-06,0.000000000000000000e+00
4.834000000000000000e+03,-3.129999999999694747e-06,0.000000000000000000e+00
4.835000000000000000e+03,-3.209999999999694828e-06,0.000000000000000000e+00
4.836000000000000000e+03,-3.289999999999694909e-06,0.000000000000000000e+00
4.837000000000000000e+03,-3.369999999999694990e-06,0.000000000000000000e+00
4.838000000000000000e+03,-3.449999999999695071e-06,0.000000000000000000e+00
4.839000000000000000e+03,-3.529999999999695152e-06,0.000000000000000000e+00
4.840000000000000000e+03,-3.609999999999695233e-06,0.000000000000000000e+00
4.841000000000000000e+03,-3.689999999999695314e-06,0.000000000000000000e+00
4.842000000000000000e+03,-3.769999999999695395e-06,0.000000000000000000e+00
4.843000000000000000e+03,-3.849999999999695476e-06,0.000000000000000000e+00
4.844000000000000000e+03,-3.929999999999695557e-06,0.000000000000000000e+00
4.845000000000000000e+03,-4.009999999999695638e-06,0.000000000000000000e+00
4.846000000000000000e+03,-4.089999999999695720e-06,0.000000000000000000e+00
4.847000000000000000e+03,-4.169999999999695801e-06,0.000000000000000000e+00
4.848000000000000000e+03,-4.249999999999695882e-06,0.000000000000000000e+00
4.849000000000000000e+03,-4.329999999999695963e-06,0.000000000000000000e+00
4.850000000000000000e+03,-4.409999999999696044e-06,0.000000000000000000e+00
4.851000000000000000e+03,-4.489999999999696125e-06,0.000000000000000000e+00
4.852000000000000000e+03,-4.569999999999696206e-06,0.000000000000000000e+00
4.853000000000000000e+03,-4.649999999999696287e-06,0.000000000000000000e+00
4.854000000000000000e+03,-4.729999999999696368e-06,0.000000000000000000e+00
4.855000000000000000e+03,-4.809999999999696449e-06,0.000000000000000000e+00
4.856000000000000000e+03,-4.889999999999696530e-06,0.000000000000000000e+00
4.857000000000000000e+03,-4.969999999999696611e-06,0.000000000000000000e+00
4.858000000000000000e+03,-5.049999999999696693e-06,0.000000000000000000e+00
4.859000000000000000e+03,-5.129999999999696774e-06,0.000000000000000000e+00
4.860000000000000000e+03,-5.209999999999696855e-06,0.000000000000000000e+00
4.861000000000000000e+03,-5.289999999999696936e-06,0.000000000000000000e+00
4.862000000000000000e+03,-5.369999999999697017e-06,0.000000000000000000e+00
4.863000000000000000e+03,-5.449999999999697098e-06,0.000000000000000000e+00
4.864000000000000000e+03,-5.529999999999697179e-06,0.000000000000000000e+00
4.865000000000000000e+03,-5.609999999999697260e-06,0.000000000000000000e+00
4.866000000000000000e+03,-5.689999999999697341e-06,0.000000000000000000e+00
4.867000000000000000e+03,-5.769999999999697422e-06,0.000000000000000000e+00
4.868000000000000000e+03,-5.849999999999697503e-06,0.000000000000000000e+00
4.869000000000000000e+03,-5.929999999999697584e-06,0.000000000000000000e+00
4.870000000000000000e+03,-6.009999999999697665e-06,0.000000000000000000e+00
4.871000000000000000e+03,-6.089999999999697747e-06,0.000000000000000000e+00
4.872000000000000000e+03,-6.169999999999697828e-06,0.000000000000000000e+00
4.873000000000000000e+03,-6.249999999999697909e-06,0.000000000000000000e+00
4.874000000000000000e+03,-6.329999999999697990e-06,0.000000000000000000e+00
4.875000000000000000e+03,-6.409999999999698071e-06,0.000000000000000000e+00
4.876000000000000000e+03,-6.489999999999698152e-06,0.000000000000000000e+00
4.877000000000000000e+03,-6.569999999999698233e-06,0.000000000000000000e+00
4.878000000000000000e+03,-6.649999999999698314e-06,0.000000000000000000e+00
4.879000000000000000e+03,-6.729999999999698395e-06,0.000000000000000000e+00
4.880000000000000000e+03,-6.809999999999698476e-06,0.000000000000000000e+00
4.881000000000000000e+03,-6.889999999999698557e-06,0.000000000000000000e+00
4.882000000000000000e+03,-6.969999999999698638e-06,0.000000000000000000e+00
4.883000000000000000e+03,-7.049999999999698720e-06,0.000000000000000000e+00
4.884000000000000000e+03,-7.129999999999698801e-06,0.000000000000000000e+00
4.885000000000000000e+03,-7.209999999999698882e-06,0.000000000000000000e+00
4.886000000000000000e+03,-7.289999999999698963e-06,0.000000000000000000e+00
4.887000000000000000e+03,-7.369999999999699044e-06,0.000000000000000000e+00
4.888000000000000000e+03,-7.449999999999699125e-06,0.000000000000000000e+00
4.889000000000000000e+03,-7.529999999999699206e-06,0.000000000000000000e+00
4.890000000000000000e+03,-7.609999999999699287e-06,4.451219512195122019e-01
4.891000000000000000e+03,-7.689999999999699368e-06,5.000000000000000000e-01
4.892000000000000000e+03,-7.769999999999698602e-06,5.304878048780488076e-01
4.893000000000000000e+03,-7.849999999999697836e-06,5.853658536585365502e-01
4.894000000000000000e+03,-7.929999999999697070e-06,6.280487804878048808e-01
4.895000000000000000e+03,-8.009999999999696304e-06,6.646341463414634498e-01
4.896000000000000000e+03,-8.089999999999695538e-06,6.890243902439023849e-01
4.897000000000000000e+03,-8.169999999999694773e-06,6.951219512195121464e-01
4.898000000000000000e+03,-8.249999999999694007e-06,7.073170731707316694e-01
4.899000000000000000e+03,-8.329999999999693241e-06,7.256097560975609539e-01
4.900000000000000000e+03,-8.409999999999692475e-06,7.378048780487804770e-01
4.901000000000000000e+03,-8.489999999999691709e-06,7.621951219512195230e-01
4.902000000000000000e+03,-8.569999999999690943e-06,7.682926829268292845e-01
4.903000000000000000e+03,-8.649999999999690177e-06,7.682926829268292845e-01
4.904000000000000000e+03,-8.729999999999689411e-06,7.682926829268292845e-01
4.905000000000000000e+03,-8.809999999999688645e-06,7.682926829268292845e-01
4.906000000000000000e+03,-8.889999999999687879e-06,7.682926829268292845e-01
4.907000000000000000e+03,-8.969999999999687113e-06,7.682926829268292845e-01
4.908000000000000000e+03,-9.049999999999686347e-06,7.743902439024390461e-01
4.909000000000000000e+03,-9.129999999999685581e-06,7.987804878048780921e-01
4.910000000000000000e+03,-9.209999999999684815e-06,7.987804878048780921e-01
4.911000000000000000e+03,-9.289999999999684049e-06,7.987804878048780921e-01
4.912000000000000000e+03,-9.369999999999683283e-06,8.048780487804878536e-01
4.913000000000000000e+03,-1.319999999999682430e-06,0.000000000000000000e+00
4.914000000000000000e+03,-1.399999999999682511e-06,0.000000000000000000e+00
4.915000000000000000e+03,-1.479999999999682592e-06,0.000000000000000000e+00
4.916000000000000000e+03,-1.559999999999682673e-06,0.000000000000000000e+00
4.917000000000000000e+03,-1.639999999999682754e-06,0.000000000000000000e+00
4.918000000000000000e+03,-1.719999999999682835e-06,0.000000000000000000e+00
4.919000000000000000e+03,-1.799999999999682916e-06,0.000000000000000000e+00
4.920000000000000000e+03,-1.879999999999682998e-06,0.000000000000000000e+00
4.921000000000000000e+03,-1.959999999999683079e-06,0.000000000000000000e+00
4.922000000000000000e+03,-2.039999999999683160e-06,0.000000000000000000e+00
4.923000000000000000e+03,-2.119999999999683241e-06,0.000000000000000000e+00
4.924000000000000000e+03,-2.199999999999683322e-06,0.000000000000000000e+00
4.925000000000000000e+03,-2.279999999999683403e-06,0.000000000000000000e+00
4.926000000000000000e+03,-2.359999999999683484e-06,0.000000000000000000e+00
4.927000000000000000e+03,-2.439999999999683565e-06,0.000000000000000000e+00
4.928000000000000000e+03,-2.519999999999683646e-06,0.000000000000000000e+00
4.929000000000000000e+03,-2.599999999999683727e-06,0.000000000000000000e+00
4.930000000000000000e+03,-2.679999999999683808e-06,0.000000000000000000e+00
4.931000000000000000e+03,-2.759999999999683889e-06,0.000000000000000000e+00
4.932000000000000000e+03,-2.839999999999683971e-06,0.000000000000000000e+00
4.933000000000000000e+03,-2.919999999999684052e-06,0.000000000000000000e+00
4.934000000000000000e+03,-2.999999999999684133e-06,0.000000000000000000e+00
4.935000000000000000e+03,-3.079999999999684214e-06,0.000000000000000000e+00
4.936000000000000000e+03,-3.159999999999684295e-06,0.000000000000000000e+00
4.937000000000000000e+03,-3.239999999999684376e-06,0.000000000000000000e+00
4.938000000000000000e+03,-3.319999999999684457e-06,0.000000000000000000e+00
4.939000000000000000e+03,-3.399999999999684538e-06,0.000000000000000000e+00
4.940000000000000000e+03,-3.479999999999684619e-06,0.000000000000000000e+00
4.941000000000000000e+03,-3.559999999999684700e-06,0.000000000000000000e+00
4.942000000000000000e+03,-3.639999999999684781e-06,0.000000000000000000e+00
4.943000000000000000e+03,-3.719999999999684862e-06,0.000000000000000000e+00
4.944000000000000000e+03,-3.799999999999684944e-06,0.000000000000000000e+00
4.945000000000000000e+03,-3.879999999999685025e-06,0.000000000000000000e+00
4.946000000000000000e+03,-3.959999999999685106e-06,0.000000000000000000e+00
4.947000000000000000e+03,-4.039999999999685187e-06,0.000000000000000000e+00
4.948000000000000000e+03,-4.119999999999685268e-06,0.000000000000000000e+00
4.949000000000000000e+03,-4.199999999999685349e-06,0.000000000000000000e+00
4.950000000000000000e+03,-4.279999999999685430e-06,0.000000000000000000e+00
4.951000000000000000e+03,-4.359999999999685511e-06,0.000000000000000000e+00
4.952000000000000000e+03,-4.439999999999685592e-06,0.000000000000000000e+00
4.953000000000000000e+03,-4.519999999999685673e-06,0.000000000000000000e+00
4.954000000000000000e+03,-4.599999999999685754e-06,0.000000000000000000e+00
4.955000000000000000e+03,-4.679999999999685835e-06,0.000000000000000000e+00
4.956000000000000000e+03,-4.759999999999685917e-06,0.000000000000000000e+00
4.957000000000000000e+03,-4.839999999999685998e-06,0.000000000000000000e+00
4.958000000000000000e+03,-4.919999999999686079e-06,0.000000000000000000e+00
4.959000000000000000e+03,-4.999999999999686160e-06,0.000000000000000000e+00
4.960000000000000000e+03,-5.079999999999686241e-06,0.000000000000000000e+00
4.961000000000000000e+03,-5.159999999999686322e-06,0.000000000000000000e+00
4.962000000000000000e+03,-5.239999999999686403e-06,0.000000000000000000e+00
4.963000000000000000e+03,-5.319999999999686484e-06,0.000000000000000000e+00
4.964000000000000000e+03,-5.399999999999686565e-06,0.000000000000000000e+00
4.965000000000000000e+03,-5.479999999999686646e-06,0.000000000000000000e+00
4.966000000000000000e+03,-5.559999999999686727e-06,0.000000000000000000e+00
4.967000000000000000e+03,-5.639999999999686808e-06,0.000000000000000000e+00
4.968000000000000000e+03,-5.719999999999686890e-06,0.000000000000000000e+00
4.969000000000000000e+03,-5.799999999999686971e-06,0.000000000000000000e+00
4.970000000000000000e+03,-5.879999999999687052e-06,0.000000000000000000e+00
4.971000000000000000e+03,-5.959999999999687133e-06,0.000000000000000000e+00
4.972000000000000000e+03,-6.039999999999687214e-06,0.000000000000000000e+00
4.973000000000000000e+03,-6.119999999999687295e-06,0.000000000000000000e+00
4.974000000000000000e+03,-6.199999999999687376e-06,0.000000000000000000e+00
4.975000000000000000e+03,-6.279999999999687457e-06,0.000000000000000000e+00
4.976000000000000000e+03,-6.359999999999687538e-06,0.000000000000000000e+00
4.977000000000000000e+03,-6.439999999999687619e-06,0.000000000000000000e+00
4.978000000000000000e+03,-6.519999999999687700e-06,0.000000000000000000e+00
4.979000000000000000e+03,-6.599999999999687781e-06,0.000000000000000000e+00
4.980000000000000000e+03,-6.679999999999687863e-06,0.000000000000000000e+00
4.981000000000000000e+03,-6.759999999999687944e-06,0.000000000000000000e+00
4.982000000000000000e+03,-6.839999999999688025e-06,0.000000000000000000e+00
4.983000000000000000e+03,-6.919999999999688106e-06,0.000000000000000000e+00
4.984000000000000000e+03,-6.999999999999688187e-06,0.000000000000000000e+00
4.985000000000000000e+03,-7.079999999999688268e-06,0.000000000000000000e+00
4.986000000000000000e+03,-7.159999999999688349e-06,0.000000000000000000e+00
4.987000000000000000e+03,-7.239999999999688430e-06,0.000000000000000000e+00
4.988000000000000000e+03,-7.319999999999688511e-06,0.000000000000000000e+00
4.989000000000000000e+03,-7.399999999999688592e-06,0.000000000000000000e+00
4.990000000000000000e+03,-7.479999999999688673e-06,0.000000000000000000e+00
4.991000000000000000e+03,-7.559999999999688754e-06,1.463414634146341375e-01
4.992000000000000000e+03,-7.639999999999687989e-06,2.317073170731707432e-01
4.993000000000000000e+03,-7.719999999999687223e-06,2.560975609756097615e-01
4.994000000000000000e+03,-7.799999999999686457e-06,3.231707317073170826e-01
4.995000000000000000e+03,-7.879999999999685691e-06,4.573170731707317249e-01
4.996000000000000000e+03,-7.959999999999684925e-06,4.939024390243902385e-01
4.997000000000000000e+03,-8.039999999999684159e-06,5.243902439024390461e-01
4.998000000000000000e+03,-8.119999999999683393e-06,5.609756097560976151e-01
4.999000000000000000e+03,-8.199999999999682627e-06,5.975609756097560732e-01
5.000000000000000000e+03,-8.279999999999681861e-06,6.768292682926829729e-01
5.001000000000000000e+03,-8.359999999999681095e-06,7.073170731707316694e-01
5.002000000000000000e+03,-8.439999999999680329e-06,7.195121951219511924e-01
5.003000000000000000e+03,-8.519999999999679563e-06,7.195121951219511924e-01
5.004000000000000000e+03,-8.599999999999678797e-06,7.256097560975609539e-01
5.005000000000000000e+03,-8.679999999999678031e-06,7.317073170731707155e-01
5.006000000000000000e+03,-8.759999999999677265e-06,7.378048780487804770e-01
5.007000000000000000e+03,-8.839999999999676499e-06,7.378048780487804770e-01
5.008000000000000000e+03,-8.919999999999675733e-06,7.560975609756097615e-01
5.009000000000000000e+03,-8.999999999999674967e-06,7.621951219512195230e-01
5.010000000000000000e+03,-9.079999999999674201e-06,7.621951219512195230e-01
5.011000000000000000e+03,-9.159999999999673435e-06,7.682926829268292845e-01
5.012000000000000000e+03,-9.239999999999672670e-06,7.682926829268292845e-01
5.013000000000000000e+03,-9.319999999999671904e-06,7.743902439024390461e-01
5.014000000000000000e+03,-9.399999999999671138e-06,7.865853658536585691e-01
5.015000000000000000e+03,-9.479999999999670372e-06,7.926829268292683306e-01
5.016000000000000000e+03,-9.559999999999669606e-06,7.987804878048780921e-01
5.017000000000000000e+03,-9.639999999999668840e-06,7.987804878048780921e-01
5.018000000000000000e+03,-9.719999999999668074e-06,7.987804878048780921e-01
5.019000000000000000e+03,-9.799999999999667308e-06,7.987804878048780921e-01
5.020000000000000000e+03,-9.879999999999666542e-06,7.987804878048780921e-01
5.021000000000000000e+03,-9.959999999999665776e-06,7.987804878048780921e-01
5.022000000000000000e+03,-1.003999999999966501e-05,8.109756097560976151e-01
5.023000000000000000e+03,-2.239999999999663457e-06,0.000000000000000000e+00
5.024000000000000000e+03,-2.319999999999663538e-06,0.000000000000000000e+00
5.025000000000000000e+03,-2.399999999999663619e-06,0.000000000000000000e+00
5.026000000000000000e+03,-2.479999999999663700e-06,0.000000000000000000e+00
5.027000000000000000e+03,-2.559999999999663781e-06,0.000000000000000000e+00
5.028000000000000000e+03,-2.639999999999663863e-06,0.000000000000000000e+00
5.029000000000000000e+03,-2.719999999999663944e-06,0.000000000000000000e+00
5.030000000000000000e+03,-2.799999999999664025e-06,0.000000000000000000e+00
5.031000000000000000e+03,-2.879999999999664106e-06,0.000000000000000000e+00
5.032000000000000000e+03,-2.959999999999664187e-06,0.000000000000000000e+00
5.033000000000000000e+03,-3.039999999999664268e-06,0.000000000000000000e+00
5.034000000000000000e+03,-3.119999999999664349e-06,0.000000000000000000e+00
5.035000000000000000e+03,-3.199999999999664430e-06,0.000000000000000000e+00
5.036000000000000000e+03,-3.279999999999664511e-06,0.000000000000000000e+00
5.037000000000000000e+03,-3.359999999999664592e-06,0.000000000000000000e+00
5.038000000000000000e+03,-3.439999999999664673e-06,0.000000000000000000e+00
5.039000000000000000e+03,-3.519999999999664754e-06,0.000000000000000000e+00
5.040000000000000000e+03,-3.599999999999664836e-06,0.000000000000000000e+00
5.041000000000000000e+03,-3.679999999999664917e-06,0.000000000000000000e+00
5.042000000000000000e+03,-3.759999999999664998e-06,0.000000000000000000e+00
5.043000000000000000e+03,-3.839999999999665079e-06,0.000000000000000000e+00
5.044000000000000000e+03,-3.919999999999665160e-06,0.000000000000000000e+00
5.045000000000000000e+03,-3.999999999999665241e-06,0.000000000000000000e+00
5.046000000000000000e+03,-4.079999999999665322e-06,0.000000000000000000e+00
5.047000000000000000e+03,-4.159999999999665403e-06,0.000000000000000000e+00
5.048000000000000000e+03,-4.239999999999665484e-06,0.000000000000000000e+00
5.049000000000000000e+03,-4.319999999999665565e-06,0.000000000000000000e+00
5.050000000000000000e+03,-4.399999999999665646e-06,0.000000000000000000e+00
5.051000000000000000e+03,-4.479999999999665727e-06,0.000000000000000000e+00
5.052000000000000000e+03,-4.559999999999665809e-06,0.000000000000000000e+00
5.053000000000000000e+03,-4.639999999999665890e-06,0.000000000000000000e+00
5.054000000000000000e+03,-4.719999999999665971e-06,0.000000000000000000e+00
5.055000000000000000e+03,-4.799999999999666052e-06,0.000000000000000000e+00
5.056000000000000000e+03,-4.879999999999666133e-06,0.000000000000000000e+00
5.057000000000000000e+03,-4.959999999999666214e-06,0.000000000000000000e+00
5.058000000000000000e+03,-5.039999999999666295e-06,0.000000000000000000e+00
5.059000000000000000e+03,-5.119999999999666376e-06,0.000000000000000000e+00
5.060000000000000000e+03,-5.199999999999666457e-06,0.000000000000000000e+00
5.061000000000000000e+03,-5.279999999999666538e-06,0.000000000000000000e+00
5.062000000000000000e+03,-5.359999999999666619e-06,0.000000000000000000e+00
5.063000000000000000e+03,-5.439999999999666700e-06,0.000000000000000000e+00
5.064000000000000000e+03,-5.519999999999666782e-06,0.000000000000000000e+00
5.065000000000000000e+03,-5.599999999999666863e-06,0.000000000000000000e+00
5.066000000000000000e+03,-5.679999999999666944e-06,0.000000000000000000e+00
5.067000000000000000e+03,-5.759999999999667025e-06,0.000000000000000000e+00
5.068000000000000000e+03,-5.839999999999667106e-06,0.000000000000000000e+00
5.069000000000000000e+03,-5.919999999999667187e-06,0.000000000000000000e+00
5.070000000000000000e+03,-5.999999999999667268e-06,0.000000000000000000e+00
5.071000000000000000e+03,-6.079999999999667349e-06,0.000000000000000000e+00
5.072000000000000000e+03,-6.159999999999667430e-06,0.000000000000000000e+00
5.073000000000000000e+03,-6.239999999999667511e-06,0.000000000000000000e+00
5.074000000000000000e+03,-6.319999999999667592e-06,0.000000000000000000e+00
5.075000000000000000e+03,-6.399999999999667673e-06,0.000000000000000000e+00
5.076000000000000000e+03,-6.479999999999667755e-06,0.000000000000000000e+00
5.077000000000000000e+03,-6.559999999999667836e-06,0.000000000000000000e+00
5.078000000000000000e+03,-6.639999999999667917e-06,0.000000000000000000e+00
5.079000000000000000e+03,-6.719999999999667998e-06,0.000000000000000000e+00
5.080000000000000000e+03,-6.799999999999668079e-06,0.000000000000000000e+00
5.081000000000000000e+03,-6.879999999999668160e-06,0.000000000000000000e+00
5.082000000000000000e+03,-6.959999999999668241e-06,0.000000000000000000e+00
5.083000000000000000e+03,-7.039999999999668322e-06,0.000000000000000000e+00
5.084000000000000000e+03,-7.119999999999668403e-06,0.000000000000000000e+00
5.085000000000000000e+03,-7.199999999999668484e-06,0.000000000000000000e+00
5.086000000000000000e+03,-7.279999999999668565e-06,0.000000000000000000e+00
5.087000000000000000e+03,-7.359999999999668646e-06,0.000000000000000000e+00
5.088000000000000000e+03,-7.439999999999668728e-06,0.000000000000000000e+00
5.089000000000000000e+03,-7.519999999999668809e-06,0.000000000000000000e+00
5.090000000000000000e+03,-7.599999999999668890e-06,0.000000000000000000e+00
5.091000000000000000e+03,-7.679999999999668971e-06,0.000000000000000000e+00
5.092000000000000000e+03,-7.759999999999668205e-06,0.000000000000000000e+00
5.093000000000000000e+03,-7.839999999999667439e-06,0.000000000000000000e+00
5.094000000000000000e+03,-7.919999999999666673e-06,0.000000000000000000e+00
5.095000000000000000e+03,-7.999999999999665907e-06,0.000000000000000000e+00
5.096000000000000000e+03,-8.079999999999665141e-06,0.000000000000000000e+00
5.097000000000000000e+03,-8.159999999999664375e-06,0.000000000000000000e+00
5.098000000000000000e+03,-8.239999999999663609e-06,0.000000000000000000e+00
5.099000000000000000e+03,-8.319999999999662843e-06,0.000000000000000000e+00
5.100000000000000000e+03,-8.399999999999662077e-06,0.000000000000000000e+00
5.101000000000000000e+03,-8.479999999999661311e-06,0.000000000000000000e+00
5.102000000000000000e+03,-8.559999999999660545e-06,0.000000000000000000e+00
5.103000000000000000e+03,-8.639999999999659779e-06,0.000000000000000000e+00
5.104000000000000000e+03,-8.719999999999659013e-06,0.000000000000000000e+00
5.105000000000000000e+03,-8.799999999999658248e-06,7.256097560975609539e-01
5.106000000000000000e+03,-8.879999999999657482e-06,7.317073170731707155e-01
5.107000000000000000e+03,-8.959999999999656716e-06,7.560975609756097615e-01
5.108000000000000000e+03,-9.039999999999655950e-06,7.621951219512195230e-01
5.109000000000000000e+03,-9.119999999999655184e-06,7.682926829268292845e-01
5.110000000000000000e+03,-9.199999999999654418e-06,7.865853658536585691e-01
5.111000000000000000e+03,-9.279999999999653652e-06,7.987804878048780921e-01
5.112000000000000000e+03,-9.359999999999652886e-06,8.109756097560976151e-01
5.113000000000000000e+03,-1.409999999999651075e-06,0.000000000000000000e+00
5.114000000000000000e+03,-1.489999999999651156e-06,0.000000000000000000e+00
5.115000000000000000e+03,-1.569999999999651237e-06,0.000000000000000000e+00
5.116000000000000000e+03,-1.649999999999651318e-06,0.000000000000000000e+00
5.117000000000000000e+03,-1.729999999999651399e-06,0.000000000000000000e+00
5.118000000000000000e+03,-1.809999999999651481e-06,0.000000000000000000e+00
5.119000000000000000e+03,-1.889999999999651562e-06,0.000000000000000000e+00
5.120000000000000000e+03,-1.969999999999651643e-06,0.000000000000000000e+00
5.121000000000000000e+03,-2.049999999999651724e-06,0.000000000000000000e+00
5.122000000000000000e+03,-2.129999999999651805e-06,0.000000000000000000e+00
5.123000000000000000e+03,-2.209999999999651886e-06,0.000000000000000000e+00
5.124000000000000000e+03,-2.289999999999651967e-06,0.000000000000000000e+00
5.125000000000000000e+03,-2.369999999999652048e-06,0.000000000000000000e+00
5.126000000000000000e+03,-2.449999999999652129e-06,0.000000000000000000e+00
5.127000000000000000e+03,-2.529999999999652210e-06,0.000000000000000000e+00
5.128000000000000000e+03,-2.609999999999652291e-06,0.000000000000000000e+00
5.129000000000000000e+03,-2.689999999999652372e-06,0.000000000000000000e+00
5.130000000000000000e+03,-2.769999999999652454e-06,0.000000000000000000e+00
5.131000000000000000e+03,-2.849999999999652535e-06,0.000000000000000000e+00
5.132000000000000000e+03,-2.929999999999652616e-06,0.000000000000000000e+00
5.133000000000000000e+03,-3.009999999999652697e-06,0.000000000000000000e+00
5.134000000000000000e+03,-3.089999999999652778e-06,0.000000000000000000e+00
5.135000000000000000e+03,-3.169999999999652859e-06,0.000000000000000000e+00
5.136000000000000000e+03,-3.249999999999652940e-06,0.000000000000000000e+00
5.137000000000000000e+03,-3.329999999999653021e-06,0.000000000000000000e+00
5.138000000000000000e+03,-3.409999999999653102e-06,0.000000000000000000e+00
5.139000000000000000e+03,-3.489999999999653183e-06,0.000000000000000000e+00
5.140000000000000000e+03,-3.569999999999653264e-06,0.000000000000000000e+00
5.141000000000000000e+03,-3.649999999999653345e-06,0.000000000000000000e+00
5.142000000000000000e+03,-3.729999999999653426e-06,0.000000000000000000e+00
5.143000000000000000e+03,-3.809999999999653508e-06,0.000000000000000000e+00
5.144000000000000000e+03,-3.889999999999653589e-06,0.000000000000000000e+00
5.145000000000000000e+03,-3.969999999999653670e-06,0.000000000000000000e+00
5.146000000000000000e+03,-4.049999999999653751e-06,0.000000000000000000e+00
5.147000000000000000e+03,-4.129999999999653832e-06,0.000000000000000000e+00
5.148000000000000000e+03,-4.209999999999653913e-06,0.000000000000000000e+00
5.149000000000000000e+03,-4.289999999999653994e-06,0.000000000000000000e+00
5.150000000000000000e+03,-4.369999999999654075e-06,0.000000000000000000e+00
5.151000000000000000e+03,-4.449999999999654156e-06,0.000000000000000000e+00
5.152000000000000000e+03,-4.529999999999654237e-06,0.000000000000000000e+00
5.153000000000000000e+03,-4.609999999999654318e-06,0.000000000000000000e+00
5.154000000000000000e+03,-4.689999999999654399e-06,0.000000000000000000e+00
5.155000000000000000e+03,-4.769999999999654481e-06,0.000000000000000000e+00
5.156000000000000000e+03,-4.849999999999654562e-06,0.000000000000000000e+00
5.157000000000000000e+03,-4.929999999999654643e-06,0.000000000000000000e+00
5.158000000000000000e+03,-5.009999999999654724e-06,0.000000000000000000e+00
5.159000000000000000e+03,-5.089999999999654805e-06,0.000000000000000000e+00
5.160000000000000000e+03,-5.169999999999654886e-06,0.000000000000000000e+00
5.161000000000000000e+03,-5.249999999999654967e-06,0.000000000000000000e+00
5.162000000000000000e+03,-5.329999999999655048e-06,0.000000000000000000e+00
5.163000000000000000e+03,-5.409999999999655129e-06,0.000000000000000000e+00
5.164000000000000000e+03,-5.489999999999655210e-06,0.000000000000000000e+00
5.165000000000000000e+03,-5.569999999999655291e-06,0.000000000000000000e+00
5.166000000000000000e+03,-5.649999999999655372e-06,0.000000000000000000e+00
5.167000000000000000e+03,-5.729999999999655454e-06,0.000000000000000000e+00
5.168000000000000000e+03,-5.809999999999655535e-06,0.000000000000000000e+00
5.169000000000000000e+03,-5.889999999999655616e-06,0.000000000000000000e+00
5.170000000000000000e+03,-5.969999999999655697e-06,0.000000000000000000e+00
5.171000000000000000e+03,-6.049999999999655778e-06,0.000000000000000000e+00
5.172000000000000000e+03,-6.129999999999655859e-06,0.000000000000000000e+00
5.173000000000000000e+03,-6.209999999999655940e-06,0.000000000000000000e+00
5.174000000000000000e+03,-6.289999999999656021e-06,0.000000000000000000e+00
5.175000000000000000e+03,-6.369999999999656102e-06,0.000000000000000000e+00
5.176000000000000000e+03,-6.449999999999656183e-06,0.000000000000000000e+00
5.177000000000000000e+03,-6.529999999999656264e-06,0.000000000000000000e+00
5.178000000000000000e+03,-6.609999999999656345e-06,0.000000000000000000e+00
5.179000000000000000e+03,-6.689999999999656427e-06,0.000000000000000000e+00
5.180000000000000000e+03,-6.769999999999656508e-06,0.000000000000000000e+00
5.181000000000000000e+03,-6.849999999999656589e-06,0.000000000000000000e+00
5.182000000000000000e+03,-6.929999999999656670e-06,0.000000000000000000e+00
5.183000000000000000e+03,-7.009999999999656751e-06,0.000000000000000000e+00
5.184000000000000000e+03,-7.089999999999656832e-06,0.000000000000000000e+00
5.185000000000000000e+03,-7.169999999999656913e-06,0.000000000000000000e+00
5.186000000000000000e+03,-7.249999999999656994e-06,0.000000000000000000e+00
5.187000000000000000e+03,-7.329999999999657075e-06,0.000000000000000000e+00
5.188000000000000000e+03,-7.409999999999657156e-06,0.000000000000000000e+00
5.189000000000000000e+03,-7.489999999999657237e-06,0.000000000000000000e+00
5.190000000000000000e+03,-7.569999999999657318e-06,0.000000000000000000e+00
5.191000000000000000e+03,-7.649999999999657400e-06,0.000000000000000000e+00
5.192000000000000000e+03,-7.729999999999656634e-06,0.000000000000000000e+00
5.193000000000000000e+03,-7.809999999999655868e-06,0.000000000000000000e+00
5.194000000000000000e+03,-7.889999999999655102e-06,0.000000000000000000e+00
5.195000000000000000e+03,-7.969999999999654336e-06,0.000000000000000000e+00
5.196000000000000000e+03,-8.049999999999653570e-06,0.000000000000000000e+00
5.197000000000000000e+03,-8.129999999999652804e-06,0.000000000000000000e+00
5.198000000000000000e+03,-8.209999999999652038e-06,0.000000000000000000e+00
5.199000000000000000e+03,-8.289999999999651272e-06,0.000000000000000000e+00
5.200000000000000000e+03,-8.369999999999650506e-06,6.097560975609755962e-01
5.201000000000000000e+03,-8.449999999999649740e-06,6.280487804878048808e-01
5.202000000000000000e+03,-8.529999999999648974e-06,6.585365853658536883e-01
5.203000000000000000e+03,-8.609999999999648208e-06,6.951219512195121464e-01
5.204000000000000000e+03,-8.689999999999647442e-06,7.134146341463414309e-01
5.205000000000000000e+03,-8.769999999999646676e-06,7.256097560975609539e-01
5.206000000000000000e+03,-8.849999999999645910e-06,7.378048780487804770e-01
5.207000000000000000e+03,-8.929999999999645144e-06,7.378048780487804770e-01
5.208000000000000000e+03,-9.009999999999644378e-06,7.378048780487804770e-01
5.209000000000000000e+03,-9.089999999999643612e-06,7.439024390243902385e-01
5.210000000000000000e+03,-9.169999999999642847e-06,7.560975609756097615e-01
5.211000000000000000e+03,-9.249999999999642081e-06,7.560975609756097615e-01
5.212000000000000000e+03,-9.329999999999641315e-06,7.621951219512195230e-01
5.213000000000000000e+03,-9.409999999999640549e-06,7.743902439024390461e-01
5.214000000000000000e+03,-9.489999999999639783e-06,7.743902439024390461e-01
5.215000000000000000e+03,-9.569999999999639017e-06,7.743902439024390461e-01
5.216000000000000000e+03,-9.649999999999638251e-06,7.743902439024390461e-01
5.217000000000000000e+03,-9.729999999999637485e-06,7.804878048780488076e-01
5.218000000000000000e+03,-9.809999999999636719e-06,7.804878048780488076e-01
5.219000000000000000e+03,-9.889999999999635953e-06,7.865853658536585691e-01
5.220000000000000000e+03,-9.969999999999635187e-06,7.865853658536585691e-01
5.221000000000000000e+03,-1.004999999999963442e-05,7.865853658536585691e-01
5.222000000000000000e+03,-1.012999999999963366e-05,7.987804878048780921e-01
5.223000000000000000e+03,-1.020999999999963289e-05,7.987804878048780921e-01
5.224000000000000000e+03,-1.028999999999963212e-05,8.048780487804878536e-01
5.225000000000000000e+03,-2.439999999999631049e-06,0.000000000000000000e+00
5.226000000000000000e+03,-2.519999999999631130e-06,0.000000000000000000e+00
5.227000000000000000e+03,-2.599999999999631211e-06,0.000000000000000000e+00
5.228000000000000000e+03,-2.679999999999631292e-06,0.000000000000000000e+00
5.229000000000000000e+03,-2.759999999999631373e-06,0.000000000000000000e+00
5.230000000000000000e+03,-2.839999999999631455e-06,0.000000000000000000e+00
5.231000000000000000e+03,-2.919999999999631536e-06,0.000000000000000000e+00
5.232000000000000000e+03,-2.999999999999631617e-06,0.000000000000000000e+00
5.233000000000000000e+03,-3.079999999999631698e-06,0.000000000000000000e+00
5.234000000000000000e+03,-3.159999999999631779e-06,0.000000000000000000e+00
5.235000000000000000e+03,-3.239999999999631860e-06,0.000000000000000000e+00
5.236000000000000000e+03,-3.319999999999631941e-06,0.000000000000000000e+00
5.237000000000000000e+03,-3.399999999999632022e-06,0.000000000000000000e+00
5.238000000000000000e+03,-3.479999999999632103e-06,0.000000000000000000e+00
5.239000000000000000e+03,-3.559999999999632184e-06,0.000000000000000000e+00
5.240000000000000000e+03,-3.639999999999632265e-06,0.000000000000000000e+00
5.241000000000000000e+03,-3.719999999999632346e-06,0.000000000000000000e+00
5.242000000000000000e+03,-3.799999999999632428e-06,0.000000000000000000e+00
5.243000000000000000e+03,-3.879999999999632509e-06,0.000000000000000000e+00
5.244000000000000000e+03,-3.959999999999632590e-06,0.000000000000000000e+00
5.245000000000000000e+03,-4.039999999999632671e-06,0.000000000000000000e+00
5.246000000000000000e+03,-4.119999999999632752e-06,0.000000000000000000e+00
5.247000000000000000e+03,-4.199999999999632833e-06,0.000000000000000000e+00
5.248000000000000000e+03,-4.279999999999632914e-06,0.000000000000000000e+00
5.249000000000000000e+03,-4.359999999999632995e-06,0.000000000000000000e+00
5.250000000000000000e+03,-4.439999999999633076e-06,0.000000000000000000e+00
5.251000000000000000e+03,-4.519999999999633157e-06,0.000000000000000000e+00
5.252000000000000000e+03,-4.599999999999633238e-06,0.000000000000000000e+00
5.253000000000000000e+03,-4.679999999999633319e-06,0.000000000000000000e+00
5.254000000000000000e+03,-4.759999999999633400e-06,0.000000000000000000e+00
5.255000000000000000e+03,-4.839999999999633482e-06,0.000000000000000000e+00
5.256000000000000000e+03,-4.919999999999633563e-06,0.000000000000000000e+00
5.257000000000000000e+03,-4.999999999999633644e-06,0.000000000000000000e+00
5.258000000000000000e+03,-5.079999999999633725e-06,0.000000000000000000e+00
5.259000000000000000e+03,-5.159999999999633806e-06,0.000000000000000000e+00
5.260000000000000000e+03,-5.239999999999633887e-06,0.000000000000000000e+00
5.261000000000000000e+03,-5.319999999999633968e-06,0.000000000000000000e+00
5.262000000000000000e+03,-5.399999999999634049e-06,0.000000000000000000e+00
5.263000000000000000e+03,-5.479999999999634130e-06,0.000000000000000000e+00
5.264000000000000000e+03,-5.559999999999634211e-06,0.000000000000000000e+00
5.265000000000000000e+03,-5.639999999999634292e-06,0.000000000000000000e+00
5.266000000000000000e+03,-5.719999999999634373e-06,0.000000000000000000e+00
5.267000000000000000e+03,-5.799999999999634455e-06,0.000000000000000000e+00
5.268000000000000000e+03,-5.879999999999634536e-06,0.000000000000000000e+00
5.269000000000000000e+03,-5.959999999999634617e-06,0.000000000000000000e+00
5.270000000000000000e+03,-6.039999999999634698e-06,0.000000000000000000e+00
5.271000000000000000e+03,-6.119999999999634779e-06,0.000000000000000000e+00
5.272000000000000000e+03,-6.199999999999634860e-06,0.000000000000000000e+00
5.273000000000000000e+03,-6.279999999999634941e-06,0.000000000000000000e+00
5.274000000000000000e+03,-6.359999999999635022e-06,0.000000000000000000e+00
5.275000000000000000e+03,-6.439999999999635103e-06,0.000000000000000000e+00
5.276000000000000000e+03,-6.519999999999635184e-06,0.000000000000000000e+00
5.277000000000000000e+03,-6.599999999999635265e-06,0.000000000000000000e+00
5.278000000000000000e+03,-6.679999999999635346e-06,0.000000000000000000e+00
5.279000000000000000e+03,-6.759999999999635428e-06,0.000000000000000000e+00
5.280000000000000000e+03,-6.839999999999635509e-06,0.000000000000000000e+00
5.281000000000000000e+03,-6.919999999999635590e-06,0.000000000000000000e+00
5.282000000000000000e+03,-6.999999999999635671e-06,0.000000000000000000e+00
5.283000000000000000e+03,-7.079999999999635752e-06,0.000000000000000000e+00
5.284000000000000000e+03,-7.159999999999635833e-06,0.000000000000000000e+00
5.285000000000000000e+03,-7.239999999999635914e-06,0.000000000000000000e+00
5.286000000000000000e+03,-7.319999999999635995e-06,0.000000000000000000e+00
5.287000000000000000e+03,-7.399999999999636076e-06,0.000000000000000000e+00
5.288000000000000000e+03,-7.479999999999636157e-06,0.000000000000000000e+00
5.289000000000000000e+03,-7.559999999999636238e-06,0.000000000000000000e+00
5.290000000000000000e+03,-7.639999999999635472e-06,0.000000000000000000e+00
5.291000000000000000e+03,-7.719999999999634707e-06,0.000000000000000000e+00
5.292000000000000000e+03,-7.799999999999633941e-06,0.000000000000000000e+00
5.293000000000000000e+03,-7.879999999999633175e-06,0.000000000000000000e+00
5.294000000000000000e+03,-7.959999999999632409e-06,0.000000000000000000e+00
5.295000000000000000e+03,-8.039999999999631643e-06,0.000000000000000000e+00
5.296000000000000000e+03,-8.119999999999630877e-06,0.000000000000000000e+00
5.297000000000000000e+03,-8.199999999999630111e-06,0.000000000000000000e+00
5.298000000000000000e+03,-8.279999999999629345e-06,0.000000000000000000e+00
5.299000000000000000e+03,-8.359999999999628579e-06,0.000000000000000000e+00
5.300000000000000000e+03,-8.439999999999627813e-06,0.000000000000000000e+00
5.301000000000000000e+03,-8.519999999999627047e-06,0.000000000000000000e+00
5.302000000000000000e+03,-8.599999999999626281e-06,3.414634146341463672e-01
5.303000000000000000e+03,-8.679999999999625515e-06,3.658536585365853577e-01
5.304000000000000000e+03,-8.759999999999624749e-06,4.207317073170731558e-01
5.305000000000000000e+03,-8.839999999999623983e-06,4.817073170731707155e-01
5.306000000000000000e+03,-8.919999999999623217e-06,5.487804878048780921e-01
5.307000000000000000e+03,-8.999999999999622451e-06,6.463414634146341653e-01
5.308000000000000000e+03,-9.079999999999621685e-06,6.768292682926829729e-01
5.309000000000000000e+03,-9.159999999999620919e-06,7.073170731707316694e-01
5.310000000000000000e+03,-9.239999999999620153e-06,7.317073170731707155e-01
5.311000000000000000e+03,-9.319999999999619388e-06,7.500000000000000000e-01
5.312000000000000000e+03,-9.399999999999618622e-06,7.621951219512195230e-01
5.313000000000000000e+03,-9.479999999999617856e-06,7.621951219512195230e-01
5.314000000000000000e+03,-9.559999999999617090e-06,7.743902439024390461e-01
5.315000000000000000e+03,-9.639999999999616324e-06,7.865853658536585691e-01
5.316000000000000000e+03,-9.719999999999615558e-06,7.865853658536585691e-01
5.317000000000000000e+03,-9.799999999999614792e-06,8.048780487804878536e-01
5.318000000000000000e+03,-1.949999999999613718e-06,0.000000000000000000e+00
5.319000000000000000e+03,-2.029999999999613799e-06,0.000000000000000000e+00
5.320000000000000000e+03,-2.109999999999613880e-06,0.000000000000000000e+00
5.321000000000000000e+03,-2.189999999999613961e-06,0.000000000000000000e+00
5.322000000000000000e+03,-2.269999999999614042e-06,0.000000000000000000e+00
5.323000000000000000e+03,-2.349999999999614123e-06,0.000000000000000000e+00
5.324000000000000000e+03,-2.429999999999614204e-06,0.000000000000000000e+00
5.325000000000000000e+03,-2.509999999999614285e-06,0.000000000000000000e+00
5.326000000000000000e+03,-2.589999999999614366e-06,0.000000000000000000e+00
5.327000000000000000e+03,-2.669999999999614447e-06,0.000000000000000000e+00
5.328000000000000000e+03,-2.749999999999614529e-06,0.000000000000000000e+00
5.329000000000000000e+03,-2.829999999999614610e-06,0.000000000000000000e+00
5.330000000000000000e+03,-2.909999999999614691e-06,0.000000000000000000e+00
5.331000000000000000e+03,-2.989999999999614772e-06,0.000000000000000000e+00
5.332000000000000000e+03,-3.069999999999614853e-06,0.000000000000000000e+00
5.333000000000000000e+03,-3.149999999999614934e-06,0.000000000000000000e+00
5.334000000000000000e+03,-3.229999999999615015e-06,0.000000000000000000e+00
5.335000000000000000e+03,-3.309999999999615096e-06,0.000000000000000000e+00
5.336000000000000000e+03,-3.389999999999615177e-06,0.000000000000000000e+00
5.337000000000000000e+03,-3.469999999999615258e-06,0.000000000000000000e+00
5.338000000000000000e+03,-3.549999999999615339e-06,0.000000000000000000e+00
5.339000000000000000e+03,-3.629999999999615420e-06,0.000000000000000000e+00
5.340000000000000000e+03,-3.709999999999615502e-06,0.000000000000000000e+00
5.341000000000000000e+03,-3.789999999999615583e-06,0.000000000000000000e+00
5.342000000000000000e+03,-3.869999999999615664e-06,0.000000000000000000e+00
5.343000000000000000e+03,-3.949999999999615745e-06,0.000000000000000000e+00
5.344000000000000000e+03,-4.029999999999615826e-06,0.000000000000000000e+00
5.345000000000000000e+03,-4.109999999999615907e-06,0.000000000000000000e+00
5.346000000000000000e+03,-4.189999999999615988e-06,0.000000000000000000e+00
5.347000000000000000e+03,-4.269999999999616069e-06,0.000000000000000000e+00
5.348000000000000000e+03,-4.349999999999616150e-06,0.000000000000000000e+00
5.349000000000000000e+03,-4.429999999999616231e-06,0.000000000000000000e+00
5.350000000000000000e+03,-4.509999999999616312e-06,0.000000000000000000e+00
5.351000000000000000e+03,-4.589999999999616393e-06,0.000000000000000000e+00
5.352000000000000000e+03,-4.669999999999616475e-06,0.000000000000000000e+00
5.353000000000000000e+03,-4.749999999999616556e-06,0.000000000000000000e+00
5.354000000000000000e+03,-4.829999999999616637e-06,0.000000000000000000e+00
5.355000000000000000e+03,-4.909999999999616718e-06,0.000000000000000000e+00
5.356000000000000000e+03,-4.989999999999616799e-06,0.000000000000000000e+00
5.357000000000000000e+03,-5.069999999999616880e-06,0.000000000000000000e+00
5.358000000000000000e+03,-5.149999999999616961e-06,0.000000000000000000e+00
5.359000000000000000e+03,-5.229999999999617042e-06,0.000000000000000000e+00
5.360000000000000000e+03,-5.309999999999617123e-06,0.000000000000000000e+00
5.361000000000000000e+03,-5.389999999999617204e-06,0.000000000000000000e+00
5.362000000000000000e+03,-5.469999999999617285e-06,0.000000000000000000e+00
5.363000000000000000e+03,-5.549999999999617366e-06,0.000000000000000000e+00
5.364000000000000000e+03,-5.629999999999617447e-06,0.000000000000000000e+00
5.365000000000000000e+03,-5.709999999999617529e-06,0.000000000000000000e+00
5.366000000000000000e+03,-5.789999999999617610e-06,0.000000000000000000e+00
5.367000000000000000e+03,-5.869999999999617691e-06,0.000000000000000000e+00
5.368000000000000000e+03,-5.949999999999617772e-06,0.000000000000000000e+00
5.369000000000000000e+03,-6.029999999999617853e-06,0.000000000000000000e+00
5.370000000000000000e+03,-6.109999999999617934e-06,0.000000000000000000e+00
5.371000000000000000e+03,-6.189999999999618015e-06,0.000000000000000000e+00
5.372000000000000000e+03,-6.269999999999618096e-06,0.000000000000000000e+00
5.373000000000000000e+03,-6.349999999999618177e-06,0.000000000000000000e+00
5.374000000000000000e+03,-6.429999999999618258e-06,0.000000000000000000e+00
5.375000000000000000e+03,-6.509999999999618339e-06,0.000000000000000000e+00
5.376000000000000000e+03,-6.589999999999618420e-06,0.000000000000000000e+00
5.377000000000000000e+03,-6.669999999999618502e-06,0.000000000000000000e+00
5.378000000000000000e+03,-6.749999999999618583e-06,0.000000000000000000e+00
5.379000000000000000e+03,-6.829999999999618664e-06,0.000000000000000000e+00
5.380000000000000000e+03,-6.909999999999618745e-06,0.000000000000000000e+00
5.381000000000000000e+03,-6.989999999999618826e-06,0.000000000000000000e+00
5.382000000000000000e+03,-7.069999999999618907e-06,0.000000000000000000e+00
5.383000000000000000e+03,-7.149999999999618988e-06,0.000000000000000000e+00
5.384000000000000000e+03,-7.229999999999619069e-06,0.000000000000000000e+00
5.385000000000000000e+03,-7.309999999999619150e-06,0.000000000000000000e+00
5.386000000000000000e+03,-7.389999999999619231e-06,0.000000000000000000e+00
5.387000000000000000e+03,-7.469999999999619312e-06,0.000000000000000000e+00
5.388000000000000000e+03,-7.549999999999619393e-06,0.000000000000000000e+00
5.389000000000000000e+03,-7.629999999999618628e-06,0.000000000000000000e+00
5.390000000000000000e+03,-7.709999999999617862e-06,0.000000000000000000e+00
5.391000000000000000e+03,-7.789999999999617096e-06,0.000000000000000000e+00
5.392000000000000000e+03,-7.869999999999616330e-06,0.000000000000000000e+00
5.393000000000000000e+03,-7.949999999999615564e-06,0.000000000000000000e+00
5.394000000000000000e+03,-8.029999999999614798e-06,0.000000000000000000e+00
5.395000000000000000e+03,-8.109999999999614032e-06,0.000000000000000000e+00
5.396000000000000000e+03,-8.189999999999613266e-06,0.000000000000000000e+00
5.397000000000000000e+03,-8.269999999999612500e-06,0.000000000000000000e+00
5.398000000000000000e+03,-8.349999999999611734e-06,0.000000000000000000e+00
5.399000000000000000e+03,-8.429999999999610968e-06,0.000000000000000000e+00
5.400000000000000000e+03,-8.509999999999610202e-06,0.000000000000000000e+00
5.401000000000000000e+03,-8.589999999999609436e-06,4.573170731707317249e-01
5.402000000000000000e+03,-8.669999999999608670e-06,5.000000000000000000e-01
5.403000000000000000e+03,-8.749999999999607904e-06,5.487804878048780921e-01
5.404000000000000000e+03,-8.829999999999607138e-06,5.853658536585365502e-01
5.405000000000000000e+03,-8.909999999999606372e-06,6.280487804878048808e-01
5.406000000000000000e+03,-8.989999999999605606e-06,6.463414634146341653e-01
5.407000000000000000e+03,-9.069999999999604840e-06,6.707317073170732113e-01
5.408000000000000000e+03,-9.149999999999604074e-06,6.890243902439023849e-01
5.409000000000000000e+03,-9.229999999999603309e-06,6.890243902439023849e-01
5.410000000000000000e+03,-9.309999999999602543e-06,7.012195121951219079e-01
5.411000000000000000e+03,-9.389999999999601777e-06,7.317073170731707155e-01
5.412000000000000000e+03,-9.469999999999601011e-06,7.378048780487804770e-01
5.413000000000000000e+03,-9.549999999999600245e-06,7.500000000000000000e-01
5.414000000000000000e+03,-9.629999999999599479e-06,7.560975609756097615e-01
5.415000000000000000e+03,-9.709999999999598713e-06,7.560975609756097615e-01
5.416000000000000000e+03,-9.789999999999597947e-06,7.621951219512195230e-01
5.417000000000000000e+03,-9.869999999999597181e-06,7.682926829268292845e-01
5.418000000000000000e+03,-9.949999999999596415e-06,7.682926829268292845e-01
5.419000000000000000e+03,-1.002999999999959565e-05,7.804878048780488076e-01
5.420000000000000000e+03,-1.010999999999959488e-05,7.804878048780488076e-01
5.421000000000000000e+03,-1.018999999999959412e-05,7.865853658536585691e-01
5.422000000000000000e+03,-1.026999999999959335e-05,7.987804878048780921e-01
5.423000000000000000e+03,-1.034999999999959259e-05,7.987804878048780921e-01
5.424000000000000000e+03,-1.042999999999959182e-05,7.987804878048780921e-01
5.425000000000000000e+03,-1.050999999999959105e-05,7.987804878048780921e-01
5.426000000000000000e+03,-1.058999999999959029e-05,7.987804878048780921e-01
5.427000000000000000e+03,-1.066999999999958952e-05,7.987804878048780921e-01
5.428000000000000000e+03,-1.074999999999958876e-05,7.987804878048780921e-01
5.429000000000000000e+03,-1.082999999999958799e-05,8.109756097560976151e-01
5.430000000000000000e+03,-2.829999999999586658e-06,0.000000000000000000e+00
5.431000000000000000e+03,-2.909999999999586739e-06,0.000000000000000000e+00
5.432000000000000000e+03,-2.989999999999586820e-06,0.000000000000000000e+00
5.433000000000000000e+03,-3.069999999999586901e-06,0.000000000000000000e+00
5.434000000000000000e+03,-3.149999999999586982e-06,0.000000000000000000e+00
5.435000000000000000e+03,-3.229999999999587063e-06,0.000000000000000000e+00
5.436000000000000000e+03,-3.309999999999587144e-06,0.000000000000000000e+00
5.437000000000000000e+03,-3.389999999999587225e-06,0.000000000000000000e+00
5.438000000000000000e+03,-3.469999999999587306e-06,0.000000000000000000e+00
5.439000000000000000e+03,-3.549999999999587387e-06,0.000000000000000000e+00
5.440000000000000000e+03,-3.629999999999587468e-06,0.000000000000000000e+00
5.441000000000000000e+03,-3.709999999999587549e-06,0.000000000000000000e+00
5.442000000000000000e+03,-3.789999999999587630e-06,0.000000000000000000e+00
5.443000000000000000e+03,-3.869999999999587712e-06,0.000000000000000000e+00
5.444000000000000000e+03,-3.949999999999587793e-06,0.000000000000000000e+00
5.445000000000000000e+03,-4.029999999999587874e-06,0.000000000000000000e+00
5.446000000000000000e+03,-4.109999999999587955e-06,0.000000000000000000e+00
5.447000000000000000e+03,-4.189999999999588036e-06,0.000000000000000000e+00
5.448000000000000000e+03,-4.269999999999588117e-06,0.000000000000000000e+00
5.449000000000000000e+03,-4.349999999999588198e-06,0.000000000000000000e+00
5.450000000000000000e+03,-4.429999999999588279e-06,0.000000000000000000e+00
5.451000000000000000e+03,-4.509999999999588360e-06,0.000000000000000000e+00
5.452000000000000000e+03,-4.589999999999588441e-06,0.000000000000000000e+00
5.453000000000000000e+03,-4.669999999999588522e-06,0.000000000000000000e+00
5.454000000000000000e+03,-4.749999999999588603e-06,0.000000000000000000e+00
5.455000000000000000e+03,-4.829999999999588685e-06,0.000000000000000000e+00
5.456000000000000000e+03,-4.909999999999588766e-06,0.000000000000000000e+00
5.457000000000000000e+03,-4.989999999999588847e-06,0.000000000000000000e+00
5.458000000000000000e+03,-5.069999999999588928e-06,0.000000000000000000e+00
5.459000000000000000e+03,-5.149999999999589009e-06,0.000000000000000000e+00
5.460000000000000000e+03,-5.229999999999589090e-06,0.000000000000000000e+00
5.461000000000000000e+03,-5.309999999999589171e-06,0.000000000000000000e+00
5.462000000000000000e+03,-5.389999999999589252e-06,0.000000000000000000e+00
5.463000000000000000e+03,-5.469999999999589333e-06,0.000000000000000000e+00
5.464000000000000000e+03,-5.549999999999589414e-06,0.000000000000000000e+00
5.465000000000000000e+03,-5.629999999999589495e-06,0.000000000000000000e+00
5.466000000000000000e+03,-5.709999999999589576e-06,0.000000000000000000e+00
5.467000000000000000e+03,-5.789999999999589658e-06,0.000000000000000000e+00
5.468000000000000000e+03,-5.869999999999589739e-06,0.000000000000000000e+00
5.469000000000000000e+03,-5.949999999999589820e-06,0.000000000000000000e+00
5.470000000000000000e+03,-6.029999999999589901e-06,0.000000000000000000e+00
5.471000000000000000e+03,-6.109999999999589982e-06,0.000000000000000000e+00
5.472000000000000000e+03,-6.189999999999590063e-06,0.000000000000000000e+00
5.473000000000000000e+03,-6.269999999999590144e-06,0.000000000000000000e+00
5.474000000000000000e+03,-6.349999999999590225e-06,0.000000000000000000e+00
5.475000000000000000e+03,-6.429999999999590306e-06,0.000000000000000000e+00
5.476000000000000000e+03,-6.509999999999590387e-06,0.000000000000000000e+00
5.477000000000000000e+03,-6.589999999999590468e-06,0.000000000000000000e+00
5.478000000000000000e+03,-6.669999999999590549e-06,0.000000000000000000e+00
5.479000000000000000e+03,-6.749999999999590631e-06,0.000000000000000000e+00
5.480000000000000000e+03,-6.829999999999590712e-06,0.000000000000000000e+00
5.481000000000000000e+03,-6.909999999999590793e-06,0.000000000000000000e+00
5.482000000000000000e+03,-6.989999999999590874e-06,0.000000000000000000e+00
5.483000000000000000e+03,-7.069999999999590955e-06,0.000000000000000000e+00
5.484000000000000000e+03,-7.149999999999591036e-06,0.000000000000000000e+00
5.485000000000000000e+03,-7.229999999999591117e-06,0.000000000000000000e+00
5.486000000000000000e+03,-7.309999999999591198e-06,0.000000000000000000e+00
5.487000000000000000e+03,-7.389999999999591279e-06,0.000000000000000000e+00
5.488000000000000000e+03,-7.469999999999591360e-06,0.000000000000000000e+00
5.489000000000000000e+03,-7.549999999999591441e-06,0.000000000000000000e+00
5.490000000000000000e+03,-7.629999999999591522e-06,0.000000000000000000e+00
5.491000000000000000e+03,-7.709999999999590757e-06,0.000000000000000000e+00
5.492000000000000000e+03,-7.789999999999589991e-06,0.000000000000000000e+00
5.493000000000000000e+03,-7.869999999999589225e-06,0.000000000000000000e+00
5.494000000000000000e+03,-7.949999999999588459e-06,0.000000000000000000e+00
5.495000000000000000e+03,-8.029999999999587693e-06,0.000000000000000000e+00
5.496000000000000000e+03,-8.109999999999586927e-06,0.000000000000000000e+00
5.497000000000000000e+03,-8.189999999999586161e-06,0.000000000000000000e+00
5.498000000000000000e+03,-8.269999999999585395e-06,0.000000000000000000e+00
5.499000000000000000e+03,-8.349999999999584629e-06,0.000000000000000000e+00
5.500000000000000000e+03,-8.429999999999583863e-06,0.000000000000000000e+00
5.501000000000000000e+03,-8.509999999999583097e-06,0.000000000000000000e+00
5.502000000000000000e+03,-8.589999999999582331e-06,0.000000000000000000e+00
5.503000000000000000e+03,-8.669999999999581565e-06,0.000000000000000000e+00
5.504000000000000000e+03,-8.749999999999580799e-06,0.000000000000000000e+00
5.505000000000000000e+03,-8.829999999999580033e-06,0.000000000000000000e+00
5.506000000000000000e+03,-8.909999999999579267e-06,0.000000000000000000e+00
5.507000000000000000e+03,-8.989999999999578501e-06,0.000000000000000000e+00
5.508000000000000000e+03,-9.069999999999577735e-06,0.000000000000000000e+00
5.509000000000000000e+03,-9.149999999999576969e-06,2.987804878048780366e-01
5.510000000000000000e+03,-9.229999999999576203e-06,4.085365853658536328e-01
5.511000000000000000e+03,-9.309999999999575438e-06,5.304878048780488076e-01
5.512000000000000000e+03,-9.389999999999574672e-06,5.548780487804878536e-01
5.513000000000000000e+03,-9.469999999999573906e-06,6.036585365853658347e-01
5.514000000000000000e+03,-9.549999999999573140e-06,6.402439024390244038e-01
5.515000000000000000e+03,-9.629999999999572374e-06,6.890243902439023849e-01
5.516000000000000000e+03,-9.709999999999571608e-06,7.317073170731707155e-01
5.517000000000000000e+03,-9.789999999999570842e-06,7.378048780487804770e-01
5.518000000000000000e+03,-9.869999999999570076e-06,7.439024390243902385e-01
5.519000000000000000e+03,-9.949999999999569310e-06,7.439024390243902385e-01
5.520000000000000000e+03,-1.002999999999956854e-05,7.500000000000000000e-01
5.521000000000000000e+03,-1.010999999999956778e-05,7.743902439024390461e-01
5.522000000000000000e+03,-1.018999999999956701e-05,7.743902439024390461e-01
5.523000000000000000e+03,-1.026999999999956625e-05,7.804878048780488076e-01
5.524000000000000000e+03,-1.034999999999956548e-05,7.804878048780488076e-01
5.525000000000000000e+03,-1.042999999999956471e-05,7.804878048780488076e-01
5.526000000000000000e+03,-1.050999999999956395e-05,7.987804878048780921e-01
5.527000000000000000e+03,-1.058999999999956318e-05,7.987804878048780921e-01
5.528000000000000000e+03,-1.066999999999956242e-05,7.987804878048780921e-01
5.529000000000000000e+03,-1.074999999999956165e-05,7.987804878048780921e-01
5.530000000000000000e+03,-1.082999999999956088e-05,7.987804878048780921e-01
5.531000000000000000e+03,-1.090999999999956012e-05,7.987804878048780921e-01
5.532000000000000000e+03,-1.098999999999955935e-05,8.109756097560976151e-01
5.533000000000000000e+03,-3.139999999999558278e-06,0.000000000000000000e+00
5.534000000000000000e+03,-3.219999999999558360e-06,0.000000000000000000e+00
5.535000000000000000e+03,-3.299999999999558441e-06,0.000000000000000000e+00
5.536000000000000000e+03,-3.379999999999558522e-06,0.000000000000000000e+00
5.537000000000000000e+03,-3.459999999999558603e-06,0.000000000000000000e+00
5.538000000000000000e+03,-3.539999999999558684e-06,0.000000000000000000e+00
5.539000000000000000e+03,-3.619999999999558765e-06,0.000000000000000000e+00
5.540000000000000000e+03,-3.699999999999558846e-06,0.000000000000000000e+00
5.541000000000000000e+03,-3.779999999999558927e-06,0.000000000000000000e+00
5.542000000000000000e+03,-3.859999999999559008e-06,0.000000000000000000e+00
5.543000000000000000e+03,-3.939999999999559089e-06,0.000000000000000000e+00
5.544000000000000000e+03,-4.019999999999559170e-06,0.000000000000000000e+00
5.545000000000000000e+03,-4.099999999999559251e-06,0.000000000000000000e+00
5.546000000000000000e+03,-4.179999999999559333e-06,0.000000000000000000e+00
5.547000000000000000e+03,-4.259999999999559414e-06,0.000000000000000000e+00
5.548000000000000000e+03,-4.339999999999559495e-06,0.000000000000000000e+00
5.549000000000000000e+03,-4.419999999999559576e-06,0.000000000000000000e+00
5.550000000000000000e+03,-4.499999999999559657e-06,0.000000000000000000e+00
5.551000000000000000e+03,-4.579999999999559738e-06,0.000000000000000000e+00
5.552000000000000000e+03,-4.659999999999559819e-06,0.000000000000000000e+00
5.553000000000000000e+03,-4.739999999999559900e-06,0.000000000000000000e+00
5.554000000000000000e+03,-4.819999999999559981e-06,0.000000000000000000e+00
5.555000000000000000e+03,-4.899999999999560062e-06,0.000000000000000000e+00
5.556000000000000000e+03,-4.979999999999560143e-06,0.000000000000000000e+00
5.557000000000000000e+03,-5.059999999999560224e-06,0.000000000000000000e+00
5.558000000000000000e+03,-5.139999999999560306e-06,0.000000000000000000e+00
5.559000000000000000e+03,-5.219999999999560387e-06,0.000000000000000000e+00
5.560000000000000000e+03,-5.299999999999560468e-06,0.000000000000000000e+00
5.561000000000000000e+03,-5.379999999999560549e-06,0.000000000000000000e+00
5.562000000000000000e+03,-5.459999999999560630e-06,0.000000000000000000e+00
5.563000000000000000e+03,-5.539999999999560711e-06,0.000000000000000000e+00
5.564000000000000000e+03,-5.619999999999560792e-06,0.000000000000000000e+00
5.565000000000000000e+03,-5.699999999999560873e-06,0.000000000000000000e+00
5.566000000000000000e+03,-5.779999999999560954e-06,0.000000000000000000e+00
5.567000000000000000e+03,-5.859999999999561035e-06,0.000000000000000000e+00
5.568000000000000000e+03,-5.939999999999561116e-06,0.000000000000000000e+00
5.569000000000000000e+03,-6.019999999999561197e-06,0.000000000000000000e+00
5.570000000000000000e+03,-6.099999999999561279e-06,0.000000000000000000e+00
5.571000000000000000e+03,-6.179999999999561360e-06,0.000000000000000000e+00
5.572000000000000000e+03,-6.259999999999561441e-06,0.000000000000000000e+00
5.573000000000000000e+03,-6.339999999999561522e-06,0.000000000000000000e+00
5.574000000000000000e+03,-6.419999999999561603e-06,0.000000000000000000e+00
5.575000000000000000e+03,-6.499999999999561684e-06,0.000000000000000000e+00
5.576000000000000000e+03,-6.579999999999561765e-06,0.000000000000000000e+00
5.577000000000000000e+03,-6.659999999999561846e-06,0.000000000000000000e+00
5.578000000000000000e+03,-6.739999999999561927e-06,0.000000000000000000e+00
5.579000000000000000e+03,-6.819999999999562008e-06,0.000000000000000000e+00
5.580000000000000000e+03,-6.899999999999562089e-06,0.000000000000000000e+00
5.581000000000000000e+03,-6.979999999999562170e-06,0.000000000000000000e+00
5.582000000000000000e+03,-7.059999999999562252e-06,0.000000000000000000e+00
5.583000000000000000e+03,-7.139999999999562333e-06,0.000000000000000000e+00
5.584000000000000000e+03,-7.219999999999562414e-06,0.000000000000000000e+00
5.585000000000000000e+03,-7.299999999999562495e-06,0.000000000000000000e+00
5.586000000000000000e+03,-7.379999999999562576e-06,0.000000000000000000e+00
5.587000000000000000e+03,-7.459999999999562657e-06,0.000000000000000000e+00
5.588000000000000000e+03,-7.539999999999562738e-06,0.000000000000000000e+00
5.589000000000000000e+03,-7.619999999999562819e-06,0.000000000000000000e+00
5.590000000000000000e+03,-7.699999999999562053e-06,0.000000000000000000e+00
5.591000000000000000e+03,-7.779999999999561287e-06,0.000000000000000000e+00
5.592000000000000000e+03,-7.859999999999560521e-06,0.000000000000000000e+00
5.593000000000000000e+03,-7.939999999999559755e-06,0.000000000000000000e+00
5.594000000000000000e+03,-8.019999999999558989e-06,0.000000000000000000e+00
5.595000000000000000e+03,-8.099999999999558223e-06,0.000000000000000000e+00
5.596000000000000000e+03,-8.179999999999557457e-06,0.000000000000000000e+00
5.597000000000000000e+03,-8.259999999999556692e-06,0.000000000000000000e+00
5.598000000000000000e+03,-8.339999999999555926e-06,0.000000000000000000e+00
5.599000000000000000e+03,-8.419999999999555160e-06,0.000000000000000000e+00
5.600000000000000000e+03,-8.499999999999554394e-06,0.000000000000000000e+00
5.601000000000000000e+03,-8.579999999999553628e-06,0.000000000000000000e+00
5.602000000000000000e+03,-8.659999999999552862e-06,0.000000000000000000e+00
5.603000000000000000e+03,-8.739999999999552096e-06,0.000000000000000000e+00
5.604000000000000000e+03,-8.819999999999551330e-06,0.000000000000000000e+00
5.605000000000000000e+03,-8.899999999999550564e-06,0.000000000000000000e+00
5.606000000000000000e+03,-8.979999999999549798e-06,0.000000000000000000e+00
5.607000000000000000e+03,-9.059999999999549032e-06,0.000000000000000000e+00
5.608000000000000000e+03,-9.139999999999548266e-06,0.000000000000000000e+00
5.609000000000000000e+03,-9.219999999999547500e-06,0.000000000000000000e+00
5.610000000000000000e+03,-9.299999999999546734e-06,6.097560975609756309e-03
5.611000000000000000e+03,-9.379999999999545968e-06,3.719512195121951192e-01
5.612000000000000000e+03,-9.459999999999545202e-06,4.207317073170731558e-01
5.613000000000000000e+03,-9.539999999999544436e-06,4.878048780487804770e-01
5.614000000000000000e+03,-9.619999999999543670e-06,5.304878048780488076e-01
5.615000000000000000e+03,-9.699999999999542904e-06,6.158536585365853577e-01
5.616000000000000000e+03,-9.779999999999542138e-06,6.402439024390244038e-01
5.617000000000000000e+03,-9.859999999999541373e-06,6.890243902439023849e-01
5.618000000000000000e+03,-9.939999999999540607e-06,7.012195121951219079e-01
5.619000000000000000e+03,-1.001999999999953984e-05,7.256097560975609539e-01
5.620000000000000000e+03,-1.009999999999953907e-05,7.317073170731707155e-01
5.621000000000000000e+03,-1.017999999999953831e-05,7.439024390243902385e-01
5.622000000000000000e+03,-1.025999999999953754e-05,7.560975609756097615e-01
5.623000000000000000e+03,-1.033999999999953678e-05,7.743902439024390461e-01
5.624000000000000000e+03,-1.041999999999953601e-05,7.743902439024390461e-01
5.625000000000000000e+03,-1.049999999999953524e-05,7.743902439024390461e-01
5.626000000000000000e+03,-1.057999999999953448e-05,7.804878048780488076e-01
5.627000000000000000e+03,-1.065999999999953371e-05,7.865853658536585691e-01
5.628000000000000000e+03,-1.073999999999953295e-05,7.865853658536585691e-01
5.629000000000000000e+03,-1.081999999999953218e-05,7.987804878048780921e-01
5.630000000000000000e+03,-1.089999999999953142e-05,7.987804878048780921e-01
5.631000000000000000e+03,-1.097999999999953065e-05,7.987804878048780921e-01
5.632000000000000000e+03,-1.105999999999952988e-05,7.987804878048780921e-01
5.633000000000000000e+03,-1.113999999999952912e-05,8.048780487804878536e-01
5.634000000000000000e+03,-3.139999999999527785e-06,0.000000000000000000e+00
5.635000000000000000e+03,-3.219999999999527866e-06,0.000000000000000000e+00
5.636000000000000000e+03,-3.299999999999527947e-06,0.000000000000000000e+00
5.637000000000000000e+03,-3.379999999999528029e-06,0.000000000000000000e+00
5.638000000000000000e+03,-3.459999999999528110e-06,0.000000000000000000e+00
5.639000000000000000e+03,-3.539999999999528191e-06,0.000000000000000000e+00
5.640000000000000000e+03,-3.619999999999528272e-06,0.000000000000000000e+00
5.641000000000000000e+03,-3.699999999999528353e-06,0.000000000000000000e+00
5.642000000000000000e+03,-3.779999999999528434e-06,0.000000000000000000e+00
5.643000000000000000e+03,-3.859999999999528515e-06,0.000000000000000000e+00
5.644000000000000000e+03,-3.939999999999528596e-06,0.000000000000000000e+00
5.645000000000000000e+03,-4.019999999999528677e-06,0.000000000000000000e+00
5.646000000000000000e+03,-4.099999999999528758e-06,0.000000000000000000e+00
5.647000000000000000e+03,-4.179999999999528839e-06,0.000000000000000000e+00
5.648000000000000000e+03,-4.259999999999528920e-06,0.000000000000000000e+00
5.649000000000000000e+03,-4.339999999999529002e-06,0.000000000000000000e+00
5.650000000000000000e+03,-4.419999999999529083e-06,0.000000000000000000e+00
5.651000000000000000e+03,-4.499999999999529164e-06,0.000000000000000000e+00
5.652000000000000000e+03,-4.579999999999529245e-06,0.000000000000000000e+00
5.653000000000000000e+03,-4.659999999999529326e-06,0.000000000000000000e+00
5.654000000000000000e+03,-4.739999999999529407e-06,0.000000000000000000e+00
5.655000000000000000e+03,-4.819999999999529488e-06,0.000000000000000000e+00
5.656000000000000000e+03,-4.899999999999529569e-06,0.000000000000000000e+00
5.657000000000000000e+03,-4.979999999999529650e-06,0.000000000000000000e+00
5.658000000000000000e+03,-5.059999999999529731e-06,0.000000000000000000e+00
5.659000000000000000e+03,-5.139999999999529812e-06,0.000000000000000000e+00
5.660000000000000000e+03,-5.219999999999529893e-06,0.000000000000000000e+00
5.661000000000000000e+03,-5.299999999999529975e-06,0.000000000000000000e+00
5.662000000000000000e+03,-5.379999999999530056e-06,0.000000000000000000e+00
5.663000000000000000e+03,-5.459999999999530137e-06,0.000000000000000000e+00
5.664000000000000000e+03,-5.539999999999530218e-06,0.000000000000000000e+00
5.665000000000000000e+03,-5.619999999999530299e-06,0.000000000000000000e+00
5.666000000000000000e+03,-5.699999999999530380e-06,0.000000000000000000e+00
5.667000000000000000e+03,-5.779999999999530461e-06,0.000000000000000000e+00
5.668000000000000000e+03,-5.859999999999530542e-06,0.000000000000000000e+00
5.669000000000000000e+03,-5.939999999999530623e-06,0.000000000000000000e+00
5.670000000000000000e+03,-6.019999999999530704e-06,0.000000000000000000e+00
5.671000000000000000e+03,-6.099999999999530785e-06,0.000000000000000000e+00
5.672000000000000000e+03,-6.179999999999530866e-06,0.000000000000000000e+00
5.673000000000000000e+03,-6.259999999999530948e-06,0.000000000000000000e+00
5.674000000000000000e+03,-6.339999999999531029e-06,0.000000000000000000e+00
5.675000000000000000e+03,-6.419999999999531110e-06,0.000000000000000000e+00
5.676000000000000000e+03,-6.499999999999531191e-06,0.000000000000000000e+00
5.677000000000000000e+03,-6.579999999999531272e-06,0.000000000000000000e+00
5.678000000000000000e+03,-6.659999999999531353e-06,0.000000000000000000e+00
5.679000000000000000e+03,-6.739999999999531434e-06,0.000000000000000000e+00
5.680000000000000000e+03,-6.819999999999531515e-06,0.000000000000000000e+00
5.681000000000000000e+03,-6.899999999999531596e-06,0.000000000000000000e+00
5.682000000000000000e+03,-6.979999999999531677e-06,0.000000000000000000e+00
5.683000000000000000e+03,-7.059999999999531758e-06,0.000000000000000000e+00
5.684000000000000000e+03,-7.139999999999531839e-06,0.000000000000000000e+00
5.685000000000000000e+03,-7.219999999999531921e-06,0.000000000000000000e+00
5.686000000000000000e+03,-7.299999999999532002e-06,0.000000000000000000e+00
5.687000000000000000e+03,-7.379999999999532083e-06,0.000000000000000000e+00
5.688000000000000000e+03,-7.459999999999532164e-06,0.000000000000000000e+00
5.689000000000000000e+03,-7.539999999999532245e-06,0.000000000000000000e+00
5.690000000000000000e+03,-7.619999999999532326e-06,0.000000000000000000e+00
5.691000000000000000e+03,-7.699999999999531560e-06,0.000000000000000000e+00
5.692000000000000000e+03,-7.779999999999530794e-06,0.000000000000000000e+00
5.693000000000000000e+03,-7.859999999999530028e-06,0.000000000000000000e+00
5.694000000000000000e+03,-7.939999999999529262e-06,0.000000000000000000e+00
5.695000000000000000e+03,-8.019999999999528496e-06,0.000000000000000000e+00
5.696000000000000000e+03,-8.099999999999527730e-06,0.000000000000000000e+00
5.697000000000000000e+03,-8.179999999999526964e-06,0.000000000000000000e+00
5.698000000000000000e+03,-8.259999999999526198e-06,0.000000000000000000e+00
5.699000000000000000e+03,-8.339999999999525432e-06,0.000000000000000000e+00
5.700000000000000000e+03,-8.419999999999524666e-06,0.000000000000000000e+00
5.701000000000000000e+03,-8.499999999999523900e-06,0.000000000000000000e+00
5.702000000000000000e+03,-8.579999999999523135e-06,0.000000000000000000e+00
5.703000000000000000e+03,-8.659999999999522369e-06,0.000000000000000000e+00
5.704000000000000000e+03,-8.739999999999521603e-06,0.000000000000000000e+00
5.705000000000000000e+03,-8.819999999999520837e-06,0.000000000000000000e+00
5.706000000000000000e+03,-8.899999999999520071e-06,0.000000000000000000e+00
5.707000000000000000e+03,-8.979999999999519305e-06,0.000000000000000000e+00
5.708000000000000000e+03,-9.059999999999518539e-06,0.000000000000000000e+00
5.709000000000000000e+03,-9.139999999999517773e-06,0.000000000000000000e+00
5.710000000000000000e+03,-9.219999999999517007e-06,0.000000000000000000e+00
5.711000000000000000e+03,-9.299999999999516241e-06,0.000000000000000000e+00
5.712000000000000000e+03,-9.379999999999515475e-06,0.000000000000000000e+00
5.713000000000000000e+03,-9.459999999999514709e-06,0.000000000000000000e+00
5.714000000000000000e+03,-9.539999999999513943e-06,0.000000000000000000e+00
5.715000000000000000e+03,-9.619999999999513177e-06,0.000000000000000000e+00
5.716000000000000000e+03,-9.699999999999512411e-06,0.000000000000000000e+00
5.717000000000000000e+03,-9.779999999999511645e-06,0.000000000000000000e+00
5.718000000000000000e+03,-9.859999999999510879e-06,0.000000000000000000e+00
5.719000000000000000e+03,-9.939999999999510113e-06,0.000000000000000000e+00
5.720000000000000000e+03,-1.001999999999950935e-05,0.000000000000000000e+00
5.721000000000000000e+03,-1.009999999999950858e-05,0.000000000000000000e+00
5.722000000000000000e+03,-1.017999999999950782e-05,7.378048780487804770e-01
5.723000000000000000e+03,-1.025999999999950705e-05,7.500000000000000000e-01
5.724000000000000000e+03,-1.033999999999950628e-05,7.804878048780488076e-01
5.725000000000000000e+03,-1.041999999999950552e-05,7.865853658536585691e-01
5.726000000000000000e+03,-1.049999999999950475e-05,8.048780487804878536e-01
5.727000000000000000e+03,-2.799999999999503936e-06,0.000000000000000000e+00
5.728000000000000000e+03,-2.879999999999504017e-06,0.000000000000000000e+00
5.729000000000000000e+03,-2.959999999999504098e-06,0.000000000000000000e+00
5.730000000000000000e+03,-3.039999999999504179e-06,0.000000000000000000e+00
5.731000000000000000e+03,-3.119999999999504260e-06,0.000000000000000000e+00
5.732000000000000000e+03,-3.199999999999504341e-06,0.000000000000000000e+00
5.733000000000000000e+03,-3.279999999999504422e-06,0.000000000000000000e+00
5.734000000000000000e+03,-3.359999999999504503e-06,0.000000000000000000e+00
5.735000000000000000e+03,-3.439999999999504584e-06,0.000000000000000000e+00
5.736000000000000000e+03,-3.519999999999504665e-06,0.000000000000000000e+00
5.737000000000000000e+03,-3.599999999999504746e-06,0.000000000000000000e+00
5.738000000000000000e+03,-3.679999999999504827e-06,0.000000000000000000e+00
5.739000000000000000e+03,-3.759999999999504909e-06,0.000000000000000000e+00
5.740000000000000000e+03,-3.839999999999504990e-06,0.000000000000000000e+00
5.741000000000000000e+03,-3.919999999999505071e-06,0.000000000000000000e+00
5.742000000000000000e+03,-3.999999999999505152e-06,0.000000000000000000e+00
5.743000000000000000e+03,-4.079999999999505233e-06,0.000000000000000000e+00
5.744000000000000000e+03,-4.159999999999505314e-06,0.000000000000000000e+00
5.745000000000000000e+03,-4.239999999999505395e-06,0.000000000000000000e+00
5.746000000000000000e+03,-4.319999999999505476e-06,0.000000000000000000e+00
5.747000000000000000e+03,-4.399999999999505557e-06,0.000000000000000000e+00
5.748000000000000000e+03,-4.479999999999505638e-06,0.000000000000000000e+00
5.749000000000000000e+03,-4.559999999999505719e-06,0.000000000000000000e+00
5.750000000000000000e+03,-4.639999999999505800e-06,0.000000000000000000e+00
5.751000000000000000e+03,-4.719999999999505881e-06,0.000000000000000000e+00
5.752000000000000000e+03,-4.799999999999505963e-06,0.000000000000000000e+00
5.753000000000000000e+03,-4.879999999999506044e-06,0.000000000000000000e+00
5.754000000000000000e+03,-4.959999999999506125e-06,0.000000000000000000e+00
5.755000000000000000e+03,-5.039999999999506206e-06,0.000000000000000000e+00
5.756000000000000000e+03,-5.119999999999506287e-06,0.000000000000000000e+00
5.757000000000000000e+03,-5.199999999999506368e-06,0.000000000000000000e+00
5.758000000000000000e+03,-5.279999999999506449e-06,0.000000000000000000e+00
5.759000000000000000e+03,-5.359999999999506530e-06,0.000000000000000000e+00
5.760000000000000000e+03,-5.439999999999506611e-06,0.000000000000000000e+00
5.761000000000000000e+03,-5.519999999999506692e-06,0.000000000000000000e+00
5.762000000000000000e+03,-5.599999999999506773e-06,0.000000000000000000e+00
5.763000000000000000e+03,-5.679999999999506854e-06,0.000000000000000000e+00
5.764000000000000000e+03,-5.759999999999506936e-06,0.000000000000000000e+00
5.765000000000000000e+03,-5.839999999999507017e-06,0.000000000000000000e+00
5.766000000000000000e+03,-5.919999999999507098e-06,0.000000000000000000e+00
5.767000000000000000e+03,-5.999999999999507179e-06,0.000000000000000000e+00
5.768000000000000000e+03,-6.079999999999507260e-06,0.000000000000000000e+00
5.769000000000000000e+03,-6.159999999999507341e-06,0.000000000000000000e+00
5.770000000000000000e+03,-6.239999999999507422e-06,0.000000000000000000e+00
5.771000000000000000e+03,-6.319999999999507503e-06,0.000000000000000000e+00
5.772000000000000000e+03,-6.399999999999507584e-06,0.000000000000000000e+00
5.773000000000000000e+03,-6.479999999999507665e-06,0.000000000000000000e+00
5.774000000000000000e+03,-6.559999999999507746e-06,0.000000000000000000e+00
5.775000000000000000e+03,-6.639999999999507827e-06,0.000000000000000000e+00
5.776000000000000000e+03,-6.719999999999507909e-06,0.000000000000000000e+00
5.777000000000000000e+03,-6.799999999999507990e-06,0.000000000000000000e+00
5.778000000000000000e+03,-6.879999999999508071e-06,0.000000000000000000e+00
5.779000000000000000e+03,-6.959999999999508152e-06,0.000000000000000000e+00
5.780000000000000000e+03,-7.039999999999508233e-06,0.000000000000000000e+00
5.781000000000000000e+03,-7.119999999999508314e-06,0.000000000000000000e+00
5.782000000000000000e+03,-7.199999999999508395e-06,0.000000000000000000e+00
5.783000000000000000e+03,-7.279999999999508476e-06,0.000000000000000000e+00
5.784000000000000000e+03,-7.359999999999508557e-06,0.000000000000000000e+00
5.785000000000000000e+03,-7.439999999999508638e-06,0.000000000000000000e+00
5.786000000000000000e+03,-7.519999999999508719e-06,0.000000000000000000e+00
5.787000000000000000e+03,-7.599999999999508800e-06,0.000000000000000000e+00
5.788000000000000000e+03,-7.679999999999508035e-06,0.000000000000000000e+00
5.789000000000000000e+03,-7.759999999999507269e-06,0.000000000000000000e+00
5.790000000000000000e+03,-7.839999999999506503e-06,0.000000000000000000e+00
5.791000000000000000e+03,-7.919999999999505737e-06,0.000000000000000000e+00
5.792000000000000000e+03,-7.999999999999504971e-06,0.000000000000000000e+00
5.793000000000000000e+03,-8.079999999999504205e-06,0.000000000000000000e+00
5.794000000000000000e+03,-8.159999999999503439e-06,0.000000000000000000e+00
5.795000000000000000e+03,-8.239999999999502673e-06,0.000000000000000000e+00
5.796000000000000000e+03,-8.319999999999501907e-06,0.000000000000000000e+00
5.797000000000000000e+03,-8.399999999999501141e-06,0.000000000000000000e+00
5.798000000000000000e+03,-8.479999999999500375e-06,0.000000000000000000e+00
5.799000000000000000e+03,-8.559999999999499609e-06,0.000000000000000000e+00
5.800000000000000000e+03,-8.639999999999498843e-06,0.000000000000000000e+00
5.801000000000000000e+03,-8.719999999999498077e-06,0.000000000000000000e+00
5.802000000000000000e+03,-8.799999999999497311e-06,0.000000000000000000e+00
5.803000000000000000e+03,-8.879999999999496545e-06,0.000000000000000000e+00
5.804000000000000000e+03,-8.959999999999495779e-06,0.000000000000000000e+00
5.805000000000000000e+03,-9.039999999999495013e-06,0.000000000000000000e+00
5.806000000000000000e+03,-9.119999999999494247e-06,1.402439024390244038e-01
5.807000000000000000e+03,-9.199999999999493481e-06,3.414634146341463672e-01
5.808000000000000000e+03,-9.279999999999492716e-06,4.512195121951219634e-01
5.809000000000000000e+03,-9.359999999999491950e-06,5.365853658536585691e-01
5.810000000000000000e+03,-9.439999999999491184e-06,5.914634146341463117e-01
5.811000000000000000e+03,-9.519999999999490418e-06,6.280487804878048808e-01
5.812000000000000000e+03,-9.599999999999489652e-06,6.463414634146341653e-01
5.813000000000000000e+03,-9.679999999999488886e-06,6.829268292682927344e-01
5.814000000000000000e+03,-9.759999999999488120e-06,6.829268292682927344e-01
5.815000000000000000e+03,-9.839999999999487354e-06,7.012195121951219079e-01
5.816000000000000000e+03,-9.919999999999486588e-06,7.134146341463414309e-01
5.817000000000000000e+03,-9.999999999999485822e-06,7.195121951219511924e-01
5.818000000000000000e+03,-1.007999999999948506e-05,7.256097560975609539e-01
5.819000000000000000e+03,-1.015999999999948429e-05,7.256097560975609539e-01
5.820000000000000000e+03,-1.023999999999948352e-05,7.317073170731707155e-01
5.821000000000000000e+03,-1.031999999999948276e-05,7.317073170731707155e-01
5.822000000000000000e+03,-1.039999999999948199e-05,7.439024390243902385e-01
5.823000000000000000e+03,-1.047999999999948123e-05,7.500000000000000000e-01
5.824000000000000000e+03,-1.055999999999948046e-05,7.560975609756097615e-01
5.825000000000000000e+03,-1.063999999999947969e-05,7.560975609756097615e-01
5.826000000000000000e+03,-1.071999999999947893e-05,7.560975609756097615e-01
5.827000000000000000e+03,-1.079999999999947816e-05,7.560975609756097615e-01
5.828000000000000000e+03,-1.087999999999947740e-05,7.560975609756097615e-01
5.829000000000000000e+03,-1.095999999999947663e-05,7.560975609756097615e-01
5.830000000000000000e+03,-1.103999999999947586e-05,7.560975609756097615e-01
5.831000000000000000e+03,-1.111999999999947510e-05,7.621951219512195230e-01
5.832000000000000000e+03,-1.119999999999947433e-05,7.804878048780488076e-01
5.833000000000000000e+03,-1.127999999999947357e-05,7.804878048780488076e-01
5.834000000000000000e+03,-1.135999999999947280e-05,7.804878048780488076e-01
5.835000000000000000e+03,-1.143999999999947203e-05,7.865853658536585691e-01
5.836000000000000000e+03,-1.151999999999947127e-05,7.926829268292683306e-01
5.837000000000000000e+03,-1.159999999999947050e-05,7.926829268292683306e-01
5.838000000000000000e+03,-1.167999999999946974e-05,7.926829268292683306e-01
5.839000000000000000e+03,-1.175999999999946897e-05,7.987804878048780921e-01
5.840000000000000000e+03,-1.183999999999946821e-05,7.987804878048780921e-01
5.841000000000000000e+03,-1.191999999999946744e-05,7.987804878048780921e-01
5.842000000000000000e+03,-1.199999999999946667e-05,7.987804878048780921e-01
5.843000000000000000e+03,-1.207999999999946591e-05,8.048780487804878536e-01
5.844000000000000000e+03,-4.079999999999464575e-06,0.000000000000000000e+00
5.845000000000000000e+03,-4.159999999999464656e-06,0.000000000000000000e+00
5.846000000000000000e+03,-4.239999999999464737e-06,0.000000000000000000e+00
5.847000000000000000e+03,-4.319999999999464819e-06,0.000000000000000000e+00
5.848000000000000000e+03,-4.399999999999464900e-06,0.000000000000000000e+00
5.849000000000000000e+03,-4.479999999999464981e-06,0.000000000000000000e+00
5.850000000000000000e+03,-4.559999999999465062e-06,0.000000000000000000e+00
5.851000000000000000e+03,-4.639999999999465143e-06,0.000000000000000000e+00
5.852000000000000000e+03,-4.719999999999465224e-06,0.000000000000000000e+00
5.853000000000000000e+03,-4.799999999999465305e-06,0.000000000000000000e+00
5.854000000000000000e+03,-4.879999999999465386e-06,0.000000000000000000e+00
5.855000000000000000e+03,-4.959999999999465467e-06,0.000000000000000000e+00
5.856000000000000000e+03,-5.039999999999465548e-06,0.000000000000000000e+00
5.857000000000000000e+03,-5.119999999999465629e-06,0.000000000000000000e+00
5.858000000000000000e+03,-5.199999999999465710e-06,0.000000000000000000e+00
5.859000000000000000e+03,-5.279999999999465792e-06,0.000000000000000000e+00
5.860000000000000000e+03,-5.359999999999465873e-06,0.000000000000000000e+00
5.861000000000000000e+03,-5.439999999999465954e-06,0.000000000000000000e+00
5.862000000000000000e+03,-5.519999999999466035e-06,0.000000000000000000e+00
5.863000000000000000e+03,-5.599999999999466116e-06,0.000000000000000000e+00
5.864000000000000000e+03,-5.679999999999466197e-06,0.000000000000000000e+00
5.865000000000000000e+03,-5.759999999999466278e-06,0.000000000000000000e+00
5.866000000000000000e+03,-5.839999999999466359e-06,0.000000000000000000e+00
5.867000000000000000e+03,-5.919999999999466440e-06,0.000000000000000000e+00
5.868000000000000000e+03,-5.999999999999466521e-06,0.000000000000000000e+00
5.869000000000000000e+03,-6.079999999999466602e-06,0.000000000000000000e+00
5.870000000000000000e+03,-6.159999999999466683e-06,0.000000000000000000e+00
5.871000000000000000e+03,-6.239999999999466764e-06,0.000000000000000000e+00
5.872000000000000000e+03,-6.319999999999466846e-06,0.000000000000000000e+00
5.873000000000000000e+03,-6.399999999999466927e-06,0.000000000000000000e+00
5.874000000000000000e+03,-6.479999999999467008e-06,0.000000000000000000e+00
5.875000000000000000e+03,-6.559999999999467089e-06,0.000000000000000000e+00
5.876000000000000000e+03,-6.639999999999467170e-06,0.000000000000000000e+00
5.877000000000000000e+03,-6.719999999999467251e-06,0.000000000000000000e+00
5.878000000000000000e+03,-6.799999999999467332e-06,0.000000000000000000e+00
5.879000000000000000e+03,-6.879999999999467413e-06,0.000000000000000000e+00
5.880000000000000000e+03,-6.959999999999467494e-06,0.000000000000000000e+00
5.881000000000000000e+03,-7.039999999999467575e-06,0.000000000000000000e+00
5.882000000000000000e+03,-7.119999999999467656e-06,0.000000000000000000e+00
5.883000000000000000e+03,-7.199999999999467737e-06,0.000000000000000000e+00
5.884000000000000000e+03,-7.279999999999467819e-06,0.000000000000000000e+00
5.885000000000000000e+03,-7.359999999999467900e-06,0.000000000000000000e+00
5.886000000000000000e+03,-7.439999999999467981e-06,0.000000000000000000e+00
5.887000000000000000e+03,-7.519999999999468062e-06,0.000000000000000000e+00
5.888000000000000000e+03,-7.599999999999468143e-06,0.000000000000000000e+00
5.889000000000000000e+03,-7.679999999999467377e-06,0.000000000000000000e+00
5.890000000000000000e+03,-7.759999999999466611e-06,0.000000000000000000e+00
5.891000000000000000e+03,-7.839999999999465845e-06,0.000000000000000000e+00
5.892000000000000000e+03,-7.919999999999465079e-06,0.000000000000000000e+00
5.893000000000000000e+03,-7.999999999999464313e-06,0.000000000000000000e+00
5.894000000000000000e+03,-8.079999999999463547e-06,0.000000000000000000e+00
5.895000000000000000e+03,-8.159999999999462781e-06,0.000000000000000000e+00
5.896000000000000000e+03,-8.239999999999462015e-06,0.000000000000000000e+00
5.897000000000000000e+03,-8.319999999999461249e-06,0.000000000000000000e+00
5.898000000000000000e+03,-8.399999999999460483e-06,0.000000000000000000e+00
5.899000000000000000e+03,-8.479999999999459717e-06,0.000000000000000000e+00
5.900000000000000000e+03,-8.559999999999458952e-06,0.000000000000000000e+00
5.901000000000000000e+03,-8.639999999999458186e-06,0.000000000000000000e+00
5.902000000000000000e+03,-8.719999999999457420e-06,0.000000000000000000e+00
5.903000000000000000e+03,-8.799999999999456654e-06,0.000000000000000000e+00
5.904000000000000000e+03,-8.879999999999455888e-06,0.000000000000000000e+00
5.905000000000000000e+03,-8.959999999999455122e-06,0.000000000000000000e+00
5.906000000000000000e+03,-9.039999999999454356e-06,0.000000000000000000e+00
5.907000000000000000e+03,-9.119999999999453590e-06,0.000000000000000000e+00
5.908000000000000000e+03,-9.199999999999452824e-06,0.000000000000000000e+00
5.909000000000000000e+03,-9.279999999999452058e-06,0.000000000000000000e+00
5.910000000000000000e+03,-9.359999999999451292e-06,0.000000000000000000e+00
5.911000000000000000e+03,-9.439999999999450526e-06,0.000000000000000000e+00
5.912000000000000000e+03,-9.519999999999449760e-06,0.000000000000000000e+00
5.913000000000000000e+03,-9.599999999999448994e-06,0.000000000000000000e+00
5.914000000000000000e+03,-9.679999999999448228e-06,0.000000000000000000e+00
5.915000000000000000e+03,-9.759999999999447462e-06,0.000000000000000000e+00
5.916000000000000000e+03,-9.839999999999446696e-06,0.000000000000000000e+00
5.917000000000000000e+03,-9.919999999999445930e-06,1.219512195121951262e-02
5.918000000000000000e+03,-9.999999999999445164e-06,1.829268292682926719e-02
5.919000000000000000e+03,-1.007999999999944440e-05,1.829268292682926719e-02
5.920000000000000000e+03,-1.015999999999944363e-05,3.780487804878048808e-01
5.921000000000000000e+03,-1.023999999999944287e-05,4.024390243902439268e-01
5.922000000000000000e+03,-1.031999999999944210e-05,4.512195121951219634e-01
5.923000000000000000e+03,-1.039999999999944133e-05,5.000000000000000000e-01
5.924000000000000000e+03,-1.047999999999944057e-05,5.731707317073170271e-01
5.925000000000000000e+03,-1.055999999999943980e-05,6.341463414634146423e-01
5.926000000000000000e+03,-1.063999999999943904e-05,6.524390243902439268e-01
5.927000000000000000e+03,-1.071999999999943827e-05,6.890243902439023849e-01
5.928000000000000000e+03,-1.079999999999943750e-05,7.012195121951219079e-01
5.929000000000000000e+03,-1.087999999999943674e-05,7.256097560975609539e-01
5.930000000000000000e+03,-1.095999999999943597e-05,7.378048780487804770e-01
5.931000000000000000e+03,-1.103999999999943521e-05,7.987804878048780921e-01
5.932000000000000000e+03,-1.111999999999943444e-05,7.987804878048780921e-01
5.933000000000000000e+03,-1.119999999999943368e-05,8.170731707317072656e-01
5.934000000000000000e+03,-3.349999999999432601e-06,0.000000000000000000e+00
5.935000000000000000e+03,-3.429999999999432682e-06,0.000000000000000000e+00
5.936000000000000000e+03,-3.509999999999432763e-06,0.000000000000000000e+00
5.937000000000000000e+03,-3.589999999999432844e-06,0.000000000000000000e+00
5.938000000000000000e+03,-3.669999999999432925e-06,0.000000000000000000e+00
5.939000000000000000e+03,-3.749999999999433006e-06,0.000000000000000000e+00
5.940000000000000000e+03,-3.829999999999433088e-06,0.000000000000000000e+00
5.941000000000000000e+03,-3.909999999999433169e-06,0.000000000000000000e+00
5.942000000000000000e+03,-3.989999999999433250e-06,0.000000000000000000e+00
5.943000000000000000e+03,-4.069999999999433331e-06,0.000000000000000000e+00
5.944000000000000000e+03,-4.149999999999433412e-06,0.000000000000000000e+00
5.945000000000000000e+03,-4.229999999999433493e-06,0.000000000000000000e+00
5.946000000000000000e+03,-4.309999999999433574e-06,0.000000000000000000e+00
5.947000000000000000e+03,-4.389999999999433655e-06,0.000000000000000000e+00
5.948000000000000000e+03,-4.469999999999433736e-06,0.000000000000000000e+00
5.949000000000000000e+03,-4.549999999999433817e-06,0.000000000000000000e+00
5.950000000000000000e+03,-4.629999999999433898e-06,0.000000000000000000e+00
5.951000000000000000e+03,-4.709999999999433979e-06,0.000000000000000000e+00
5.952000000000000000e+03,-4.789999999999434061e-06,0.000000000000000000e+00
5.953000000000000000e+03,-4.869999999999434142e-06,0.000000000000000000e+00
5.954000000000000000e+03,-4.949999999999434223e-06,0.000000000000000000e+00
5.955000000000000000e+03,-5.029999999999434304e-06,0.000000000000000000e+00
5.956000000000000000e+03,-5.109999999999434385e-06,0.000000000000000000e+00
5.957000000000000000e+03,-5.189999999999434466e-06,0.000000000000000000e+00
5.958000000000000000e+03,-5.269999999999434547e-06,0.000000000000000000e+00
5.959000000000000000e+03,-5.349999999999434628e-06,0.000000000000000000e+00
5.960000000000000000e+03,-5.429999999999434709e-06,0.000000000000000000e+00
5.961000000000000000e+03,-5.509999999999434790e-06,0.000000000000000000e+00
5.962000000000000000e+03,-5.589999999999434871e-06,0.000000000000000000e+00
5.963000000000000000e+03,-5.669999999999434952e-06,0.000000000000000000e+00
5.964000000000000000e+03,-5.749999999999435034e-06,0.000000000000000000e+00
5.965000000000000000e+03,-5.829999999999435115e-06,0.000000000000000000e+00
5.966000000000000000e+03,-5.909999999999435196e-06,0.000000000000000000e+00
5.967000000000000000e+03,-5.989999999999435277e-06,0.000000000000000000e+00
5.968000000000000000e+03,-6.069999999999435358e-06,0.000000000000000000e+00
5.969000000000000000e+03,-6.149999999999435439e-06,0.000000000000000000e+00
5.970000000000000000e+03,-6.229999999999435520e-06,0.000000000000000000e+00
5.971000000000000000e+03,-6.309999999999435601e-06,0.000000000000000000e+00
5.972000000000000000e+03,-6.389999999999435682e-06,0.000000000000000000e+00
5.973000000000000000e+03,-6.469999999999435763e-06,0.000000000000000000e+00
5.974000000000000000e+03,-6.549999999999435844e-06,0.000000000000000000e+00
5.975000000000000000e+03,-6.629999999999435925e-06,0.000000000000000000e+00
5.976000000000000000e+03,-6.709999999999436007e-06,0.000000000000000000e+00
5.977000000000000000e+03,-6.789999999999436088e-06,0.000000000000000000e+00
5.978000000000000000e+03,-6.869999999999436169e-06,0.000000000000000000e+00
5.979000000000000000e+03,-6.949999999999436250e-06,0.000000000000000000e+00
5.980000000000000000e+03,-7.029999999999436331e-06,0.000000000000000000e+00
5.981000000000000000e+03,-7.109999999999436412e-06,0.000000000000000000e+00
5.982000000000000000e+03,-7.189999999999436493e-06,0.000000000000000000e+00
5.983000000000000000e+03,-7.269999999999436574e-06,0.000000000000000000e+00
5.984000000000000000e+03,-7.349999999999436655e-06,0.000000000000000000e+00
5.985000000000000000e+03,-7.429999999999436736e-06,0.000000000000000000e+00
5.986000000000000000e+03,-7.509999999999436817e-06,0.000000000000000000e+00
5.987000000000000000e+03,-7.589999999999436898e-06,0.000000000000000000e+00
5.988000000000000000e+03,-7.669999999999436980e-06,0.000000000000000000e+00
5.989000000000000000e+03,-7.749999999999436214e-06,0.000000000000000000e+00
5.990000000000000000e+03,-7.829999999999435448e-06,0.000000000000000000e+00
5.991000000000000000e+03,-7.909999999999434682e-06,0.000000000000000000e+00
5.992000000000000000e+03,-7.989999999999433916e-06,0.000000000000000000e+00
5.993000000000000000e+03,-8.069999999999433150e-06,0.000000000000000000e+00
5.994000000000000000e+03,-8.149999999999432384e-06,0.000000000000000000e+00
5.995000000000000000e+03,-8.229999999999431618e-06,0.000000000000000000e+00
5.996000000000000000e+03,-8.309999999999430852e-06,0.000000000000000000e+00
5.997000000000000000e+03,-8.389999999999430086e-06,0.000000000000000000e+00
5.998000000000000000e+03,-8.469999999999429320e-06,0.000000000000000000e+00
5.999000000000000000e+03,-8.549999999999428554e-06,0.000000000000000000e+00
6.000000000000000000e+03,-8.629999999999427788e-06,0.000000000000000000e+00
6.001000000000000000e+03,-8.709999999999427022e-06,0.000000000000000000e+00
6.002000000000000000e+03,-8.789999999999426256e-06,0.000000000000000000e+00
6.003000000000000000e+03,-8.869999999999425490e-06,0.000000000000000000e+00
6.004000000000000000e+03,-8.949999999999424724e-06,0.000000000000000000e+00
6.005000000000000000e+03,-9.029999999999423958e-06,0.000000000000000000e+00
6.006000000000000000e+03,-9.109999999999423192e-06,0.000000000000000000e+00
6.007000000000000000e+03,-9.189999999999422426e-06,0.000000000000000000e+00
6.008000000000000000e+03,-9.269999999999421661e-06,0.000000000000000000e+00
6.009000000000000000e+03,-9.349999999999420895e-06,0.000000000000000000e+00
6.010000000000000000e+03,-9.429999999999420129e-06,0.000000000000000000e+00
6.011000000000000000e+03,-9.509999999999419363e-06,0.000000000000000000e+00
6.012000000000000000e+03,-9.589999999999418597e-06,0.000000000000000000e+00
6.013000000000000000e+03,-9.669999999999417831e-06,0.000000000000000000e+00
6.014000000000000000e+03,-9.749999999999417065e-06,0.000000000000000000e+00
6.015000000000000000e+03,-9.829999999999416299e-06,0.000000000000000000e+00
6.016000000000000000e+03,-9.909999999999415533e-06,0.000000000000000000e+00
6.017000000000000000e+03,-9.989999999999414767e-06,0.000000000000000000e+00
6.018000000000000000e+03,-1.006999999999941400e-05,0.000000000000000000e+00
6.019000000000000000e+03,-1.014999999999941324e-05,0.000000000000000000e+00
6.020000000000000000e+03,-1.022999999999941247e-05,0.000000000000000000e+00
6.021000000000000000e+03,-1.030999999999941170e-05,0.000000000000000000e+00
6.022000000000000000e+03,-1.038999999999941094e-05,0.000000000000000000e+00
6.023000000000000000e+03,-1.046999999999941017e-05,0.000000000000000000e+00
6.024000000000000000e+03,-1.054999999999940941e-05,0.000000000000000000e+00
6.025000000000000000e+03,-1.062999999999940864e-05,0.000000000000000000e+00
6.026000000000000000e+03,-1.070999999999940787e-05,0.000000000000000000e+00
6.027000000000000000e+03,-1.078999999999940711e-05,0.000000000000000000e+00
6.028000000000000000e+03,-1.086999999999940634e-05,0.000000000000000000e+00
6.029000000000000000e+03,-1.094999999999940558e-05,0.000000000000000000e+00
6.030000000000000000e+03,-1.102999999999940481e-05,0.000000000000000000e+00
6.031000000000000000e+03,-1.110999999999940404e-05,7.256097560975609539e-01
6.032000000000000000e+03,-1.118999999999940328e-05,7.256097560975609539e-01
6.033000000000000000e+03,-1.126999999999940251e-05,7.256097560975609539e-01
6.034000000000000000e+03,-1.134999999999940175e-05,7.317073170731707155e-01
6.035000000000000000e+03,-1.142999999999940098e-05,7.317073170731707155e-01
6.036000000000000000e+03,-1.150999999999940021e-05,7.378048780487804770e-01
6.037000000000000000e+03,-1.158999999999939945e-05,7.500000000000000000e-01
6.038000000000000000e+03,-1.166999999999939868e-05,7.560975609756097615e-01
6.039000000000000000e+03,-1.174999999999939792e-05,7.560975609756097615e-01
6.040000000000000000e+03,-1.182999999999939715e-05,7.560975609756097615e-01
6.041000000000000000e+03,-1.190999999999939638e-05,7.560975609756097615e-01
6.042000000000000000e+03,-1.198999999999939562e-05,7.560975609756097615e-01
6.043000000000000000e+03,-1.206999999999939485e-05,7.560975609756097615e-01
6.044000000000000000e+03,-1.214999999999939409e-05,7.560975609756097615e-01
6.045000000000000000e+03,-1.222999999999939332e-05,7.560975609756097615e-01
6.046000000000000000e+03,-1.230999999999939255e-05,7.560975609756097615e-01
6.047000000000000000e+03,-1.238999999999939179e-05,7.804878048780488076e-01
6.048000000000000000e+03,-1.246999999999939102e-05,7.987804878048780921e-01
6.049000000000000000e+03,-1.254999999999939026e-05,7.987804878048780921e-01
6.050000000000000000e+03,-1.262999999999938949e-05,7.987804878048780921e-01
6.051000000000000000e+03,-1.270999999999938872e-05,7.987804878048780921e-01
6.052000000000000000e+03,-1.278999999999938796e-05,7.987804878048780921e-01
6.053000000000000000e+03,-1.286999999999938719e-05,7.987804878048780921e-01
6.054000000000000000e+03,-1.294999999999938643e-05,8.109756097560976151e-01
6.055000000000000000e+03,-4.949999999999385095e-06,0.000000000000000000e+00
6.056000000000000000e+03,-5.029999999999385176e-06,0.000000000000000000e+00
6.057000000000000000e+03,-5.109999999999385257e-06,0.000000000000000000e+00
6.058000000000000000e+03,-5.189999999999385338e-06,0.000000000000000000e+00
6.059000000000000000e+03,-5.269999999999385419e-06,0.000000000000000000e+00
6.060000000000000000e+03,-5.349999999999385500e-06,0.000000000000000000e+00
6.061000000000000000e+03,-5.429999999999385581e-06,0.000000000000000000e+00
6.062000000000000000e+03,-5.509999999999385662e-06,0.000000000000000000e+00
6.063000000000000000e+03,-5.589999999999385743e-06,0.000000000000000000e+00
6.064000000000000000e+03,-5.669999999999385825e-06,0.000000000000000000e+00
6.065000000000000000e+03,-5.749999999999385906e-06,0.000000000000000000e+00
6.066000000000000000e+03,-5.829999999999385987e-06,0.000000000000000000e+00
6.067000000000000000e+03,-5.909999999999386068e-06,0.000000000000000000e+00
6.068000000000000000e+03,-5.989999999999386149e-06,0.000000000000000000e+00
6.069000000000000000e+03,-6.069999999999386230e-06,0.000000000000000000e+00
6.070000000000000000e+03,-6.149999999999386311e-06,0.000000000000000000e+00
6.071000000000000000e+03,-6.229999999999386392e-06,0.000000000000000000e+00
6.072000000000000000e+03,-6.309999999999386473e-06,0.000000000000000000e+00
6.073000000000000000e+03,-6.389999999999386554e-06,0.000000000000000000e+00
6.074000000000000000e+03,-6.469999999999386635e-06,0.000000000000000000e+00
6.075000000000000000e+03,-6.549999999999386716e-06,0.000000000000000000e+00
6.076000000000000000e+03,-6.629999999999386798e-06,0.000000000000000000e+00
6.077000000000000000e+03,-6.709999999999386879e-06,0.000000000000000000e+00
6.078000000000000000e+03,-6.789999999999386960e-06,0.000000000000000000e+00
6.079000000000000000e+03,-6.869999999999387041e-06,0.000000000000000000e+00
6.080000000000000000e+03,-6.949999999999387122e-06,0.000000000000000000e+00
6.081000000000000000e+03,-7.029999999999387203e-06,0.000000000000000000e+00
6.082000000000000000e+03,-7.109999999999387284e-06,0.000000000000000000e+00
6.083000000000000000e+03,-7.189999999999387365e-06,0.000000000000000000e+00
6.084000000000000000e+03,-7.269999999999387446e-06,0.000000000000000000e+00
6.085000000000000000e+03,-7.349999999999387527e-06,0.000000000000000000e+00
6.086000000000000000e+03,-7.429999999999387608e-06,0.000000000000000000e+00
6.087000000000000000e+03,-7.509999999999387689e-06,0.000000000000000000e+00
6.088000000000000000e+03,-7.589999999999387771e-06,0.000000000000000000e+00
6.089000000000000000e+03,-7.669999999999387852e-06,0.000000000000000000e+00
6.090000000000000000e+03,-7.749999999999387086e-06,0.000000000000000000e+00
6.091000000000000000e+03,-7.829999999999386320e-06,0.000000000000000000e+00
6.092000000000000000e+03,-7.909999999999385554e-06,0.000000000000000000e+00
6.093000000000000000e+03,-7.989999999999384788e-06,0.000000000000000000e+00
6.094000000000000000e+03,-8.069999999999384022e-06,0.000000000000000000e+00
6.095000000000000000e+03,-8.149999999999383256e-06,0.000000000000000000e+00
6.096000000000000000e+03,-8.229999999999382490e-06,0.000000000000000000e+00
6.097000000000000000e+03,-8.309999999999381724e-06,0.000000000000000000e+00
6.098000000000000000e+03,-8.389999999999380958e-06,0.000000000000000000e+00
6.099000000000000000e+03,-8.469999999999380192e-06,0.000000000000000000e+00
6.100000000000000000e+03,-8.549999999999379426e-06,0.000000000000000000e+00
6.101000000000000000e+03,-8.629999999999378660e-06,0.000000000000000000e+00
6.102000000000000000e+03,-8.709999999999377894e-06,0.000000000000000000e+00
6.103000000000000000e+03,-8.789999999999377128e-06,0.000000000000000000e+00
6.104000000000000000e+03,-8.869999999999376362e-06,0.000000000000000000e+00
6.105000000000000000e+03,-8.949999999999375596e-06,0.000000000000000000e+00
6.106000000000000000e+03,-9.029999999999374830e-06,0.000000000000000000e+00
6.107000000000000000e+03,-9.109999999999374065e-06,0.000000000000000000e+00
6.108000000000000000e+03,-9.189999999999373299e-06,0.000000000000000000e+00
6.109000000000000000e+03,-9.269999999999372533e-06,0.000000000000000000e+00
6.110000000000000000e+03,-9.349999999999371767e-06,0.000000000000000000e+00
6.111000000000000000e+03,-9.429999999999371001e-06,0.000000000000000000e+00
6.112000000000000000e+03,-9.509999999999370235e-06,0.000000000000000000e+00
6.113000000000000000e+03,-9.589999999999369469e-06,0.000000000000000000e+00
6.114000000000000000e+03,-9.669999999999368703e-06,0.000000000000000000e+00
6.115000000000000000e+03,-9.749999999999367937e-06,0.000000000000000000e+00
6.116000000000000000e+03,-9.829999999999367171e-06,0.000000000000000000e+00
6.117000000000000000e+03,-9.909999999999366405e-06,0.000000000000000000e+00
6.118000000000000000e+03,-9.989999999999365639e-06,0.000000000000000000e+00
6.119000000000000000e+03,-1.006999999999936487e-05,0.000000000000000000e+00
6.120000000000000000e+03,-1.014999999999936411e-05,0.000000000000000000e+00
6.121000000000000000e+03,-1.022999999999936334e-05,0.000000000000000000e+00
6.122000000000000000e+03,-1.030999999999936258e-05,0.000000000000000000e+00
6.123000000000000000e+03,-1.038999999999936181e-05,0.000000000000000000e+00
6.124000000000000000e+03,-1.046999999999936104e-05,0.000000000000000000e+00
6.125000000000000000e+03,-1.054999999999936028e-05,0.000000000000000000e+00
6.126000000000000000e+03,-1.062999999999935951e-05,0.000000000000000000e+00
6.127000000000000000e+03,-1.070999999999935875e-05,0.000000000000000000e+00
6.128000000000000000e+03,-1.078999999999935798e-05,0.000000000000000000e+00
6.129000000000000000e+03,-1.086999999999935721e-05,0.000000000000000000e+00
6.130000000000000000e+03,-1.094999999999935645e-05,0.000000000000000000e+00
6.131000000000000000e+03,-1.102999999999935568e-05,0.000000000000000000e+00
6.132000000000000000e+03,-1.110999999999935492e-05,0.000000000000000000e+00
6.133000000000000000e+03,-1.118999999999935415e-05,0.000000000000000000e+00
6.134000000000000000e+03,-1.126999999999935338e-05,0.000000000000000000e+00
6.135000000000000000e+03,-1.134999999999935262e-05,6.219512195121951192e-01
6.136000000000000000e+03,-1.142999999999935185e-05,6.585365853658536883e-01
6.137000000000000000e+03,-1.150999999999935109e-05,6.951219512195121464e-01
6.138000000000000000e+03,-1.158999999999935032e-05,7.256097560975609539e-01
6.139000000000000000e+03,-1.166999999999934955e-05,7.560975609756097615e-01
6.140000000000000000e+03,-1.174999999999934879e-05,8.048780487804878536e-01
6.141000000000000000e+03,-3.999999999999348451e-06,0.000000000000000000e+00
6.142000000000000000e+03,-4.079999999999348532e-06,0.000000000000000000e+00
6.143000000000000000e+03,-4.159999999999348613e-06,0.000000000000000000e+00
6.144000000000000000e+03,-4.239999999999348694e-06,0.000000000000000000e+00
6.145000000000000000e+03,-4.319999999999348775e-06,0.000000000000000000e+00
6.146000000000000000e+03,-4.399999999999348856e-06,0.000000000000000000e+00
6.147000000000000000e+03,-4.479999999999348937e-06,0.000000000000000000e+00
6.148000000000000000e+03,-4.559999999999349018e-06,0.000000000000000000e+00
6.149000000000000000e+03,-4.639999999999349099e-06,0.000000000000000000e+00
6.150000000000000000e+03,-4.719999999999349180e-06,0.000000000000000000e+00
6.151000000000000000e+03,-4.799999999999349261e-06,0.000000000000000000e+00
6.152000000000000000e+03,-4.879999999999349343e-06,0.000000000000000000e+00
6.153000000000000000e+03,-4.959999999999349424e-06,0.000000000000000000e+00
6.154000000000000000e+03,-5.039999999999349505e-06,0.000000000000000000e+00
6.155000000000000000e+03,-5.119999999999349586e-06,0.000000000000000000e+00
6.156000000000000000e+03,-5.199999999999349667e-06,0.000000000000000000e+00
6.157000000000000000e+03,-5.279999999999349748e-06,0.000000000000000000e+00
6.158000000000000000e+03,-5.359999999999349829e-06,0.000000000000000000e+00
6.159000000000000000e+03,-5.439999999999349910e-06,0.000000000000000000e+00
6.160000000000000000e+03,-5.519999999999349991e-06,0.000000000000000000e+00
6.161000000000000000e+03,-5.599999999999350072e-06,0.000000000000000000e+00
6.162000000000000000e+03,-5.679999999999350153e-06,0.000000000000000000e+00
6.163000000000000000e+03,-5.759999999999350234e-06,0.000000000000000000e+00
6.164000000000000000e+03,-5.839999999999350316e-06,0.000000000000000000e+00
6.165000000000000000e+03,-5.919999999999350397e-06,0.000000000000000000e+00
6.166000000000000000e+03,-5.999999999999350478e-06,0.000000000000000000e+00
6.167000000000000000e+03,-6.079999999999350559e-06,0.000000000000000000e+00
6.168000000000000000e+03,-6.159999999999350640e-06,0.000000000000000000e+00
6.169000000000000000e+03,-6.239999999999350721e-06,0.000000000000000000e+00
6.170000000000000000e+03,-6.319999999999350802e-06,0.000000000000000000e+00
6.171000000000000000e+03,-6.399999999999350883e-06,0.000000000000000000e+00
6.172000000000000000e+03,-6.479999999999350964e-06,0.000000000000000000e+00
6.173000000000000000e+03,-6.559999999999351045e-06,0.000000000000000000e+00
6.174000000000000000e+03,-6.639999999999351126e-06,0.000000000000000000e+00
6.175000000000000000e+03,-6.719999999999351207e-06,0.000000000000000000e+00
6.176000000000000000e+03,-6.799999999999351289e-06,0.000000000000000000e+00
6.177000000000000000e+03,-6.879999999999351370e-06,0.000000000000000000e+00
6.178000000000000000e+03,-6.959999999999351451e-06,0.000000000000000000e+00
6.179000000000000000e+03,-7.039999999999351532e-06,0.000000000000000000e+00
6.180000000000000000e+03,-7.119999999999351613e-06,0.000000000000000000e+00
6.181000000000000000e+03,-7.199999999999351694e-06,0.000000000000000000e+00
6.182000000000000000e+03,-7.279999999999351775e-06,0.000000000000000000e+00
6.183000000000000000e+03,-7.359999999999351856e-06,0.000000000000000000e+00
6.184000000000000000e+03,-7.439999999999351937e-06,0.000000000000000000e+00
6.185000000000000000e+03,-7.519999999999352018e-06,0.000000000000000000e+00
6.186000000000000000e+03,-7.599999999999352099e-06,0.000000000000000000e+00
6.187000000000000000e+03,-7.679999999999352180e-06,0.000000000000000000e+00
6.188000000000000000e+03,-7.759999999999351415e-06,0.000000000000000000e+00
6.189000000000000000e+03,-7.839999999999350649e-06,0.000000000000000000e+00
6.190000000000000000e+03,-7.919999999999349883e-06,0.000000000000000000e+00
6.191000000000000000e+03,-7.999999999999349117e-06,0.000000000000000000e+00
6.192000000000000000e+03,-8.079999999999348351e-06,0.000000000000000000e+00
6.193000000000000000e+03,-8.159999999999347585e-06,0.000000000000000000e+00
6.194000000000000000e+03,-8.239999999999346819e-06,0.000000000000000000e+00
6.195000000000000000e+03,-8.319999999999346053e-06,0.000000000000000000e+00
6.196000000000000000e+03,-8.399999999999345287e-06,0.000000000000000000e+00
6.197000000000000000e+03,-8.479999999999344521e-06,0.000000000000000000e+00
6.198000000000000000e+03,-8.559999999999343755e-06,0.000000000000000000e+00
6.199000000000000000e+03,-8.639999999999342989e-06,0.000000000000000000e+00
6.200000000000000000e+03,-8.719999999999342223e-06,0.000000000000000000e+00
6.201000000000000000e+03,-8.799999999999341457e-06,0.000000000000000000e+00
6.202000000000000000e+03,-8.879999999999340691e-06,0.000000000000000000e+00
6.203000000000000000e+03,-8.959999999999339925e-06,0.000000000000000000e+00
6.204000000000000000e+03,-9.039999999999339159e-06,0.000000000000000000e+00
6.205000000000000000e+03,-9.119999999999338393e-06,0.000000000000000000e+00
6.206000000000000000e+03,-9.199999999999337627e-06,0.000000000000000000e+00
6.207000000000000000e+03,-9.279999999999336861e-06,0.000000000000000000e+00
6.208000000000000000e+03,-9.359999999999336096e-06,0.000000000000000000e+00
6.209000000000000000e+03,-9.439999999999335330e-06,0.000000000000000000e+00
6.210000000000000000e+03,-9.519999999999334564e-06,0.000000000000000000e+00
6.211000000000000000e+03,-9.599999999999333798e-06,0.000000000000000000e+00
6.212000000000000000e+03,-9.679999999999333032e-06,0.000000000000000000e+00
6.213000000000000000e+03,-9.759999999999332266e-06,0.000000000000000000e+00
6.214000000000000000e+03,-9.839999999999331500e-06,0.000000000000000000e+00
6.215000000000000000e+03,-9.919999999999330734e-06,0.000000000000000000e+00
6.216000000000000000e+03,-9.999999999999329968e-06,0.000000000000000000e+00
6.217000000000000000e+03,-1.007999999999932920e-05,6.097560975609756309e-03
6.218000000000000000e+03,-1.015999999999932844e-05,1.829268292682926719e-02
6.219000000000000000e+03,-1.023999999999932767e-05,2.621951219512195230e-01
6.220000000000000000e+03,-1.031999999999932690e-05,3.536585365853658347e-01
6.221000000000000000e+03,-1.039999999999932614e-05,4.146341463414633943e-01
6.222000000000000000e+03,-1.047999999999932537e-05,5.060975609756097615e-01
6.223000000000000000e+03,-1.055999999999932461e-05,5.548780487804878536e-01
6.224000000000000000e+03,-1.063999999999932384e-05,6.280487804878048808e-01
6.225000000000000000e+03,-1.071999999999932307e-05,6.585365853658536883e-01
6.226000000000000000e+03,-1.079999999999932231e-05,6.951219512195121464e-01
6.227000000000000000e+03,-1.087999999999932154e-05,7.012195121951219079e-01
6.228000000000000000e+03,-1.095999999999932078e-05,7.256097560975609539e-01
6.229000000000000000e+03,-1.103999999999932001e-05,7.317073170731707155e-01
6.230000000000000000e+03,-1.111999999999931924e-05,7.500000000000000000e-01
6.231000000000000000e+03,-1.119999999999931848e-05,7.560975609756097615e-01
6.232000000000000000e+03,-1.127999999999931771e-05,7.560975609756097615e-01
6.233000000000000000e+03,-1.135999999999931695e-05,7.560975609756097615e-01
6.234000000000000000e+03,-1.143999999999931618e-05,7.560975609756097615e-01
6.235000000000000000e+03,-1.151999999999931541e-05,7.743902439024390461e-01
6.236000000000000000e+03,-1.159999999999931465e-05,7.804878048780488076e-01
6.237000000000000000e+03,-1.167999999999931388e-05,7.804878048780488076e-01
6.238000000000000000e+03,-1.175999999999931312e-05,7.804878048780488076e-01
6.239000000000000000e+03,-1.183999999999931235e-05,7.865853658536585691e-01
6.240000000000000000e+03,-1.191999999999931159e-05,7.865853658536585691e-01
6.241000000000000000e+03,-1.199999999999931082e-05,7.926829268292683306e-01
6.242000000000000000e+03,-1.207999999999931005e-05,7.926829268292683306e-01
6.243000000000000000e+03,-1.215999999999930929e-05,7.987804878048780921e-01
6.244000000000000000e+03,-1.223999999999930852e-05,7.987804878048780921e-01
6.245000000000000000e+03,-1.231999999999930776e-05,8.170731707317072656e-01
6.246000000000000000e+03,-4.219999999999307381e-06,0.000000000000000000e+00
6.247000000000000000e+03,-4.299999999999307462e-06,0.000000000000000000e+00
6.248000000000000000e+03,-4.379999999999307543e-06,0.000000000000000000e+00
6.249000000000000000e+03,-4.459999999999307624e-06,0.000000000000000000e+00
6.250000000000000000e+03,-4.539999999999307705e-06,0.000000000000000000e+00
6.251000000000000000e+03,-4.619999999999307786e-06,0.000000000000000000e+00
6.252000000000000000e+03,-4.699999999999307867e-06,0.000000000000000000e+00
6.253000000000000000e+03,-4.779999999999307948e-06,0.000000000000000000e+00
6.254000000000000000e+03,-4.859999999999308029e-06,0.000000000000000000e+00
6.255000000000000000e+03,-4.939999999999308111e-06,0.000000000000000000e+00
6.256000000000000000e+03,-5.019999999999308192e-06,0.000000000000000000e+00
6.257000000000000000e+03,-5.099999999999308273e-06,0.000000000000000000e+00
6.258000000000000000e+03,-5.179999999999308354e-06,0.000000000000000000e+00
6.259000000000000000e+03,-5.259999999999308435e-06,0.000000000000000000e+00
6.260000000000000000e+03,-5.339999999999308516e-06,0.000000000000000000e+00
6.261000000000000000e+03,-5.419999999999308597e-06,0.000000000000000000e+00
6.262000000000000000e+03,-5.499999999999308678e-06,0.000000000000000000e+00
6.263000000000000000e+03,-5.579999999999308759e-06,0.000000000000000000e+00
6.264000000000000000e+03,-5.659999999999308840e-06,0.000000000000000000e+00
6.265000000000000000e+03,-5.739999999999308921e-06,0.000000000000000000e+00
6.266000000000000000e+03,-5.819999999999309002e-06,0.000000000000000000e+00
6.267000000000000000e+03,-5.899999999999309084e-06,0.000000000000000000e+00
6.268000000000000000e+03,-5.979999999999309165e-06,0.000000000000000000e+00
6.269000000000000000e+03,-6.059999999999309246e-06,0.000000000000000000e+00
6.270000000000000000e+03,-6.139999999999309327e-06,0.000000000000000000e+00
6.271000000000000000e+03,-6.219999999999309408e-06,0.000000000000000000e+00
6.272000000000000000e+03,-6.299999999999309489e-06,0.000000000000000000e+00
6.273000000000000000e+03,-6.379999999999309570e-06,0.000000000000000000e+00
6.274000000000000000e+03,-6.459999999999309651e-06,0.000000000000000000e+00
6.275000000000000000e+03,-6.539999999999309732e-06,0.000000000000000000e+00
6.276000000000000000e+03,-6.619999999999309813e-06,0.000000000000000000e+00
6.277000000000000000e+03,-6.699999999999309894e-06,0.000000000000000000e+00
6.278000000000000000e+03,-6.779999999999309975e-06,0.000000000000000000e+00
6.279000000000000000e+03,-6.859999999999310057e-06,0.000000000000000000e+00
6.280000000000000000e+03,-6.939999999999310138e-06,0.000000000000000000e+00
6.281000000000000000e+03,-7.019999999999310219e-06,0.000000000000000000e+00
6.282000000000000000e+03,-7.099999999999310300e-06,0.000000000000000000e+00
6.283000000000000000e+03,-7.179999999999310381e-06,0.000000000000000000e+00
6.284000000000000000e+03,-7.259999999999310462e-06,0.000000000000000000e+00
6.285000000000000000e+03,-7.339999999999310543e-06,0.000000000000000000e+00
6.286000000000000000e+03,-7.419999999999310624e-06,0.000000000000000000e+00
6.287000000000000000e+03,-7.499999999999310705e-06,0.000000000000000000e+00
6.288000000000000000e+03,-7.579999999999310786e-06,0.000000000000000000e+00
6.289000000000000000e+03,-7.659999999999310020e-06,0.000000000000000000e+00
6.290000000000000000e+03,-7.739999999999309254e-06,0.000000000000000000e+00
6.291000000000000000e+03,-7.819999999999308488e-06,0.000000000000000000e+00
6.292000000000000000e+03,-7.899999999999307722e-06,0.000000000000000000e+00
6.293000000000000000e+03,-7.979999999999306957e-06,0.000000000000000000e+00
6.294000000000000000e+03,-8.059999999999306191e-06,0.000000000000000000e+00
6.295000000000000000e+03,-8.139999999999305425e-06,0.000000000000000000e+00
6.296000000000000000e+03,-8.219999999999304659e-06,0.000000000000000000e+00
6.297000000000000000e+03,-8.299999999999303893e-06,0.000000000000000000e+00
6.298000000000000000e+03,-8.379999999999303127e-06,0.000000000000000000e+00
6.299000000000000000e+03,-8.459999999999302361e-06,0.000000000000000000e+00
6.300000000000000000e+03,-8.539999999999301595e-06,0.000000000000000000e+00
6.301000000000000000e+03,-8.619999999999300829e-06,0.000000000000000000e+00
6.302000000000000000e+03,-8.699999999999300063e-06,0.000000000000000000e+00
6.303000000000000000e+03,-8.779999999999299297e-06,0.000000000000000000e+00
6.304000000000000000e+03,-8.859999999999298531e-06,0.000000000000000000e+00
6.305000000000000000e+03,-8.939999999999297765e-06,0.000000000000000000e+00
6.306000000000000000e+03,-9.019999999999296999e-06,0.000000000000000000e+00
6.307000000000000000e+03,-9.099999999999296233e-06,0.000000000000000000e+00
6.308000000000000000e+03,-9.179999999999295467e-06,0.000000000000000000e+00
6.309000000000000000e+03,-9.259999999999294701e-06,0.000000000000000000e+00
6.310000000000000000e+03,-9.339999999999293935e-06,0.000000000000000000e+00
6.311000000000000000e+03,-9.419999999999293169e-06,0.000000000000000000e+00
6.312000000000000000e+03,-9.499999999999292403e-06,0.000000000000000000e+00
6.313000000000000000e+03,-9.579999999999291638e-06,0.000000000000000000e+00
6.314000000000000000e+03,-9.659999999999290872e-06,0.000000000000000000e+00
6.315000000000000000e+03,-9.739999999999290106e-06,0.000000000000000000e+00
6.316000000000000000e+03,-9.819999999999289340e-06,0.000000000000000000e+00
6.317000000000000000e+03,-9.899999999999288574e-06,0.000000000000000000e+00
6.318000000000000000e+03,-9.979999999999287808e-06,0.000000000000000000e+00
6.319000000000000000e+03,-1.005999999999928704e-05,0.000000000000000000e+00
6.320000000000000000e+03,-1.013999999999928628e-05,0.000000000000000000e+00
6.321000000000000000e+03,-1.021999999999928551e-05,0.000000000000000000e+00
6.322000000000000000e+03,-1.029999999999928474e-05,2.560975609756097615e-01
6.323000000000000000e+03,-1.037999999999928398e-05,3.048780487804877981e-01
6.324000000000000000e+03,-1.045999999999928321e-05,3.292682926829268442e-01
6.325000000000000000e+03,-1.053999999999928245e-05,3.597560975609755962e-01
6.326000000000000000e+03,-1.061999999999928168e-05,3.780487804878048808e-01
6.327000000000000000e+03,-1.069999999999928091e-05,4.451219512195122019e-01
6.328000000000000000e+03,-1.077999999999928015e-05,4.878048780487804770e-01
6.329000000000000000e+03,-1.085999999999927938e-05,5.060975609756097615e-01
6.330000000000000000e+03,-1.093999999999927862e-05,5.182926829268292845e-01
6.331000000000000000e+03,-1.101999999999927785e-05,5.975609756097560732e-01
6.332000000000000000e+03,-1.109999999999927708e-05,6.158536585365853577e-01
6.333000000000000000e+03,-1.117999999999927632e-05,6.524390243902439268e-01
6.334000000000000000e+03,-1.125999999999927555e-05,6.768292682926829729e-01
6.335000000000000000e+03,-1.133999999999927479e-05,7.378048780487804770e-01
6.336000000000000000e+03,-1.141999999999927402e-05,7.500000000000000000e-01
6.337000000000000000e+03,-1.149999999999927325e-05,7.500000000000000000e-01
6.338000000000000000e+03,-1.157999999999927249e-05,7.621951219512195230e-01
6.339000000000000000e+03,-1.165999999999927172e-05,7.743902439024390461e-01
6.340000000000000000e+03,-1.173999999999927096e-05,7.743902439024390461e-01
6.341000000000000000e+03,-1.181999999999927019e-05,7.804878048780488076e-01
6.342000000000000000e+03,-1.189999999999926942e-05,7.926829268292683306e-01
6.343000000000000000e+03,-1.197999999999926866e-05,7.926829268292683306e-01
6.344000000000000000e+03,-1.205999999999926789e-05,7.926829268292683306e-01
6.345000000000000000e+03,-1.213999999999926713e-05,7.926829268292683306e-01
6.346000000000000000e+03,-1.221999999999926636e-05,7.926829268292683306e-01
6.347000000000000000e+03,-1.229999999999926560e-05,8.109756097560976151e-01
6.348000000000000000e+03,-4.499999999999264042e-06,0.000000000000000000e+00
6.349000000000000000e+03,-4.579999999999264123e-06,0.000000000000000000e+00
6.350000000000000000e+03,-4.659999999999264205e-06,0.000000000000000000e+00
6.351000000000000000e+03,-4.739999999999264286e-06,0.000000000000000000e+00
6.352000000000000000e+03,-4.819999999999264367e-06,0.000000000000000000e+00
6.353000000000000000e+03,-4.899999999999264448e-06,0.000000000000000000e+00
6.354000000000000000e+03,-4.979999999999264529e-06,0.000000000000000000e+00
6.355000000000000000e+03,-5.059999999999264610e-06,0.000000000000000000e+00
6.356000000000000000e+03,-5.139999999999264691e-06,0.000000000000000000e+00
6.357000000000000000e+03,-5.219999999999264772e-06,0.000000000000000000e+00
6.358000000000000000e+03,-5.299999999999264853e-06,0.000000000000000000e+00
6.359000000000000000e+03,-5.379999999999264934e-06,0.000000000000000000e+00
6.360000000000000000e+03,-5.459999999999265015e-06,0.000000000000000000e+00
6.361000000000000000e+03,-5.539999999999265096e-06,0.000000000000000000e+00
6.362000000000000000e+03,-5.619999999999265178e-06,0.000000000000000000e+00
6.363000000000000000e+03,-5.699999999999265259e-06,0.000000000000000000e+00
6.364000000000000000e+03,-5.779999999999265340e-06,0.000000000000000000e+00
6.365000000000000000e+03,-5.859999999999265421e-06,0.000000000000000000e+00
6.366000000000000000e+03,-5.939999999999265502e-06,0.000000000000000000e+00
6.367000000000000000e+03,-6.019999999999265583e-06,0.000000000000000000e+00
6.368000000000000000e+03,-6.099999999999265664e-06,0.000000000000000000e+00
6.369000000000000000e+03,-6.179999999999265745e-06,0.000000000000000000e+00
6.370000000000000000e+03,-6.259999999999265826e-06,0.000000000000000000e+00
6.371000000000000000e+03,-6.339999999999265907e-06,0.000000000000000000e+00
6.372000000000000000e+03,-6.419999999999265988e-06,0.000000000000000000e+00
6.373000000000000000e+03,-6.499999999999266069e-06,0.000000000000000000e+00
6.374000000000000000e+03,-6.579999999999266151e-06,0.000000000000000000e+00
6.375000000000000000e+03,-6.659999999999266232e-06,0.000000000000000000e+00
6.376000000000000000e+03,-6.739999999999266313e-06,0.000000000000000000e+00
6.377000000000000000e+03,-6.819999999999266394e-06,0.000000000000000000e+00
6.378000000000000000e+03,-6.899999999999266475e-06,0.000000000000000000e+00
6.379000000000000000e+03,-6.979999999999266556e-06,0.000000000000000000e+00
6.380000000000000000e+03,-7.059999999999266637e-06,0.000000000000000000e+00
6.381000000000000000e+03,-7.139999999999266718e-06,0.000000000000000000e+00
6.382000000000000000e+03,-7.219999999999266799e-06,0.000000000000000000e+00
6.383000000000000000e+03,-7.299999999999266880e-06,0.000000000000000000e+00
6.384000000000000000e+03,-7.379999999999266961e-06,0.000000000000000000e+00
6.385000000000000000e+03,-7.459999999999267042e-06,0.000000000000000000e+00
6.386000000000000000e+03,-7.539999999999267124e-06,0.000000000000000000e+00
6.387000000000000000e+03,-7.619999999999267205e-06,0.000000000000000000e+00
6.388000000000000000e+03,-7.699999999999267286e-06,0.000000000000000000e+00
6.389000000000000000e+03,-7.779999999999266520e-06,0.000000000000000000e+00
6.390000000000000000e+03,-7.859999999999265754e-06,0.000000000000000000e+00
6.391000000000000000e+03,-7.939999999999264988e-06,0.000000000000000000e+00
6.392000000000000000e+03,-8.019999999999264222e-06,0.000000000000000000e+00
6.393000000000000000e+03,-8.099999999999263456e-06,0.000000000000000000e+00
6.394000000000000000e+03,-8.179999999999262690e-06,0.000000000000000000e+00
6.395000000000000000e+03,-8.259999999999261924e-06,0.000000000000000000e+00
6.396000000000000000e+03,-8.339999999999261158e-06,0.000000000000000000e+00
6.397000000000000000e+03,-8.419999999999260392e-06,0.000000000000000000e+00
6.398000000000000000e+03,-8.499999999999259626e-06,0.000000000000000000e+00
6.399000000000000000e+03,-8.579999999999258860e-06,0.000000000000000000e+00
6.400000000000000000e+03,-8.659999999999258094e-06,0.000000000000000000e+00
6.401000000000000000e+03,-8.739999999999257328e-06,0.000000000000000000e+00
6.402000000000000000e+03,-8.819999999999256562e-06,0.000000000000000000e+00
6.403000000000000000e+03,-8.899999999999255796e-06,0.000000000000000000e+00
6.404000000000000000e+03,-8.979999999999255031e-06,0.000000000000000000e+00
6.405000000000000000e+03,-9.059999999999254265e-06,0.000000000000000000e+00
6.406000000000000000e+03,-9.139999999999253499e-06,0.000000000000000000e+00
6.407000000000000000e+03,-9.219999999999252733e-06,0.000000000000000000e+00
6.408000000000000000e+03,-9.299999999999251967e-06,0.000000000000000000e+00
6.409000000000000000e+03,-9.379999999999251201e-06,0.000000000000000000e+00
6.410000000000000000e+03,-9.459999999999250435e-06,0.000000000000000000e+00
6.411000000000000000e+03,-9.539999999999249669e-06,0.000000000000000000e+00
6.412000000000000000e+03,-9.619999999999248903e-06,0.000000000000000000e+00
6.413000000000000000e+03,-9.699999999999248137e-06,0.000000000000000000e+00
6.414000000000000000e+03,-9.779999999999247371e-06,0.000000000000000000e+00
6.415000000000000000e+03,-9.859999999999246605e-06,0.000000000000000000e+00
6.416000000000000000e+03,-9.939999999999245839e-06,0.000000000000000000e+00
6.417000000000000000e+03,-1.001999999999924507e-05,0.000000000000000000e+00
6.418000000000000000e+03,-1.009999999999924431e-05,0.000000000000000000e+00
6.419000000000000000e+03,-1.017999999999924354e-05,0.000000000000000000e+00
6.420000000000000000e+03,-1.025999999999924278e-05,0.000000000000000000e+00
6.421000000000000000e+03,-1.033999999999924201e-05,6.097560975609756309e-03
6.422000000000000000e+03,-1.041999999999924124e-05,2.621951219512195230e-01
6.423000000000000000e+03,-1.049999999999924048e-05,3.170731707317073211e-01
6.424000000000000000e+03,-1.057999999999923971e-05,3.780487804878048808e-01
6.425000000000000000e+03,-1.065999999999923895e-05,4.207317073170731558e-01
6.426000000000000000e+03,-1.073999999999923818e-05,4.451219512195122019e-01
6.427000000000000000e+03,-1.081999999999923741e-05,5.365853658536585691e-01
6.428000000000000000e+03,-1.089999999999923665e-05,5.548780487804878536e-01
6.429000000000000000e+03,-1.097999999999923588e-05,5.792682926829267887e-01
6.430000000000000000e+03,-1.105999999999923512e-05,6.036585365853658347e-01
6.431000000000000000e+03,-1.113999999999923435e-05,6.402439024390244038e-01
6.432000000000000000e+03,-1.121999999999923358e-05,6.768292682926829729e-01
6.433000000000000000e+03,-1.129999999999923282e-05,6.890243902439023849e-01
6.434000000000000000e+03,-1.137999999999923205e-05,6.890243902439023849e-01
6.435000000000000000e+03,-1.145999999999923129e-05,6.951219512195121464e-01
6.436000000000000000e+03,-1.153999999999923052e-05,7.195121951219511924e-01
6.437000000000000000e+03,-1.161999999999922975e-05,7.256097560975609539e-01
6.438000000000000000e+03,-1.169999999999922899e-05,7.317073170731707155e-01
6.439000000000000000e+03,-1.177999999999922822e-05,7.500000000000000000e-01
6.440000000000000000e+03,-1.185999999999922746e-05,7.560975609756097615e-01
6.441000000000000000e+03,-1.193999999999922669e-05,7.621951219512195230e-01
6.442000000000000000e+03,-1.201999999999922592e-05,7.621951219512195230e-01
6.443000000000000000e+03,-1.209999999999922516e-05,7.621951219512195230e-01
6.444000000000000000e+03,-1.217999999999922439e-05,7.743902439024390461e-01
6.445000000000000000e+03,-1.225999999999922363e-05,7.743902439024390461e-01
6.446000000000000000e+03,-1.233999999999922286e-05,7.743902439024390461e-01
6.447000000000000000e+03,-1.241999999999922209e-05,7.743902439024390461e-01
6.448000000000000000e+03,-1.249999999999922133e-05,7.743902439024390461e-01
6.449000000000000000e+03,-1.257999999999922056e-05,7.804878048780488076e-01
6.450000000000000000e+03,-1.265999999999921980e-05,7.987804878048780921e-01
6.451000000000000000e+03,-1.273999999999921903e-05,7.987804878048780921e-01
6.452000000000000000e+03,-1.281999999999921826e-05,7.987804878048780921e-01
6.453000000000000000e+03,-1.289999999999921750e-05,8.048780487804878536e-01
6.454000000000000000e+03,-4.999999999999216904e-06,0.000000000000000000e+00
6.455000000000000000e+03,-5.079999999999216985e-06,0.000000000000000000e+00
6.456000000000000000e+03,-5.159999999999217066e-06,0.000000000000000000e+00
6.457000000000000000e+03,-5.239999999999217147e-06,0.000000000000000000e+00
6.458000000000000000e+03,-5.319999999999217228e-06,0.000000000000000000e+00
6.459000000000000000e+03,-5.399999999999217309e-06,0.000000000000000000e+00
6.460000000000000000e+03,-5.479999999999217390e-06,0.000000000000000000e+00
6.461000000000000000e+03,-5.559999999999217471e-06,0.000000000000000000e+00
6.462000000000000000e+03,-5.639999999999217552e-06,0.000000000000000000e+00
6.463000000000000000e+03,-5.719999999999217633e-06,0.000000000000000000e+00
6.464000000000000000e+03,-5.799999999999217714e-06,0.000000000000000000e+00
6.465000000000000000e+03,-5.879999999999217795e-06,0.000000000000000000e+00
6.466000000000000000e+03,-5.959999999999217877e-06,0.000000000000000000e+00
6.467000000000000000e+03,-6.039999999999217958e-06,0.000000000000000000e+00
6.468000000000000000e+03,-6.119999999999218039e-06,0.000000000000000000e+00
6.469000000000000000e+03,-6.199999999999218120e-06,0.000000000000000000e+00
6.470000000000000000e+03,-6.279999999999218201e-06,0.000000000000000000e+00
6.471000000000000000e+03,-6.359999999999218282e-06,0.000000000000000000e+00
6.472000000000000000e+03,-6.439999999999218363e-06,0.000000000000000000e+00
6.473000000000000000e+03,-6.519999999999218444e-06,0.000000000000000000e+00
6.474000000000000000e+03,-6.599999999999218525e-06,0.000000000000000000e+00
6.475000000000000000e+03,-6.679999999999218606e-06,0.000000000000000000e+00
6.476000000000000000e+03,-6.759999999999218687e-06,0.000000000000000000e+00
6.477000000000000000e+03,-6.839999999999218768e-06,0.000000000000000000e+00
6.478000000000000000e+03,-6.919999999999218850e-06,0.000000000000000000e+00
6.479000000000000000e+03,-6.999999999999218931e-06,0.000000000000000000e+00
6.480000000000000000e+03,-7.079999999999219012e-06,0.000000000000000000e+00
6.481000000000000000e+03,-7.159999999999219093e-06,0.000000000000000000e+00
6.482000000000000000e+03,-7.239999999999219174e-06,0.000000000000000000e+00
6.483000000000000000e+03,-7.319999999999219255e-06,0.000000000000000000e+00
6.484000000000000000e+03,-7.399999999999219336e-06,0.000000000000000000e+00
6.485000000000000000e+03,-7.479999999999219417e-06,0.000000000000000000e+00
6.486000000000000000e+03,-7.559999999999219498e-06,0.000000000000000000e+00
6.487000000000000000e+03,-7.639999999999218732e-06,0.000000000000000000e+00
6.488000000000000000e+03,-7.719999999999217966e-06,0.000000000000000000e+00
6.489000000000000000e+03,-7.799999999999217200e-06,0.000000000000000000e+00
6.490000000000000000e+03,-7.879999999999216434e-06,0.000000000000000000e+00
6.491000000000000000e+03,-7.959999999999215668e-06,0.000000000000000000e+00
6.492000000000000000e+03,-8.039999999999214903e-06,0.000000000000000000e+00
6.493000000000000000e+03,-8.119999999999214137e-06,0.000000000000000000e+00
6.494000000000000000e+03,-8.199999999999213371e-06,0.000000000000000000e+00
6.495000000000000000e+03,-8.279999999999212605e-06,0.000000000000000000e+00
6.496000000000000000e+03,-8.359999999999211839e-06,0.000000000000000000e+00
6.497000000000000000e+03,-8.439999999999211073e-06,0.000000000000000000e+00
6.498000000000000000e+03,-8.519999999999210307e-06,0.000000000000000000e+00
6.499000000000000000e+03,-8.599999999999209541e-06,0.000000000000000000e+00
6.500000000000000000e+03,-8.679999999999208775e-06,0.000000000000000000e+00
6.501000000000000000e+03,-8.759999999999208009e-06,0.000000000000000000e+00
6.502000000000000000e+03,-8.839999999999207243e-06,0.000000000000000000e+00
6.503000000000000000e+03,-8.919999999999206477e-06,0.000000000000000000e+00
6.504000000000000000e+03,-8.999999999999205711e-06,0.000000000000000000e+00
6.505000000000000000e+03,-9.079999999999204945e-06,0.000000000000000000e+00
6.506000000000000000e+03,-9.159999999999204179e-06,0.000000000000000000e+00
6.507000000000000000e+03,-9.239999999999203413e-06,0.000000000000000000e+00
6.508000000000000000e+03,-9.319999999999202647e-06,0.000000000000000000e+00
6.509000000000000000e+03,-9.399999999999201881e-06,0.000000000000000000e+00
6.510000000000000000e+03,-9.479999999999201115e-06,0.000000000000000000e+00
6.511000000000000000e+03,-9.559999999999200349e-06,0.000000000000000000e+00
6.512000000000000000e+03,-9.639999999999199584e-06,0.000000000000000000e+00
6.513000000000000000e+03,-9.719999999999198818e-06,0.000000000000000000e+00
6.514000000000000000e+03,-9.799999999999198052e-06,0.000000000000000000e+00
6.515000000000000000e+03,-9.879999999999197286e-06,0.000000000000000000e+00
6.516000000000000000e+03,-9.959999999999196520e-06,0.000000000000000000e+00
6.517000000000000000e+03,-1.003999999999919575e-05,0.000000000000000000e+00
6.518000000000000000e+03,-1.011999999999919499e-05,0.000000000000000000e+00
6.519000000000000000e+03,-1.019999999999919422e-05,0.000000000000000000e+00
6.520000000000000000e+03,-1.027999999999919346e-05,0.000000000000000000e+00
6.521000000000000000e+03,-1.035999999999919269e-05,0.000000000000000000e+00
6.522000000000000000e+03,-1.043999999999919192e-05,0.000000000000000000e+00
6.523000000000000000e+03,-1.051999999999919116e-05,0.000000000000000000e+00
6.524000000000000000e+03,-1.059999999999919039e-05,0.000000000000000000e+00
6.525000000000000000e+03,-1.067999999999918963e-05,0.000000000000000000e+00
6.526000000000000000e+03,-1.075999999999918886e-05,0.000000000000000000e+00
6.527000000000000000e+03,-1.083999999999918809e-05,0.000000000000000000e+00
6.528000000000000000e+03,-1.091999999999918733e-05,0.000000000000000000e+00
6.529000000000000000e+03,-1.099999999999918656e-05,0.000000000000000000e+00
6.530000000000000000e+03,-1.107999999999918580e-05,2.865853658536585136e-01
6.531000000000000000e+03,-1.115999999999918503e-05,3.109756097560975596e-01
6.532000000000000000e+03,-1.123999999999918426e-05,3.597560975609755962e-01
6.533000000000000000e+03,-1.131999999999918350e-05,4.024390243902439268e-01
6.534000000000000000e+03,-1.139999999999918273e-05,5.365853658536585691e-01
6.535000000000000000e+03,-1.147999999999918197e-05,5.670731707317072656e-01
6.536000000000000000e+03,-1.155999999999918120e-05,6.158536585365853577e-01
6.537000000000000000e+03,-1.163999999999918043e-05,6.402439024390244038e-01
6.538000000000000000e+03,-1.171999999999917967e-05,6.524390243902439268e-01
6.539000000000000000e+03,-1.179999999999917890e-05,6.768292682926829729e-01
6.540000000000000000e+03,-1.187999999999917814e-05,6.951219512195121464e-01
6.541000000000000000e+03,-1.195999999999917737e-05,7.073170731707316694e-01
6.542000000000000000e+03,-1.203999999999917661e-05,7.134146341463414309e-01
6.543000000000000000e+03,-1.211999999999917584e-05,7.195121951219511924e-01
6.544000000000000000e+03,-1.219999999999917507e-05,7.378048780487804770e-01
6.545000000000000000e+03,-1.227999999999917431e-05,7.439024390243902385e-01
6.546000000000000000e+03,-1.235999999999917354e-05,7.500000000000000000e-01
6.547000000000000000e+03,-1.243999999999917278e-05,7.621951219512195230e-01
6.548000000000000000e+03,-1.251999999999917201e-05,7.682926829268292845e-01
6.549000000000000000e+03,-1.259999999999917124e-05,7.682926829268292845e-01
6.550000000000000000e+03,-1.267999999999917048e-05,7.743902439024390461e-01
6.551000000000000000e+03,-1.275999999999916971e-05,7.743902439024390461e-01
6.552000000000000000e+03,-1.283999999999916895e-05,7.804878048780488076e-01
6.553000000000000000e+03,-1.291999999999916818e-05,7.804878048780488076e-01
6.554000000000000000e+03,-1.299999999999916741e-05,7.926829268292683306e-01
6.555000000000000000e+03,-1.307999999999916665e-05,7.926829268292683306e-01
6.556000000000000000e+03,-1.315999999999916588e-05,8.048780487804878536e-01
6.557000000000000000e+03,-5.159999999999164550e-06,0.000000000000000000e+00
6.558000000000000000e+03,-5.239999999999164631e-06,0.000000000000000000e+00
6.559000000000000000e+03,-5.319999999999164712e-06,0.000000000000000000e+00
6.560000000000000000e+03,-5.399999999999164793e-06,0.000000000000000000e+00
6.561000000000000000e+03,-5.479999999999164874e-06,0.000000000000000000e+00
6.562000000000000000e+03,-5.559999999999164955e-06,0.000000000000000000e+00
6.563000000000000000e+03,-5.639999999999165036e-06,0.000000000000000000e+00
6.564000000000000000e+03,-5.719999999999165117e-06,0.000000000000000000e+00
6.565000000000000000e+03,-5.799999999999165198e-06,0.000000000000000000e+00
6.566000000000000000e+03,-5.879999999999165279e-06,0.000000000000000000e+00
6.567000000000000000e+03,-5.959999999999165360e-06,0.000000000000000000e+00
6.568000000000000000e+03,-6.039999999999165442e-06,0.000000000000000000e+00
6.569000000000000000e+03,-6.119999999999165523e-06,0.000000000000000000e+00
6.570000000000000000e+03,-6.199999999999165604e-06,0.000000000000000000e+00
6.571000000000000000e+03,-6.279999999999165685e-06,0.000000000000000000e+00
6.572000000000000000e+03,-6.359999999999165766e-06,0.000000000000000000e+00
6.573000000000000000e+03,-6.439999999999165847e-06,0.000000000000000000e+00
6.574000000000000000e+03,-6.519999999999165928e-06,0.000000000000000000e+00
6.575000000000000000e+03,-6.599999999999166009e-06,0.000000000000000000e+00
6.576000000000000000e+03,-6.679999999999166090e-06,0.000000000000000000e+00
6.577000000000000000e+03,-6.759999999999166171e-06,0.000000000000000000e+00
6.578000000000000000e+03,-6.839999999999166252e-06,0.000000000000000000e+00
6.579000000000000000e+03,-6.919999999999166333e-06,0.000000000000000000e+00
6.580000000000000000e+03,-6.999999999999166415e-06,0.000000000000000000e+00
6.581000000000000000e+03,-7.079999999999166496e-06,0.000000000000000000e+00
6.582000000000000000e+03,-7.159999999999166577e-06,0.000000000000000000e+00
6.583000000000000000e+03,-7.239999999999166658e-06,0.000000000000000000e+00
6.584000000000000000e+03,-7.319999999999166739e-06,0.000000000000000000e+00
6.585000000000000000e+03,-7.399999999999166820e-06,0.000000000000000000e+00
6.586000000000000000e+03,-7.479999999999166901e-06,0.000000000000000000e+00
6.587000000000000000e+03,-7.559999999999166982e-06,0.000000000000000000e+00
6.588000000000000000e+03,-7.639999999999166216e-06,0.000000000000000000e+00
6.589000000000000000e+03,-7.719999999999165450e-06,0.000000000000000000e+00
6.590000000000000000e+03,-7.799999999999164684e-06,0.000000000000000000e+00
6.591000000000000000e+03,-7.879999999999163918e-06,0.000000000000000000e+00
6.592000000000000000e+03,-7.959999999999163152e-06,0.000000000000000000e+00
6.593000000000000000e+03,-8.039999999999162386e-06,0.000000000000000000e+00
6.594000000000000000e+03,-8.119999999999161621e-06,0.000000000000000000e+00
6.595000000000000000e+03,-8.199999999999160855e-06,0.000000000000000000e+00
6.596000000000000000e+03,-8.279999999999160089e-06,0.000000000000000000e+00
6.597000000000000000e+03,-8.359999999999159323e-06,0.000000000000000000e+00
6.598000000000000000e+03,-8.439999999999158557e-06,0.000000000000000000e+00
6.599000000000000000e+03,-8.519999999999157791e-06,0.000000000000000000e+00
6.600000000000000000e+03,-8.599999999999157025e-06,0.000000000000000000e+00
6.601000000000000000e+03,-8.679999999999156259e-06,0.000000000000000000e+00
6.602000000000000000e+03,-8.759999999999155493e-06,0.000000000000000000e+00
6.603000000000000000e+03,-8.839999999999154727e-06,0.000000000000000000e+00
6.604000000000000000e+03,-8.919999999999153961e-06,0.000000000000000000e+00
6.605000000000000000e+03,-8.999999999999153195e-06,0.000000000000000000e+00
6.606000000000000000e+03,-9.079999999999152429e-06,0.000000000000000000e+00
6.607000000000000000e+03,-9.159999999999151663e-06,0.000000000000000000e+00
6.608000000000000000e+03,-9.239999999999150897e-06,0.000000000000000000e+00
6.609000000000000000e+03,-9.319999999999150131e-06,0.000000000000000000e+00
6.610000000000000000e+03,-9.399999999999149365e-06,0.000000000000000000e+00
6.611000000000000000e+03,-9.479999999999148599e-06,0.000000000000000000e+00
6.612000000000000000e+03,-9.559999999999147833e-06,0.000000000000000000e+00
6.613000000000000000e+03,-9.639999999999147067e-06,0.000000000000000000e+00
6.614000000000000000e+03,-9.719999999999146302e-06,0.000000000000000000e+00
6.615000000000000000e+03,-9.799999999999145536e-06,0.000000000000000000e+00
6.616000000000000000e+03,-9.879999999999144770e-06,0.000000000000000000e+00
6.617000000000000000e+03,-9.959999999999144004e-06,0.000000000000000000e+00
6.618000000000000000e+03,-1.003999999999914324e-05,0.000000000000000000e+00
6.619000000000000000e+03,-1.011999999999914247e-05,0.000000000000000000e+00
6.620000000000000000e+03,-1.019999999999914171e-05,0.000000000000000000e+00
6.621000000000000000e+03,-1.027999999999914094e-05,0.000000000000000000e+00
6.622000000000000000e+03,-1.035999999999914017e-05,0.000000000000000000e+00
6.623000000000000000e+03,-1.043999999999913941e-05,0.000000000000000000e+00
6.624000000000000000e+03,-1.051999999999913864e-05,0.000000000000000000e+00
6.625000000000000000e+03,-1.059999999999913788e-05,0.000000000000000000e+00
6.626000000000000000e+03,-1.067999999999913711e-05,0.000000000000000000e+00
6.627000000000000000e+03,-1.075999999999913634e-05,0.000000000000000000e+00
6.628000000000000000e+03,-1.083999999999913558e-05,0.000000000000000000e+00
6.629000000000000000e+03,-1.091999999999913481e-05,0.000000000000000000e+00
6.630000000000000000e+03,-1.099999999999913405e-05,0.000000000000000000e+00
6.631000000000000000e+03,-1.107999999999913328e-05,0.000000000000000000e+00
6.632000000000000000e+03,-1.115999999999913251e-05,6.097560975609756309e-03
6.633000000000000000e+03,-1.123999999999913175e-05,6.097560975609756309e-03
6.634000000000000000e+03,-1.131999999999913098e-05,6.097560975609756309e-03
6.635000000000000000e+03,-1.139999999999913022e-05,6.097560975609756309e-03
6.636000000000000000e+03,-1.147999999999912945e-05,2.865853658536585136e-01
6.637000000000000000e+03,-1.155999999999912868e-05,3.231707317073170826e-01
6.638000000000000000e+03,-1.163999999999912792e-05,3.658536585365853577e-01
6.639000000000000000e+03,-1.171999999999912715e-05,4.512195121951219634e-01
6.640000000000000000e+03,-1.179999999999912639e-05,5.792682926829267887e-01
6.641000000000000000e+03,-1.187999999999912562e-05,6.280487804878048808e-01
6.642000000000000000e+03,-1.195999999999912485e-05,6.890243902439023849e-01
6.643000000000000000e+03,-1.203999999999912409e-05,6.951219512195121464e-01
6.644000000000000000e+03,-1.211999999999912332e-05,7.317073170731707155e-01
6.645000000000000000e+03,-1.219999999999912256e-05,7.500000000000000000e-01
6.646000000000000000e+03,-1.227999999999912179e-05,7.500000000000000000e-01
6.647000000000000000e+03,-1.235999999999912103e-05,7.560975609756097615e-01
6.648000000000000000e+03,-1.243999999999912026e-05,7.621951219512195230e-01
6.649000000000000000e+03,-1.251999999999911949e-05,7.743902439024390461e-01
6.650000000000000000e+03,-1.259999999999911873e-05,7.743902439024390461e-01
6.651000000000000000e+03,-1.267999999999911796e-05,7.804878048780488076e-01
6.652000000000000000e+03,-1.275999999999911720e-05,7.865853658536585691e-01
6.653000000000000000e+03,-1.283999999999911643e-05,7.865853658536585691e-01
6.654000000000000000e+03,-1.291999999999911566e-05,7.865853658536585691e-01
6.655000000000000000e+03,-1.299999999999911490e-05,7.987804878048780921e-01
6.656000000000000000e+03,-1.307999999999911413e-05,7.987804878048780921e-01
6.657000000000000000e+03,-1.315999999999911337e-05,8.109756097560976151e-01
6.658000000000000000e+03,-5.259999999999112770e-06,0.000000000000000000e+00
6.659000000000000000e+03,-5.339999999999112851e-06,0.000000000000000000e+00
6.660000000000000000e+03,-5.419999999999112932e-06,0.000000000000000000e+00
6.661000000000000000e+03,-5.499999999999113013e-06,0.000000000000000000e+00
6.662000000000000000e+03,-5.579999999999113095e-06,0.000000000000000000e+00
6.663000000000000000e+03,-5.659999999999113176e-06,0.000000000000000000e+00
6.664000000000000000e+03,-5.739999999999113257e-06,0.000000000000000000e+00
6.665000000000000000e+03,-5.819999999999113338e-06,0.000000000000000000e+00
6.666000000000000000e+03,-5.899999999999113419e-06,0.000000000000000000e+00
6.667000000000000000e+03,-5.979999999999113500e-06,0.000000000000000000e+00
6.668000000000000000e+03,-6.059999999999113581e-06,0.000000000000000000e+00
6.669000000000000000e+03,-6.139999999999113662e-06,0.000000000000000000e+00
6.670000000000000000e+03,-6.219999999999113743e-06,0.000000000000000000e+00
6.671000000000000000e+03,-6.299999999999113824e-06,0.000000000000000000e+00
6.672000000000000000e+03,-6.379999999999113905e-06,0.000000000000000000e+00
6.673000000000000000e+03,-6.459999999999113986e-06,0.000000000000000000e+00
6.674000000000000000e+03,-6.539999999999114068e-06,0.000000000000000000e+00
6.675000000000000000e+03,-6.619999999999114149e-06,0.000000000000000000e+00
6.676000000000000000e+03,-6.699999999999114230e-06,0.000000000000000000e+00
6.677000000000000000e+03,-6.779999999999114311e-06,0.000000000000000000e+00
6.678000000000000000e+03,-6.859999999999114392e-06,0.000000000000000000e+00
6.679000000000000000e+03,-6.939999999999114473e-06,0.000000000000000000e+00
6.680000000000000000e+03,-7.019999999999114554e-06,0.000000000000000000e+00
6.681000000000000000e+03,-7.099999999999114635e-06,0.000000000000000000e+00
6.682000000000000000e+03,-7.179999999999114716e-06,0.000000000000000000e+00
6.683000000000000000e+03,-7.259999999999114797e-06,0.000000000000000000e+00
6.684000000000000000e+03,-7.339999999999114878e-06,0.000000000000000000e+00
6.685000000000000000e+03,-7.419999999999114959e-06,0.000000000000000000e+00
6.686000000000000000e+03,-7.499999999999115041e-06,0.000000000000000000e+00
6.687000000000000000e+03,-7.579999999999115122e-06,0.000000000000000000e+00
6.688000000000000000e+03,-7.659999999999115203e-06,0.000000000000000000e+00
6.689000000000000000e+03,-7.739999999999114437e-06,0.000000000000000000e+00
6.690000000000000000e+03,-7.819999999999113671e-06,0.000000000000000000e+00
6.691000000000000000e+03,-7.899999999999112905e-06,0.000000000000000000e+00
6.692000000000000000e+03,-7.979999999999112139e-06,0.000000000000000000e+00
6.693000000000000000e+03,-8.059999999999111373e-06,0.000000000000000000e+00
6.694000000000000000e+03,-8.139999999999110607e-06,0.000000000000000000e+00
6.695000000000000000e+03,-8.219999999999109841e-06,0.000000000000000000e+00
6.696000000000000000e+03,-8.299999999999109075e-06,0.000000000000000000e+00
6.697000000000000000e+03,-8.379999999999108309e-06,0.000000000000000000e+00
6.698000000000000000e+03,-8.459999999999107543e-06,0.000000000000000000e+00
6.699000000000000000e+03,-8.539999999999106777e-06,0.000000000000000000e+00
6.700000000000000000e+03,-8.619999999999106011e-06,0.000000000000000000e+00
6.701000000000000000e+03,-8.699999999999105245e-06,0.000000000000000000e+00
6.702000000000000000e+03,-8.779999999999104479e-06,0.000000000000000000e+00
6.703000000000000000e+03,-8.859999999999103713e-06,0.000000000000000000e+00
6.704000000000000000e+03,-8.939999999999102948e-06,0.000000000000000000e+00
6.705000000000000000e+03,-9.019999999999102182e-06,0.000000000000000000e+00
6.706000000000000000e+03,-9.099999999999101416e-06,0.000000000000000000e+00
6.707000000000000000e+03,-9.179999999999100650e-06,0.000000000000000000e+00
6.708000000000000000e+03,-9.259999999999099884e-06,0.000000000000000000e+00
6.709000000000000000e+03,-9.339999999999099118e-06,0.000000000000000000e+00
6.710000000000000000e+03,-9.419999999999098352e-06,0.000000000000000000e+00
6.711000000000000000e+03,-9.499999999999097586e-06,0.000000000000000000e+00
6.712000000000000000e+03,-9.579999999999096820e-06,0.000000000000000000e+00
6.713000000000000000e+03,-9.659999999999096054e-06,0.000000000000000000e+00
6.714000000000000000e+03,-9.739999999999095288e-06,0.000000000000000000e+00
6.715000000000000000e+03,-9.819999999999094522e-06,0.000000000000000000e+00
6.716000000000000000e+03,-9.899999999999093756e-06,0.000000000000000000e+00
6.717000000000000000e+03,-9.979999999999092990e-06,0.000000000000000000e+00
6.718000000000000000e+03,-1.005999999999909222e-05,0.000000000000000000e+00
6.719000000000000000e+03,-1.013999999999909146e-05,0.000000000000000000e+00
6.720000000000000000e+03,-1.021999999999909069e-05,0.000000000000000000e+00
6.721000000000000000e+03,-1.029999999999908993e-05,0.000000000000000000e+00
6.722000000000000000e+03,-1.037999999999908916e-05,0.000000000000000000e+00
6.723000000000000000e+03,-1.045999999999908839e-05,0.000000000000000000e+00
6.724000000000000000e+03,-1.053999999999908763e-05,0.000000000000000000e+00
6.725000000000000000e+03,-1.061999999999908686e-05,0.000000000000000000e+00
6.726000000000000000e+03,-1.069999999999908610e-05,0.000000000000000000e+00
6.727000000000000000e+03,-1.077999999999908533e-05,0.000000000000000000e+00
6.728000000000000000e+03,-1.085999999999908456e-05,0.000000000000000000e+00
6.729000000000000000e+03,-1.093999999999908380e-05,0.000000000000000000e+00
6.730000000000000000e+03,-1.101999999999908303e-05,0.000000000000000000e+00
6.731000000000000000e+03,-1.109999999999908227e-05,0.000000000000000000e+00
6.732000000000000000e+03,-1.117999999999908150e-05,0.000000000000000000e+00
6.733000000000000000e+03,-1.125999999999908074e-05,0.000000000000000000e+00
6.734000000000000000e+03,-1.133999999999907997e-05,0.000000000000000000e+00
6.735000000000000000e+03,-1.141999999999907920e-05,0.000000000000000000e+00
6.736000000000000000e+03,-1.149999999999907844e-05,0.000000000000000000e+00
6.737000000000000000e+03,-1.157999999999907767e-05,0.000000000000000000e+00
6.738000000000000000e+03,-1.165999999999907691e-05,3.475609756097560732e-01
6.739000000000000000e+03,-1.173999999999907614e-05,4.573170731707317249e-01
6.740000000000000000e+03,-1.181999999999907537e-05,5.609756097560976151e-01
6.741000000000000000e+03,-1.189999999999907461e-05,6.097560975609755962e-01
6.742000000000000000e+03,-1.197999999999907384e-05,6.585365853658536883e-01
6.743000000000000000e+03,-1.205999999999907308e-05,6.768292682926829729e-01
6.744000000000000000e+03,-1.213999999999907231e-05,6.890243902439023849e-01
6.745000000000000000e+03,-1.221999999999907154e-05,7.073170731707316694e-01
6.746000000000000000e+03,-1.229999999999907078e-05,7.500000000000000000e-01
6.747000000000000000e+03,-1.237999999999907001e-05,7.560975609756097615e-01
6.748000000000000000e+03,-1.245999999999906925e-05,7.560975609756097615e-01
6.749000000000000000e+03,-1.253999999999906848e-05,7.560975609756097615e-01
6.750000000000000000e+03,-1.261999999999906771e-05,7.621951219512195230e-01
6.751000000000000000e+03,-1.269999999999906695e-05,7.682926829268292845e-01
6.752000000000000000e+03,-1.277999999999906618e-05,7.682926829268292845e-01
6.753000000000000000e+03,-1.285999999999906542e-05,7.743902439024390461e-01
6.754000000000000000e+03,-1.293999999999906465e-05,7.743902439024390461e-01
6.755000000000000000e+03,-1.301999999999906388e-05,7.804878048780488076e-01
6.756000000000000000e+03,-1.309999999999906312e-05,7.865853658536585691e-01
6.757000000000000000e+03,-1.317999999999906235e-05,7.865853658536585691e-01
6.758000000000000000e+03,-1.325999999999906159e-05,8.048780487804878536e-01
6.759000000000000000e+03,-5.359999999999060991e-06,0.000000000000000000e+00
6.760000000000000000e+03,-5.439999999999061072e-06,0.000000000000000000e+00
6.761000000000000000e+03,-5.519999999999061153e-06,0.000000000000000000e+00
6.762000000000000000e+03,-5.599999999999061234e-06,0.000000000000000000e+00
6.763000000000000000e+03,-5.679999999999061315e-06,0.000000000000000000e+00
6.764000000000000000e+03,-5.759999999999061396e-06,0.000000000000000000e+00
6.765000000000000000e+03,-5.839999999999061477e-06,0.000000000000000000e+00
6.766000000000000000e+03,-5.919999999999061558e-06,0.000000000000000000e+00
6.767000000000000000e+03,-5.999999999999061639e-06,0.000000000000000000e+00
6.768000000000000000e+03,-6.079999999999061721e-06,0.000000000000000000e+00
6.769000000000000000e+03,-6.159999999999061802e-06,0.000000000000000000e+00
6.770000000000000000e+03,-6.239999999999061883e-06,0.000000000000000000e+00
6.771000000000000000e+03,-6.319999999999061964e-06,0.000000000000000000e+00
6.772000000000000000e+03,-6.399999999999062045e-06,0.000000000000000000e+00
6.773000000000000000e+03,-6.479999999999062126e-06,0.000000000000000000e+00
6.774000000000000000e+03,-6.559999999999062207e-06,0.000000000000000000e+00
6.775000000000000000e+03,-6.639999999999062288e-06,0.000000000000000000e+00
6.776000000000000000e+03,-6.719999999999062369e-06,0.000000000000000000e+00
6.777000000000000000e+03,-6.799999999999062450e-06,0.000000000000000000e+00
6.778000000000000000e+03,-6.879999999999062531e-06,0.000000000000000000e+00
6.779000000000000000e+03,-6.959999999999062612e-06,0.000000000000000000e+00
6.780000000000000000e+03,-7.039999999999062694e-06,0.000000000000000000e+00
6.781000000000000000e+03,-7.119999999999062775e-06,0.000000000000000000e+00
6.782000000000000000e+03,-7.199999999999062856e-06,0.000000000000000000e+00
6.783000000000000000e+03,-7.279999999999062937e-06,0.000000000000000000e+00
6.784000000000000000e+03,-7.359999999999063018e-06,0.000000000000000000e+00
6.785000000000000000e+03,-7.439999999999063099e-06,0.000000000000000000e+00
6.786000000000000000e+03,-7.519999999999063180e-06,0.000000000000000000e+00
6.787000000000000000e+03,-7.599999999999063261e-06,0.000000000000000000e+00
6.788000000000000000e+03,-7.679999999999062495e-06,0.000000000000000000e+00
6.789000000000000000e+03,-7.759999999999061729e-06,0.000000000000000000e+00
6.790000000000000000e+03,-7.839999999999060963e-06,0.000000000000000000e+00
6.791000000000000000e+03,-7.919999999999060197e-06,0.000000000000000000e+00
6.792000000000000000e+03,-7.999999999999059431e-06,0.000000000000000000e+00
6.793000000000000000e+03,-8.079999999999058665e-06,0.000000000000000000e+00
6.794000000000000000e+03,-8.159999999999057900e-06,0.000000000000000000e+00
6.795000000000000000e+03,-8.239999999999057134e-06,0.000000000000000000e+00
6.796000000000000000e+03,-8.319999999999056368e-06,0.000000000000000000e+00
6.797000000000000000e+03,-8.399999999999055602e-06,0.000000000000000000e+00
6.798000000000000000e+03,-8.479999999999054836e-06,0.000000000000000000e+00
6.799000000000000000e+03,-8.559999999999054070e-06,0.000000000000000000e+00
6.800000000000000000e+03,-8.639999999999053304e-06,0.000000000000000000e+00
6.801000000000000000e+03,-8.719999999999052538e-06,0.000000000000000000e+00
6.802000000000000000e+03,-8.799999999999051772e-06,0.000000000000000000e+00
6.803000000000000000e+03,-8.879999999999051006e-06,0.000000000000000000e+00
6.804000000000000000e+03,-8.959999999999050240e-06,0.000000000000000000e+00
6.805000000000000000e+03,-9.039999999999049474e-06,0.000000000000000000e+00
6.806000000000000000e+03,-9.119999999999048708e-06,0.000000000000000000e+00
6.807000000000000000e+03,-9.199999999999047942e-06,0.000000000000000000e+00
6.808000000000000000e+03,-9.279999999999047176e-06,0.000000000000000000e+00
6.809000000000000000e+03,-9.359999999999046410e-06,0.000000000000000000e+00
6.810000000000000000e+03,-9.439999999999045644e-06,0.000000000000000000e+00
6.811000000000000000e+03,-9.519999999999044878e-06,0.000000000000000000e+00
6.812000000000000000e+03,-9.599999999999044112e-06,0.000000000000000000e+00
6.813000000000000000e+03,-9.679999999999043346e-06,0.000000000000000000e+00
6.814000000000000000e+03,-9.759999999999042581e-06,0.000000000000000000e+00
6.815000000000000000e+03,-9.839999999999041815e-06,0.000000000000000000e+00
6.816000000000000000e+03,-9.919999999999041049e-06,0.000000000000000000e+00
6.817000000000000000e+03,-9.999999999999040283e-06,0.000000000000000000e+00
6.818000000000000000e+03,-1.007999999999903952e-05,0.000000000000000000e+00
6.819000000000000000e+03,-1.015999999999903875e-05,0.000000000000000000e+00
6.820000000000000000e+03,-1.023999999999903798e-05,0.000000000000000000e+00
6.821000000000000000e+03,-1.031999999999903722e-05,0.000000000000000000e+00
6.822000000000000000e+03,-1.039999999999903645e-05,0.000000000000000000e+00
6.823000000000000000e+03,-1.047999999999903569e-05,0.000000000000000000e+00
6.824000000000000000e+03,-1.055999999999903492e-05,0.000000000000000000e+00
6.825000000000000000e+03,-1.063999999999903416e-05,0.000000000000000000e+00
6.826000000000000000e+03,-1.071999999999903339e-05,0.000000000000000000e+00
6.827000000000000000e+03,-1.079999999999903262e-05,0.000000000000000000e+00
6.828000000000000000e+03,-1.087999999999903186e-05,0.000000000000000000e+00
6.829000000000000000e+03,-1.095999999999903109e-05,0.000000000000000000e+00
6.830000000000000000e+03,-1.103999999999903033e-05,0.000000000000000000e+00
6.831000000000000000e+03,-1.111999999999902956e-05,0.000000000000000000e+00
6.832000000000000000e+03,-1.119999999999902879e-05,0.000000000000000000e+00
6.833000000000000000e+03,-1.127999999999902803e-05,0.000000000000000000e+00
6.834000000000000000e+03,-1.135999999999902726e-05,0.000000000000000000e+00
6.835000000000000000e+03,-1.143999999999902650e-05,0.000000000000000000e+00
6.836000000000000000e+03,-1.151999999999902573e-05,0.000000000000000000e+00
6.837000000000000000e+03,-1.159999999999902496e-05,0.000000000000000000e+00
6.838000000000000000e+03,-1.167999999999902420e-05,0.000000000000000000e+00
6.839000000000000000e+03,-1.175999999999902343e-05,0.000000000000000000e+00
6.840000000000000000e+03,-1.183999999999902267e-05,3.902439024390244038e-01
6.841000000000000000e+03,-1.191999999999902190e-05,4.024390243902439268e-01
6.842000000000000000e+03,-1.199999999999902113e-05,4.817073170731707155e-01
6.843000000000000000e+03,-1.207999999999902037e-05,5.609756097560976151e-01
6.844000000000000000e+03,-1.215999999999901960e-05,5.975609756097560732e-01
6.845000000000000000e+03,-1.223999999999901884e-05,6.219512195121951192e-01
6.846000000000000000e+03,-1.231999999999901807e-05,6.524390243902439268e-01
6.847000000000000000e+03,-1.239999999999901730e-05,6.646341463414634498e-01
6.848000000000000000e+03,-1.247999999999901654e-05,7.012195121951219079e-01
6.849000000000000000e+03,-1.255999999999901577e-05,7.012195121951219079e-01
6.850000000000000000e+03,-1.263999999999901501e-05,7.134146341463414309e-01
6.851000000000000000e+03,-1.271999999999901424e-05,7.134146341463414309e-01
6.852000000000000000e+03,-1.279999999999901347e-05,7.256097560975609539e-01
6.853000000000000000e+03,-1.287999999999901271e-05,7.317073170731707155e-01
6.854000000000000000e+03,-1.295999999999901194e-05,7.378048780487804770e-01
6.855000000000000000e+03,-1.303999999999901118e-05,7.378048780487804770e-01
6.856000000000000000e+03,-1.311999999999901041e-05,7.439024390243902385e-01
6.857000000000000000e+03,-1.319999999999900964e-05,7.439024390243902385e-01
6.858000000000000000e+03,-1.327999999999900888e-05,7.439024390243902385e-01
6.859000000000000000e+03,-1.335999999999900811e-05,7.500000000000000000e-01
6.860000000000000000e+03,-1.343999999999900735e-05,7.560975609756097615e-01
6.861000000000000000e+03,-1.351999999999900658e-05,7.560975609756097615e-01
6.862000000000000000e+03,-1.359999999999900581e-05,7.560975609756097615e-01
6.863000000000000000e+03,-1.367999999999900505e-05,7.621951219512195230e-01
6.864000000000000000e+03,-1.375999999999900428e-05,7.682926829268292845e-01
6.865000000000000000e+03,-1.383999999999900352e-05,7.682926829268292845e-01
6.866000000000000000e+03,-1.391999999999900275e-05,7.682926829268292845e-01
6.867000000000000000e+03,-1.399999999999900199e-05,7.682926829268292845e-01
6.868000000000000000e+03,-1.407999999999900122e-05,7.682926829268292845e-01
6.869000000000000000e+03,-1.415999999999900045e-05,7.987804878048780921e-01
6.870000000000000000e+03,-1.423999999999899969e-05,7.987804878048780921e-01
6.871000000000000000e+03,-1.431999999999899892e-05,7.987804878048780921e-01
6.872000000000000000e+03,-1.439999999999899816e-05,8.048780487804878536e-01
6.873000000000000000e+03,-6.549999999998997081e-06,0.000000000000000000e+00
6.874000000000000000e+03,-6.629999999998997162e-06,0.000000000000000000e+00
6.875000000000000000e+03,-6.709999999998997243e-06,0.000000000000000000e+00
6.876000000000000000e+03,-6.789999999998997325e-06,0.000000000000000000e+00
6.877000000000000000e+03,-6.869999999998997406e-06,0.000000000000000000e+00
6.878000000000000000e+03,-6.949999999998997487e-06,0.000000000000000000e+00
6.879000000000000000e+03,-7.029999999998997568e-06,0.000000000000000000e+00
6.880000000000000000e+03,-7.109999999998997649e-06,0.000000000000000000e+00
6.881000000000000000e+03,-7.189999999998997730e-06,0.000000000000000000e+00
6.882000000000000000e+03,-7.269999999998997811e-06,0.000000000000000000e+00
6.883000000000000000e+03,-7.349999999998997892e-06,0.000000000000000000e+00
6.884000000000000000e+03,-7.429999999998997973e-06,0.000000000000000000e+00
6.885000000000000000e+03,-7.509999999998998054e-06,0.000000000000000000e+00
6.886000000000000000e+03,-7.589999999998998135e-06,0.000000000000000000e+00
6.887000000000000000e+03,-7.669999999998998216e-06,0.000000000000000000e+00
6.888000000000000000e+03,-7.749999999998997451e-06,0.000000000000000000e+00
6.889000000000000000e+03,-7.829999999998996685e-06,0.000000000000000000e+00
6.890000000000000000e+03,-7.909999999998995919e-06,0.000000000000000000e+00
6.891000000000000000e+03,-7.989999999998995153e-06,0.000000000000000000e+00
6.892000000000000000e+03,-8.069999999998994387e-06,0.000000000000000000e+00
6.893000000000000000e+03,-8.149999999998993621e-06,0.000000000000000000e+00
6.894000000000000000e+03,-8.229999999998992855e-06,0.000000000000000000e+00
6.895000000000000000e+03,-8.309999999998992089e-06,0.000000000000000000e+00
6.896000000000000000e+03,-8.389999999998991323e-06,0.000000000000000000e+00
6.897000000000000000e+03,-8.469999999998990557e-06,0.000000000000000000e+00
6.898000000000000000e+03,-8.549999999998989791e-06,0.000000000000000000e+00
6.899000000000000000e+03,-8.629999999998989025e-06,0.000000000000000000e+00
6.900000000000000000e+03,-8.709999999998988259e-06,0.000000000000000000e+00
6.901000000000000000e+03,-8.789999999998987493e-06,0.000000000000000000e+00
6.902000000000000000e+03,-8.869999999998986727e-06,0.000000000000000000e+00
6.903000000000000000e+03,-8.949999999998985961e-06,0.000000000000000000e+00
6.904000000000000000e+03,-9.029999999998985195e-06,0.000000000000000000e+00
6.905000000000000000e+03,-9.109999999998984429e-06,0.000000000000000000e+00
6.906000000000000000e+03,-9.189999999998983663e-06,0.000000000000000000e+00
6.907000000000000000e+03,-9.269999999998982897e-06,0.000000000000000000e+00
6.908000000000000000e+03,-9.349999999998982132e-06,0.000000000000000000e+00
6.909000000000000000e+03,-9.429999999998981366e-06,0.000000000000000000e+00
6.910000000000000000e+03,-9.509999999998980600e-06,0.000000000000000000e+00
6.911000000000000000e+03,-9.589999999998979834e-06,0.000000000000000000e+00
6.912000000000000000e+03,-9.669999999998979068e-06,0.000000000000000000e+00
6.913000000000000000e+03,-9.749999999998978302e-06,0.000000000000000000e+00
6.914000000000000000e+03,-9.829999999998977536e-06,0.000000000000000000e+00
6.915000000000000000e+03,-9.909999999998976770e-06,0.000000000000000000e+00
6.916000000000000000e+03,-9.989999999998976004e-06,0.000000000000000000e+00
6.917000000000000000e+03,-1.006999999999897524e-05,0.000000000000000000e+00
6.918000000000000000e+03,-1.014999999999897447e-05,0.000000000000000000e+00
6.919000000000000000e+03,-1.022999999999897371e-05,0.000000000000000000e+00
6.920000000000000000e+03,-1.030999999999897294e-05,0.000000000000000000e+00
6.921000000000000000e+03,-1.038999999999897217e-05,0.000000000000000000e+00
6.922000000000000000e+03,-1.046999999999897141e-05,0.000000000000000000e+00
6.923000000000000000e+03,-1.054999999999897064e-05,0.000000000000000000e+00
6.924000000000000000e+03,-1.062999999999896988e-05,0.000000000000000000e+00
6.925000000000000000e+03,-1.070999999999896911e-05,0.000000000000000000e+00
6.926000000000000000e+03,-1.078999999999896834e-05,0.000000000000000000e+00
6.927000000000000000e+03,-1.086999999999896758e-05,0.000000000000000000e+00
6.928000000000000000e+03,-1.094999999999896681e-05,0.000000000000000000e+00
6.929000000000000000e+03,-1.102999999999896605e-05,0.000000000000000000e+00
6.930000000000000000e+03,-1.110999999999896528e-05,0.000000000000000000e+00
6.931000000000000000e+03,-1.118999999999896451e-05,0.000000000000000000e+00
6.932000000000000000e+03,-1.126999999999896375e-05,0.000000000000000000e+00
6.933000000000000000e+03,-1.134999999999896298e-05,0.000000000000000000e+00
6.934000000000000000e+03,-1.142999999999896222e-05,0.000000000000000000e+00
6.935000000000000000e+03,-1.150999999999896145e-05,0.000000000000000000e+00
6.936000000000000000e+03,-1.158999999999896068e-05,0.000000000000000000e+00
6.937000000000000000e+03,-1.166999999999895992e-05,0.000000000000000000e+00
6.938000000000000000e+03,-1.174999999999895915e-05,0.000000000000000000e+00
6.939000000000000000e+03,-1.182999999999895839e-05,0.000000000000000000e+00
6.940000000000000000e+03,-1.190999999999895762e-05,0.000000000000000000e+00
6.941000000000000000e+03,-1.198999999999895686e-05,0.000000000000000000e+00
6.942000000000000000e+03,-1.206999999999895609e-05,0.000000000000000000e+00
6.943000000000000000e+03,-1.214999999999895532e-05,0.000000000000000000e+00
6.944000000000000000e+03,-1.222999999999895456e-05,0.000000000000000000e+00
6.945000000000000000e+03,-1.230999999999895379e-05,0.000000000000000000e+00
6.946000000000000000e+03,-1.238999999999895303e-05,0.000000000000000000e+00
6.947000000000000000e+03,-1.246999999999895226e-05,0.000000000000000000e+00
6.948000000000000000e+03,-1.254999999999895149e-05,3.292682926829268442e-01
6.949000000000000000e+03,-1.262999999999895073e-05,3.658536585365853577e-01
6.950000000000000000e+03,-1.270999999999894996e-05,4.756097560975609539e-01
6.951000000000000000e+03,-1.278999999999894920e-05,5.121951219512195230e-01
6.952000000000000000e+03,-1.286999999999894843e-05,5.792682926829267887e-01
6.953000000000000000e+03,-1.294999999999894766e-05,6.158536585365853577e-01
6.954000000000000000e+03,-1.302999999999894690e-05,6.463414634146341653e-01
6.955000000000000000e+03,-1.310999999999894613e-05,7.073170731707316694e-01
6.956000000000000000e+03,-1.318999999999894537e-05,7.195121951219511924e-01
6.957000000000000000e+03,-1.326999999999894460e-05,7.439024390243902385e-01
6.958000000000000000e+03,-1.334999999999894383e-05,7.743902439024390461e-01
6.959000000000000000e+03,-1.342999999999894307e-05,7.987804878048780921e-01
6.960000000000000000e+03,-1.350999999999894230e-05,7.987804878048780921e-01
6.961000000000000000e+03,-1.358999999999894154e-05,8.048780487804878536e-01
6.962000000000000000e+03,-5.839999999998941199e-06,0.000000000000000000e+00
6.963000000000000000e+03,-5.919999999998941280e-06,0.000000000000000000e+00
6.964000000000000000e+03,-5.999999999998941361e-06,0.000000000000000000e+00
6.965000000000000000e+03,-6.079999999998941442e-06,0.000000000000000000e+00
6.966000000000000000e+03,-6.159999999998941523e-06,0.000000000000000000e+00
6.967000000000000000e+03,-6.239999999998941604e-06,0.000000000000000000e+00
6.968000000000000000e+03,-6.319999999998941685e-06,0.000000000000000000e+00
6.969000000000000000e+03,-6.399999999998941766e-06,0.000000000000000000e+00
6.970000000000000000e+03,-6.479999999998941847e-06,0.000000000000000000e+00
6.971000000000000000e+03,-6.559999999998941928e-06,0.000000000000000000e+00
6.972000000000000000e+03,-6.639999999998942009e-06,0.000000000000000000e+00
6.973000000000000000e+03,-6.719999999998942091e-06,0.000000000000000000e+00
6.974000000000000000e+03,-6.799999999998942172e-06,0.000000000000000000e+00
6.975000000000000000e+03,-6.879999999998942253e-06,0.000000000000000000e+00
6.976000000000000000e+03,-6.959999999998942334e-06,0.000000000000000000e+00
6.977000000000000000e+03,-7.039999999998942415e-06,0.000000000000000000e+00
6.978000000000000000e+03,-7.119999999998942496e-06,0.000000000000000000e+00
6.979000000000000000e+03,-7.199999999998942577e-06,0.000000000000000000e+00
6.980000000000000000e+03,-7.279999999998942658e-06,0.000000000000000000e+00
6.981000000000000000e+03,-7.359999999998942739e-06,0.000000000000000000e+00
6.982000000000000000e+03,-7.439999999998942820e-06,0.000000000000000000e+00
6.983000000000000000e+03,-7.519999999998942901e-06,0.000000000000000000e+00
6.984000000000000000e+03,-7.599999999998942982e-06,0.000000000000000000e+00
6.985000000000000000e+03,-7.679999999998942217e-06,0.000000000000000000e+00
6.986000000000000000e+03,-7.759999999998941451e-06,0.000000000000000000e+00
6.987000000000000000e+03,-7.839999999998940685e-06,0.000000000000000000e+00
6.988000000000000000e+03,-7.919999999998939919e-06,0.000000000000000000e+00
6.989000000000000000e+03,-7.999999999998939153e-06,0.000000000000000000e+00
6.990000000000000000e+03,-8.079999999998938387e-06,0.000000000000000000e+00
6.991000000000000000e+03,-8.159999999998937621e-06,0.000000000000000000e+00
6.992000000000000000e+03,-8.239999999998936855e-06,0.000000000000000000e+00
6.993000000000000000e+03,-8.319999999998936089e-06,0.000000000000000000e+00
6.994000000000000000e+03,-8.399999999998935323e-06,0.000000000000000000e+00
6.995000000000000000e+03,-8.479999999998934557e-06,0.000000000000000000e+00
6.996000000000000000e+03,-8.559999999998933791e-06,0.000000000000000000e+00
6.997000000000000000e+03,-8.639999999998933025e-06,0.000000000000000000e+00
6.998000000000000000e+03,-8.719999999998932259e-06,0.000000000000000000e+00
6.999000000000000000e+03,-8.799999999998931493e-06,0.000000000000000000e+00
7.000000000000000000e+03,-8.879999999998930727e-06,0.000000000000000000e+00
7.001000000000000000e+03,-8.959999999998929961e-06,0.000000000000000000e+00
7.002000000000000000e+03,-9.039999999998929195e-06,0.000000000000000000e+00
7.003000000000000000e+03,-9.119999999998928429e-06,0.000000000000000000e+00
7.004000000000000000e+03,-9.199999999998927663e-06,0.000000000000000000e+00
7.005000000000000000e+03,-9.279999999998926898e-06,0.000000000000000000e+00
7.006000000000000000e+03,-9.359999999998926132e-06,0.000000000000000000e+00
7.007000000000000000e+03,-9.439999999998925366e-06,0.000000000000000000e+00
7.008000000000000000e+03,-9.519999999998924600e-06,0.000000000000000000e+00
7.009000000000000000e+03,-9.599999999998923834e-06,0.000000000000000000e+00
7.010000000000000000e+03,-9.679999999998923068e-06,0.000000000000000000e+00
7.011000000000000000e+03,-9.759999999998922302e-06,0.000000000000000000e+00
7.012000000000000000e+03,-9.839999999998921536e-06,0.000000000000000000e+00
7.013000000000000000e+03,-9.919999999998920770e-06,0.000000000000000000e+00
7.014000000000000000e+03,-9.999999999998920004e-06,0.000000000000000000e+00
7.015000000000000000e+03,-1.007999999999891924e-05,0.000000000000000000e+00
7.016000000000000000e+03,-1.015999999999891847e-05,0.000000000000000000e+00
7.017000000000000000e+03,-1.023999999999891771e-05,0.000000000000000000e+00
7.018000000000000000e+03,-1.031999999999891694e-05,0.000000000000000000e+00
7.019000000000000000e+03,-1.039999999999891617e-05,0.000000000000000000e+00
7.020000000000000000e+03,-1.047999999999891541e-05,0.000000000000000000e+00
7.021000000000000000e+03,-1.055999999999891464e-05,0.000000000000000000e+00
7.022000000000000000e+03,-1.063999999999891388e-05,0.000000000000000000e+00
7.023000000000000000e+03,-1.071999999999891311e-05,0.000000000000000000e+00
7.024000000000000000e+03,-1.079999999999891234e-05,0.000000000000000000e+00
7.025000000000000000e+03,-1.087999999999891158e-05,0.000000000000000000e+00
7.026000000000000000e+03,-1.095999999999891081e-05,0.000000000000000000e+00
7.027000000000000000e+03,-1.103999999999891005e-05,0.000000000000000000e+00
7.028000000000000000e+03,-1.111999999999890928e-05,0.000000000000000000e+00
7.029000000000000000e+03,-1.119999999999890851e-05,0.000000000000000000e+00
7.030000000000000000e+03,-1.127999999999890775e-05,0.000000000000000000e+00
7.031000000000000000e+03,-1.135999999999890698e-05,0.000000000000000000e+00
7.032000000000000000e+03,-1.143999999999890622e-05,0.000000000000000000e+00
7.033000000000000000e+03,-1.151999999999890545e-05,0.000000000000000000e+00
7.034000000000000000e+03,-1.159999999999890468e-05,0.000000000000000000e+00
7.035000000000000000e+03,-1.167999999999890392e-05,0.000000000000000000e+00
7.036000000000000000e+03,-1.175999999999890315e-05,0.000000000000000000e+00
7.037000000000000000e+03,-1.183999999999890239e-05,0.000000000000000000e+00
7.038000000000000000e+03,-1.191999999999890162e-05,0.000000000000000000e+00
7.039000000000000000e+03,-1.199999999999890086e-05,0.000000000000000000e+00
7.040000000000000000e+03,-1.207999999999890009e-05,0.000000000000000000e+00
7.041000000000000000e+03,-1.215999999999889932e-05,3.658536585365853439e-02
7.042000000000000000e+03,-1.223999999999889856e-05,3.536585365853658347e-01
7.043000000000000000e+03,-1.231999999999889779e-05,4.085365853658536328e-01
7.044000000000000000e+03,-1.239999999999889703e-05,4.695121951219511924e-01
7.045000000000000000e+03,-1.247999999999889626e-05,4.939024390243902385e-01
7.046000000000000000e+03,-1.255999999999889549e-05,5.670731707317072656e-01
7.047000000000000000e+03,-1.263999999999889473e-05,6.158536585365853577e-01
7.048000000000000000e+03,-1.271999999999889396e-05,6.402439024390244038e-01
7.049000000000000000e+03,-1.279999999999889320e-05,6.524390243902439268e-01
7.050000000000000000e+03,-1.287999999999889243e-05,6.585365853658536883e-01
7.051000000000000000e+03,-1.295999999999889166e-05,6.585365853658536883e-01
7.052000000000000000e+03,-1.303999999999889090e-05,6.829268292682927344e-01
7.053000000000000000e+03,-1.311999999999889013e-05,6.890243902439023849e-01
7.054000000000000000e+03,-1.319999999999888937e-05,6.890243902439023849e-01
7.055000000000000000e+03,-1.327999999999888860e-05,6.951219512195121464e-01
7.056000000000000000e+03,-1.335999999999888783e-05,7.012195121951219079e-01
7.057000000000000000e+03,-1.343999999999888707e-05,7.134146341463414309e-01
7.058000000000000000e+03,-1.351999999999888630e-05,7.195121951219511924e-01
7.059000000000000000e+03,-1.359999999999888554e-05,7.378048780487804770e-01
7.060000000000000000e+03,-1.367999999999888477e-05,7.439024390243902385e-01
7.061000000000000000e+03,-1.375999999999888400e-05,7.500000000000000000e-01
7.062000000000000000e+03,-1.383999999999888324e-05,7.621951219512195230e-01
7.063000000000000000e+03,-1.391999999999888247e-05,7.621951219512195230e-01
7.064000000000000000e+03,-1.399999999999888171e-05,7.682926829268292845e-01
7.065000000000000000e+03,-1.407999999999888094e-05,7.682926829268292845e-01
7.066000000000000000e+03,-1.415999999999888017e-05,7.865853658536585691e-01
7.067000000000000000e+03,-1.423999999999887941e-05,7.926829268292683306e-01
7.068000000000000000e+03,-1.431999999999887864e-05,7.926829268292683306e-01
7.069000000000000000e+03,-1.439999999999887788e-05,8.048780487804878536e-01
7.070000000000000000e+03,-6.499999999998877281e-06,0.000000000000000000e+00
7.071000000000000000e+03,-6.579999999998877362e-06,0.000000000000000000e+00
7.072000000000000000e+03,-6.659999999998877443e-06,0.000000000000000000e+00
7.073000000000000000e+03,-6.739999999998877525e-06,0.000000000000000000e+00
7.074000000000000000e+03,-6.819999999998877606e-06,0.000000000000000000e+00
7.075000000000000000e+03,-6.899999999998877687e-06,0.000000000000000000e+00
7.076000000000000000e+03,-6.979999999998877768e-06,0.000000000000000000e+00
7.077000000000000000e+03,-7.059999999998877849e-06,0.000000000000000000e+00
7.078000000000000000e+03,-7.139999999998877930e-06,0.000000000000000000e+00
7.079000000000000000e+03,-7.219999999998878011e-06,0.000000000000000000e+00
7.080000000000000000e+03,-7.299999999998878092e-06,0.000000000000000000e+00
7.081000000000000000e+03,-7.379999999998878173e-06,0.000000000000000000e+00
7.082000000000000000e+03,-7.459999999998878254e-06,0.000000000000000000e+00
7.083000000000000000e+03,-7.539999999998878335e-06,0.000000000000000000e+00
7.084000000000000000e+03,-7.619999999998878416e-06,0.000000000000000000e+00
7.085000000000000000e+03,-7.699999999998877651e-06,0.000000000000000000e+00
7.086000000000000000e+03,-7.779999999998876885e-06,0.000000000000000000e+00
7.087000000000000000e+03,-7.859999999998876119e-06,0.000000000000000000e+00
7.088000000000000000e+03,-7.939999999998875353e-06,0.000000000000000000e+00
7.089000000000000000e+03,-8.019999999998874587e-06,0.000000000000000000e+00
7.090000000000000000e+03,-8.099999999998873821e-06,0.000000000000000000e+00
7.091000000000000000e+03,-8.179999999998873055e-06,0.000000000000000000e+00
7.092000000000000000e+03,-8.259999999998872289e-06,0.000000000000000000e+00
7.093000000000000000e+03,-8.339999999998871523e-06,0.000000000000000000e+00
7.094000000000000000e+03,-8.419999999998870757e-06,0.000000000000000000e+00
7.095000000000000000e+03,-8.499999999998869991e-06,0.000000000000000000e+00
7.096000000000000000e+03,-8.579999999998869225e-06,0.000000000000000000e+00
7.097000000000000000e+03,-8.659999999998868459e-06,0.000000000000000000e+00
7.098000000000000000e+03,-8.739999999998867693e-06,0.000000000000000000e+00
7.099000000000000000e+03,-8.819999999998866927e-06,0.000000000000000000e+00
7.100000000000000000e+03,-8.899999999998866161e-06,0.000000000000000000e+00
7.101000000000000000e+03,-8.979999999998865395e-06,0.000000000000000000e+00
7.102000000000000000e+03,-9.059999999998864629e-06,0.000000000000000000e+00
7.103000000000000000e+03,-9.139999999998863863e-06,0.000000000000000000e+00
7.104000000000000000e+03,-9.219999999998863097e-06,0.000000000000000000e+00
7.105000000000000000e+03,-9.299999999998862332e-06,0.000000000000000000e+00
7.106000000000000000e+03,-9.379999999998861566e-06,0.000000000000000000e+00
7.107000000000000000e+03,-9.459999999998860800e-06,0.000000000000000000e+00
7.108000000000000000e+03,-9.539999999998860034e-06,0.000000000000000000e+00
7.109000000000000000e+03,-9.619999999998859268e-06,0.000000000000000000e+00
7.110000000000000000e+03,-9.699999999998858502e-06,0.000000000000000000e+00
7.111000000000000000e+03,-9.779999999998857736e-06,0.000000000000000000e+00
7.112000000000000000e+03,-9.859999999998856970e-06,0.000000000000000000e+00
7.113000000000000000e+03,-9.939999999998856204e-06,0.000000000000000000e+00
7.114000000000000000e+03,-1.001999999999885544e-05,0.000000000000000000e+00
7.115000000000000000e+03,-1.009999999999885467e-05,0.000000000000000000e+00
7.116000000000000000e+03,-1.017999999999885391e-05,0.000000000000000000e+00
7.117000000000000000e+03,-1.025999999999885314e-05,0.000000000000000000e+00
7.118000000000000000e+03,-1.033999999999885237e-05,0.000000000000000000e+00
7.119000000000000000e+03,-1.041999999999885161e-05,0.000000000000000000e+00
7.120000000000000000e+03,-1.049999999999885084e-05,0.000000000000000000e+00
7.121000000000000000e+03,-1.057999999999885008e-05,0.000000000000000000e+00
7.122000000000000000e+03,-1.065999999999884931e-05,0.000000000000000000e+00
7.123000000000000000e+03,-1.073999999999884854e-05,0.000000000000000000e+00
7.124000000000000000e+03,-1.081999999999884778e-05,0.000000000000000000e+00
7.125000000000000000e+03,-1.089999999999884701e-05,0.000000000000000000e+00
7.126000000000000000e+03,-1.097999999999884625e-05,0.000000000000000000e+00
7.127000000000000000e+03,-1.105999999999884548e-05,0.000000000000000000e+00
7.128000000000000000e+03,-1.113999999999884471e-05,0.000000000000000000e+00
7.129000000000000000e+03,-1.121999999999884395e-05,0.000000000000000000e+00
7.130000000000000000e+03,-1.129999999999884318e-05,0.000000000000000000e+00
7.131000000000000000e+03,-1.137999999999884242e-05,0.000000000000000000e+00
7.132000000000000000e+03,-1.145999999999884165e-05,0.000000000000000000e+00
7.133000000000000000e+03,-1.153999999999884088e-05,0.000000000000000000e+00
7.134000000000000000e+03,-1.161999999999884012e-05,0.000000000000000000e+00
7.135000000000000000e+03,-1.169999999999883935e-05,0.000000000000000000e+00
7.136000000000000000e+03,-1.177999999999883859e-05,0.000000000000000000e+00
7.137000000000000000e+03,-1.185999999999883782e-05,0.000000000000000000e+00
7.138000000000000000e+03,-1.193999999999883706e-05,0.000000000000000000e+00
7.139000000000000000e+03,-1.201999999999883629e-05,0.000000000000000000e+00
7.140000000000000000e+03,-1.209999999999883552e-05,0.000000000000000000e+00
7.141000000000000000e+03,-1.217999999999883476e-05,0.000000000000000000e+00
7.142000000000000000e+03,-1.225999999999883399e-05,0.000000000000000000e+00
7.143000000000000000e+03,-1.233999999999883323e-05,0.000000000000000000e+00
7.144000000000000000e+03,-1.241999999999883246e-05,0.000000000000000000e+00
7.145000000000000000e+03,-1.249999999999883169e-05,0.000000000000000000e+00
7.146000000000000000e+03,-1.257999999999883093e-05,0.000000000000000000e+00
7.147000000000000000e+03,-1.265999999999883016e-05,1.951219512195122019e-01
7.148000000000000000e+03,-1.273999999999882940e-05,2.926829268292682751e-01
7.149000000000000000e+03,-1.281999999999882863e-05,3.719512195121951192e-01
7.150000000000000000e+03,-1.289999999999882786e-05,4.756097560975609539e-01
7.151000000000000000e+03,-1.297999999999882710e-05,5.548780487804878536e-01
7.152000000000000000e+03,-1.305999999999882633e-05,5.975609756097560732e-01
7.153000000000000000e+03,-1.313999999999882557e-05,6.219512195121951192e-01
7.154000000000000000e+03,-1.321999999999882480e-05,6.585365853658536883e-01
7.155000000000000000e+03,-1.329999999999882403e-05,7.134146341463414309e-01
7.156000000000000000e+03,-1.337999999999882327e-05,7.317073170731707155e-01
7.157000000000000000e+03,-1.345999999999882250e-05,7.378048780487804770e-01
7.158000000000000000e+03,-1.353999999999882174e-05,7.500000000000000000e-01
7.159000000000000000e+03,-1.361999999999882097e-05,7.560975609756097615e-01
7.160000000000000000e+03,-1.369999999999882020e-05,7.560975609756097615e-01
7.161000000000000000e+03,-1.377999999999881944e-05,7.621951219512195230e-01
7.162000000000000000e+03,-1.385999999999881867e-05,7.682926829268292845e-01
7.163000000000000000e+03,-1.393999999999881791e-05,7.682926829268292845e-01
7.164000000000000000e+03,-1.401999999999881714e-05,7.743902439024390461e-01
7.165000000000000000e+03,-1.409999999999881637e-05,7.804878048780488076e-01
7.166000000000000000e+03,-1.417999999999881561e-05,7.804878048780488076e-01
7.167000000000000000e+03,-1.425999999999881484e-05,7.804878048780488076e-01
7.168000000000000000e+03,-1.433999999999881408e-05,7.987804878048780921e-01
7.169000000000000000e+03,-1.441999999999881331e-05,7.987804878048780921e-01
7.170000000000000000e+03,-1.449999999999881254e-05,8.048780487804878536e-01
7.171000000000000000e+03,-6.649999999998811471e-06,0.000000000000000000e+00
7.172000000000000000e+03,-6.729999999998811552e-06,0.000000000000000000e+00
7.173000000000000000e+03,-6.809999999998811633e-06,0.000000000000000000e+00
7.174000000000000000e+03,-6.889999999998811714e-06,0.000000000000000000e+00
7.175000000000000000e+03,-6.969999999998811795e-06,0.000000000000000000e+00
7.176000000000000000e+03,-7.049999999998811876e-06,0.000000000000000000e+00
7.177000000000000000e+03,-7.129999999998811957e-06,0.000000000000000000e+00
7.178000000000000000e+03,-7.209999999998812038e-06,0.000000000000000000e+00
7.179000000000000000e+03,-7.289999999998812119e-06,0.000000000000000000e+00
7.180000000000000000e+03,-7.369999999998812200e-06,0.000000000000000000e+00
7.181000000000000000e+03,-7.449999999998812282e-06,0.000000000000000000e+00
7.182000000000000000e+03,-7.529999999998812363e-06,0.000000000000000000e+00
7.183000000000000000e+03,-7.609999999998812444e-06,0.000000000000000000e+00
7.184000000000000000e+03,-7.689999999998811678e-06,0.000000000000000000e+00
7.185000000000000000e+03,-7.769999999998810912e-06,0.000000000000000000e+00
7.186000000000000000e+03,-7.849999999998810146e-06,0.000000000000000000e+00
7.187000000000000000e+03,-7.929999999998809380e-06,0.000000000000000000e+00
7.188000000000000000e+03,-8.009999999998808614e-06,0.000000000000000000e+00
7.189000000000000000e+03,-8.089999999998807848e-06,0.000000000000000000e+00
7.190000000000000000e+03,-8.169999999998807082e-06,0.000000000000000000e+00
7.191000000000000000e+03,-8.249999999998806316e-06,0.000000000000000000e+00
7.192000000000000000e+03,-8.329999999998805550e-06,0.000000000000000000e+00
7.193000000000000000e+03,-8.409999999998804784e-06,0.000000000000000000e+00
7.194000000000000000e+03,-8.489999999998804018e-06,0.000000000000000000e+00
7.195000000000000000e+03,-8.569999999998803252e-06,0.000000000000000000e+00
7.196000000000000000e+03,-8.649999999998802486e-06,0.000000000000000000e+00
7.197000000000000000e+03,-8.729999999998801720e-06,0.000000000000000000e+00
7.198000000000000000e+03,-8.809999999998800954e-06,0.000000000000000000e+00
7.199000000000000000e+03,-8.889999999998800188e-06,0.000000000000000000e+00
7.200000000000000000e+03,-8.969999999998799423e-06,0.000000000000000000e+00
7.201000000000000000e+03,-9.049999999998798657e-06,0.000000000000000000e+00
7.202000000000000000e+03,-9.129999999998797891e-06,0.000000000000000000e+00
7.203000000000000000e+03,-9.209999999998797125e-06,0.000000000000000000e+00
7.204000000000000000e+03,-9.289999999998796359e-06,0.000000000000000000e+00
7.205000000000000000e+03,-9.369999999998795593e-06,0.000000000000000000e+00
7.206000000000000000e+03,-9.449999999998794827e-06,0.000000000000000000e+00
7.207000000000000000e+03,-9.529999999998794061e-06,0.000000000000000000e+00
7.208000000000000000e+03,-9.609999999998793295e-06,0.000000000000000000e+00
7.209000000000000000e+03,-9.689999999998792529e-06,0.000000000000000000e+00
7.210000000000000000e+03,-9.769999999998791763e-06,0.000000000000000000e+00
7.211000000000000000e+03,-9.849999999998790997e-06,0.000000000000000000e+00
7.212000000000000000e+03,-9.929999999998790231e-06,0.000000000000000000e+00
7.213000000000000000e+03,-1.000999999999878947e-05,0.000000000000000000e+00
7.214000000000000000e+03,-1.008999999999878870e-05,0.000000000000000000e+00
7.215000000000000000e+03,-1.016999999999878793e-05,0.000000000000000000e+00
7.216000000000000000e+03,-1.024999999999878717e-05,0.000000000000000000e+00
7.217000000000000000e+03,-1.032999999999878640e-05,0.000000000000000000e+00
7.218000000000000000e+03,-1.040999999999878564e-05,0.000000000000000000e+00
7.219000000000000000e+03,-1.048999999999878487e-05,0.000000000000000000e+00
7.220000000000000000e+03,-1.056999999999878410e-05,0.000000000000000000e+00
7.221000000000000000e+03,-1.064999999999878334e-05,0.000000000000000000e+00
7.222000000000000000e+03,-1.072999999999878257e-05,0.000000000000000000e+00
7.223000000000000000e+03,-1.080999999999878181e-05,0.000000000000000000e+00
7.224000000000000000e+03,-1.088999999999878104e-05,0.000000000000000000e+00
7.225000000000000000e+03,-1.096999999999878027e-05,0.000000000000000000e+00
7.226000000000000000e+03,-1.104999999999877951e-05,0.000000000000000000e+00
7.227000000000000000e+03,-1.112999999999877874e-05,0.000000000000000000e+00
7.228000000000000000e+03,-1.120999999999877798e-05,0.000000000000000000e+00
7.229000000000000000e+03,-1.128999999999877721e-05,0.000000000000000000e+00
7.230000000000000000e+03,-1.136999999999877644e-05,0.000000000000000000e+00
7.231000000000000000e+03,-1.144999999999877568e-05,0.000000000000000000e+00
7.232000000000000000e+03,-1.152999999999877491e-05,0.000000000000000000e+00
7.233000000000000000e+03,-1.160999999999877415e-05,0.000000000000000000e+00
7.234000000000000000e+03,-1.168999999999877338e-05,0.000000000000000000e+00
7.235000000000000000e+03,-1.176999999999877261e-05,0.000000000000000000e+00
7.236000000000000000e+03,-1.184999999999877185e-05,0.000000000000000000e+00
7.237000000000000000e+03,-1.192999999999877108e-05,0.000000000000000000e+00
7.238000000000000000e+03,-1.200999999999877032e-05,0.000000000000000000e+00
7.239000000000000000e+03,-1.208999999999876955e-05,0.000000000000000000e+00
7.240000000000000000e+03,-1.216999999999876878e-05,0.000000000000000000e+00
7.241000000000000000e+03,-1.224999999999876802e-05,0.000000000000000000e+00
7.242000000000000000e+03,-1.232999999999876725e-05,0.000000000000000000e+00
7.243000000000000000e+03,-1.240999999999876649e-05,0.000000000000000000e+00
7.244000000000000000e+03,-1.248999999999876572e-05,0.000000000000000000e+00
7.245000000000000000e+03,-1.256999999999876495e-05,0.000000000000000000e+00
7.246000000000000000e+03,-1.264999999999876419e-05,0.000000000000000000e+00
7.247000000000000000e+03,-1.272999999999876342e-05,6.097560975609756309e-03
7.248000000000000000e+03,-1.280999999999876266e-05,6.097560975609756309e-03
7.249000000000000000e+03,-1.288999999999876189e-05,1.341463414634146423e-01
7.250000000000000000e+03,-1.296999999999876113e-05,3.109756097560975596e-01
7.251000000000000000e+03,-1.304999999999876036e-05,4.451219512195122019e-01
7.252000000000000000e+03,-1.312999999999875959e-05,5.121951219512195230e-01
7.253000000000000000e+03,-1.320999999999875883e-05,5.548780487804878536e-01
7.254000000000000000e+03,-1.328999999999875806e-05,6.097560975609755962e-01
7.255000000000000000e+03,-1.336999999999875730e-05,6.402439024390244038e-01
7.256000000000000000e+03,-1.344999999999875653e-05,6.707317073170732113e-01
7.257000000000000000e+03,-1.352999999999875576e-05,7.073170731707316694e-01
7.258000000000000000e+03,-1.360999999999875500e-05,7.073170731707316694e-01
7.259000000000000000e+03,-1.368999999999875423e-05,7.134146341463414309e-01
7.260000000000000000e+03,-1.376999999999875347e-05,7.195121951219511924e-01
7.261000000000000000e+03,-1.384999999999875270e-05,7.378048780487804770e-01
7.262000000000000000e+03,-1.392999999999875193e-05,7.500000000000000000e-01
7.263000000000000000e+03,-1.400999999999875117e-05,7.560975609756097615e-01
7.264000000000000000e+03,-1.408999999999875040e-05,7.682926829268292845e-01
7.265000000000000000e+03,-1.416999999999874964e-05,7.743902439024390461e-01
7.266000000000000000e+03,-1.424999999999874887e-05,7.987804878048780921e-01
7.267000000000000000e+03,-1.432999999999874810e-05,7.987804878048780921e-01
7.268000000000000000e+03,-1.440999999999874734e-05,7.987804878048780921e-01
7.269000000000000000e+03,-1.448999999999874657e-05,8.048780487804878536e-01
7.270000000000000000e+03,-6.639999999998745498e-06,0.000000000000000000e+00
7.271000000000000000e+03,-6.719999999998745579e-06,0.000000000000000000e+00
7.272000000000000000e+03,-6.799999999998745660e-06,0.000000000000000000e+00
7.273000000000000000e+03,-6.879999999998745741e-06,0.000000000000000000e+00
7.274000000000000000e+03,-6.959999999998745822e-06,0.000000000000000000e+00
7.275000000000000000e+03,-7.039999999998745903e-06,0.000000000000000000e+00
7.276000000000000000e+03,-7.119999999998745984e-06,0.000000000000000000e+00
7.277000000000000000e+03,-7.199999999998746065e-06,0.000000000000000000e+00
7.278000000000000000e+03,-7.279999999998746147e-06,0.000000000000000000e+00
7.279000000000000000e+03,-7.359999999998746228e-06,0.000000000000000000e+00
7.280000000000000000e+03,-7.439999999998746309e-06,0.000000000000000000e+00
7.281000000000000000e+03,-7.519999999998746390e-06,0.000000000000000000e+00
7.282000000000000000e+03,-7.599999999998746471e-06,0.000000000000000000e+00
7.283000000000000000e+03,-7.679999999998745705e-06,0.000000000000000000e+00
7.284000000000000000e+03,-7.759999999998744939e-06,0.000000000000000000e+00
7.285000000000000000e+03,-7.839999999998744173e-06,0.000000000000000000e+00
7.286000000000000000e+03,-7.919999999998743407e-06,0.000000000000000000e+00
7.287000000000000000e+03,-7.999999999998742641e-06,0.000000000000000000e+00
7.288000000000000000e+03,-8.079999999998741875e-06,0.000000000000000000e+00
7.289000000000000000e+03,-8.159999999998741109e-06,0.000000000000000000e+00
7.290000000000000000e+03,-8.239999999998740343e-06,0.000000000000000000e+00
7.291000000000000000e+03,-8.319999999998739577e-06,0.000000000000000000e+00
7.292000000000000000e+03,-8.399999999998738811e-06,0.000000000000000000e+00
7.293000000000000000e+03,-8.479999999998738045e-06,0.000000000000000000e+00
7.294000000000000000e+03,-8.559999999998737279e-06,0.000000000000000000e+00
7.295000000000000000e+03,-8.639999999998736513e-06,0.000000000000000000e+00
7.296000000000000000e+03,-8.719999999998735748e-06,0.000000000000000000e+00
7.297000000000000000e+03,-8.799999999998734982e-06,0.000000000000000000e+00
7.298000000000000000e+03,-8.879999999998734216e-06,0.000000000000000000e+00
7.299000000000000000e+03,-8.959999999998733450e-06,0.000000000000000000e+00
7.300000000000000000e+03,-9.039999999998732684e-06,0.000000000000000000e+00
7.301000000000000000e+03,-9.119999999998731918e-06,0.000000000000000000e+00
7.302000000000000000e+03,-9.199999999998731152e-06,0.000000000000000000e+00
7.303000000000000000e+03,-9.279999999998730386e-06,0.000000000000000000e+00
7.304000000000000000e+03,-9.359999999998729620e-06,0.000000000000000000e+00
7.305000000000000000e+03,-9.439999999998728854e-06,0.000000000000000000e+00
7.306000000000000000e+03,-9.519999999998728088e-06,0.000000000000000000e+00
7.307000000000000000e+03,-9.599999999998727322e-06,0.000000000000000000e+00
7.308000000000000000e+03,-9.679999999998726556e-06,0.000000000000000000e+00
7.309000000000000000e+03,-9.759999999998725790e-06,0.000000000000000000e+00
7.310000000000000000e+03,-9.839999999998725024e-06,0.000000000000000000e+00
7.311000000000000000e+03,-9.919999999998724258e-06,0.000000000000000000e+00
7.312000000000000000e+03,-9.999999999998723492e-06,0.000000000000000000e+00
7.313000000000000000e+03,-1.007999999999872273e-05,0.000000000000000000e+00
7.314000000000000000e+03,-1.015999999999872196e-05,0.000000000000000000e+00
7.315000000000000000e+03,-1.023999999999872119e-05,0.000000000000000000e+00
7.316000000000000000e+03,-1.031999999999872043e-05,0.000000000000000000e+00
7.317000000000000000e+03,-1.039999999999871966e-05,0.000000000000000000e+00
7.318000000000000000e+03,-1.047999999999871890e-05,0.000000000000000000e+00
7.319000000000000000e+03,-1.055999999999871813e-05,0.000000000000000000e+00
7.320000000000000000e+03,-1.063999999999871736e-05,0.000000000000000000e+00
7.321000000000000000e+03,-1.071999999999871660e-05,0.000000000000000000e+00
7.322000000000000000e+03,-1.079999999999871583e-05,0.000000000000000000e+00
7.323000000000000000e+03,-1.087999999999871507e-05,0.000000000000000000e+00
7.324000000000000000e+03,-1.095999999999871430e-05,0.000000000000000000e+00
7.325000000000000000e+03,-1.103999999999871353e-05,0.000000000000000000e+00
7.326000000000000000e+03,-1.111999999999871277e-05,0.000000000000000000e+00
7.327000000000000000e+03,-1.119999999999871200e-05,0.000000000000000000e+00
7.328000000000000000e+03,-1.127999999999871124e-05,0.000000000000000000e+00
7.329000000000000000e+03,-1.135999999999871047e-05,0.000000000000000000e+00
7.330000000000000000e+03,-1.143999999999870971e-05,0.000000000000000000e+00
7.331000000000000000e+03,-1.151999999999870894e-05,0.000000000000000000e+00
7.332000000000000000e+03,-1.159999999999870817e-05,0.000000000000000000e+00
7.333000000000000000e+03,-1.167999999999870741e-05,0.000000000000000000e+00
7.334000000000000000e+03,-1.175999999999870664e-05,0.000000000000000000e+00
7.335000000000000000e+03,-1.183999999999870588e-05,0.000000000000000000e+00
7.336000000000000000e+03,-1.191999999999870511e-05,0.000000000000000000e+00
7.337000000000000000e+03,-1.199999999999870434e-05,0.000000000000000000e+00
7.338000000000000000e+03,-1.207999999999870358e-05,0.000000000000000000e+00
7.339000000000000000e+03,-1.215999999999870281e-05,0.000000000000000000e+00
7.340000000000000000e+03,-1.223999999999870205e-05,0.000000000000000000e+00
7.341000000000000000e+03,-1.231999999999870128e-05,0.000000000000000000e+00
7.342000000000000000e+03,-1.239999999999870051e-05,0.000000000000000000e+00
7.343000000000000000e+03,-1.247999999999869975e-05,0.000000000000000000e+00
7.344000000000000000e+03,-1.255999999999869898e-05,0.000000000000000000e+00
7.345000000000000000e+03,-1.263999999999869822e-05,0.000000000000000000e+00
7.346000000000000000e+03,-1.271999999999869745e-05,6.097560975609756309e-03
7.347000000000000000e+03,-1.279999999999869668e-05,1.219512195121951192e-01
7.348000000000000000e+03,-1.287999999999869592e-05,2.743902439024390461e-01
7.349000000000000000e+03,-1.295999999999869515e-05,3.719512195121951192e-01
7.350000000000000000e+03,-1.303999999999869439e-05,4.573170731707317249e-01
7.351000000000000000e+03,-1.311999999999869362e-05,5.243902439024390461e-01
7.352000000000000000e+03,-1.319999999999869285e-05,5.914634146341463117e-01
7.353000000000000000e+03,-1.327999999999869209e-05,6.280487804878048808e-01
7.354000000000000000e+03,-1.335999999999869132e-05,6.463414634146341653e-01
7.355000000000000000e+03,-1.343999999999869056e-05,6.951219512195121464e-01
7.356000000000000000e+03,-1.351999999999868979e-05,6.951219512195121464e-01
7.357000000000000000e+03,-1.359999999999868902e-05,7.317073170731707155e-01
7.358000000000000000e+03,-1.367999999999868826e-05,7.317073170731707155e-01
7.359000000000000000e+03,-1.375999999999868749e-05,7.317073170731707155e-01
7.360000000000000000e+03,-1.383999999999868673e-05,7.317073170731707155e-01
7.361000000000000000e+03,-1.391999999999868596e-05,7.378048780487804770e-01
7.362000000000000000e+03,-1.399999999999868519e-05,7.560975609756097615e-01
7.363000000000000000e+03,-1.407999999999868443e-05,7.926829268292683306e-01
7.364000000000000000e+03,-1.415999999999868366e-05,7.926829268292683306e-01
7.365000000000000000e+03,-1.423999999999868290e-05,7.987804878048780921e-01
7.366000000000000000e+03,-1.431999999999868213e-05,7.987804878048780921e-01
7.367000000000000000e+03,-1.439999999999868137e-05,8.109756097560976151e-01
7.368000000000000000e+03,-6.399999999998680033e-06,0.000000000000000000e+00
7.369000000000000000e+03,-6.479999999998680114e-06,0.000000000000000000e+00
7.370000000000000000e+03,-6.559999999998680195e-06,0.000000000000000000e+00
7.371000000000000000e+03,-6.639999999998680276e-06,0.000000000000000000e+00
7.372000000000000000e+03,-6.719999999998680357e-06,0.000000000000000000e+00
7.373000000000000000e+03,-6.799999999998680438e-06,0.000000000000000000e+00
7.374000000000000000e+03,-6.879999999998680520e-06,0.000000000000000000e+00
7.375000000000000000e+03,-6.959999999998680601e-06,0.000000000000000000e+00
7.376000000000000000e+03,-7.039999999998680682e-06,0.000000000000000000e+00
7.377000000000000000e+03,-7.119999999998680763e-06,0.000000000000000000e+00
7.378000000000000000e+03,-7.199999999998680844e-06,0.000000000000000000e+00
7.379000000000000000e+03,-7.279999999998680925e-06,0.000000000000000000e+00
7.380000000000000000e+03,-7.359999999998681006e-06,0.000000000000000000e+00
7.381000000000000000e+03,-7.439999999998681087e-06,0.000000000000000000e+00
7.382000000000000000e+03,-7.519999999998681168e-06,0.000000000000000000e+00
7.383000000000000000e+03,-7.599999999998681249e-06,0.000000000000000000e+00
7.384000000000000000e+03,-7.679999999998681330e-06,0.000000000000000000e+00
7.385000000000000000e+03,-7.759999999998680564e-06,0.000000000000000000e+00
7.386000000000000000e+03,-7.839999999998679798e-06,0.000000000000000000e+00
7.387000000000000000e+03,-7.919999999998679033e-06,0.000000000000000000e+00
7.388000000000000000e+03,-7.999999999998678267e-06,0.000000000000000000e+00
7.389000000000000000e+03,-8.079999999998677501e-06,0.000000000000000000e+00
7.390000000000000000e+03,-8.159999999998676735e-06,0.000000000000000000e+00
7.391000000000000000e+03,-8.239999999998675969e-06,0.000000000000000000e+00
7.392000000000000000e+03,-8.319999999998675203e-06,0.000000000000000000e+00
7.393000000000000000e+03,-8.399999999998674437e-06,0.000000000000000000e+00
7.394000000000000000e+03,-8.479999999998673671e-06,0.000000000000000000e+00
7.395000000000000000e+03,-8.559999999998672905e-06,0.000000000000000000e+00
7.396000000000000000e+03,-8.639999999998672139e-06,0.000000000000000000e+00
7.397000000000000000e+03,-8.719999999998671373e-06,0.000000000000000000e+00
7.398000000000000000e+03,-8.799999999998670607e-06,0.000000000000000000e+00
7.399000000000000000e+03,-8.879999999998669841e-06,0.000000000000000000e+00
7.400000000000000000e+03,-8.959999999998669075e-06,0.000000000000000000e+00
7.401000000000000000e+03,-9.039999999998668309e-06,0.000000000000000000e+00
7.402000000000000000e+03,-9.119999999998667543e-06,0.000000000000000000e+00
7.403000000000000000e+03,-9.199999999998666777e-06,0.000000000000000000e+00
7.404000000000000000e+03,-9.279999999998666011e-06,0.000000000000000000e+00
7.405000000000000000e+03,-9.359999999998665245e-06,0.000000000000000000e+00
7.406000000000000000e+03,-9.439999999998664479e-06,0.000000000000000000e+00
7.407000000000000000e+03,-9.519999999998663714e-06,0.000000000000000000e+00
7.408000000000000000e+03,-9.599999999998662948e-06,0.000000000000000000e+00
7.409000000000000000e+03,-9.679999999998662182e-06,0.000000000000000000e+00
7.410000000000000000e+03,-9.759999999998661416e-06,0.000000000000000000e+00
7.411000000000000000e+03,-9.839999999998660650e-06,0.000000000000000000e+00
7.412000000000000000e+03,-9.919999999998659884e-06,0.000000000000000000e+00
7.413000000000000000e+03,-9.999999999998659118e-06,0.000000000000000000e+00
7.414000000000000000e+03,-1.007999999999865835e-05,0.000000000000000000e+00
7.415000000000000000e+03,-1.015999999999865759e-05,0.000000000000000000e+00
7.416000000000000000e+03,-1.023999999999865682e-05,0.000000000000000000e+00
7.417000000000000000e+03,-1.031999999999865605e-05,0.000000000000000000e+00
7.418000000000000000e+03,-1.039999999999865529e-05,0.000000000000000000e+00
7.419000000000000000e+03,-1.047999999999865452e-05,0.000000000000000000e+00
7.420000000000000000e+03,-1.055999999999865376e-05,0.000000000000000000e+00
7.421000000000000000e+03,-1.063999999999865299e-05,0.000000000000000000e+00
7.422000000000000000e+03,-1.071999999999865222e-05,0.000000000000000000e+00
7.423000000000000000e+03,-1.079999999999865146e-05,0.000000000000000000e+00
7.424000000000000000e+03,-1.087999999999865069e-05,0.000000000000000000e+00
7.425000000000000000e+03,-1.095999999999864993e-05,0.000000000000000000e+00
7.426000000000000000e+03,-1.103999999999864916e-05,0.000000000000000000e+00
7.427000000000000000e+03,-1.111999999999864839e-05,0.000000000000000000e+00
7.428000000000000000e+03,-1.119999999999864763e-05,0.000000000000000000e+00
7.429000000000000000e+03,-1.127999999999864686e-05,0.000000000000000000e+00
7.430000000000000000e+03,-1.135999999999864610e-05,0.000000000000000000e+00
7.431000000000000000e+03,-1.143999999999864533e-05,0.000000000000000000e+00
7.432000000000000000e+03,-1.151999999999864456e-05,0.000000000000000000e+00
7.433000000000000000e+03,-1.159999999999864380e-05,0.000000000000000000e+00
7.434000000000000000e+03,-1.167999999999864303e-05,0.000000000000000000e+00
7.435000000000000000e+03,-1.175999999999864227e-05,0.000000000000000000e+00
7.436000000000000000e+03,-1.183999999999864150e-05,0.000000000000000000e+00
7.437000000000000000e+03,-1.191999999999864074e-05,0.000000000000000000e+00
7.438000000000000000e+03,-1.199999999999863997e-05,0.000000000000000000e+00
7.439000000000000000e+03,-1.207999999999863920e-05,0.000000000000000000e+00
7.440000000000000000e+03,-1.215999999999863844e-05,0.000000000000000000e+00
7.441000000000000000e+03,-1.223999999999863767e-05,0.000000000000000000e+00
7.442000000000000000e+03,-1.231999999999863691e-05,0.000000000000000000e+00
7.443000000000000000e+03,-1.239999999999863614e-05,0.000000000000000000e+00
7.444000000000000000e+03,-1.247999999999863537e-05,0.000000000000000000e+00
7.445000000000000000e+03,-1.255999999999863461e-05,0.000000000000000000e+00
7.446000000000000000e+03,-1.263999999999863384e-05,0.000000000000000000e+00
7.447000000000000000e+03,-1.271999999999863308e-05,0.000000000000000000e+00
7.448000000000000000e+03,-1.279999999999863231e-05,0.000000000000000000e+00
7.449000000000000000e+03,-1.287999999999863154e-05,4.146341463414633943e-01
7.450000000000000000e+03,-1.295999999999863078e-05,4.695121951219511924e-01
7.451000000000000000e+03,-1.303999999999863001e-05,5.243902439024390461e-01
7.452000000000000000e+03,-1.311999999999862925e-05,5.670731707317072656e-01
7.453000000000000000e+03,-1.319999999999862848e-05,6.341463414634146423e-01
7.454000000000000000e+03,-1.327999999999862771e-05,6.646341463414634498e-01
7.455000000000000000e+03,-1.335999999999862695e-05,6.707317073170732113e-01
7.456000000000000000e+03,-1.343999999999862618e-05,6.768292682926829729e-01
7.457000000000000000e+03,-1.351999999999862542e-05,6.829268292682927344e-01
7.458000000000000000e+03,-1.359999999999862465e-05,6.829268292682927344e-01
7.459000000000000000e+03,-1.367999999999862388e-05,7.134146341463414309e-01
7.460000000000000000e+03,-1.375999999999862312e-05,7.195121951219511924e-01
7.461000000000000000e+03,-1.383999999999862235e-05,7.256097560975609539e-01
7.462000000000000000e+03,-1.391999999999862159e-05,7.317073170731707155e-01
7.463000000000000000e+03,-1.399999999999862082e-05,7.378048780487804770e-01
7.464000000000000000e+03,-1.407999999999862005e-05,7.439024390243902385e-01
7.465000000000000000e+03,-1.415999999999861929e-05,7.560975609756097615e-01
7.466000000000000000e+03,-1.423999999999861852e-05,7.560975609756097615e-01
7.467000000000000000e+03,-1.431999999999861776e-05,7.682926829268292845e-01
7.468000000000000000e+03,-1.439999999999861699e-05,7.743902439024390461e-01
7.469000000000000000e+03,-1.447999999999861622e-05,7.804878048780488076e-01
7.470000000000000000e+03,-1.455999999999861546e-05,7.926829268292683306e-01
7.471000000000000000e+03,-1.463999999999861469e-05,7.926829268292683306e-01
7.472000000000000000e+03,-1.471999999999861393e-05,7.987804878048780921e-01
7.473000000000000000e+03,-1.479999999999861316e-05,7.987804878048780921e-01
7.474000000000000000e+03,-1.487999999999861239e-05,7.987804878048780921e-01
7.475000000000000000e+03,-1.495999999999861163e-05,7.987804878048780921e-01
7.476000000000000000e+03,-1.503999999999861086e-05,7.987804878048780921e-01
7.477000000000000000e+03,-1.511999999999861010e-05,7.987804878048780921e-01
7.478000000000000000e+03,-1.519999999999860933e-05,7.987804878048780921e-01
7.479000000000000000e+03,-1.527999999999861026e-05,7.987804878048780921e-01
7.480000000000000000e+03,-1.535999999999860949e-05,7.987804878048780921e-01
7.481000000000000000e+03,-1.543999999999860873e-05,7.987804878048780921e-01
7.482000000000000000e+03,-1.551999999999860796e-05,7.987804878048780921e-01
7.483000000000000000e+03,-1.559999999999860720e-05,8.109756097560976151e-01
7.484000000000000000e+03,-7.699999999998606600e-06,0.000000000000000000e+00
7.485000000000000000e+03,-7.779999999998605834e-06,0.000000000000000000e+00
7.486000000000000000e+03,-7.859999999998605068e-06,0.000000000000000000e+00
7.487000000000000000e+03,-7.939999999998604302e-06,0.000000000000000000e+00
7.488000000000000000e+03,-8.019999999998603536e-06,0.000000000000000000e+00
7.489000000000000000e+03,-8.099999999998602770e-06,0.000000000000000000e+00
7.490000000000000000e+03,-8.179999999998602004e-06,0.000000000000000000e+00
7.491000000000000000e+03,-8.259999999998601238e-06,0.000000000000000000e+00
7.492000000000000000e+03,-8.339999999998600472e-06,0.000000000000000000e+00
7.493000000000000000e+03,-8.419999999998599706e-06,0.000000000000000000e+00
7.494000000000000000e+03,-8.499999999998598941e-06,0.000000000000000000e+00
7.495000000000000000e+03,-8.579999999998598175e-06,0.000000000000000000e+00
7.496000000000000000e+03,-8.659999999998597409e-06,0.000000000000000000e+00
7.497000000000000000e+03,-8.739999999998596643e-06,0.000000000000000000e+00
7.498000000000000000e+03,-8.819999999998595877e-06,0.000000000000000000e+00
7.499000000000000000e+03,-8.899999999998595111e-06,0.000000000000000000e+00
7.500000000000000000e+03,-8.979999999998594345e-06,0.000000000000000000e+00
7.501000000000000000e+03,-9.059999999998593579e-06,0.000000000000000000e+00
7.502000000000000000e+03,-9.139999999998592813e-06,0.000000000000000000e+00
7.503000000000000000e+03,-9.219999999998592047e-06,0.000000000000000000e+00
7.504000000000000000e+03,-9.299999999998591281e-06,0.000000000000000000e+00
7.505000000000000000e+03,-9.379999999998590515e-06,0.000000000000000000e+00
7.506000000000000000e+03,-9.459999999998589749e-06,0.000000000000000000e+00
7.507000000000000000e+03,-9.539999999998588983e-06,0.000000000000000000e+00
7.508000000000000000e+03,-9.619999999998588217e-06,0.000000000000000000e+00
7.509000000000000000e+03,-9.699999999998587451e-06,0.000000000000000000e+00
7.510000000000000000e+03,-9.779999999998586685e-06,0.000000000000000000e+00
7.511000000000000000e+03,-9.859999999998585919e-06,0.000000000000000000e+00
7.512000000000000000e+03,-9.939999999998585153e-06,0.000000000000000000e+00
7.513000000000000000e+03,-1.001999999999858439e-05,0.000000000000000000e+00
7.514000000000000000e+03,-1.009999999999858362e-05,0.000000000000000000e+00
7.515000000000000000e+03,-1.017999999999858286e-05,0.000000000000000000e+00
7.516000000000000000e+03,-1.025999999999858209e-05,0.000000000000000000e+00
7.517000000000000000e+03,-1.033999999999858132e-05,0.000000000000000000e+00
7.518000000000000000e+03,-1.041999999999858056e-05,0.000000000000000000e+00
7.519000000000000000e+03,-1.049999999999857979e-05,0.000000000000000000e+00
7.520000000000000000e+03,-1.057999999999857903e-05,0.000000000000000000e+00
7.521000000000000000e+03,-1.065999999999857826e-05,0.000000000000000000e+00
7.522000000000000000e+03,-1.073999999999857749e-05,0.000000000000000000e+00
7.523000000000000000e+03,-1.081999999999857673e-05,0.000000000000000000e+00
7.524000000000000000e+03,-1.089999999999857596e-05,0.000000000000000000e+00
7.525000000000000000e+03,-1.097999999999857520e-05,0.000000000000000000e+00
7.526000000000000000e+03,-1.105999999999857443e-05,0.000000000000000000e+00
7.527000000000000000e+03,-1.113999999999857366e-05,0.000000000000000000e+00
7.528000000000000000e+03,-1.121999999999857290e-05,0.000000000000000000e+00
7.529000000000000000e+03,-1.129999999999857213e-05,0.000000000000000000e+00
7.530000000000000000e+03,-1.137999999999857137e-05,0.000000000000000000e+00
7.531000000000000000e+03,-1.145999999999857060e-05,0.000000000000000000e+00
7.532000000000000000e+03,-1.153999999999856983e-05,0.000000000000000000e+00
7.533000000000000000e+03,-1.161999999999856907e-05,0.000000000000000000e+00
7.534000000000000000e+03,-1.169999999999856830e-05,0.000000000000000000e+00
7.535000000000000000e+03,-1.177999999999856754e-05,0.000000000000000000e+00
7.536000000000000000e+03,-1.185999999999856677e-05,0.000000000000000000e+00
7.537000000000000000e+03,-1.193999999999856600e-05,0.000000000000000000e+00
7.538000000000000000e+03,-1.201999999999856524e-05,0.000000000000000000e+00
7.539000000000000000e+03,-1.209999999999856447e-05,0.000000000000000000e+00
7.540000000000000000e+03,-1.217999999999856371e-05,0.000000000000000000e+00
7.541000000000000000e+03,-1.225999999999856294e-05,0.000000000000000000e+00
7.542000000000000000e+03,-1.233999999999856217e-05,0.000000000000000000e+00
7.543000000000000000e+03,-1.241999999999856141e-05,0.000000000000000000e+00
7.544000000000000000e+03,-1.249999999999856064e-05,0.000000000000000000e+00
7.545000000000000000e+03,-1.257999999999855988e-05,0.000000000000000000e+00
7.546000000000000000e+03,-1.265999999999855911e-05,0.000000000000000000e+00
7.547000000000000000e+03,-1.273999999999855835e-05,0.000000000000000000e+00
7.548000000000000000e+03,-1.281999999999855758e-05,0.000000000000000000e+00
7.549000000000000000e+03,-1.289999999999855681e-05,0.000000000000000000e+00
7.550000000000000000e+03,-1.297999999999855605e-05,0.000000000000000000e+00
7.551000000000000000e+03,-1.305999999999855528e-05,0.000000000000000000e+00
7.552000000000000000e+03,-1.313999999999855452e-05,0.000000000000000000e+00
7.553000000000000000e+03,-1.321999999999855375e-05,0.000000000000000000e+00
7.554000000000000000e+03,-1.329999999999855298e-05,0.000000000000000000e+00
7.555000000000000000e+03,-1.337999999999855222e-05,0.000000000000000000e+00
7.556000000000000000e+03,-1.345999999999855145e-05,0.000000000000000000e+00
7.557000000000000000e+03,-1.353999999999855069e-05,0.000000000000000000e+00
7.558000000000000000e+03,-1.361999999999854992e-05,0.000000000000000000e+00
7.559000000000000000e+03,-1.369999999999854915e-05,0.000000000000000000e+00
7.560000000000000000e+03,-1.377999999999854839e-05,0.000000000000000000e+00
7.561000000000000000e+03,-1.385999999999854762e-05,0.000000000000000000e+00
7.562000000000000000e+03,-1.393999999999854686e-05,4.756097560975609539e-01
7.563000000000000000e+03,-1.401999999999854609e-05,5.487804878048780921e-01
7.564000000000000000e+03,-1.409999999999854532e-05,5.609756097560976151e-01
7.565000000000000000e+03,-1.417999999999854456e-05,5.975609756097560732e-01
7.566000000000000000e+03,-1.425999999999854379e-05,6.646341463414634498e-01
7.567000000000000000e+03,-1.433999999999854303e-05,6.951219512195121464e-01
7.568000000000000000e+03,-1.441999999999854226e-05,7.134146341463414309e-01
7.569000000000000000e+03,-1.449999999999854149e-05,7.256097560975609539e-01
7.570000000000000000e+03,-1.457999999999854073e-05,7.378048780487804770e-01
7.571000000000000000e+03,-1.465999999999853996e-05,7.621951219512195230e-01
7.572000000000000000e+03,-1.473999999999853920e-05,7.621951219512195230e-01
7.573000000000000000e+03,-1.481999999999853843e-05,7.621951219512195230e-01
7.574000000000000000e+03,-1.489999999999853766e-05,7.682926829268292845e-01
7.575000000000000000e+03,-1.497999999999853690e-05,7.804878048780488076e-01
7.576000000000000000e+03,-1.505999999999853613e-05,7.865853658536585691e-01
7.577000000000000000e+03,-1.513999999999853537e-05,7.865853658536585691e-01
7.578000000000000000e+03,-1.521999999999853460e-05,7.926829268292683306e-01
7.579000000000000000e+03,-1.529999999999853553e-05,8.109756097560976151e-01
7.580000000000000000e+03,-7.399999999998534933e-06,0.000000000000000000e+00
7.581000000000000000e+03,-7.479999999998535014e-06,0.000000000000000000e+00
7.582000000000000000e+03,-7.559999999998535096e-06,0.000000000000000000e+00
7.583000000000000000e+03,-7.639999999998534330e-06,0.000000000000000000e+00
7.584000000000000000e+03,-7.719999999998533564e-06,0.000000000000000000e+00
7.585000000000000000e+03,-7.799999999998532798e-06,0.000000000000000000e+00
7.586000000000000000e+03,-7.879999999998532032e-06,0.000000000000000000e+00
7.587000000000000000e+03,-7.959999999998531266e-06,0.000000000000000000e+00
7.588000000000000000e+03,-8.039999999998530500e-06,0.000000000000000000e+00
7.589000000000000000e+03,-8.119999999998529734e-06,0.000000000000000000e+00
7.590000000000000000e+03,-8.199999999998528968e-06,0.000000000000000000e+00
7.591000000000000000e+03,-8.279999999998528202e-06,0.000000000000000000e+00
7.592000000000000000e+03,-8.359999999998527436e-06,0.000000000000000000e+00
7.593000000000000000e+03,-8.439999999998526670e-06,0.000000000000000000e+00
7.594000000000000000e+03,-8.519999999998525904e-06,0.000000000000000000e+00
7.595000000000000000e+03,-8.599999999998525138e-06,0.000000000000000000e+00
7.596000000000000000e+03,-8.679999999998524372e-06,0.000000000000000000e+00
7.597000000000000000e+03,-8.759999999998523606e-06,0.000000000000000000e+00
7.598000000000000000e+03,-8.839999999998522840e-06,0.000000000000000000e+00
7.599000000000000000e+03,-8.919999999998522074e-06,0.000000000000000000e+00
7.600000000000000000e+03,-8.999999999998521308e-06,0.000000000000000000e+00
7.601000000000000000e+03,-9.079999999998520543e-06,0.000000000000000000e+00
7.602000000000000000e+03,-9.159999999998519777e-06,0.000000000000000000e+00
7.603000000000000000e+03,-9.239999999998519011e-06,0.000000000000000000e+00
7.604000000000000000e+03,-9.319999999998518245e-06,0.000000000000000000e+00
7.605000000000000000e+03,-9.399999999998517479e-06,0.000000000000000000e+00
7.606000000000000000e+03,-9.479999999998516713e-06,0.000000000000000000e+00
7.607000000000000000e+03,-9.559999999998515947e-06,0.000000000000000000e+00
7.608000000000000000e+03,-9.639999999998515181e-06,0.000000000000000000e+00
7.609000000000000000e+03,-9.719999999998514415e-06,0.000000000000000000e+00
7.610000000000000000e+03,-9.799999999998513649e-06,0.000000000000000000e+00
7.611000000000000000e+03,-9.879999999998512883e-06,0.000000000000000000e+00
7.612000000000000000e+03,-9.959999999998512117e-06,0.000000000000000000e+00
7.613000000000000000e+03,-1.003999999999851135e-05,0.000000000000000000e+00
7.614000000000000000e+03,-1.011999999999851059e-05,0.000000000000000000e+00
7.615000000000000000e+03,-1.019999999999850982e-05,0.000000000000000000e+00
7.616000000000000000e+03,-1.027999999999850905e-05,0.000000000000000000e+00
7.617000000000000000e+03,-1.035999999999850829e-05,0.000000000000000000e+00
7.618000000000000000e+03,-1.043999999999850752e-05,0.000000000000000000e+00
7.619000000000000000e+03,-1.051999999999850676e-05,0.000000000000000000e+00
7.620000000000000000e+03,-1.059999999999850599e-05,0.000000000000000000e+00
7.621000000000000000e+03,-1.067999999999850522e-05,0.000000000000000000e+00
7.622000000000000000e+03,-1.075999999999850446e-05,0.000000000000000000e+00
7.623000000000000000e+03,-1.083999999999850369e-05,0.000000000000000000e+00
7.624000000000000000e+03,-1.091999999999850293e-05,0.000000000000000000e+00
7.625000000000000000e+03,-1.099999999999850216e-05,0.000000000000000000e+00
7.626000000000000000e+03,-1.107999999999850139e-05,0.000000000000000000e+00
7.627000000000000000e+03,-1.115999999999850063e-05,0.000000000000000000e+00
7.628000000000000000e+03,-1.123999999999849986e-05,0.000000000000000000e+00
7.629000000000000000e+03,-1.131999999999849910e-05,0.000000000000000000e+00
7.630000000000000000e+03,-1.139999999999849833e-05,0.000000000000000000e+00
7.631000000000000000e+03,-1.147999999999849756e-05,0.000000000000000000e+00
7.632000000000000000e+03,-1.155999999999849680e-05,0.000000000000000000e+00
7.633000000000000000e+03,-1.163999999999849603e-05,0.000000000000000000e+00
7.634000000000000000e+03,-1.171999999999849527e-05,0.000000000000000000e+00
7.635000000000000000e+03,-1.179999999999849450e-05,0.000000000000000000e+00
7.636000000000000000e+03,-1.187999999999849373e-05,0.000000000000000000e+00
7.637000000000000000e+03,-1.195999999999849297e-05,0.000000000000000000e+00
7.638000000000000000e+03,-1.203999999999849220e-05,0.000000000000000000e+00
7.639000000000000000e+03,-1.211999999999849144e-05,0.000000000000000000e+00
7.640000000000000000e+03,-1.219999999999849067e-05,0.000000000000000000e+00
7.641000000000000000e+03,-1.227999999999848990e-05,0.000000000000000000e+00
7.642000000000000000e+03,-1.235999999999848914e-05,0.000000000000000000e+00
7.643000000000000000e+03,-1.243999999999848837e-05,0.000000000000000000e+00
7.644000000000000000e+03,-1.251999999999848761e-05,0.000000000000000000e+00
7.645000000000000000e+03,-1.259999999999848684e-05,0.000000000000000000e+00
7.646000000000000000e+03,-1.267999999999848607e-05,0.000000000000000000e+00
7.647000000000000000e+03,-1.275999999999848531e-05,0.000000000000000000e+00
7.648000000000000000e+03,-1.283999999999848454e-05,0.000000000000000000e+00
7.649000000000000000e+03,-1.291999999999848378e-05,0.000000000000000000e+00
7.650000000000000000e+03,-1.299999999999848301e-05,0.000000000000000000e+00
7.651000000000000000e+03,-1.307999999999848225e-05,0.000000000000000000e+00
7.652000000000000000e+03,-1.315999999999848148e-05,0.000000000000000000e+00
7.653000000000000000e+03,-1.323999999999848071e-05,0.000000000000000000e+00
7.654000000000000000e+03,-1.331999999999847995e-05,0.000000000000000000e+00
7.655000000000000000e+03,-1.339999999999847918e-05,0.000000000000000000e+00
7.656000000000000000e+03,-1.347999999999847842e-05,6.097560975609756309e-03
7.657000000000000000e+03,-1.355999999999847765e-05,2.743902439024390461e-01
7.658000000000000000e+03,-1.363999999999847688e-05,3.292682926829268442e-01
7.659000000000000000e+03,-1.371999999999847612e-05,3.902439024390244038e-01
7.660000000000000000e+03,-1.379999999999847535e-05,4.512195121951219634e-01
7.661000000000000000e+03,-1.387999999999847459e-05,5.365853658536585691e-01
7.662000000000000000e+03,-1.395999999999847382e-05,5.548780487804878536e-01
7.663000000000000000e+03,-1.403999999999847305e-05,6.585365853658536883e-01
7.664000000000000000e+03,-1.411999999999847229e-05,6.768292682926829729e-01
7.665000000000000000e+03,-1.419999999999847152e-05,7.012195121951219079e-01
7.666000000000000000e+03,-1.427999999999847076e-05,7.195121951219511924e-01
7.667000000000000000e+03,-1.435999999999846999e-05,7.317073170731707155e-01
7.668000000000000000e+03,-1.443999999999846922e-05,7.378048780487804770e-01
7.669000000000000000e+03,-1.451999999999846846e-05,7.439024390243902385e-01
7.670000000000000000e+03,-1.459999999999846769e-05,7.439024390243902385e-01
7.671000000000000000e+03,-1.467999999999846693e-05,7.500000000000000000e-01
7.672000000000000000e+03,-1.475999999999846616e-05,7.560975609756097615e-01
7.673000000000000000e+03,-1.483999999999846539e-05,7.560975609756097615e-01
7.674000000000000000e+03,-1.491999999999846463e-05,7.682926829268292845e-01
7.675000000000000000e+03,-1.499999999999846386e-05,7.804878048780488076e-01
7.676000000000000000e+03,-1.507999999999846310e-05,7.987804878048780921e-01
7.677000000000000000e+03,-1.515999999999846233e-05,7.987804878048780921e-01
7.678000000000000000e+03,-1.523999999999846156e-05,7.987804878048780921e-01
7.679000000000000000e+03,-1.531999999999846080e-05,7.987804878048780921e-01
7.680000000000000000e+03,-1.539999999999846003e-05,7.987804878048780921e-01
7.681000000000000000e+03,-1.547999999999845927e-05,8.048780487804878536e-01
7.682000000000000000e+03,-7.729999999998458929e-06,0.000000000000000000e+00
7.683000000000000000e+03,-7.809999999998458163e-06,0.000000000000000000e+00
7.684000000000000000e+03,-7.889999999998457397e-06,0.000000000000000000e+00
7.685000000000000000e+03,-7.969999999998456631e-06,0.000000000000000000e+00
7.686000000000000000e+03,-8.049999999998455865e-06,0.000000000000000000e+00
7.687000000000000000e+03,-8.129999999998455099e-06,0.000000000000000000e+00
7.688000000000000000e+03,-8.209999999998454333e-06,0.000000000000000000e+00
7.689000000000000000e+03,-8.289999999998453567e-06,0.000000000000000000e+00
7.690000000000000000e+03,-8.369999999998452801e-06,0.000000000000000000e+00
7.691000000000000000e+03,-8.449999999998452035e-06,0.000000000000000000e+00
7.692000000000000000e+03,-8.529999999998451270e-06,0.000000000000000000e+00
7.693000000000000000e+03,-8.609999999998450504e-06,0.000000000000000000e+00
7.694000000000000000e+03,-8.689999999998449738e-06,0.000000000000000000e+00
7.695000000000000000e+03,-8.769999999998448972e-06,0.000000000000000000e+00
7.696000000000000000e+03,-8.849999999998448206e-06,0.000000000000000000e+00
7.697000000000000000e+03,-8.929999999998447440e-06,0.000000000000000000e+00
7.698000000000000000e+03,-9.009999999998446674e-06,0.000000000000000000e+00
7.699000000000000000e+03,-9.089999999998445908e-06,0.000000000000000000e+00
7.700000000000000000e+03,-9.169999999998445142e-06,0.000000000000000000e+00
7.701000000000000000e+03,-9.249999999998444376e-06,0.000000000000000000e+00
7.702000000000000000e+03,-9.329999999998443610e-06,0.000000000000000000e+00
7.703000000000000000e+03,-9.409999999998442844e-06,0.000000000000000000e+00
7.704000000000000000e+03,-9.489999999998442078e-06,0.000000000000000000e+00
7.705000000000000000e+03,-9.569999999998441312e-06,0.000000000000000000e+00
7.706000000000000000e+03,-9.649999999998440546e-06,0.000000000000000000e+00
7.707000000000000000e+03,-9.729999999998439780e-06,0.000000000000000000e+00
7.708000000000000000e+03,-9.809999999998439014e-06,0.000000000000000000e+00
7.709000000000000000e+03,-9.889999999998438248e-06,0.000000000000000000e+00
7.710000000000000000e+03,-9.969999999998437482e-06,0.000000000000000000e+00
7.711000000000000000e+03,-1.004999999999843672e-05,0.000000000000000000e+00
7.712000000000000000e+03,-1.012999999999843595e-05,0.000000000000000000e+00
7.713000000000000000e+03,-1.020999999999843518e-05,0.000000000000000000e+00
7.714000000000000000e+03,-1.028999999999843442e-05,0.000000000000000000e+00
7.715000000000000000e+03,-1.036999999999843365e-05,0.000000000000000000e+00
7.716000000000000000e+03,-1.044999999999843289e-05,0.000000000000000000e+00
7.717000000000000000e+03,-1.052999999999843212e-05,0.000000000000000000e+00
7.718000000000000000e+03,-1.060999999999843135e-05,0.000000000000000000e+00
7.719000000000000000e+03,-1.068999999999843059e-05,0.000000000000000000e+00
7.720000000000000000e+03,-1.076999999999842982e-05,0.000000000000000000e+00
7.721000000000000000e+03,-1.084999999999842906e-05,0.000000000000000000e+00
7.722000000000000000e+03,-1.092999999999842829e-05,0.000000000000000000e+00
7.723000000000000000e+03,-1.100999999999842753e-05,0.000000000000000000e+00
7.724000000000000000e+03,-1.108999999999842676e-05,0.000000000000000000e+00
7.725000000000000000e+03,-1.116999999999842599e-05,0.000000000000000000e+00
7.726000000000000000e+03,-1.124999999999842523e-05,0.000000000000000000e+00
7.727000000000000000e+03,-1.132999999999842446e-05,0.000000000000000000e+00
7.728000000000000000e+03,-1.140999999999842370e-05,0.000000000000000000e+00
7.729000000000000000e+03,-1.148999999999842293e-05,0.000000000000000000e+00
7.730000000000000000e+03,-1.156999999999842216e-05,0.000000000000000000e+00
7.731000000000000000e+03,-1.164999999999842140e-05,0.000000000000000000e+00
7.732000000000000000e+03,-1.172999999999842063e-05,0.000000000000000000e+00
7.733000000000000000e+03,-1.180999999999841987e-05,0.000000000000000000e+00
7.734000000000000000e+03,-1.188999999999841910e-05,0.000000000000000000e+00
7.735000000000000000e+03,-1.196999999999841833e-05,0.000000000000000000e+00
7.736000000000000000e+03,-1.204999999999841757e-05,0.000000000000000000e+00
7.737000000000000000e+03,-1.212999999999841680e-05,0.000000000000000000e+00
7.738000000000000000e+03,-1.220999999999841604e-05,0.000000000000000000e+00
7.739000000000000000e+03,-1.228999999999841527e-05,0.000000000000000000e+00
7.740000000000000000e+03,-1.236999999999841450e-05,0.000000000000000000e+00
7.741000000000000000e+03,-1.244999999999841374e-05,0.000000000000000000e+00
7.742000000000000000e+03,-1.252999999999841297e-05,0.000000000000000000e+00
7.743000000000000000e+03,-1.260999999999841221e-05,0.000000000000000000e+00
7.744000000000000000e+03,-1.268999999999841144e-05,0.000000000000000000e+00
7.745000000000000000e+03,-1.276999999999841067e-05,0.000000000000000000e+00
7.746000000000000000e+03,-1.284999999999840991e-05,0.000000000000000000e+00
7.747000000000000000e+03,-1.292999999999840914e-05,0.000000000000000000e+00
7.748000000000000000e+03,-1.300999999999840838e-05,0.000000000000000000e+00
7.749000000000000000e+03,-1.308999999999840761e-05,0.000000000000000000e+00
7.750000000000000000e+03,-1.316999999999840684e-05,0.000000000000000000e+00
7.751000000000000000e+03,-1.324999999999840608e-05,0.000000000000000000e+00
7.752000000000000000e+03,-1.332999999999840531e-05,0.000000000000000000e+00
7.753000000000000000e+03,-1.340999999999840455e-05,0.000000000000000000e+00
7.754000000000000000e+03,-1.348999999999840378e-05,0.000000000000000000e+00
7.755000000000000000e+03,-1.356999999999840301e-05,0.000000000000000000e+00
7.756000000000000000e+03,-1.364999999999840225e-05,0.000000000000000000e+00
7.757000000000000000e+03,-1.372999999999840148e-05,0.000000000000000000e+00
7.758000000000000000e+03,-1.380999999999840072e-05,6.097560975609756309e-03
7.759000000000000000e+03,-1.388999999999839995e-05,3.170731707317073211e-01
7.760000000000000000e+03,-1.396999999999839918e-05,3.719512195121951192e-01
7.761000000000000000e+03,-1.404999999999839842e-05,4.512195121951219634e-01
7.762000000000000000e+03,-1.412999999999839765e-05,5.060975609756097615e-01
7.763000000000000000e+03,-1.420999999999839689e-05,5.731707317073170271e-01
7.764000000000000000e+03,-1.428999999999839612e-05,5.975609756097560732e-01
7.765000000000000000e+03,-1.436999999999839536e-05,6.402439024390244038e-01
7.766000000000000000e+03,-1.444999999999839459e-05,6.829268292682927344e-01
7.767000000000000000e+03,-1.452999999999839382e-05,7.317073170731707155e-01
7.768000000000000000e+03,-1.460999999999839306e-05,7.743902439024390461e-01
7.769000000000000000e+03,-1.468999999999839229e-05,7.743902439024390461e-01
7.770000000000000000e+03,-1.476999999999839153e-05,7.865853658536585691e-01
7.771000000000000000e+03,-1.484999999999839076e-05,7.865853658536585691e-01
7.772000000000000000e+03,-1.492999999999838999e-05,7.865853658536585691e-01
7.773000000000000000e+03,-1.500999999999838923e-05,7.865853658536585691e-01
7.774000000000000000e+03,-1.508999999999838846e-05,7.865853658536585691e-01
7.775000000000000000e+03,-1.516999999999838770e-05,7.987804878048780921e-01
7.776000000000000000e+03,-1.524999999999838693e-05,8.048780487804878536e-01
7.777000000000000000e+03,-7.399999999998385856e-06,0.000000000000000000e+00
7.778000000000000000e+03,-7.479999999998385937e-06,0.000000000000000000e+00
7.779000000000000000e+03,-7.559999999998386018e-06,0.000000000000000000e+00
7.780000000000000000e+03,-7.639999999998385252e-06,0.000000000000000000e+00
7.781000000000000000e+03,-7.719999999998384486e-06,0.000000000000000000e+00
7.782000000000000000e+03,-7.799999999998383720e-06,0.000000000000000000e+00
7.783000000000000000e+03,-7.879999999998382954e-06,0.000000000000000000e+00
7.784000000000000000e+03,-7.959999999998382188e-06,0.000000000000000000e+00
7.785000000000000000e+03,-8.039999999998381422e-06,0.000000000000000000e+00
7.786000000000000000e+03,-8.119999999998380656e-06,0.000000000000000000e+00
7.787000000000000000e+03,-8.199999999998379890e-06,0.000000000000000000e+00
7.788000000000000000e+03,-8.279999999998379124e-06,0.000000000000000000e+00
7.789000000000000000e+03,-8.359999999998378358e-06,0.000000000000000000e+00
7.790000000000000000e+03,-8.439999999998377592e-06,0.000000000000000000e+00
7.791000000000000000e+03,-8.519999999998376826e-06,0.000000000000000000e+00
7.792000000000000000e+03,-8.599999999998376060e-06,0.000000000000000000e+00
7.793000000000000000e+03,-8.679999999998375294e-06,0.000000000000000000e+00
7.794000000000000000e+03,-8.759999999998374529e-06,0.000000000000000000e+00
7.795000000000000000e+03,-8.839999999998373763e-06,0.000000000000000000e+00
7.796000000000000000e+03,-8.919999999998372997e-06,0.000000000000000000e+00
7.797000000000000000e+03,-8.999999999998372231e-06,0.000000000000000000e+00
7.798000000000000000e+03,-9.079999999998371465e-06,0.000000000000000000e+00
7.799000000000000000e+03,-9.159999999998370699e-06,0.000000000000000000e+00
7.800000000000000000e+03,-9.239999999998369933e-06,0.000000000000000000e+00
7.801000000000000000e+03,-9.319999999998369167e-06,0.000000000000000000e+00
7.802000000000000000e+03,-9.399999999998368401e-06,0.000000000000000000e+00
7.803000000000000000e+03,-9.479999999998367635e-06,0.000000000000000000e+00
7.804000000000000000e+03,-9.559999999998366869e-06,0.000000000000000000e+00
7.805000000000000000e+03,-9.639999999998366103e-06,0.000000000000000000e+00
7.806000000000000000e+03,-9.719999999998365337e-06,0.000000000000000000e+00
7.807000000000000000e+03,-9.799999999998364571e-06,0.000000000000000000e+00
7.808000000000000000e+03,-9.879999999998363805e-06,0.000000000000000000e+00
7.809000000000000000e+03,-9.959999999998363039e-06,0.000000000000000000e+00
7.810000000000000000e+03,-1.003999999999836227e-05,0.000000000000000000e+00
7.811000000000000000e+03,-1.011999999999836151e-05,0.000000000000000000e+00
7.812000000000000000e+03,-1.019999999999836074e-05,0.000000000000000000e+00
7.813000000000000000e+03,-1.027999999999835998e-05,0.000000000000000000e+00
7.814000000000000000e+03,-1.035999999999835921e-05,0.000000000000000000e+00
7.815000000000000000e+03,-1.043999999999835844e-05,0.000000000000000000e+00
7.816000000000000000e+03,-1.051999999999835768e-05,0.000000000000000000e+00
7.817000000000000000e+03,-1.059999999999835691e-05,0.000000000000000000e+00
7.818000000000000000e+03,-1.067999999999835615e-05,0.000000000000000000e+00
7.819000000000000000e+03,-1.075999999999835538e-05,0.000000000000000000e+00
7.820000000000000000e+03,-1.083999999999835461e-05,0.000000000000000000e+00
7.821000000000000000e+03,-1.091999999999835385e-05,0.000000000000000000e+00
7.822000000000000000e+03,-1.099999999999835308e-05,0.000000000000000000e+00
7.823000000000000000e+03,-1.107999999999835232e-05,0.000000000000000000e+00
7.824000000000000000e+03,-1.115999999999835155e-05,0.000000000000000000e+00
7.825000000000000000e+03,-1.123999999999835078e-05,0.000000000000000000e+00
7.826000000000000000e+03,-1.131999999999835002e-05,0.000000000000000000e+00
7.827000000000000000e+03,-1.139999999999834925e-05,0.000000000000000000e+00
7.828000000000000000e+03,-1.147999999999834849e-05,0.000000000000000000e+00
7.829000000000000000e+03,-1.155999999999834772e-05,0.000000000000000000e+00
7.830000000000000000e+03,-1.163999999999834695e-05,0.000000000000000000e+00
7.831000000000000000e+03,-1.171999999999834619e-05,0.000000000000000000e+00
7.832000000000000000e+03,-1.179999999999834542e-05,0.000000000000000000e+00
7.833000000000000000e+03,-1.187999999999834466e-05,0.000000000000000000e+00
7.834000000000000000e+03,-1.195999999999834389e-05,0.000000000000000000e+00
7.835000000000000000e+03,-1.203999999999834312e-05,0.000000000000000000e+00
7.836000000000000000e+03,-1.211999999999834236e-05,0.000000000000000000e+00
7.837000000000000000e+03,-1.219999999999834159e-05,0.000000000000000000e+00
7.838000000000000000e+03,-1.227999999999834083e-05,0.000000000000000000e+00
7.839000000000000000e+03,-1.235999999999834006e-05,0.000000000000000000e+00
7.840000000000000000e+03,-1.243999999999833929e-05,0.000000000000000000e+00
7.841000000000000000e+03,-1.251999999999833853e-05,0.000000000000000000e+00
7.842000000000000000e+03,-1.259999999999833776e-05,0.000000000000000000e+00
7.843000000000000000e+03,-1.267999999999833700e-05,0.000000000000000000e+00
7.844000000000000000e+03,-1.275999999999833623e-05,0.000000000000000000e+00
7.845000000000000000e+03,-1.283999999999833547e-05,0.000000000000000000e+00
7.846000000000000000e+03,-1.291999999999833470e-05,0.000000000000000000e+00
7.847000000000000000e+03,-1.299999999999833393e-05,0.000000000000000000e+00
7.848000000000000000e+03,-1.307999999999833317e-05,0.000000000000000000e+00
7.849000000000000000e+03,-1.315999999999833240e-05,0.000000000000000000e+00
7.850000000000000000e+03,-1.323999999999833164e-05,0.000000000000000000e+00
7.851000000000000000e+03,-1.331999999999833087e-05,0.000000000000000000e+00
7.852000000000000000e+03,-1.339999999999833010e-05,0.000000000000000000e+00
7.853000000000000000e+03,-1.347999999999832934e-05,0.000000000000000000e+00
7.854000000000000000e+03,-1.355999999999832857e-05,0.000000000000000000e+00
7.855000000000000000e+03,-1.363999999999832781e-05,0.000000000000000000e+00
7.856000000000000000e+03,-1.371999999999832704e-05,6.097560975609756309e-03
7.857000000000000000e+03,-1.379999999999832627e-05,3.658536585365853577e-01
7.858000000000000000e+03,-1.387999999999832551e-05,4.146341463414633943e-01
7.859000000000000000e+03,-1.395999999999832474e-05,4.634146341463414864e-01
7.860000000000000000e+03,-1.403999999999832398e-05,4.817073170731707155e-01
7.861000000000000000e+03,-1.411999999999832321e-05,5.304878048780488076e-01
7.862000000000000000e+03,-1.419999999999832244e-05,5.670731707317072656e-01
7.863000000000000000e+03,-1.427999999999832168e-05,5.853658536585365502e-01
7.864000000000000000e+03,-1.435999999999832091e-05,6.402439024390244038e-01
7.865000000000000000e+03,-1.443999999999832015e-05,6.463414634146341653e-01
7.866000000000000000e+03,-1.451999999999831938e-05,6.829268292682927344e-01
7.867000000000000000e+03,-1.459999999999831861e-05,6.951219512195121464e-01
7.868000000000000000e+03,-1.467999999999831785e-05,6.951219512195121464e-01
7.869000000000000000e+03,-1.475999999999831708e-05,7.012195121951219079e-01
7.870000000000000000e+03,-1.483999999999831632e-05,7.134146341463414309e-01
7.871000000000000000e+03,-1.491999999999831555e-05,7.317073170731707155e-01
7.872000000000000000e+03,-1.499999999999831478e-05,7.317073170731707155e-01
7.873000000000000000e+03,-1.507999999999831402e-05,7.560975609756097615e-01
7.874000000000000000e+03,-1.515999999999831325e-05,7.621951219512195230e-01
7.875000000000000000e+03,-1.523999999999831249e-05,7.865853658536585691e-01
7.876000000000000000e+03,-1.531999999999831172e-05,7.865853658536585691e-01
7.877000000000000000e+03,-1.539999999999831095e-05,7.865853658536585691e-01
7.878000000000000000e+03,-1.547999999999831019e-05,7.926829268292683306e-01
7.879000000000000000e+03,-1.555999999999830942e-05,7.926829268292683306e-01
7.880000000000000000e+03,-1.563999999999830866e-05,8.109756097560976151e-01
7.881000000000000000e+03,-7.689999999998306846e-06,0.000000000000000000e+00
7.882000000000000000e+03,-7.769999999998306080e-06,0.000000000000000000e+00
7.883000000000000000e+03,-7.849999999998305314e-06,0.000000000000000000e+00
7.884000000000000000e+03,-7.929999999998304548e-06,0.000000000000000000e+00
7.885000000000000000e+03,-8.009999999998303782e-06,0.000000000000000000e+00
7.886000000000000000e+03,-8.089999999998303016e-06,0.000000000000000000e+00
7.887000000000000000e+03,-8.169999999998302250e-06,0.000000000000000000e+00
7.888000000000000000e+03,-8.249999999998301484e-06,0.000000000000000000e+00
7.889000000000000000e+03,-8.329999999998300718e-06,0.000000000000000000e+00
7.890000000000000000e+03,-8.409999999998299953e-06,0.000000000000000000e+00
7.891000000000000000e+03,-8.489999999998299187e-06,0.000000000000000000e+00
7.892000000000000000e+03,-8.569999999998298421e-06,0.000000000000000000e+00
7.893000000000000000e+03,-8.649999999998297655e-06,0.000000000000000000e+00
7.894000000000000000e+03,-8.729999999998296889e-06,0.000000000000000000e+00
7.895000000000000000e+03,-8.809999999998296123e-06,0.000000000000000000e+00
7.896000000000000000e+03,-8.889999999998295357e-06,0.000000000000000000e+00
7.897000000000000000e+03,-8.969999999998294591e-06,0.000000000000000000e+00
7.898000000000000000e+03,-9.049999999998293825e-06,0.000000000000000000e+00
7.899000000000000000e+03,-9.129999999998293059e-06,0.000000000000000000e+00
7.900000000000000000e+03,-9.209999999998292293e-06,0.000000000000000000e+00
7.901000000000000000e+03,-9.289999999998291527e-06,0.000000000000000000e+00
7.902000000000000000e+03,-9.369999999998290761e-06,0.000000000000000000e+00
7.903000000000000000e+03,-9.449999999998289995e-06,0.000000000000000000e+00
7.904000000000000000e+03,-9.529999999998289229e-06,0.000000000000000000e+00
7.905000000000000000e+03,-9.609999999998288463e-06,0.000000000000000000e+00
7.906000000000000000e+03,-9.689999999998287697e-06,0.000000000000000000e+00
7.907000000000000000e+03,-9.769999999998286931e-06,0.000000000000000000e+00
7.908000000000000000e+03,-9.849999999998286165e-06,0.000000000000000000e+00
7.909000000000000000e+03,-9.929999999998285399e-06,0.000000000000000000e+00
7.910000000000000000e+03,-1.000999999999828463e-05,0.000000000000000000e+00
7.911000000000000000e+03,-1.008999999999828387e-05,0.000000000000000000e+00
7.912000000000000000e+03,-1.016999999999828310e-05,0.000000000000000000e+00
7.913000000000000000e+03,-1.024999999999828234e-05,0.000000000000000000e+00
7.914000000000000000e+03,-1.032999999999828157e-05,0.000000000000000000e+00
7.915000000000000000e+03,-1.040999999999828080e-05,0.000000000000000000e+00
7.916000000000000000e+03,-1.048999999999828004e-05,0.000000000000000000e+00
7.917000000000000000e+03,-1.056999999999827927e-05,0.000000000000000000e+00
7.918000000000000000e+03,-1.064999999999827851e-05,0.000000000000000000e+00
7.919000000000000000e+03,-1.072999999999827774e-05,0.000000000000000000e+00
7.920000000000000000e+03,-1.080999999999827697e-05,0.000000000000000000e+00
7.921000000000000000e+03,-1.088999999999827621e-05,0.000000000000000000e+00
7.922000000000000000e+03,-1.096999999999827544e-05,0.000000000000000000e+00
7.923000000000000000e+03,-1.104999999999827468e-05,0.000000000000000000e+00
7.924000000000000000e+03,-1.112999999999827391e-05,0.000000000000000000e+00
7.925000000000000000e+03,-1.120999999999827314e-05,0.000000000000000000e+00
7.926000000000000000e+03,-1.128999999999827238e-05,0.000000000000000000e+00
7.927000000000000000e+03,-1.136999999999827161e-05,0.000000000000000000e+00
7.928000000000000000e+03,-1.144999999999827085e-05,0.000000000000000000e+00
7.929000000000000000e+03,-1.152999999999827008e-05,0.000000000000000000e+00
7.930000000000000000e+03,-1.160999999999826931e-05,0.000000000000000000e+00
7.931000000000000000e+03,-1.168999999999826855e-05,0.000000000000000000e+00
7.932000000000000000e+03,-1.176999999999826778e-05,0.000000000000000000e+00
7.933000000000000000e+03,-1.184999999999826702e-05,0.000000000000000000e+00
7.934000000000000000e+03,-1.192999999999826625e-05,0.000000000000000000e+00
7.935000000000000000e+03,-1.200999999999826548e-05,0.000000000000000000e+00
7.936000000000000000e+03,-1.208999999999826472e-05,0.000000000000000000e+00
7.937000000000000000e+03,-1.216999999999826395e-05,0.000000000000000000e+00
7.938000000000000000e+03,-1.224999999999826319e-05,0.000000000000000000e+00
7.939000000000000000e+03,-1.232999999999826242e-05,0.000000000000000000e+00
7.940000000000000000e+03,-1.240999999999826166e-05,0.000000000000000000e+00
7.941000000000000000e+03,-1.248999999999826089e-05,0.000000000000000000e+00
7.942000000000000000e+03,-1.256999999999826012e-05,0.000000000000000000e+00
7.943000000000000000e+03,-1.264999999999825936e-05,0.000000000000000000e+00
7.944000000000000000e+03,-1.272999999999825859e-05,0.000000000000000000e+00
7.945000000000000000e+03,-1.280999999999825783e-05,0.000000000000000000e+00
7.946000000000000000e+03,-1.288999999999825706e-05,0.000000000000000000e+00
7.947000000000000000e+03,-1.296999999999825629e-05,0.000000000000000000e+00
7.948000000000000000e+03,-1.304999999999825553e-05,0.000000000000000000e+00
7.949000000000000000e+03,-1.312999999999825476e-05,0.000000000000000000e+00
7.950000000000000000e+03,-1.320999999999825400e-05,0.000000000000000000e+00
7.951000000000000000e+03,-1.328999999999825323e-05,0.000000000000000000e+00
7.952000000000000000e+03,-1.336999999999825246e-05,0.000000000000000000e+00
7.953000000000000000e+03,-1.344999999999825170e-05,0.000000000000000000e+00
7.954000000000000000e+03,-1.352999999999825093e-05,0.000000000000000000e+00
7.955000000000000000e+03,-1.360999999999825017e-05,0.000000000000000000e+00
7.956000000000000000e+03,-1.368999999999824940e-05,0.000000000000000000e+00
7.957000000000000000e+03,-1.376999999999824863e-05,0.000000000000000000e+00
7.958000000000000000e+03,-1.384999999999824787e-05,0.000000000000000000e+00
7.959000000000000000e+03,-1.392999999999824710e-05,0.000000000000000000e+00
7.960000000000000000e+03,-1.400999999999824634e-05,0.000000000000000000e+00
7.961000000000000000e+03,-1.408999999999824557e-05,0.000000000000000000e+00
7.962000000000000000e+03,-1.416999999999824480e-05,0.000000000000000000e+00
7.963000000000000000e+03,-1.424999999999824404e-05,0.000000000000000000e+00
7.964000000000000000e+03,-1.432999999999824327e-05,5.243902439024390461e-01
7.965000000000000000e+03,-1.440999999999824251e-05,5.609756097560976151e-01
7.966000000000000000e+03,-1.448999999999824174e-05,5.731707317073170271e-01
7.967000000000000000e+03,-1.456999999999824097e-05,5.975609756097560732e-01
7.968000000000000000e+03,-1.464999999999824021e-05,6.585365853658536883e-01
7.969000000000000000e+03,-1.472999999999823944e-05,6.951219512195121464e-01
7.970000000000000000e+03,-1.480999999999823868e-05,7.134146341463414309e-01
7.971000000000000000e+03,-1.488999999999823791e-05,7.256097560975609539e-01
7.972000000000000000e+03,-1.496999999999823714e-05,7.317073170731707155e-01
7.973000000000000000e+03,-1.504999999999823638e-05,7.439024390243902385e-01
7.974000000000000000e+03,-1.512999999999823561e-05,7.560975609756097615e-01
7.975000000000000000e+03,-1.520999999999823485e-05,7.560975609756097615e-01
7.976000000000000000e+03,-1.528999999999823577e-05,7.682926829268292845e-01
7.977000000000000000e+03,-1.536999999999823501e-05,7.926829268292683306e-01
7.978000000000000000e+03,-1.544999999999823424e-05,7.987804878048780921e-01
7.979000000000000000e+03,-1.552999999999823348e-05,8.048780487804878536e-01
7.980000000000000000e+03,-7.629999999998232882e-06,0.000000000000000000e+00
7.981000000000000000e+03,-7.709999999998232116e-06,0.000000000000000000e+00
7.982000000000000000e+03,-7.789999999998231350e-06,0.000000000000000000e+00
7.983000000000000000e+03,-7.869999999998230584e-06,0.000000000000000000e+00
7.984000000000000000e+03,-7.949999999998229818e-06,0.000000000000000000e+00
7.985000000000000000e+03,-8.029999999998229052e-06,0.000000000000000000e+00
7.986000000000000000e+03,-8.109999999998228286e-06,0.000000000000000000e+00
7.987000000000000000e+03,-8.189999999998227520e-06,0.000000000000000000e+00
7.988000000000000000e+03,-8.269999999998226754e-06,0.000000000000000000e+00
7.989000000000000000e+03,-8.349999999998225988e-06,0.000000000000000000e+00
7.990000000000000000e+03,-8.429999999998225222e-06,0.000000000000000000e+00
7.991000000000000000e+03,-8.509999999998224456e-06,0.000000000000000000e+00
7.992000000000000000e+03,-8.589999999998223690e-06,0.000000000000000000e+00
7.993000000000000000e+03,-8.669999999998222924e-06,0.000000000000000000e+00
7.994000000000000000e+03,-8.749999999998222158e-06,0.000000000000000000e+00
7.995000000000000000e+03,-8.829999999998221392e-06,0.000000000000000000e+00
7.996000000000000000e+03,-8.909999999998220626e-06,0.000000000000000000e+00
7.997000000000000000e+03,-8.989999999998219860e-06,0.000000000000000000e+00
7.998000000000000000e+03,-9.069999999998219095e-06,0.000000000000000000e+00
7.999000000000000000e+03,-9.149999999998218329e-06,0.000000000000000000e+00
8.000000000000000000e+03,-9.229999999998217563e-06,0.000000000000000000e+00
8.001000000000000000e+03,-9.309999999998216797e-06,0.000000000000000000e+00
8.002000000000000000e+03,-9.389999999998216031e-06,0.000000000000000000e+00
8.003000000000000000e+03,-9.469999999998215265e-06,0.000000000000000000e+00
8.004000000000000000e+03,-9.549999999998214499e-06,0.000000000000000000e+00
8.005000000000000000e+03,-9.629999999998213733e-06,0.000000000000000000e+00
8.006000000000000000e+03,-9.709999999998212967e-06,0.000000000000000000e+00
8.007000000000000000e+03,-9.789999999998212201e-06,0.000000000000000000e+00
8.008000000000000000e+03,-9.869999999998211435e-06,0.000000000000000000e+00
8.009000000000000000e+03,-9.949999999998210669e-06,0.000000000000000000e+00
8.010000000000000000e+03,-1.002999999999820990e-05,0.000000000000000000e+00
8.011000000000000000e+03,-1.010999999999820914e-05,0.000000000000000000e+00
8.012000000000000000e+03,-1.018999999999820837e-05,0.000000000000000000e+00
8.013000000000000000e+03,-1.026999999999820761e-05,0.000000000000000000e+00
8.014000000000000000e+03,-1.034999999999820684e-05,0.000000000000000000e+00
8.015000000000000000e+03,-1.042999999999820607e-05,0.000000000000000000e+00
8.016000000000000000e+03,-1.050999999999820531e-05,0.000000000000000000e+00
8.017000000000000000e+03,-1.058999999999820454e-05,0.000000000000000000e+00
8.018000000000000000e+03,-1.066999999999820378e-05,0.000000000000000000e+00
8.019000000000000000e+03,-1.074999999999820301e-05,0.000000000000000000e+00
8.020000000000000000e+03,-1.082999999999820224e-05,0.000000000000000000e+00
8.021000000000000000e+03,-1.090999999999820148e-05,0.000000000000000000e+00
8.022000000000000000e+03,-1.098999999999820071e-05,0.000000000000000000e+00
8.023000000000000000e+03,-1.106999999999819995e-05,0.000000000000000000e+00
8.024000000000000000e+03,-1.114999999999819918e-05,0.000000000000000000e+00
8.025000000000000000e+03,-1.122999999999819841e-05,0.000000000000000000e+00
8.026000000000000000e+03,-1.130999999999819765e-05,0.000000000000000000e+00
8.027000000000000000e+03,-1.138999999999819688e-05,0.000000000000000000e+00
8.028000000000000000e+03,-1.146999999999819612e-05,0.000000000000000000e+00
8.029000000000000000e+03,-1.154999999999819535e-05,0.000000000000000000e+00
8.030000000000000000e+03,-1.162999999999819458e-05,0.000000000000000000e+00
8.031000000000000000e+03,-1.170999999999819382e-05,0.000000000000000000e+00
8.032000000000000000e+03,-1.178999999999819305e-05,0.000000000000000000e+00
8.033000000000000000e+03,-1.186999999999819229e-05,0.000000000000000000e+00
8.034000000000000000e+03,-1.194999999999819152e-05,0.000000000000000000e+00
8.035000000000000000e+03,-1.202999999999819075e-05,0.000000000000000000e+00
8.036000000000000000e+03,-1.210999999999818999e-05,0.000000000000000000e+00
8.037000000000000000e+03,-1.218999999999818922e-05,0.000000000000000000e+00
8.038000000000000000e+03,-1.226999999999818846e-05,0.000000000000000000e+00
8.039000000000000000e+03,-1.234999999999818769e-05,0.000000000000000000e+00
8.040000000000000000e+03,-1.242999999999818692e-05,0.000000000000000000e+00
8.041000000000000000e+03,-1.250999999999818616e-05,0.000000000000000000e+00
8.042000000000000000e+03,-1.258999999999818539e-05,0.000000000000000000e+00
8.043000000000000000e+03,-1.266999999999818463e-05,0.000000000000000000e+00
8.044000000000000000e+03,-1.274999999999818386e-05,0.000000000000000000e+00
8.045000000000000000e+03,-1.282999999999818309e-05,0.000000000000000000e+00
8.046000000000000000e+03,-1.290999999999818233e-05,0.000000000000000000e+00
8.047000000000000000e+03,-1.298999999999818156e-05,0.000000000000000000e+00
8.048000000000000000e+03,-1.306999999999818080e-05,0.000000000000000000e+00
8.049000000000000000e+03,-1.314999999999818003e-05,0.000000000000000000e+00
8.050000000000000000e+03,-1.322999999999817927e-05,0.000000000000000000e+00
8.051000000000000000e+03,-1.330999999999817850e-05,0.000000000000000000e+00
8.052000000000000000e+03,-1.338999999999817773e-05,0.000000000000000000e+00
8.053000000000000000e+03,-1.346999999999817697e-05,0.000000000000000000e+00
8.054000000000000000e+03,-1.354999999999817620e-05,0.000000000000000000e+00
8.055000000000000000e+03,-1.362999999999817544e-05,0.000000000000000000e+00
8.056000000000000000e+03,-1.370999999999817467e-05,0.000000000000000000e+00
8.057000000000000000e+03,-1.378999999999817390e-05,0.000000000000000000e+00
8.058000000000000000e+03,-1.386999999999817314e-05,0.000000000000000000e+00
8.059000000000000000e+03,-1.394999999999817237e-05,2.134146341463414587e-01
8.060000000000000000e+03,-1.402999999999817161e-05,2.134146341463414587e-01
8.061000000000000000e+03,-1.410999999999817084e-05,3.048780487804877981e-01
8.062000000000000000e+03,-1.418999999999817007e-05,3.475609756097560732e-01
8.063000000000000000e+03,-1.426999999999816931e-05,4.085365853658536328e-01
8.064000000000000000e+03,-1.434999999999816854e-05,4.695121951219511924e-01
8.065000000000000000e+03,-1.442999999999816778e-05,5.182926829268292845e-01
8.066000000000000000e+03,-1.450999999999816701e-05,5.548780487804878536e-01
8.067000000000000000e+03,-1.458999999999816624e-05,5.731707317073170271e-01
8.068000000000000000e+03,-1.466999999999816548e-05,5.853658536585365502e-01
8.069000000000000000e+03,-1.474999999999816471e-05,6.280487804878048808e-01
8.070000000000000000e+03,-1.482999999999816395e-05,6.707317073170732113e-01
8.071000000000000000e+03,-1.490999999999816318e-05,6.707317073170732113e-01
8.072000000000000000e+03,-1.498999999999816241e-05,6.768292682926829729e-01
8.073000000000000000e+03,-1.506999999999816165e-05,6.951219512195121464e-01
8.074000000000000000e+03,-1.514999999999816088e-05,7.012195121951219079e-01
8.075000000000000000e+03,-1.522999999999816012e-05,7.134146341463414309e-01
8.076000000000000000e+03,-1.530999999999816104e-05,7.134146341463414309e-01
8.077000000000000000e+03,-1.538999999999816028e-05,7.134146341463414309e-01
8.078000000000000000e+03,-1.546999999999815951e-05,7.317073170731707155e-01
8.079000000000000000e+03,-1.554999999999815875e-05,7.439024390243902385e-01
8.080000000000000000e+03,-1.562999999999815798e-05,7.439024390243902385e-01
8.081000000000000000e+03,-1.570999999999815721e-05,7.500000000000000000e-01
8.082000000000000000e+03,-1.578999999999815645e-05,7.500000000000000000e-01
8.083000000000000000e+03,-1.586999999999815568e-05,7.500000000000000000e-01
8.084000000000000000e+03,-1.594999999999815492e-05,7.621951219512195230e-01
8.085000000000000000e+03,-1.602999999999815415e-05,7.743902439024390461e-01
8.086000000000000000e+03,-1.610999999999815339e-05,7.743902439024390461e-01
8.087000000000000000e+03,-1.618999999999815262e-05,7.743902439024390461e-01
8.088000000000000000e+03,-1.626999999999815185e-05,7.743902439024390461e-01
8.089000000000000000e+03,-1.634999999999815109e-05,7.743902439024390461e-01
8.090000000000000000e+03,-1.642999999999815032e-05,7.743902439024390461e-01
8.091000000000000000e+03,-1.650999999999814956e-05,7.743902439024390461e-01
8.092000000000000000e+03,-1.658999999999814879e-05,7.865853658536585691e-01
8.093000000000000000e+03,-1.666999999999814802e-05,7.926829268292683306e-01
8.094000000000000000e+03,-1.674999999999814726e-05,8.109756097560976151e-01
8.095000000000000000e+03,-8.749999999998145925e-06,0.000000000000000000e+00
8.096000000000000000e+03,-8.829999999998145159e-06,0.000000000000000000e+00
8.097000000000000000e+03,-8.909999999998144393e-06,0.000000000000000000e+00
8.098000000000000000e+03,-8.989999999998143628e-06,0.000000000000000000e+00
8.099000000000000000e+03,-9.069999999998142862e-06,0.000000000000000000e+00
8.100000000000000000e+03,-9.149999999998142096e-06,0.000000000000000000e+00
8.101000000000000000e+03,-9.229999999998141330e-06,0.000000000000000000e+00
8.102000000000000000e+03,-9.309999999998140564e-06,0.000000000000000000e+00
8.103000000000000000e+03,-9.389999999998139798e-06,0.000000000000000000e+00
8.104000000000000000e+03,-9.469999999998139032e-06,0.000000000000000000e+00
8.105000000000000000e+03,-9.549999999998138266e-06,0.000000000000000000e+00
8.106000000000000000e+03,-9.629999999998137500e-06,0.000000000000000000e+00
8.107000000000000000e+03,-9.709999999998136734e-06,0.000000000000000000e+00
8.108000000000000000e+03,-9.789999999998135968e-06,0.000000000000000000e+00
8.109000000000000000e+03,-9.869999999998135202e-06,0.000000000000000000e+00
8.110000000000000000e+03,-9.949999999998134436e-06,0.000000000000000000e+00
8.111000000000000000e+03,-1.002999999999813367e-05,0.000000000000000000e+00
8.112000000000000000e+03,-1.010999999999813290e-05,0.000000000000000000e+00
8.113000000000000000e+03,-1.018999999999813214e-05,0.000000000000000000e+00
8.114000000000000000e+03,-1.026999999999813137e-05,0.000000000000000000e+00
8.115000000000000000e+03,-1.034999999999813061e-05,0.000000000000000000e+00
8.116000000000000000e+03,-1.042999999999812984e-05,0.000000000000000000e+00
8.117000000000000000e+03,-1.050999999999812907e-05,0.000000000000000000e+00
8.118000000000000000e+03,-1.058999999999812831e-05,0.000000000000000000e+00
8.119000000000000000e+03,-1.066999999999812754e-05,0.000000000000000000e+00
8.120000000000000000e+03,-1.074999999999812678e-05,0.000000000000000000e+00
8.121000000000000000e+03,-1.082999999999812601e-05,0.000000000000000000e+00
8.122000000000000000e+03,-1.090999999999812524e-05,0.000000000000000000e+00
8.123000000000000000e+03,-1.098999999999812448e-05,0.000000000000000000e+00
8.124000000000000000e+03,-1.106999999999812371e-05,0.000000000000000000e+00
8.125000000000000000e+03,-1.114999999999812295e-05,0.000000000000000000e+00
8.126000000000000000e+03,-1.122999999999812218e-05,0.000000000000000000e+00
8.127000000000000000e+03,-1.130999999999812141e-05,0.000000000000000000e+00
8.128000000000000000e+03,-1.138999999999812065e-05,0.000000000000000000e+00
8.129000000000000000e+03,-1.146999999999811988e-05,0.000000000000000000e+00
8.130000000000000000e+03,-1.154999999999811912e-05,0.000000000000000000e+00
8.131000000000000000e+03,-1.162999999999811835e-05,0.000000000000000000e+00
8.132000000000000000e+03,-1.170999999999811759e-05,0.000000000000000000e+00
8.133000000000000000e+03,-1.178999999999811682e-05,0.000000000000000000e+00
8.134000000000000000e+03,-1.186999999999811605e-05,0.000000000000000000e+00
8.135000000000000000e+03,-1.194999999999811529e-05,0.000000000000000000e+00
8.136000000000000000e+03,-1.202999999999811452e-05,0.000000000000000000e+00
8.137000000000000000e+03,-1.210999999999811376e-05,0.000000000000000000e+00
8.138000000000000000e+03,-1.218999999999811299e-05,0.000000000000000000e+00
8.139000000000000000e+03,-1.226999999999811222e-05,0.000000000000000000e+00
8.140000000000000000e+03,-1.234999999999811146e-05,0.000000000000000000e+00
8.141000000000000000e+03,-1.242999999999811069e-05,0.000000000000000000e+00
8.142000000000000000e+03,-1.250999999999810993e-05,0.000000000000000000e+00
8.143000000000000000e+03,-1.258999999999810916e-05,0.000000000000000000e+00
8.144000000000000000e+03,-1.266999999999810839e-05,0.000000000000000000e+00
8.145000000000000000e+03,-1.274999999999810763e-05,0.000000000000000000e+00
8.146000000000000000e+03,-1.282999999999810686e-05,0.000000000000000000e+00
8.147000000000000000e+03,-1.290999999999810610e-05,0.000000000000000000e+00
8.148000000000000000e+03,-1.298999999999810533e-05,0.000000000000000000e+00
8.149000000000000000e+03,-1.306999999999810456e-05,0.000000000000000000e+00
8.150000000000000000e+03,-1.314999999999810380e-05,0.000000000000000000e+00
8.151000000000000000e+03,-1.322999999999810303e-05,0.000000000000000000e+00
8.152000000000000000e+03,-1.330999999999810227e-05,0.000000000000000000e+00
8.153000000000000000e+03,-1.338999999999810150e-05,0.000000000000000000e+00
8.154000000000000000e+03,-1.346999999999810073e-05,0.000000000000000000e+00
8.155000000000000000e+03,-1.354999999999809997e-05,0.000000000000000000e+00
8.156000000000000000e+03,-1.362999999999809920e-05,0.000000000000000000e+00
8.157000000000000000e+03,-1.370999999999809844e-05,0.000000000000000000e+00
8.158000000000000000e+03,-1.378999999999809767e-05,0.000000000000000000e+00
8.159000000000000000e+03,-1.386999999999809690e-05,0.000000000000000000e+00
8.160000000000000000e+03,-1.394999999999809614e-05,0.000000000000000000e+00
8.161000000000000000e+03,-1.402999999999809537e-05,0.000000000000000000e+00
8.162000000000000000e+03,-1.410999999999809461e-05,0.000000000000000000e+00
8.163000000000000000e+03,-1.418999999999809384e-05,0.000000000000000000e+00
8.164000000000000000e+03,-1.426999999999809307e-05,0.000000000000000000e+00
8.165000000000000000e+03,-1.434999999999809231e-05,0.000000000000000000e+00
8.166000000000000000e+03,-1.442999999999809154e-05,0.000000000000000000e+00
8.167000000000000000e+03,-1.450999999999809078e-05,0.000000000000000000e+00
8.168000000000000000e+03,-1.458999999999809001e-05,0.000000000000000000e+00
8.169000000000000000e+03,-1.466999999999808925e-05,0.000000000000000000e+00
8.170000000000000000e+03,-1.474999999999808848e-05,0.000000000000000000e+00
8.171000000000000000e+03,-1.482999999999808771e-05,0.000000000000000000e+00
8.172000000000000000e+03,-1.490999999999808695e-05,3.780487804878048808e-01
8.173000000000000000e+03,-1.498999999999808618e-05,4.024390243902439268e-01
8.174000000000000000e+03,-1.506999999999808542e-05,4.817073170731707155e-01
8.175000000000000000e+03,-1.514999999999808465e-05,5.182926829268292845e-01
8.176000000000000000e+03,-1.522999999999808388e-05,5.670731707317072656e-01
8.177000000000000000e+03,-1.530999999999808312e-05,6.097560975609755962e-01
8.178000000000000000e+03,-1.538999999999808235e-05,6.280487804878048808e-01
8.179000000000000000e+03,-1.546999999999808159e-05,6.402439024390244038e-01
8.180000000000000000e+03,-1.554999999999808082e-05,7.012195121951219079e-01
8.181000000000000000e+03,-1.562999999999808005e-05,7.012195121951219079e-01
8.182000000000000000e+03,-1.570999999999807929e-05,7.134146341463414309e-01
8.183000000000000000e+03,-1.578999999999807852e-05,7.317073170731707155e-01
8.184000000000000000e+03,-1.586999999999807776e-05,7.500000000000000000e-01
8.185000000000000000e+03,-1.594999999999807699e-05,7.500000000000000000e-01
8.186000000000000000e+03,-1.602999999999807622e-05,7.621951219512195230e-01
8.187000000000000000e+03,-1.610999999999807546e-05,7.621951219512195230e-01
8.188000000000000000e+03,-1.618999999999807469e-05,7.621951219512195230e-01
8.189000000000000000e+03,-1.626999999999807393e-05,7.682926829268292845e-01
8.190000000000000000e+03,-1.634999999999807316e-05,7.743902439024390461e-01
8.191000000000000000e+03,-1.642999999999807239e-05,7.743902439024390461e-01
8.192000000000000000e+03,-1.650999999999807163e-05,7.743902439024390461e-01
8.193000000000000000e+03,-1.658999999999807086e-05,7.865853658536585691e-01
8.194000000000000000e+03,-1.666999999999807010e-05,7.865853658536585691e-01
8.195000000000000000e+03,-1.674999999999806933e-05,7.865853658536585691e-01
8.196000000000000000e+03,-1.682999999999806856e-05,7.987804878048780921e-01
8.197000000000000000e+03,-1.690999999999806780e-05,7.987804878048780921e-01
8.198000000000000000e+03,-1.698999999999806703e-05,7.987804878048780921e-01
8.199000000000000000e+03,-1.706999999999806627e-05,8.048780487804878536e-01
8.200000000000000000e+03,-9.119999999998064456e-06,0.000000000000000000e+00
8.201000000000000000e+03,-9.199999999998063690e-06,0.000000000000000000e+00
8.202000000000000000e+03,-9.279999999998062924e-06,0.000000000000000000e+00
8.203000000000000000e+03,-9.359999999998062158e-06,0.000000000000000000e+00
8.204000000000000000e+03,-9.439999999998061392e-06,0.000000000000000000e+00
8.205000000000000000e+03,-9.519999999998060626e-06,0.000000000000000000e+00
8.206000000000000000e+03,-9.599999999998059860e-06,0.000000000000000000e+00
8.207000000000000000e+03,-9.679999999998059094e-06,0.000000000000000000e+00
8.208000000000000000e+03,-9.759999999998058328e-06,0.000000000000000000e+00
8.209000000000000000e+03,-9.839999999998057562e-06,0.000000000000000000e+00
8.210000000000000000e+03,-9.919999999998056796e-06,0.000000000000000000e+00
8.211000000000000000e+03,-9.999999999998056030e-06,0.000000000000000000e+00
8.212000000000000000e+03,-1.007999999999805526e-05,0.000000000000000000e+00
8.213000000000000000e+03,-1.015999999999805450e-05,0.000000000000000000e+00
8.214000000000000000e+03,-1.023999999999805373e-05,0.000000000000000000e+00
8.215000000000000000e+03,-1.031999999999805297e-05,0.000000000000000000e+00
8.216000000000000000e+03,-1.039999999999805220e-05,0.000000000000000000e+00
8.217000000000000000e+03,-1.047999999999805143e-05,0.000000000000000000e+00
8.218000000000000000e+03,-1.055999999999805067e-05,0.000000000000000000e+00
8.219000000000000000e+03,-1.063999999999804990e-05,0.000000000000000000e+00
8.220000000000000000e+03,-1.071999999999804914e-05,0.000000000000000000e+00
8.221000000000000000e+03,-1.079999999999804837e-05,0.000000000000000000e+00
8.222000000000000000e+03,-1.087999999999804760e-05,0.000000000000000000e+00
8.223000000000000000e+03,-1.095999999999804684e-05,0.000000000000000000e+00
8.224000000000000000e+03,-1.103999999999804607e-05,0.000000000000000000e+00
8.225000000000000000e+03,-1.111999999999804531e-05,0.000000000000000000e+00
8.226000000000000000e+03,-1.119999999999804454e-05,0.000000000000000000e+00
8.227000000000000000e+03,-1.127999999999804378e-05,0.000000000000000000e+00
8.228000000000000000e+03,-1.135999999999804301e-05,0.000000000000000000e+00
8.229000000000000000e+03,-1.143999999999804224e-05,0.000000000000000000e+00
8.230000000000000000e+03,-1.151999999999804148e-05,0.000000000000000000e+00
8.231000000000000000e+03,-1.159999999999804071e-05,0.000000000000000000e+00
8.232000000000000000e+03,-1.167999999999803995e-05,0.000000000000000000e+00
8.233000000000000000e+03,-1.175999999999803918e-05,0.000000000000000000e+00
8.234000000000000000e+03,-1.183999999999803841e-05,0.000000000000000000e+00
8.235000000000000000e+03,-1.191999999999803765e-05,0.000000000000000000e+00
8.236000000000000000e+03,-1.199999999999803688e-05,0.000000000000000000e+00
8.237000000000000000e+03,-1.207999999999803612e-05,0.000000000000000000e+00
8.238000000000000000e+03,-1.215999999999803535e-05,0.000000000000000000e+00
8.239000000000000000e+03,-1.223999999999803458e-05,0.000000000000000000e+00
8.240000000000000000e+03,-1.231999999999803382e-05,0.000000000000000000e+00
8.241000000000000000e+03,-1.239999999999803305e-05,0.000000000000000000e+00
8.242000000000000000e+03,-1.247999999999803229e-05,0.000000000000000000e+00
8.243000000000000000e+03,-1.255999999999803152e-05,0.000000000000000000e+00
8.244000000000000000e+03,-1.263999999999803075e-05,0.000000000000000000e+00
8.245000000000000000e+03,-1.271999999999802999e-05,0.000000000000000000e+00
8.246000000000000000e+03,-1.279999999999802922e-05,0.000000000000000000e+00
8.247000000000000000e+03,-1.287999999999802846e-05,0.000000000000000000e+00
8.248000000000000000e+03,-1.295999999999802769e-05,0.000000000000000000e+00
8.249000000000000000e+03,-1.303999999999802692e-05,0.000000000000000000e+00
8.250000000000000000e+03,-1.311999999999802616e-05,0.000000000000000000e+00
8.251000000000000000e+03,-1.319999999999802539e-05,0.000000000000000000e+00
8.252000000000000000e+03,-1.327999999999802463e-05,0.000000000000000000e+00
8.253000000000000000e+03,-1.335999999999802386e-05,0.000000000000000000e+00
8.254000000000000000e+03,-1.343999999999802309e-05,0.000000000000000000e+00
8.255000000000000000e+03,-1.351999999999802233e-05,0.000000000000000000e+00
8.256000000000000000e+03,-1.359999999999802156e-05,0.000000000000000000e+00
8.257000000000000000e+03,-1.367999999999802080e-05,0.000000000000000000e+00
8.258000000000000000e+03,-1.375999999999802003e-05,0.000000000000000000e+00
8.259000000000000000e+03,-1.383999999999801926e-05,0.000000000000000000e+00
8.260000000000000000e+03,-1.391999999999801850e-05,0.000000000000000000e+00
8.261000000000000000e+03,-1.399999999999801773e-05,0.000000000000000000e+00
8.262000000000000000e+03,-1.407999999999801697e-05,0.000000000000000000e+00
8.263000000000000000e+03,-1.415999999999801620e-05,0.000000000000000000e+00
8.264000000000000000e+03,-1.423999999999801544e-05,0.000000000000000000e+00
8.265000000000000000e+03,-1.431999999999801467e-05,0.000000000000000000e+00
8.266000000000000000e+03,-1.439999999999801390e-05,0.000000000000000000e+00
8.267000000000000000e+03,-1.447999999999801314e-05,0.000000000000000000e+00
8.268000000000000000e+03,-1.455999999999801237e-05,0.000000000000000000e+00
8.269000000000000000e+03,-1.463999999999801161e-05,0.000000000000000000e+00
8.270000000000000000e+03,-1.471999999999801084e-05,4.878048780487805047e-02
8.271000000000000000e+03,-1.479999999999801007e-05,1.341463414634146423e-01
8.272000000000000000e+03,-1.487999999999800931e-05,1.646341463414634221e-01
8.273000000000000000e+03,-1.495999999999800854e-05,2.012195121951219634e-01
8.274000000000000000e+03,-1.503999999999800778e-05,2.195121951219512202e-01
8.275000000000000000e+03,-1.511999999999800701e-05,2.439024390243902385e-01
8.276000000000000000e+03,-1.519999999999800624e-05,3.231707317073170826e-01
8.277000000000000000e+03,-1.527999999999800717e-05,3.841463414634146423e-01
8.278000000000000000e+03,-1.535999999999800641e-05,4.634146341463414864e-01
8.279000000000000000e+03,-1.543999999999800564e-05,4.878048780487804770e-01
8.280000000000000000e+03,-1.551999999999800487e-05,5.731707317073170271e-01
8.281000000000000000e+03,-1.559999999999800411e-05,6.341463414634146423e-01
8.282000000000000000e+03,-1.567999999999800334e-05,6.402439024390244038e-01
8.283000000000000000e+03,-1.575999999999800258e-05,6.524390243902439268e-01
8.284000000000000000e+03,-1.583999999999800181e-05,7.012195121951219079e-01
8.285000000000000000e+03,-1.591999999999800104e-05,7.195121951219511924e-01
8.286000000000000000e+03,-1.599999999999800028e-05,7.378048780487804770e-01
8.287000000000000000e+03,-1.607999999999799951e-05,7.500000000000000000e-01
8.288000000000000000e+03,-1.615999999999799875e-05,7.682926829268292845e-01
8.289000000000000000e+03,-1.623999999999799798e-05,7.682926829268292845e-01
8.290000000000000000e+03,-1.631999999999799721e-05,7.682926829268292845e-01
8.291000000000000000e+03,-1.639999999999799645e-05,7.743902439024390461e-01
8.292000000000000000e+03,-1.647999999999799568e-05,7.865853658536585691e-01
8.293000000000000000e+03,-1.655999999999799492e-05,7.865853658536585691e-01
8.294000000000000000e+03,-1.663999999999799415e-05,8.048780487804878536e-01
8.295000000000000000e+03,-8.639999999997992819e-06,0.000000000000000000e+00
8.296000000000000000e+03,-8.719999999997992053e-06,0.000000000000000000e+00
8.297000000000000000e+03,-8.799999999997991287e-06,0.000000000000000000e+00
8.298000000000000000e+03,-8.879999999997990521e-06,0.000000000000000000e+00
8.299000000000000000e+03,-8.959999999997989755e-06,0.000000000000000000e+00
8.300000000000000000e+03,-9.039999999997988989e-06,0.000000000000000000e+00
8.301000000000000000e+03,-9.119999999997988223e-06,0.000000000000000000e+00
8.302000000000000000e+03,-9.199999999997987457e-06,0.000000000000000000e+00
8.303000000000000000e+03,-9.279999999997986691e-06,0.000000000000000000e+00
8.304000000000000000e+03,-9.359999999997985925e-06,0.000000000000000000e+00
8.305000000000000000e+03,-9.439999999997985159e-06,0.000000000000000000e+00
8.306000000000000000e+03,-9.519999999997984393e-06,0.000000000000000000e+00
8.307000000000000000e+03,-9.599999999997983627e-06,0.000000000000000000e+00
8.308000000000000000e+03,-9.679999999997982861e-06,0.000000000000000000e+00
8.309000000000000000e+03,-9.759999999997982095e-06,0.000000000000000000e+00
8.310000000000000000e+03,-9.839999999997981329e-06,0.000000000000000000e+00
8.311000000000000000e+03,-9.919999999997980563e-06,0.000000000000000000e+00
8.312000000000000000e+03,-9.999999999997979797e-06,0.000000000000000000e+00
8.313000000000000000e+03,-1.007999999999797903e-05,0.000000000000000000e+00
8.314000000000000000e+03,-1.015999999999797827e-05,0.000000000000000000e+00
8.315000000000000000e+03,-1.023999999999797750e-05,0.000000000000000000e+00
8.316000000000000000e+03,-1.031999999999797673e-05,0.000000000000000000e+00
8.317000000000000000e+03,-1.039999999999797597e-05,0.000000000000000000e+00
8.318000000000000000e+03,-1.047999999999797520e-05,0.000000000000000000e+00
8.319000000000000000e+03,-1.055999999999797444e-05,0.000000000000000000e+00
8.320000000000000000e+03,-1.063999999999797367e-05,0.000000000000000000e+00
8.321000000000000000e+03,-1.071999999999797290e-05,0.000000000000000000e+00
8.322000000000000000e+03,-1.079999999999797214e-05,0.000000000000000000e+00
8.323000000000000000e+03,-1.087999999999797137e-05,0.000000000000000000e+00
8.324000000000000000e+03,-1.095999999999797061e-05,0.000000000000000000e+00
8.325000000000000000e+03,-1.103999999999796984e-05,0.000000000000000000e+00
8.326000000000000000e+03,-1.111999999999796907e-05,0.000000000000000000e+00
8.327000000000000000e+03,-1.119999999999796831e-05,0.000000000000000000e+00
8.328000000000000000e+03,-1.127999999999796754e-05,0.000000000000000000e+00
8.329000000000000000e+03,-1.135999999999796678e-05,0.000000000000000000e+00
8.330000000000000000e+03,-1.143999999999796601e-05,0.000000000000000000e+00
8.331000000000000000e+03,-1.151999999999796524e-05,0.000000000000000000e+00
8.332000000000000000e+03,-1.159999999999796448e-05,0.000000000000000000e+00
8.333000000000000000e+03,-1.167999999999796371e-05,0.000000000000000000e+00
8.334000000000000000e+03,-1.175999999999796295e-05,0.000000000000000000e+00
8.335000000000000000e+03,-1.183999999999796218e-05,0.000000000000000000e+00
8.336000000000000000e+03,-1.191999999999796141e-05,0.000000000000000000e+00
8.337000000000000000e+03,-1.199999999999796065e-05,0.000000000000000000e+00
8.338000000000000000e+03,-1.207999999999795988e-05,0.000000000000000000e+00
8.339000000000000000e+03,-1.215999999999795912e-05,0.000000000000000000e+00
8.340000000000000000e+03,-1.223999999999795835e-05,0.000000000000000000e+00
8.341000000000000000e+03,-1.231999999999795758e-05,0.000000000000000000e+00
8.342000000000000000e+03,-1.239999999999795682e-05,0.000000000000000000e+00
8.343000000000000000e+03,-1.247999999999795605e-05,0.000000000000000000e+00
8.344000000000000000e+03,-1.255999999999795529e-05,0.000000000000000000e+00
8.345000000000000000e+03,-1.263999999999795452e-05,0.000000000000000000e+00
8.346000000000000000e+03,-1.271999999999795376e-05,0.000000000000000000e+00
8.347000000000000000e+03,-1.279999999999795299e-05,0.000000000000000000e+00
8.348000000000000000e+03,-1.287999999999795222e-05,0.000000000000000000e+00
8.349000000000000000e+03,-1.295999999999795146e-05,0.000000000000000000e+00
8.350000000000000000e+03,-1.303999999999795069e-05,0.000000000000000000e+00
8.351000000000000000e+03,-1.311999999999794993e-05,0.000000000000000000e+00
8.352000000000000000e+03,-1.319999999999794916e-05,0.000000000000000000e+00
8.353000000000000000e+03,-1.327999999999794839e-05,0.000000000000000000e+00
8.354000000000000000e+03,-1.335999999999794763e-05,0.000000000000000000e+00
8.355000000000000000e+03,-1.343999999999794686e-05,0.000000000000000000e+00
8.356000000000000000e+03,-1.351999999999794610e-05,0.000000000000000000e+00
8.357000000000000000e+03,-1.359999999999794533e-05,0.000000000000000000e+00
8.358000000000000000e+03,-1.367999999999794456e-05,0.000000000000000000e+00
8.359000000000000000e+03,-1.375999999999794380e-05,0.000000000000000000e+00
8.360000000000000000e+03,-1.383999999999794303e-05,0.000000000000000000e+00
8.361000000000000000e+03,-1.391999999999794227e-05,0.000000000000000000e+00
8.362000000000000000e+03,-1.399999999999794150e-05,0.000000000000000000e+00
8.363000000000000000e+03,-1.407999999999794073e-05,0.000000000000000000e+00
8.364000000000000000e+03,-1.415999999999793997e-05,0.000000000000000000e+00
8.365000000000000000e+03,-1.423999999999793920e-05,0.000000000000000000e+00
8.366000000000000000e+03,-1.431999999999793844e-05,0.000000000000000000e+00
8.367000000000000000e+03,-1.439999999999793767e-05,0.000000000000000000e+00
8.368000000000000000e+03,-1.447999999999793690e-05,0.000000000000000000e+00
8.369000000000000000e+03,-1.455999999999793614e-05,0.000000000000000000e+00
8.370000000000000000e+03,-1.463999999999793537e-05,0.000000000000000000e+00
8.371000000000000000e+03,-1.471999999999793461e-05,0.000000000000000000e+00
8.372000000000000000e+03,-1.479999999999793384e-05,1.280487804878048808e-01
8.373000000000000000e+03,-1.487999999999793307e-05,2.073170731707316972e-01
8.374000000000000000e+03,-1.495999999999793231e-05,2.560975609756097615e-01
8.375000000000000000e+03,-1.503999999999793154e-05,2.865853658536585136e-01
8.376000000000000000e+03,-1.511999999999793078e-05,3.963414634146341653e-01
8.377000000000000000e+03,-1.519999999999793001e-05,4.878048780487804770e-01
8.378000000000000000e+03,-1.527999999999792924e-05,5.670731707317072656e-01
8.379000000000000000e+03,-1.535999999999792848e-05,5.853658536585365502e-01
8.380000000000000000e+03,-1.543999999999792771e-05,6.036585365853658347e-01
8.381000000000000000e+03,-1.551999999999792695e-05,6.585365853658536883e-01
8.382000000000000000e+03,-1.559999999999792618e-05,6.768292682926829729e-01
8.383000000000000000e+03,-1.567999999999792541e-05,7.073170731707316694e-01
8.384000000000000000e+03,-1.575999999999792465e-05,7.134146341463414309e-01
8.385000000000000000e+03,-1.583999999999792388e-05,7.195121951219511924e-01
8.386000000000000000e+03,-1.591999999999792312e-05,7.256097560975609539e-01
8.387000000000000000e+03,-1.599999999999792235e-05,7.317073170731707155e-01
8.388000000000000000e+03,-1.607999999999792159e-05,7.317073170731707155e-01
8.389000000000000000e+03,-1.615999999999792082e-05,7.439024390243902385e-01
8.390000000000000000e+03,-1.623999999999792005e-05,7.682926829268292845e-01
8.391000000000000000e+03,-1.631999999999791929e-05,7.682926829268292845e-01
8.392000000000000000e+03,-1.639999999999791852e-05,7.865853658536585691e-01
8.393000000000000000e+03,-1.647999999999791776e-05,7.865853658536585691e-01
8.394000000000000000e+03,-1.655999999999791699e-05,7.865853658536585691e-01
8.395000000000000000e+03,-1.663999999999791622e-05,7.987804878048780921e-01
8.396000000000000000e+03,-1.671999999999791546e-05,7.987804878048780921e-01
8.397000000000000000e+03,-1.679999999999791469e-05,8.048780487804878536e-01
8.398000000000000000e+03,-8.849999999997912881e-06,0.000000000000000000e+00
8.399000000000000000e+03,-8.929999999997912115e-06,0.000000000000000000e+00
8.400000000000000000e+03,-9.009999999997911349e-06,0.000000000000000000e+00
8.401000000000000000e+03,-9.089999999997910583e-06,0.000000000000000000e+00
8.402000000000000000e+03,-9.169999999997909817e-06,0.000000000000000000e+00
8.403000000000000000e+03,-9.249999999997909051e-06,0.000000000000000000e+00
8.404000000000000000e+03,-9.329999999997908285e-06,0.000000000000000000e+00
8.405000000000000000e+03,-9.409999999997907519e-06,0.000000000000000000e+00
8.406000000000000000e+03,-9.489999999997906753e-06,0.000000000000000000e+00
8.407000000000000000e+03,-9.569999999997905987e-06,0.000000000000000000e+00
8.408000000000000000e+03,-9.649999999997905221e-06,0.000000000000000000e+00
8.409000000000000000e+03,-9.729999999997904455e-06,0.000000000000000000e+00
8.410000000000000000e+03,-9.809999999997903690e-06,0.000000000000000000e+00
8.411000000000000000e+03,-9.889999999997902924e-06,0.000000000000000000e+00
8.412000000000000000e+03,-9.969999999997902158e-06,0.000000000000000000e+00
8.413000000000000000e+03,-1.004999999999790139e-05,0.000000000000000000e+00
8.414000000000000000e+03,-1.012999999999790063e-05,0.000000000000000000e+00
8.415000000000000000e+03,-1.020999999999789986e-05,0.000000000000000000e+00
8.416000000000000000e+03,-1.028999999999789909e-05,0.000000000000000000e+00
8.417000000000000000e+03,-1.036999999999789833e-05,0.000000000000000000e+00
8.418000000000000000e+03,-1.044999999999789756e-05,0.000000000000000000e+00
8.419000000000000000e+03,-1.052999999999789680e-05,0.000000000000000000e+00
8.420000000000000000e+03,-1.060999999999789603e-05,0.000000000000000000e+00
8.421000000000000000e+03,-1.068999999999789526e-05,0.000000000000000000e+00
8.422000000000000000e+03,-1.076999999999789450e-05,0.000000000000000000e+00
8.423000000000000000e+03,-1.084999999999789373e-05,0.000000000000000000e+00
8.424000000000000000e+03,-1.092999999999789297e-05,0.000000000000000000e+00
8.425000000000000000e+03,-1.100999999999789220e-05,0.000000000000000000e+00
8.426000000000000000e+03,-1.108999999999789143e-05,0.000000000000000000e+00
8.427000000000000000e+03,-1.116999999999789067e-05,0.000000000000000000e+00
8.428000000000000000e+03,-1.124999999999788990e-05,0.000000000000000000e+00
8.429000000000000000e+03,-1.132999999999788914e-05,0.000000000000000000e+00
8.430000000000000000e+03,-1.140999999999788837e-05,0.000000000000000000e+00
8.431000000000000000e+03,-1.148999999999788760e-05,0.000000000000000000e+00
8.432000000000000000e+03,-1.156999999999788684e-05,0.000000000000000000e+00
8.433000000000000000e+03,-1.164999999999788607e-05,0.000000000000000000e+00
8.434000000000000000e+03,-1.172999999999788531e-05,0.000000000000000000e+00
8.435000000000000000e+03,-1.180999999999788454e-05,0.000000000000000000e+00
8.436000000000000000e+03,-1.188999999999788377e-05,0.000000000000000000e+00
8.437000000000000000e+03,-1.196999999999788301e-05,0.000000000000000000e+00
8.438000000000000000e+03,-1.204999999999788224e-05,0.000000000000000000e+00
8.439000000000000000e+03,-1.212999999999788148e-05,0.000000000000000000e+00
8.440000000000000000e+03,-1.220999999999788071e-05,0.000000000000000000e+00
8.441000000000000000e+03,-1.228999999999787995e-05,0.000000000000000000e+00
8.442000000000000000e+03,-1.236999999999787918e-05,0.000000000000000000e+00
8.443000000000000000e+03,-1.244999999999787841e-05,0.000000000000000000e+00
8.444000000000000000e+03,-1.252999999999787765e-05,0.000000000000000000e+00
8.445000000000000000e+03,-1.260999999999787688e-05,0.000000000000000000e+00
8.446000000000000000e+03,-1.268999999999787612e-05,0.000000000000000000e+00
8.447000000000000000e+03,-1.276999999999787535e-05,0.000000000000000000e+00
8.448000000000000000e+03,-1.284999999999787458e-05,0.000000000000000000e+00
8.449000000000000000e+03,-1.292999999999787382e-05,0.000000000000000000e+00
8.450000000000000000e+03,-1.300999999999787305e-05,0.000000000000000000e+00
8.451000000000000000e+03,-1.308999999999787229e-05,0.000000000000000000e+00
8.452000000000000000e+03,-1.316999999999787152e-05,0.000000000000000000e+00
8.453000000000000000e+03,-1.324999999999787075e-05,0.000000000000000000e+00
8.454000000000000000e+03,-1.332999999999786999e-05,0.000000000000000000e+00
8.455000000000000000e+03,-1.340999999999786922e-05,0.000000000000000000e+00
8.456000000000000000e+03,-1.348999999999786846e-05,0.000000000000000000e+00
8.457000000000000000e+03,-1.356999999999786769e-05,0.000000000000000000e+00
8.458000000000000000e+03,-1.364999999999786692e-05,0.000000000000000000e+00
8.459000000000000000e+03,-1.372999999999786616e-05,0.000000000000000000e+00
8.460000000000000000e+03,-1.380999999999786539e-05,0.000000000000000000e+00
8.461000000000000000e+03,-1.388999999999786463e-05,0.000000000000000000e+00
8.462000000000000000e+03,-1.396999999999786386e-05,0.000000000000000000e+00
8.463000000000000000e+03,-1.404999999999786309e-05,0.000000000000000000e+00
8.464000000000000000e+03,-1.412999999999786233e-05,0.000000000000000000e+00
8.465000000000000000e+03,-1.420999999999786156e-05,0.000000000000000000e+00
8.466000000000000000e+03,-1.428999999999786080e-05,0.000000000000000000e+00
8.467000000000000000e+03,-1.436999999999786003e-05,0.000000000000000000e+00
8.468000000000000000e+03,-1.444999999999785926e-05,0.000000000000000000e+00
8.469000000000000000e+03,-1.452999999999785850e-05,0.000000000000000000e+00
8.470000000000000000e+03,-1.460999999999785773e-05,0.000000000000000000e+00
8.471000000000000000e+03,-1.468999999999785697e-05,0.000000000000000000e+00
8.472000000000000000e+03,-1.476999999999785620e-05,0.000000000000000000e+00
8.473000000000000000e+03,-1.484999999999785543e-05,0.000000000000000000e+00
8.474000000000000000e+03,-1.492999999999785467e-05,0.000000000000000000e+00
8.475000000000000000e+03,-1.500999999999785390e-05,0.000000000000000000e+00
8.476000000000000000e+03,-1.508999999999785314e-05,0.000000000000000000e+00
8.477000000000000000e+03,-1.516999999999785237e-05,0.000000000000000000e+00
8.478000000000000000e+03,-1.524999999999785160e-05,0.000000000000000000e+00
8.479000000000000000e+03,-1.532999999999785253e-05,0.000000000000000000e+00
8.480000000000000000e+03,-1.540999999999785177e-05,0.000000000000000000e+00
8.481000000000000000e+03,-1.548999999999785100e-05,0.000000000000000000e+00
8.482000000000000000e+03,-1.556999999999785024e-05,5.548780487804878536e-01
8.483000000000000000e+03,-1.564999999999784947e-05,6.158536585365853577e-01
8.484000000000000000e+03,-1.572999999999784870e-05,6.707317073170732113e-01
8.485000000000000000e+03,-1.580999999999784794e-05,6.951219512195121464e-01
8.486000000000000000e+03,-1.588999999999784717e-05,7.134146341463414309e-01
8.487000000000000000e+03,-1.596999999999784641e-05,7.439024390243902385e-01
8.488000000000000000e+03,-1.604999999999784564e-05,7.500000000000000000e-01
8.489000000000000000e+03,-1.612999999999784487e-05,7.560975609756097615e-01
8.490000000000000000e+03,-1.620999999999784411e-05,7.743902439024390461e-01
8.491000000000000000e+03,-1.628999999999784334e-05,7.743902439024390461e-01
8.492000000000000000e+03,-1.636999999999784258e-05,7.926829268292683306e-01
8.493000000000000000e+03,-1.644999999999784181e-05,7.926829268292683306e-01
8.494000000000000000e+03,-1.652999999999784104e-05,7.926829268292683306e-01
8.495000000000000000e+03,-1.660999999999784028e-05,7.926829268292683306e-01
8.496000000000000000e+03,-1.668999999999783951e-05,7.926829268292683306e-01
8.497000000000000000e+03,-1.676999999999783875e-05,8.048780487804878536e-01
8.498000000000000000e+03,-8.969999999997837193e-06,0.000000000000000000e+00
8.499000000000000000e+03,-9.049999999997836427e-06,0.000000000000000000e+00
8.500000000000000000e+03,-9.129999999997835661e-06,0.000000000000000000e+00
8.501000000000000000e+03,-9.209999999997834895e-06,0.000000000000000000e+00
8.502000000000000000e+03,-9.289999999997834129e-06,0.000000000000000000e+00
8.503000000000000000e+03,-9.369999999997833363e-06,0.000000000000000000e+00
8.504000000000000000e+03,-9.449999999997832597e-06,0.000000000000000000e+00
8.505000000000000000e+03,-9.529999999997831831e-06,0.000000000000000000e+00
8.506000000000000000e+03,-9.609999999997831065e-06,0.000000000000000000e+00
8.507000000000000000e+03,-9.689999999997830300e-06,0.000000000000000000e+00
8.508000000000000000e+03,-9.769999999997829534e-06,0.000000000000000000e+00
8.509000000000000000e+03,-9.849999999997828768e-06,0.000000000000000000e+00
8.510000000000000000e+03,-9.929999999997828002e-06,0.000000000000000000e+00
8.511000000000000000e+03,-1.000999999999782724e-05,0.000000000000000000e+00
8.512000000000000000e+03,-1.008999999999782647e-05,0.000000000000000000e+00
8.513000000000000000e+03,-1.016999999999782570e-05,0.000000000000000000e+00
8.514000000000000000e+03,-1.024999999999782494e-05,0.000000000000000000e+00
8.515000000000000000e+03,-1.032999999999782417e-05,0.000000000000000000e+00
8.516000000000000000e+03,-1.040999999999782341e-05,0.000000000000000000e+00
8.517000000000000000e+03,-1.048999999999782264e-05,0.000000000000000000e+00
8.518000000000000000e+03,-1.056999999999782187e-05,0.000000000000000000e+00
8.519000000000000000e+03,-1.064999999999782111e-05,0.000000000000000000e+00
8.520000000000000000e+03,-1.072999999999782034e-05,0.000000000000000000e+00
8.521000000000000000e+03,-1.080999999999781958e-05,0.000000000000000000e+00
8.522000000000000000e+03,-1.088999999999781881e-05,0.000000000000000000e+00
8.523000000000000000e+03,-1.096999999999781804e-05,0.000000000000000000e+00
8.524000000000000000e+03,-1.104999999999781728e-05,0.000000000000000000e+00
8.525000000000000000e+03,-1.112999999999781651e-05,0.000000000000000000e+00
8.526000000000000000e+03,-1.120999999999781575e-05,0.000000000000000000e+00
8.527000000000000000e+03,-1.128999999999781498e-05,0.000000000000000000e+00
8.528000000000000000e+03,-1.136999999999781421e-05,0.000000000000000000e+00
8.529000000000000000e+03,-1.144999999999781345e-05,0.000000000000000000e+00
8.530000000000000000e+03,-1.152999999999781268e-05,0.000000000000000000e+00
8.531000000000000000e+03,-1.160999999999781192e-05,0.000000000000000000e+00
8.532000000000000000e+03,-1.168999999999781115e-05,0.000000000000000000e+00
8.533000000000000000e+03,-1.176999999999781038e-05,0.000000000000000000e+00
8.534000000000000000e+03,-1.184999999999780962e-05,0.000000000000000000e+00
8.535000000000000000e+03,-1.192999999999780885e-05,0.000000000000000000e+00
8.536000000000000000e+03,-1.200999999999780809e-05,0.000000000000000000e+00
8.537000000000000000e+03,-1.208999999999780732e-05,0.000000000000000000e+00
8.538000000000000000e+03,-1.216999999999780656e-05,0.000000000000000000e+00
8.539000000000000000e+03,-1.224999999999780579e-05,0.000000000000000000e+00
8.540000000000000000e+03,-1.232999999999780502e-05,0.000000000000000000e+00
8.541000000000000000e+03,-1.240999999999780426e-05,0.000000000000000000e+00
8.542000000000000000e+03,-1.248999999999780349e-05,0.000000000000000000e+00
8.543000000000000000e+03,-1.256999999999780273e-05,0.000000000000000000e+00
8.544000000000000000e+03,-1.264999999999780196e-05,0.000000000000000000e+00
8.545000000000000000e+03,-1.272999999999780119e-05,0.000000000000000000e+00
8.546000000000000000e+03,-1.280999999999780043e-05,0.000000000000000000e+00
8.547000000000000000e+03,-1.288999999999779966e-05,0.000000000000000000e+00
8.548000000000000000e+03,-1.296999999999779890e-05,0.000000000000000000e+00
8.549000000000000000e+03,-1.304999999999779813e-05,0.000000000000000000e+00
8.550000000000000000e+03,-1.312999999999779736e-05,0.000000000000000000e+00
8.551000000000000000e+03,-1.320999999999779660e-05,0.000000000000000000e+00
8.552000000000000000e+03,-1.328999999999779583e-05,0.000000000000000000e+00
8.553000000000000000e+03,-1.336999999999779507e-05,0.000000000000000000e+00
8.554000000000000000e+03,-1.344999999999779430e-05,0.000000000000000000e+00
8.555000000000000000e+03,-1.352999999999779353e-05,0.000000000000000000e+00
8.556000000000000000e+03,-1.360999999999779277e-05,0.000000000000000000e+00
8.557000000000000000e+03,-1.368999999999779200e-05,0.000000000000000000e+00
8.558000000000000000e+03,-1.376999999999779124e-05,0.000000000000000000e+00
8.559000000000000000e+03,-1.384999999999779047e-05,0.000000000000000000e+00
8.560000000000000000e+03,-1.392999999999778970e-05,0.000000000000000000e+00
8.561000000000000000e+03,-1.400999999999778894e-05,0.000000000000000000e+00
8.562000000000000000e+03,-1.408999999999778817e-05,0.000000000000000000e+00
8.563000000000000000e+03,-1.416999999999778741e-05,0.000000000000000000e+00
8.564000000000000000e+03,-1.424999999999778664e-05,0.000000000000000000e+00
8.565000000000000000e+03,-1.432999999999778587e-05,0.000000000000000000e+00
8.566000000000000000e+03,-1.440999999999778511e-05,0.000000000000000000e+00
8.567000000000000000e+03,-1.448999999999778434e-05,0.000000000000000000e+00
8.568000000000000000e+03,-1.456999999999778358e-05,0.000000000000000000e+00
8.569000000000000000e+03,-1.464999999999778281e-05,0.000000000000000000e+00
8.570000000000000000e+03,-1.472999999999778204e-05,0.000000000000000000e+00
8.571000000000000000e+03,-1.480999999999778128e-05,0.000000000000000000e+00
8.572000000000000000e+03,-1.488999999999778051e-05,0.000000000000000000e+00
8.573000000000000000e+03,-1.496999999999777975e-05,0.000000000000000000e+00
8.574000000000000000e+03,-1.504999999999777898e-05,1.219512195121951262e-02
8.575000000000000000e+03,-1.512999999999777821e-05,1.219512195121951262e-02
8.576000000000000000e+03,-1.520999999999777745e-05,1.829268292682926719e-02
8.577000000000000000e+03,-1.528999999999777838e-05,1.829268292682926719e-02
8.578000000000000000e+03,-1.536999999999777761e-05,3.231707317073170826e-01
8.579000000000000000e+03,-1.544999999999777685e-05,4.573170731707317249e-01
8.580000000000000000e+03,-1.552999999999777608e-05,5.060975609756097615e-01
8.581000000000000000e+03,-1.560999999999777531e-05,5.487804878048780921e-01
8.582000000000000000e+03,-1.568999999999777455e-05,6.219512195121951192e-01
8.583000000000000000e+03,-1.576999999999777378e-05,6.402439024390244038e-01
8.584000000000000000e+03,-1.584999999999777302e-05,6.768292682926829729e-01
8.585000000000000000e+03,-1.592999999999777225e-05,6.890243902439023849e-01
8.586000000000000000e+03,-1.600999999999777148e-05,6.951219512195121464e-01
8.587000000000000000e+03,-1.608999999999777072e-05,7.317073170731707155e-01
8.588000000000000000e+03,-1.616999999999776995e-05,7.500000000000000000e-01
8.589000000000000000e+03,-1.624999999999776919e-05,7.500000000000000000e-01
8.590000000000000000e+03,-1.632999999999776842e-05,7.500000000000000000e-01
8.591000000000000000e+03,-1.640999999999776765e-05,7.560975609756097615e-01
8.592000000000000000e+03,-1.648999999999776689e-05,7.621951219512195230e-01
8.593000000000000000e+03,-1.656999999999776612e-05,7.621951219512195230e-01
8.594000000000000000e+03,-1.664999999999776536e-05,7.621951219512195230e-01
8.595000000000000000e+03,-1.672999999999776459e-05,7.621951219512195230e-01
8.596000000000000000e+03,-1.680999999999776382e-05,7.743902439024390461e-01
8.597000000000000000e+03,-1.688999999999776306e-05,7.865853658536585691e-01
8.598000000000000000e+03,-1.696999999999776229e-05,7.865853658536585691e-01
8.599000000000000000e+03,-1.704999999999776153e-05,7.865853658536585691e-01
8.600000000000000000e+03,-1.712999999999776076e-05,7.865853658536585691e-01
8.601000000000000000e+03,-1.720999999999775999e-05,7.865853658536585691e-01
8.602000000000000000e+03,-1.728999999999775923e-05,7.865853658536585691e-01
8.603000000000000000e+03,-1.736999999999775846e-05,7.865853658536585691e-01
8.604000000000000000e+03,-1.744999999999775770e-05,7.987804878048780921e-01
8.605000000000000000e+03,-1.752999999999775693e-05,8.109756097560976151e-01
8.606000000000000000e+03,-9.729999999997755378e-06,0.000000000000000000e+00
8.607000000000000000e+03,-9.809999999997754612e-06,0.000000000000000000e+00
8.608000000000000000e+03,-9.889999999997753846e-06,0.000000000000000000e+00
8.609000000000000000e+03,-9.969999999997753080e-06,0.000000000000000000e+00
8.610000000000000000e+03,-1.004999999999775231e-05,0.000000000000000000e+00
8.611000000000000000e+03,-1.012999999999775155e-05,0.000000000000000000e+00
8.612000000000000000e+03,-1.020999999999775078e-05,0.000000000000000000e+00
8.613000000000000000e+03,-1.028999999999775002e-05,0.000000000000000000e+00
8.614000000000000000e+03,-1.036999999999774925e-05,0.000000000000000000e+00
8.615000000000000000e+03,-1.044999999999774848e-05,0.000000000000000000e+00
8.616000000000000000e+03,-1.052999999999774772e-05,0.000000000000000000e+00
8.617000000000000000e+03,-1.060999999999774695e-05,0.000000000000000000e+00
8.618000000000000000e+03,-1.068999999999774619e-05,0.000000000000000000e+00
8.619000000000000000e+03,-1.076999999999774542e-05,0.000000000000000000e+00
8.620000000000000000e+03,-1.084999999999774465e-05,0.000000000000000000e+00
8.621000000000000000e+03,-1.092999999999774389e-05,0.000000000000000000e+00
8.622000000000000000e+03,-1.100999999999774312e-05,0.000000000000000000e+00
8.623000000000000000e+03,-1.108999999999774236e-05,0.000000000000000000e+00
8.624000000000000000e+03,-1.116999999999774159e-05,0.000000000000000000e+00
8.625000000000000000e+03,-1.124999999999774082e-05,0.000000000000000000e+00
8.626000000000000000e+03,-1.132999999999774006e-05,0.000000000000000000e+00
8.627000000000000000e+03,-1.140999999999773929e-05,0.000000000000000000e+00
8.628000000000000000e+03,-1.148999999999773853e-05,0.000000000000000000e+00
8.629000000000000000e+03,-1.156999999999773776e-05,0.000000000000000000e+00
8.630000000000000000e+03,-1.164999999999773699e-05,0.000000000000000000e+00
8.631000000000000000e+03,-1.172999999999773623e-05,0.000000000000000000e+00
8.632000000000000000e+03,-1.180999999999773546e-05,0.000000000000000000e+00
8.633000000000000000e+03,-1.188999999999773470e-05,0.000000000000000000e+00
8.634000000000000000e+03,-1.196999999999773393e-05,0.000000000000000000e+00
8.635000000000000000e+03,-1.204999999999773317e-05,0.000000000000000000e+00
8.636000000000000000e+03,-1.212999999999773240e-05,0.000000000000000000e+00
8.637000000000000000e+03,-1.220999999999773163e-05,0.000000000000000000e+00
8.638000000000000000e+03,-1.228999999999773087e-05,0.000000000000000000e+00
8.639000000000000000e+03,-1.236999999999773010e-05,0.000000000000000000e+00
8.640000000000000000e+03,-1.244999999999772934e-05,0.000000000000000000e+00
8.641000000000000000e+03,-1.252999999999772857e-05,0.000000000000000000e+00
8.642000000000000000e+03,-1.260999999999772780e-05,0.000000000000000000e+00
8.643000000000000000e+03,-1.268999999999772704e-05,0.000000000000000000e+00
8.644000000000000000e+03,-1.276999999999772627e-05,0.000000000000000000e+00
8.645000000000000000e+03,-1.284999999999772551e-05,0.000000000000000000e+00
8.646000000000000000e+03,-1.292999999999772474e-05,0.000000000000000000e+00
8.647000000000000000e+03,-1.300999999999772397e-05,0.000000000000000000e+00
8.648000000000000000e+03,-1.308999999999772321e-05,0.000000000000000000e+00
8.649000000000000000e+03,-1.316999999999772244e-05,0.000000000000000000e+00
8.650000000000000000e+03,-1.324999999999772168e-05,0.000000000000000000e+00
8.651000000000000000e+03,-1.332999999999772091e-05,0.000000000000000000e+00
8.652000000000000000e+03,-1.340999999999772014e-05,0.000000000000000000e+00
8.653000000000000000e+03,-1.348999999999771938e-05,0.000000000000000000e+00
8.654000000000000000e+03,-1.356999999999771861e-05,0.000000000000000000e+00
8.655000000000000000e+03,-1.364999999999771785e-05,0.000000000000000000e+00
8.656000000000000000e+03,-1.372999999999771708e-05,0.000000000000000000e+00
8.657000000000000000e+03,-1.380999999999771631e-05,0.000000000000000000e+00
8.658000000000000000e+03,-1.388999999999771555e-05,0.000000000000000000e+00
8.659000000000000000e+03,-1.396999999999771478e-05,0.000000000000000000e+00
8.660000000000000000e+03,-1.404999999999771402e-05,0.000000000000000000e+00
8.661000000000000000e+03,-1.412999999999771325e-05,0.000000000000000000e+00
8.662000000000000000e+03,-1.420999999999771248e-05,0.000000000000000000e+00
8.663000000000000000e+03,-1.428999999999771172e-05,0.000000000000000000e+00
8.664000000000000000e+03,-1.436999999999771095e-05,0.000000000000000000e+00
8.665000000000000000e+03,-1.444999999999771019e-05,0.000000000000000000e+00
8.666000000000000000e+03,-1.452999999999770942e-05,0.000000000000000000e+00
8.667000000000000000e+03,-1.460999999999770865e-05,0.000000000000000000e+00
8.668000000000000000e+03,-1.468999999999770789e-05,0.000000000000000000e+00
8.669000000000000000e+03,-1.476999999999770712e-05,0.000000000000000000e+00
8.670000000000000000e+03,-1.484999999999770636e-05,0.000000000000000000e+00
8.671000000000000000e+03,-1.492999999999770559e-05,0.000000000000000000e+00
8.672000000000000000e+03,-1.500999999999770482e-05,0.000000000000000000e+00
8.673000000000000000e+03,-1.508999999999770406e-05,0.000000000000000000e+00
8.674000000000000000e+03,-1.516999999999770329e-05,0.000000000000000000e+00
8.675000000000000000e+03,-1.524999999999770253e-05,0.000000000000000000e+00
8.676000000000000000e+03,-1.532999999999770346e-05,0.000000000000000000e+00
8.677000000000000000e+03,-1.540999999999770269e-05,0.000000000000000000e+00
8.678000000000000000e+03,-1.548999999999770192e-05,0.000000000000000000e+00
8.679000000000000000e+03,-1.556999999999770116e-05,0.000000000000000000e+00
8.680000000000000000e+03,-1.564999999999770039e-05,0.000000000000000000e+00
8.681000000000000000e+03,-1.572999999999769963e-05,0.000000000000000000e+00
8.682000000000000000e+03,-1.580999999999769886e-05,6.097560975609756309e-03
8.683000000000000000e+03,-1.588999999999769809e-05,6.097560975609756309e-03
8.684000000000000000e+03,-1.596999999999769733e-05,4.512195121951219634e-01
8.685000000000000000e+03,-1.604999999999769656e-05,4.817073170731707155e-01
8.686000000000000000e+03,-1.612999999999769580e-05,5.609756097560976151e-01
8.687000000000000000e+03,-1.620999999999769503e-05,5.914634146341463117e-01
8.688000000000000000e+03,-1.628999999999769426e-05,6.768292682926829729e-01
8.689000000000000000e+03,-1.636999999999769350e-05,7.012195121951219079e-01
8.690000000000000000e+03,-1.644999999999769273e-05,7.012195121951219079e-01
8.691000000000000000e+03,-1.652999999999769197e-05,7.134146341463414309e-01
8.692000000000000000e+03,-1.660999999999769120e-05,7.195121951219511924e-01
8.693000000000000000e+03,-1.668999999999769043e-05,7.256097560975609539e-01
8.694000000000000000e+03,-1.676999999999768967e-05,7.317073170731707155e-01
8.695000000000000000e+03,-1.684999999999768890e-05,7.560975609756097615e-01
8.696000000000000000e+03,-1.692999999999768814e-05,7.621951219512195230e-01
8.697000000000000000e+03,-1.700999999999768737e-05,7.621951219512195230e-01
8.698000000000000000e+03,-1.708999999999768660e-05,7.865853658536585691e-01
8.699000000000000000e+03,-1.716999999999768584e-05,7.865853658536585691e-01
8.700000000000000000e+03,-1.724999999999768507e-05,7.865853658536585691e-01
8.701000000000000000e+03,-1.732999999999768431e-05,7.865853658536585691e-01
8.702000000000000000e+03,-1.740999999999768354e-05,7.865853658536585691e-01
8.703000000000000000e+03,-1.748999999999768277e-05,7.926829268292683306e-01
8.704000000000000000e+03,-1.756999999999768201e-05,7.926829268292683306e-01
8.705000000000000000e+03,-1.764999999999768124e-05,7.987804878048780921e-01
8.706000000000000000e+03,-1.772999999999768048e-05,7.987804878048780921e-01
8.707000000000000000e+03,-1.780999999999767971e-05,8.048780487804878536e-01
8.708000000000000000e+03,-9.909999999997679115e-06,0.000000000000000000e+00
8.709000000000000000e+03,-9.989999999997678349e-06,0.000000000000000000e+00
8.710000000000000000e+03,-1.006999999999767758e-05,0.000000000000000000e+00
8.711000000000000000e+03,-1.014999999999767682e-05,0.000000000000000000e+00
8.712000000000000000e+03,-1.022999999999767605e-05,0.000000000000000000e+00
8.713000000000000000e+03,-1.030999999999767529e-05,0.000000000000000000e+00
8.714000000000000000e+03,-1.038999999999767452e-05,0.000000000000000000e+00
8.715000000000000000e+03,-1.046999999999767375e-05,0.000000000000000000e+00
8.716000000000000000e+03,-1.054999999999767299e-05,0.000000000000000000e+00
8.717000000000000000e+03,-1.062999999999767222e-05,0.000000000000000000e+00
8.718000000000000000e+03,-1.070999999999767146e-05,0.000000000000000000e+00
8.719000000000000000e+03,-1.078999999999767069e-05,0.000000000000000000e+00
8.720000000000000000e+03,-1.086999999999766992e-05,0.000000000000000000e+00
8.721000000000000000e+03,-1.094999999999766916e-05,0.000000000000000000e+00
8.722000000000000000e+03,-1.102999999999766839e-05,0.000000000000000000e+00
8.723000000000000000e+03,-1.110999999999766763e-05,0.000000000000000000e+00
8.724000000000000000e+03,-1.118999999999766686e-05,0.000000000000000000e+00
8.725000000000000000e+03,-1.126999999999766609e-05,0.000000000000000000e+00
8.726000000000000000e+03,-1.134999999999766533e-05,0.000000000000000000e+00
8.727000000000000000e+03,-1.142999999999766456e-05,0.000000000000000000e+00
8.728000000000000000e+03,-1.150999999999766380e-05,0.000000000000000000e+00
8.729000000000000000e+03,-1.158999999999766303e-05,0.000000000000000000e+00
8.730000000000000000e+03,-1.166999999999766226e-05,0.000000000000000000e+00
8.731000000000000000e+03,-1.174999999999766150e-05,0.000000000000000000e+00
8.732000000000000000e+03,-1.182999999999766073e-05,0.000000000000000000e+00
8.733000000000000000e+03,-1.190999999999765997e-05,0.000000000000000000e+00
8.734000000000000000e+03,-1.198999999999765920e-05,0.000000000000000000e+00
8.735000000000000000e+03,-1.206999999999765843e-05,0.000000000000000000e+00
8.736000000000000000e+03,-1.214999999999765767e-05,0.000000000000000000e+00
8.737000000000000000e+03,-1.222999999999765690e-05,0.000000000000000000e+00
8.738000000000000000e+03,-1.230999999999765614e-05,0.000000000000000000e+00
8.739000000000000000e+03,-1.238999999999765537e-05,0.000000000000000000e+00
8.740000000000000000e+03,-1.246999999999765460e-05,0.000000000000000000e+00
8.741000000000000000e+03,-1.254999999999765384e-05,0.000000000000000000e+00
8.742000000000000000e+03,-1.262999999999765307e-05,0.000000000000000000e+00
8.743000000000000000e+03,-1.270999999999765231e-05,0.000000000000000000e+00
8.744000000000000000e+03,-1.278999999999765154e-05,0.000000000000000000e+00
8.745000000000000000e+03,-1.286999999999765078e-05,0.000000000000000000e+00
8.746000000000000000e+03,-1.294999999999765001e-05,0.000000000000000000e+00
8.747000000000000000e+03,-1.302999999999764924e-05,0.000000000000000000e+00
8.748000000000000000e+03,-1.310999999999764848e-05,0.000000000000000000e+00
8.749000000000000000e+03,-1.318999999999764771e-05,0.000000000000000000e+00
8.750000000000000000e+03,-1.326999999999764695e-05,0.000000000000000000e+00
8.751000000000000000e+03,-1.334999999999764618e-05,0.000000000000000000e+00
8.752000000000000000e+03,-1.342999999999764541e-05,0.000000000000000000e+00
8.753000000000000000e+03,-1.350999999999764465e-05,0.000000000000000000e+00
8.754000000000000000e+03,-1.358999999999764388e-05,0.000000000000000000e+00
8.755000000000000000e+03,-1.366999999999764312e-05,0.000000000000000000e+00
8.756000000000000000e+03,-1.374999999999764235e-05,0.000000000000000000e+00
8.757000000000000000e+03,-1.382999999999764158e-05,0.000000000000000000e+00
8.758000000000000000e+03,-1.390999999999764082e-05,0.000000000000000000e+00
8.759000000000000000e+03,-1.398999999999764005e-05,0.000000000000000000e+00
8.760000000000000000e+03,-1.406999999999763929e-05,0.000000000000000000e+00
8.761000000000000000e+03,-1.414999999999763852e-05,0.000000000000000000e+00
8.762000000000000000e+03,-1.422999999999763775e-05,0.000000000000000000e+00
8.763000000000000000e+03,-1.430999999999763699e-05,0.000000000000000000e+00
8.764000000000000000e+03,-1.438999999999763622e-05,0.000000000000000000e+00
8.765000000000000000e+03,-1.446999999999763546e-05,0.000000000000000000e+00
8.766000000000000000e+03,-1.454999999999763469e-05,0.000000000000000000e+00
8.767000000000000000e+03,-1.462999999999763392e-05,0.000000000000000000e+00
8.768000000000000000e+03,-1.470999999999763316e-05,0.000000000000000000e+00
8.769000000000000000e+03,-1.478999999999763239e-05,0.000000000000000000e+00
8.770000000000000000e+03,-1.486999999999763163e-05,0.000000000000000000e+00
8.771000000000000000e+03,-1.494999999999763086e-05,0.000000000000000000e+00
8.772000000000000000e+03,-1.502999999999763009e-05,0.000000000000000000e+00
8.773000000000000000e+03,-1.510999999999762933e-05,0.000000000000000000e+00
8.774000000000000000e+03,-1.518999999999762856e-05,0.000000000000000000e+00
8.775000000000000000e+03,-1.526999999999762949e-05,0.000000000000000000e+00
8.776000000000000000e+03,-1.534999999999762872e-05,0.000000000000000000e+00
8.777000000000000000e+03,-1.542999999999762796e-05,0.000000000000000000e+00
8.778000000000000000e+03,-1.550999999999762719e-05,0.000000000000000000e+00
8.779000000000000000e+03,-1.558999999999762643e-05,0.000000000000000000e+00
8.780000000000000000e+03,-1.566999999999762566e-05,0.000000000000000000e+00
8.781000000000000000e+03,-1.574999999999762490e-05,0.000000000000000000e+00
8.782000000000000000e+03,-1.582999999999762413e-05,0.000000000000000000e+00
8.783000000000000000e+03,-1.590999999999762336e-05,0.000000000000000000e+00
8.784000000000000000e+03,-1.598999999999762260e-05,0.000000000000000000e+00
8.785000000000000000e+03,-1.606999999999762183e-05,3.170731707317073211e-01
8.786000000000000000e+03,-1.614999999999762107e-05,3.780487804878048808e-01
8.787000000000000000e+03,-1.622999999999762030e-05,4.573170731707317249e-01
8.788000000000000000e+03,-1.630999999999761953e-05,5.000000000000000000e-01
8.789000000000000000e+03,-1.638999999999761877e-05,5.426829268292683306e-01
8.790000000000000000e+03,-1.646999999999761800e-05,5.914634146341463117e-01
8.791000000000000000e+03,-1.654999999999761724e-05,6.707317073170732113e-01
8.792000000000000000e+03,-1.662999999999761647e-05,7.256097560975609539e-01
8.793000000000000000e+03,-1.670999999999761570e-05,7.378048780487804770e-01
8.794000000000000000e+03,-1.678999999999761494e-05,7.500000000000000000e-01
8.795000000000000000e+03,-1.686999999999761417e-05,7.560975609756097615e-01
8.796000000000000000e+03,-1.694999999999761341e-05,7.682926829268292845e-01
8.797000000000000000e+03,-1.702999999999761264e-05,7.804878048780488076e-01
8.798000000000000000e+03,-1.710999999999761187e-05,7.865853658536585691e-01
8.799000000000000000e+03,-1.718999999999761111e-05,7.987804878048780921e-01
8.800000000000000000e+03,-1.726999999999761034e-05,8.048780487804878536e-01
8.801000000000000000e+03,-9.369999999997609747e-06,0.000000000000000000e+00
8.802000000000000000e+03,-9.449999999997608981e-06,0.000000000000000000e+00
8.803000000000000000e+03,-9.529999999997608215e-06,0.000000000000000000e+00
8.804000000000000000e+03,-9.609999999997607449e-06,0.000000000000000000e+00
8.805000000000000000e+03,-9.689999999997606683e-06,0.000000000000000000e+00
8.806000000000000000e+03,-9.769999999997605917e-06,0.000000000000000000e+00
8.807000000000000000e+03,-9.849999999997605151e-06,0.000000000000000000e+00
8.808000000000000000e+03,-9.929999999997604385e-06,0.000000000000000000e+00
8.809000000000000000e+03,-1.000999999999760362e-05,0.000000000000000000e+00
8.810000000000000000e+03,-1.008999999999760285e-05,0.000000000000000000e+00
8.811000000000000000e+03,-1.016999999999760209e-05,0.000000000000000000e+00
8.812000000000000000e+03,-1.024999999999760132e-05,0.000000000000000000e+00
8.813000000000000000e+03,-1.032999999999760056e-05,0.000000000000000000e+00
8.814000000000000000e+03,-1.040999999999759979e-05,0.000000000000000000e+00
8.815000000000000000e+03,-1.048999999999759902e-05,0.000000000000000000e+00
8.816000000000000000e+03,-1.056999999999759826e-05,0.000000000000000000e+00
8.817000000000000000e+03,-1.064999999999759749e-05,0.000000000000000000e+00
8.818000000000000000e+03,-1.072999999999759673e-05,0.000000000000000000e+00
8.819000000000000000e+03,-1.080999999999759596e-05,0.000000000000000000e+00
8.820000000000000000e+03,-1.088999999999759519e-05,0.000000000000000000e+00
8.821000000000000000e+03,-1.096999999999759443e-05,0.000000000000000000e+00
8.822000000000000000e+03,-1.104999999999759366e-05,0.000000000000000000e+00
8.823000000000000000e+03,-1.112999999999759290e-05,0.000000000000000000e+00
8.824000000000000000e+03,-1.120999999999759213e-05,0.000000000000000000e+00
8.825000000000000000e+03,-1.128999999999759136e-05,0.000000000000000000e+00
8.826000000000000000e+03,-1.136999999999759060e-05,0.000000000000000000e+00
8.827000000000000000e+03,-1.144999999999758983e-05,0.000000000000000000e+00
8.828000000000000000e+03,-1.152999999999758907e-05,0.000000000000000000e+00
8.829000000000000000e+03,-1.160999999999758830e-05,0.000000000000000000e+00
8.830000000000000000e+03,-1.168999999999758753e-05,0.000000000000000000e+00
8.831000000000000000e+03,-1.176999999999758677e-05,0.000000000000000000e+00
8.832000000000000000e+03,-1.184999999999758600e-05,0.000000000000000000e+00
8.833000000000000000e+03,-1.192999999999758524e-05,0.000000000000000000e+00
8.834000000000000000e+03,-1.200999999999758447e-05,0.000000000000000000e+00
8.835000000000000000e+03,-1.208999999999758370e-05,0.000000000000000000e+00
8.836000000000000000e+03,-1.216999999999758294e-05,0.000000000000000000e+00
8.837000000000000000e+03,-1.224999999999758217e-05,0.000000000000000000e+00
8.838000000000000000e+03,-1.232999999999758141e-05,0.000000000000000000e+00
8.839000000000000000e+03,-1.240999999999758064e-05,0.000000000000000000e+00
8.840000000000000000e+03,-1.248999999999757987e-05,0.000000000000000000e+00
8.841000000000000000e+03,-1.256999999999757911e-05,0.000000000000000000e+00
8.842000000000000000e+03,-1.264999999999757834e-05,0.000000000000000000e+00
8.843000000000000000e+03,-1.272999999999757758e-05,0.000000000000000000e+00
8.844000000000000000e+03,-1.280999999999757681e-05,0.000000000000000000e+00
8.845000000000000000e+03,-1.288999999999757604e-05,0.000000000000000000e+00
8.846000000000000000e+03,-1.296999999999757528e-05,0.000000000000000000e+00
8.847000000000000000e+03,-1.304999999999757451e-05,0.000000000000000000e+00
8.848000000000000000e+03,-1.312999999999757375e-05,0.000000000000000000e+00
8.849000000000000000e+03,-1.320999999999757298e-05,0.000000000000000000e+00
8.850000000000000000e+03,-1.328999999999757222e-05,0.000000000000000000e+00
8.851000000000000000e+03,-1.336999999999757145e-05,0.000000000000000000e+00
8.852000000000000000e+03,-1.344999999999757068e-05,0.000000000000000000e+00
8.853000000000000000e+03,-1.352999999999756992e-05,0.000000000000000000e+00
8.854000000000000000e+03,-1.360999999999756915e-05,0.000000000000000000e+00
8.855000000000000000e+03,-1.368999999999756839e-05,0.000000000000000000e+00
8.856000000000000000e+03,-1.376999999999756762e-05,0.000000000000000000e+00
8.857000000000000000e+03,-1.384999999999756685e-05,0.000000000000000000e+00
8.858000000000000000e+03,-1.392999999999756609e-05,0.000000000000000000e+00
8.859000000000000000e+03,-1.400999999999756532e-05,0.000000000000000000e+00
8.860000000000000000e+03,-1.408999999999756456e-05,0.000000000000000000e+00
8.861000000000000000e+03,-1.416999999999756379e-05,0.000000000000000000e+00
8.862000000000000000e+03,-1.424999999999756302e-05,0.000000000000000000e+00
8.863000000000000000e+03,-1.432999999999756226e-05,0.000000000000000000e+00
8.864000000000000000e+03,-1.440999999999756149e-05,0.000000000000000000e+00
8.865000000000000000e+03,-1.448999999999756073e-05,0.000000000000000000e+00
8.866000000000000000e+03,-1.456999999999755996e-05,0.000000000000000000e+00
8.867000000000000000e+03,-1.464999999999755919e-05,0.000000000000000000e+00
8.868000000000000000e+03,-1.472999999999755843e-05,0.000000000000000000e+00
8.869000000000000000e+03,-1.480999999999755766e-05,0.000000000000000000e+00
8.870000000000000000e+03,-1.488999999999755690e-05,0.000000000000000000e+00
8.871000000000000000e+03,-1.496999999999755613e-05,0.000000000000000000e+00
8.872000000000000000e+03,-1.504999999999755536e-05,0.000000000000000000e+00
8.873000000000000000e+03,-1.512999999999755460e-05,0.000000000000000000e+00
8.874000000000000000e+03,-1.520999999999755383e-05,0.000000000000000000e+00
8.875000000000000000e+03,-1.528999999999755476e-05,0.000000000000000000e+00
8.876000000000000000e+03,-1.536999999999755399e-05,0.000000000000000000e+00
8.877000000000000000e+03,-1.544999999999755323e-05,3.048780487804877981e-02
8.878000000000000000e+03,-1.552999999999755246e-05,1.036585365853658486e-01
8.879000000000000000e+03,-1.560999999999755170e-05,1.097560975609756101e-01
8.880000000000000000e+03,-1.568999999999755093e-05,1.829268292682926789e-01
8.881000000000000000e+03,-1.576999999999755016e-05,2.804878048780488076e-01
8.882000000000000000e+03,-1.584999999999754940e-05,3.414634146341463672e-01
8.883000000000000000e+03,-1.592999999999754863e-05,3.902439024390244038e-01
8.884000000000000000e+03,-1.600999999999754787e-05,4.085365853658536328e-01
8.885000000000000000e+03,-1.608999999999754710e-05,4.634146341463414864e-01
8.886000000000000000e+03,-1.616999999999754633e-05,5.731707317073170271e-01
8.887000000000000000e+03,-1.624999999999754557e-05,5.792682926829267887e-01
8.888000000000000000e+03,-1.632999999999754480e-05,6.402439024390244038e-01
8.889000000000000000e+03,-1.640999999999754404e-05,6.707317073170732113e-01
8.890000000000000000e+03,-1.648999999999754327e-05,6.707317073170732113e-01
8.891000000000000000e+03,-1.656999999999754251e-05,6.768292682926829729e-01
8.892000000000000000e+03,-1.664999999999754174e-05,7.195121951219511924e-01
8.893000000000000000e+03,-1.672999999999754097e-05,7.256097560975609539e-01
8.894000000000000000e+03,-1.680999999999754021e-05,7.256097560975609539e-01
8.895000000000000000e+03,-1.688999999999753944e-05,7.317073170731707155e-01
8.896000000000000000e+03,-1.696999999999753868e-05,7.439024390243902385e-01
8.897000000000000000e+03,-1.704999999999753791e-05,7.500000000000000000e-01
8.898000000000000000e+03,-1.712999999999753714e-05,7.500000000000000000e-01
8.899000000000000000e+03,-1.720999999999753638e-05,7.560975609756097615e-01
8.900000000000000000e+03,-1.728999999999753561e-05,7.621951219512195230e-01
8.901000000000000000e+03,-1.736999999999753485e-05,7.987804878048780921e-01
8.902000000000000000e+03,-1.744999999999753408e-05,8.109756097560976151e-01
8.903000000000000000e+03,-9.599999999997533006e-06,0.000000000000000000e+00
8.904000000000000000e+03,-9.679999999997532240e-06,0.000000000000000000e+00
8.905000000000000000e+03,-9.759999999997531474e-06,0.000000000000000000e+00
8.906000000000000000e+03,-9.839999999997530708e-06,0.000000000000000000e+00
8.907000000000000000e+03,-9.919999999997529942e-06,0.000000000000000000e+00
8.908000000000000000e+03,-9.999999999997529176e-06,0.000000000000000000e+00
8.909000000000000000e+03,-1.007999999999752841e-05,0.000000000000000000e+00
8.910000000000000000e+03,-1.015999999999752764e-05,0.000000000000000000e+00
8.911000000000000000e+03,-1.023999999999752688e-05,0.000000000000000000e+00
8.912000000000000000e+03,-1.031999999999752611e-05,0.000000000000000000e+00
8.913000000000000000e+03,-1.039999999999752535e-05,0.000000000000000000e+00
8.914000000000000000e+03,-1.047999999999752458e-05,0.000000000000000000e+00
8.915000000000000000e+03,-1.055999999999752381e-05,0.000000000000000000e+00
8.916000000000000000e+03,-1.063999999999752305e-05,0.000000000000000000e+00
8.917000000000000000e+03,-1.071999999999752228e-05,0.000000000000000000e+00
8.918000000000000000e+03,-1.079999999999752152e-05,0.000000000000000000e+00
8.919000000000000000e+03,-1.087999999999752075e-05,0.000000000000000000e+00
8.920000000000000000e+03,-1.095999999999751998e-05,0.000000000000000000e+00
8.921000000000000000e+03,-1.103999999999751922e-05,0.000000000000000000e+00
8.922000000000000000e+03,-1.111999999999751845e-05,0.000000000000000000e+00
8.923000000000000000e+03,-1.119999999999751769e-05,0.000000000000000000e+00
8.924000000000000000e+03,-1.127999999999751692e-05,0.000000000000000000e+00
8.925000000000000000e+03,-1.135999999999751615e-05,0.000000000000000000e+00
8.926000000000000000e+03,-1.143999999999751539e-05,0.000000000000000000e+00
8.927000000000000000e+03,-1.151999999999751462e-05,0.000000000000000000e+00
8.928000000000000000e+03,-1.159999999999751386e-05,0.000000000000000000e+00
8.929000000000000000e+03,-1.167999999999751309e-05,0.000000000000000000e+00
8.930000000000000000e+03,-1.175999999999751232e-05,0.000000000000000000e+00
8.931000000000000000e+03,-1.183999999999751156e-05,0.000000000000000000e+00
8.932000000000000000e+03,-1.191999999999751079e-05,0.000000000000000000e+00
8.933000000000000000e+03,-1.199999999999751003e-05,0.000000000000000000e+00
8.934000000000000000e+03,-1.207999999999750926e-05,0.000000000000000000e+00
8.935000000000000000e+03,-1.215999999999750850e-05,0.000000000000000000e+00
8.936000000000000000e+03,-1.223999999999750773e-05,0.000000000000000000e+00
8.937000000000000000e+03,-1.231999999999750696e-05,0.000000000000000000e+00
8.938000000000000000e+03,-1.239999999999750620e-05,0.000000000000000000e+00
8.939000000000000000e+03,-1.247999999999750543e-05,0.000000000000000000e+00
8.940000000000000000e+03,-1.255999999999750467e-05,0.000000000000000000e+00
8.941000000000000000e+03,-1.263999999999750390e-05,0.000000000000000000e+00
8.942000000000000000e+03,-1.271999999999750313e-05,0.000000000000000000e+00
8.943000000000000000e+03,-1.279999999999750237e-05,0.000000000000000000e+00
8.944000000000000000e+03,-1.287999999999750160e-05,0.000000000000000000e+00
8.945000000000000000e+03,-1.295999999999750084e-05,0.000000000000000000e+00
8.946000000000000000e+03,-1.303999999999750007e-05,0.000000000000000000e+00
8.947000000000000000e+03,-1.311999999999749930e-05,0.000000000000000000e+00
8.948000000000000000e+03,-1.319999999999749854e-05,0.000000000000000000e+00
8.949000000000000000e+03,-1.327999999999749777e-05,0.000000000000000000e+00
8.950000000000000000e+03,-1.335999999999749701e-05,0.000000000000000000e+00
8.951000000000000000e+03,-1.343999999999749624e-05,0.000000000000000000e+00
8.952000000000000000e+03,-1.351999999999749547e-05,0.000000000000000000e+00
8.953000000000000000e+03,-1.359999999999749471e-05,0.000000000000000000e+00
8.954000000000000000e+03,-1.367999999999749394e-05,0.000000000000000000e+00
8.955000000000000000e+03,-1.375999999999749318e-05,0.000000000000000000e+00
8.956000000000000000e+03,-1.383999999999749241e-05,0.000000000000000000e+00
8.957000000000000000e+03,-1.391999999999749164e-05,0.000000000000000000e+00
8.958000000000000000e+03,-1.399999999999749088e-05,0.000000000000000000e+00
8.959000000000000000e+03,-1.407999999999749011e-05,0.000000000000000000e+00
8.960000000000000000e+03,-1.415999999999748935e-05,0.000000000000000000e+00
8.961000000000000000e+03,-1.423999999999748858e-05,0.000000000000000000e+00
8.962000000000000000e+03,-1.431999999999748781e-05,0.000000000000000000e+00
8.963000000000000000e+03,-1.439999999999748705e-05,0.000000000000000000e+00
8.964000000000000000e+03,-1.447999999999748628e-05,0.000000000000000000e+00
8.965000000000000000e+03,-1.455999999999748552e-05,0.000000000000000000e+00
8.966000000000000000e+03,-1.463999999999748475e-05,0.000000000000000000e+00
8.967000000000000000e+03,-1.471999999999748398e-05,0.000000000000000000e+00
8.968000000000000000e+03,-1.479999999999748322e-05,0.000000000000000000e+00
8.969000000000000000e+03,-1.487999999999748245e-05,0.000000000000000000e+00
8.970000000000000000e+03,-1.495999999999748169e-05,0.000000000000000000e+00
8.971000000000000000e+03,-1.503999999999748092e-05,0.000000000000000000e+00
8.972000000000000000e+03,-1.511999999999748016e-05,0.000000000000000000e+00
8.973000000000000000e+03,-1.519999999999747939e-05,0.000000000000000000e+00
8.974000000000000000e+03,-1.527999999999747862e-05,0.000000000000000000e+00
8.975000000000000000e+03,-1.535999999999747786e-05,0.000000000000000000e+00
8.976000000000000000e+03,-1.543999999999747709e-05,0.000000000000000000e+00
8.977000000000000000e+03,-1.551999999999747633e-05,0.000000000000000000e+00
8.978000000000000000e+03,-1.559999999999747556e-05,0.000000000000000000e+00
8.979000000000000000e+03,-1.567999999999747479e-05,0.000000000000000000e+00
8.980000000000000000e+03,-1.575999999999747403e-05,0.000000000000000000e+00
8.981000000000000000e+03,-1.583999999999747326e-05,0.000000000000000000e+00
8.982000000000000000e+03,-1.591999999999747250e-05,0.000000000000000000e+00
8.983000000000000000e+03,-1.599999999999747173e-05,6.097560975609756309e-03
8.984000000000000000e+03,-1.607999999999747096e-05,1.219512195121951262e-02
8.985000000000000000e+03,-1.615999999999747020e-05,4.939024390243902385e-01
8.986000000000000000e+03,-1.623999999999746943e-05,5.121951219512195230e-01
8.987000000000000000e+03,-1.631999999999746867e-05,5.731707317073170271e-01
8.988000000000000000e+03,-1.639999999999746790e-05,5.792682926829267887e-01
8.989000000000000000e+03,-1.647999999999746713e-05,5.914634146341463117e-01
8.990000000000000000e+03,-1.655999999999746637e-05,6.036585365853658347e-01
8.991000000000000000e+03,-1.663999999999746560e-05,6.097560975609755962e-01
8.992000000000000000e+03,-1.671999999999746484e-05,6.524390243902439268e-01
8.993000000000000000e+03,-1.679999999999746407e-05,6.707317073170732113e-01
8.994000000000000000e+03,-1.687999999999746330e-05,7.012195121951219079e-01
8.995000000000000000e+03,-1.695999999999746254e-05,7.317073170731707155e-01
8.996000000000000000e+03,-1.703999999999746177e-05,7.317073170731707155e-01
8.997000000000000000e+03,-1.711999999999746101e-05,7.317073170731707155e-01
8.998000000000000000e+03,-1.719999999999746024e-05,7.317073170731707155e-01
8.999000000000000000e+03,-1.727999999999745947e-05,7.378048780487804770e-01
