case,method,q_B,kappa_B,a_B,sample_id,L_core,phi,N_star,s,r_pred,r_meas
Typhoon,lambda_ci,0.9,0.055,0.2,0,12.890824648300688,0.10005038520276428,1,0.9788187513203006,4.034049506331423,4.082167267324031
Typhoon,lambda_ci,0.9,0.055,0.2,1,11.49934380636731,0.09120340677071107,1,0.9880182713216901,3.451922822058299,3.6378762918385266
Typhoon,lambda_ci,0.9,0.055,0.2,2,12.269948836634612,0.0903993988755018,1,1.0046207938150442,3.697656844146661,3.8740331438728974
Typhoon,lambda_ci,0.9,0.055,0.2,3,12.266708177188665,0.1053734546802825,1,0.8210703943562456,3.608143813966125,3.8771725479028705
Typhoon,lambda_ci,0.9,0.055,0.2,4,11.625755710014404,0.08440436482936202,1,1.1026901960934767,3.546748572648239,3.7643432064728897
Typhoon,lambda_ci,0.9,0.055,0.2,5,14.221989693880824,0.09164934607887316,1,0.9339055711115847,4.160797003155456,3.9705329462485506
Typhoon,lambda_ci,0.9,0.055,0.2,6,13.727531065909274,0.12182993098479193,1,0.9376199715185903,4.639624776366658,4.477531859433151
Typhoon,lambda_ci,0.9,0.055,0.2,7,11.938589547105115,0.1005178262338483,1,0.8154570765555225,3.4180240820330505,3.5381565524920124
Typhoon,lambda_ci,0.9,0.055,0.2,8,10.830812447321822,0.1125135482147977,1,1.0707772821413042,3.7593522429205035,3.9217212767900893
Typhoon,lambda_ci,0.9,0.055,0.2,9,13.201790759791045,0.11689075365642679,1,1.0227971262372701,4.564757113870024,4.148671857280202
Typhoon,lambda_ci,0.9,0.055,0.2,10,15.102685689346458,0.0830341860724334,1,1.0538835913418292,4.4676482433345885,4.3363221480727105
Typhoon,lambda_ci,0.9,0.055,0.2,11,12.610124241018097,0.08470488680104475,1,0.8006960757805307,3.284032517264316,3.606468277376278
Typhoon,lambda_ci,0.9,0.055,0.2,12,10.933482385695083,0.11640893096063339,1,1.0305971503404328,3.78700718165777,3.8244582276815935
Typhoon,lambda_ci,0.9,0.055,0.2,13,10.704395929386193,0.1051563961124509,1,0.8461564598386176,3.1930472723693035,3.1581161362226133
Typhoon,lambda_ci,0.9,0.055,0.2,14,11.831726917799926,0.10189751391612631,1,1.1312470600222353,4.0170631887160155,4.039372511823478
Typhoon,lambda_ci,0.9,0.055,0.2,15,13.761484241130976,0.12517764409835355,1,1.0411805952174935,4.968115646662157,4.759237512588034
Typhoon,lambda_ci,0.9,0.055,0.2,16,15.031062791417114,0.10349692619546899,1,1.0726366102220228,5.008177615640313,4.538052596219732
Typhoon,lambda_ci,0.9,0.055,0.2,17,13.765119234944551,0.09677970314721755,1,0.9776612980727815,4.234150905028668,4.052671330034693
Typhoon,lambda_ci,0.9,0.055,0.2,18,11.713000579639106,0.08076177261917804,1,1.137436090381837,3.5500509670112996,3.6922451127792946
Typhoon,lambda_ci,0.9,0.055,0.2,19,13.395388848327926,0.09211065322384787,1,1.1242755983525794,4.310688575558102,3.819811498735556
Typhoon,lambda_ci,0.9,0.055,0.2,20,14.522396457180582,0.11694376644850134,1,1.1011416649733674,5.211328200899578,4.625947918796273
Typhoon,lambda_ci,0.9,0.055,0.2,21,13.010974435078028,0.09213936066483305,1,0.9972893070093058,3.944055358395719,3.854248074002382
Typhoon,lambda_ci,0.9,0.055,0.2,22,12.695535992441407,0.08759328471391253,1,1.057768927295142,3.864398010985012,4.101011521440157
Typhoon,lambda_ci,0.9,0.055,0.2,23,13.03328577744221,0.09224634886261363,1,0.9927003246631116,3.944006234813003,3.91660749572686
Typhoon,lambda_ci,0.9,0.055,0.2,24,13.507426300097878,0.1085514928334635,1,1.1486392833309604,4.769604180028771,4.625500194931828
Typhoon,lambda_ci,0.9,0.055,0.2,25,11.477516238266904,0.11072627507423337,1,0.8538703328894766,3.5291427318391495,3.7605107930669726
Typhoon,lambda_ci,0.9,0.055,0.2,26,14.350157439786608,0.09582881593808756,1,1.1122269243226497,4.684911906011424,4.558162137342702
Typhoon,lambda_ci,0.9,0.055,0.2,27,14.110105132112134,0.07673583359395587,1,1.0503026585380493,4.005775349225623,3.7577311018355517
Typhoon,lambda_ci,0.9,0.055,0.2,28,12.550197516708756,0.09291853604268882,1,1.0244683843912068,3.87213972612527,4.171224760642159
Typhoon,lambda_ci,0.9,0.055,0.2,29,11.642567657248676,0.10930148630925533,1,0.921827791471698,3.6956148435480136,3.7702815469306747
Typhoon,lambda_ci,0.9,0.055,0.2,30,11.982316751175315,0.09491519596432912,1,0.9583527962391237,3.6138604441740068,3.6508101148681584
Typhoon,lambda_ci,0.9,0.055,0.2,31,12.01199318145509,0.09321078144149046,1,1.0743655744533145,3.801230396474375,4.026963894666811
Typhoon,lambda_ci,0.9,0.055,0.2,32,12.6876767133998,0.09188297792098477,1,1.0907695445164178,4.016669855395851,3.756673870229568
Typhoon,lambda_ci,0.9,0.055,0.2,33,11.84389654166841,0.13814410786162826,1,1.0134920765453739,4.431706260083964,4.310406882419747
Typhoon,lambda_ci,0.9,0.055,0.2,34,12.124243625463269,0.09459611483708222,1,1.0387620998181082,3.800575393765076,3.851139549418859
Typhoon,lambda_ci,0.9,0.055,0.2,35,13.303432542132589,0.12184117489598317,1,0.9034463049785013,4.413792616843247,3.8794775777292188
Typhoon,lambda_ci,0.9,0.055,0.2,36,12.862581768736927,0.11268015430024206,1,0.9041370869826589,4.105527893739199,3.9241273450393
Typhoon,lambda_ci,0.9,0.055,0.2,37,12.739670509383089,0.10696463549662592,1,1.1588227059532155,4.485251516404446,4.249075254520365
Typhoon,lambda_ci,0.9,0.055,0.2,38,12.006118304421008,0.10929119821862646,1,1.0283407680228756,4.024980112899166,3.9414965988488384
Typhoon,lambda_ci,0.9,0.055,0.2,39,12.856715831161852,0.10176847414297645,1,1.0022255109210918,4.106004329877622,4.16816680278793
Typhoon,lambda_ci,0.9,0.055,0.2,40,12.172185237759503,0.08670076014810586,1,1.0873873497684905,3.7374220508284006,3.749945736189982
Typhoon,lambda_ci,0.9,0.055,0.2,41,10.78798939041183,0.1072641136273782,1,1.04615279336562,3.613809825462849,4.044305862592521
Typhoon,lambda_ci,0.9,0.055,0.2,42,12.887190107148225,0.13216919108052405,1,1.0531791492947682,4.808110912405682,4.508580471829465
Typhoon,lambda_ci,0.9,0.055,0.2,43,12.50476399159391,0.08397538656788618,1,1.0355433700397907,3.687530758970764,3.8937671114258947
Typhoon,lambda_ci,0.9,0.055,0.2,44,12.262801433423997,0.09491167959577032,1,0.9792547775397644,3.7384999135793486,3.72383376930851
Typhoon,lambda_ci,0.9,0.055,0.2,45,12.575685318477976,0.10589445052393158,1,1.0943846917459439,4.281079243972571,3.9281821325035877
Typhoon,lambda_ci,0.9,0.055,0.2,46,12.495110430164967,0.10661273155077326,1,1.0285983535309327,4.137781432404112,4.0069834275588345
Typhoon,lambda_ci,0.9,0.055,0.2,47,13.278223957893362,0.10869024938369132,1,1.0484945711643856,4.482480150779942,4.314895174797002
Typhoon,lambda_ci,0.9,0.055,0.2,48,11.650133864202665,0.10778616708837424,1,0.9431196434660475,3.7144611906052822,3.793946400307768
Typhoon,lambda_ci,0.9,0.055,0.2,49,13.871801952437703,0.10847587974187338,1,1.004379590309726,4.578765583006719,4.123743985709978
Typhoon,lambda_ci,0.9,0.055,0.2,50,12.603061787034937,0.09900892578165131,1,1.000769340455607,3.967164742849496,4.01873953259238
Typhoon,lambda_ci,0.9,0.055,0.2,51,13.981789304687886,0.09381141103730956,1,0.934789988609079,4.140450660719545,4.366586379861962
Typhoon,lambda_ci,0.9,0.055,0.2,52,14.117990986652577,0.12711933343980328,1,1.0056026547088945,5.047681098904477,4.800683170716779
Typhoon,lambda_ci,0.9,0.055,0.2,53,13.132172435711999,0.08801848127612502,1,0.9980243693084704,3.8921904703717285,3.895163674116433
Typhoon,lambda_ci,0.9,0.055,0.2,54,13.150408115961966,0.10662888408332208,1,1.1057571629291145,4.515507249753748,3.9208257619629467
Typhoon,lambda_ci,0.9,0.055,0.2,55,12.014026993337703,0.11398147772163636,1,1.07042412277962,4.196465806782639,3.8917316280010295
Typhoon,lambda_ci,0.9,0.055,0.2,56,13.859916506798719,0.10717702252043079,1,1.124074112165946,4.810707268889368,4.602597912435005
Typhoon,lambda_ci,0.9,0.055,0.2,57,13.768898587272949,0.08896511871732786,1,0.9696357627361524,4.044020933885957,4.02252763544144
Typhoon,lambda_ci,0.9,0.055,0.2,58,13.031238251850008,0.09489238139932882,1,1.1016348149090882,4.213278665293271,4.194000669738878
Typhoon,lambda_ci,0.9,0.055,0.2,59,14.206131082533062,0.10127123759906419,1,0.8618232596117709,4.19689382012632,3.8843921182233547
Typhoon,lambda_ci,0.9,0.055,0.2,60,12.6295997786504,0.10391512196146728,1,0.8741002176585335,3.806357524337751,4.01522964463694
Typhoon,lambda_ci,0.9,0.055,0.2,61,12.934791097443346,0.11026199362349247,1,0.8771066661993037,4.022523085671509,3.678682631347159
Typhoon,lambda_ci,0.9,0.055,0.2,62,14.188052014712266,0.08830606747114718,1,1.0636928023032781,4.348366633697412,4.126184590497775
Typhoon,lambda_ci,0.9,0.055,0.2,63,11.242288397626014,0.11565950933425925,1,0.9976529097587286,3.8188722597208637,3.5360770224437266
Typhoon,lambda_ci,0.9,0.055,0.2,64,12.787501799027238,0.08783500686802977,1,0.967622295048557,3.7279704464749317,3.882439610301139
Typhoon,lambda_ci,0.9,0.055,0.2,65,14.473459031871666,0.09944861899948486,1,1.064537157703773,4.709254126802109,4.498164503661918
Typhoon,lambda_ci,0.9,0.055,0.2,66,13.00060382751029,0.09286960200721833,1,1.0734107589456032,4.104717644743018,3.896363685271364
Typhoon,lambda_ci,0.9,0.055,0.2,67,11.724225743939792,0.10125241932009058,1,0.8752782701376174,3.4902774375502115,3.633273322039131
Typhoon,lambda_ci,0.9,0.055,0.2,68,13.428970122541593,0.09640650516785063,1,1.082453920260855,4.33811026065867,4.205425599840138
Typhoon,lambda_ci,0.9,0.055,0.2,69,13.371316870718887,0.09868246429776953,1,0.964851244393609,4.1259537409662945,4.261415634354537
Typhoon,lambda_ci,0.9,0.055,0.2,70,14.368384945163381,0.07539964934252517,1,1.0633494162155095,4.0684653002100335,4.333792773053137
Typhoon,lambda_ci,0.9,0.055,0.2,71,11.996021399067216,0.0861947906441928,1,0.9842845320370045,3.49412205522531,3.572806687254713
Typhoon,lambda_ci,0.9,0.055,0.2,72,12.60006821937911,0.12025367013892482,1,0.8962640991317662,4.136567035757975,4.450935405697331
Typhoon,lambda_ci,0.9,0.055,0.2,73,13.329831272956934,0.11133953355821155,1,1.0360345046434498,4.5272706757683245,4.579753995617136
Typhoon,lambda_ci,0.9,0.055,0.2,74,12.188668451218215,0.11085603820438916,1,1.2,4.445560895717775,4.243854744060025
Typhoon,lambda_ci,0.9,0.055,0.2,75,10.55265703934858,0.08730801155685924,1,0.8077233890298827,2.8023359735224687,3.0371600004725323
Typhoon,lambda_ci,0.9,0.055,0.2,76,12.657650018915554,0.10867759078622205,1,1.064084146185958,4.304384618623936,4.141618080016394
Typhoon,lambda_ci,0.9,0.055,0.2,77,11.466447503406817,0.10734966207614807,1,1.057600359219312,3.8635810094852663,3.5925376669612725
Typhoon,lambda_ci,0.9,0.055,0.2,78,13.690772649138903,0.10326592042438477,1,0.9550376413257733,4.299487723295296,4.207429580427551
Typhoon,lambda_ci,0.9,0.055,0.2,79,12.894195495344558,0.10258462655526525,1,1.0660806015747621,4.26412975823001,4.019497026578306
Typhoon,lambda_ci,0.9,0.055,0.2,80,13.687102267083873,0.10600109279104561,1,0.9557493378898091,4.356509710564,4.378294724958251
Typhoon,lambda_ci,0.9,0.055,0.2,81,12.861380182982488,0.10097321799610662,1,0.9519315384620968,3.987434229709037,4.16476592992071
Typhoon,lambda_ci,0.9,0.055,0.2,82,12.69263571954285,0.0924618947794022,1,0.9786848437746803,3.818164556149453,3.984297762800471
Typhoon,lambda_ci,0.9,0.055,0.2,83,13.811543933066101,0.10467107210045917,1,1.0518668387697891,4.582853214294038,4.138229173244059
Typhoon,lambda_ci,0.9,0.055,0.2,84,12.23242026356421,0.09860226039600288,1,1.055003625830408,3.945325187733737,4.197656832031166
Typhoon,lambda_ci,0.9,0.055,0.2,85,11.874469687162199,0.12288196932637083,1,1.0863495892166537,4.33853501459784,3.7590650172538096
Typhoon,lambda_ci,0.9,0.055,0.2,86,14.542409872577956,0.12458972730309302,1,1.1176213457926703,5.426562914506837,5.495073048331871
Typhoon,lambda_ci,0.9,0.055,0.2,87,13.833715195796524,0.07351018975795613,1,0.9009071470572634,3.5600214799540986,3.6715256823807954
Typhoon,lambda_ci,0.9,0.055,0.2,88,12.665895242287505,0.10489102487270269,1,1.0193253495354477,4.14153626469406,3.9369447182304755
Typhoon,lambda_ci,0.9,0.055,0.2,89,16.045102926429493,0.10874898521674294,1,0.980531556328343,5.239452427103583,5.037065698067025
Typhoon,lambda_ci,0.9,0.055,0.2,90,12.361405966271978,0.10036083947610781,1,0.9302235426266239,3.7769712195954233,3.9253081338529174
Typhoon,lambda_ci,0.9,0.055,0.2,91,11.534753797699208,0.09227733984900924,1,1.0866517353135998,3.65259105559164,3.5699798487611663
Typhoon,lambda_ci,0.9,0.055,0.2,92,14.307838693579779,0.106644178494827,1,1.0398639757726926,4.764648623053765,4.520313383714116
Typhoon,lambda_ci,0.9,0.055,0.2,93,11.198387618696179,0.10312949358795333,1,0.9432725016989507,3.4927341106972714,3.8339749011196065
Typhoon,lambda_ci,0.9,0.055,0.2,94,12.717711356717254,0.10114472535373661,1,0.949721736743996,3.9416564833201315,4.240802734597665
Typhoon,lambda_ci,0.9,0.055,0.2,95,12.25223600346217,0.10470251143732161,1,1.132956136719386,4.219883400834885,4.322009803618203
Typhoon,lambda_ci,0.9,0.055,0.2,96,12.41899961906374,0.10475733076958783,1,1.0126538618235543,4.044914419149136,3.9094440308429497
Typhoon,lambda_ci,0.9,0.055,0.2,97,12.698001175157781,0.10712263029003026,1,1.0418678963341403,4.242113702734866,4.4014161767915905
Typhoon,lambda_ci,0.9,0.055,0.2,98,13.935406818298127,0.08747665477395412,1,1.1094129613466972,4.341225573645497,4.144449107907778
Typhoon,lambda_ci,0.9,0.055,0.2,99,12.807901128427252,0.10006393794572475,1,0.9309363838102468,3.909099848374303,3.993839499195394
Typhoon,lambda_ci,0.9,0.055,0.2,100,12.606597495120248,0.08846972882533577,1,0.9811408514485145,3.7141626145741373,3.7526404866386924
Typhoon,lambda_ci,0.9,0.055,0.2,101,12.938139660434548,0.0916258018990577,1,0.9793108884219041,3.8756185034523405,3.6674618361257454
Typhoon,lambda_ci,0.9,0.055,0.2,102,12.698327405186564,0.09497820590673245,1,1.0232258846867954,3.9586240635076786,4.199452517611064
Typhoon,lambda_ci,0.9,0.055,0.2,103,12.517356465032679,0.09414928259055587,1,1.1101605258779013,4.0468212156826855,3.9738924542426144
Typhoon,lambda_ci,0.9,0.055,0.2,104,11.192632324938486,0.08599981813375872,1,0.9734335097692526,3.238427286758019,3.3369999259974104
Typhoon,lambda_ci,0.9,0.055,0.2,105,12.871382369111567,0.09062574480813611,1,0.9791922864299851,3.834290188927314,3.8376109167523516
Typhoon,lambda_ci,0.9,0.055,0.2,106,13.64398068109886,0.12575367297312223,1,1.1252470851937202,5.132457755503268,5.180411329404014
Typhoon,lambda_ci,0.9,0.055,0.2,107,13.57916475771289,0.11110403018674513,1,0.8689659698772862,4.219289731383489,4.203854336696616
Typhoon,lambda_ci,0.9,0.055,0.2,108,12.383729887568677,0.09941316539470718,1,0.9645258572350567,3.834690867890149,3.8964578523039157
Typhoon,lambda_ci,0.9,0.055,0.2,109,13.754234884435244,0.11515081228859947,1,1.0003057335255185,4.6680588077504535,4.324518931721096
Typhoon,lambda_ci,0.9,0.055,0.2,110,11.273985385501994,0.12821136089012325,1,0.896011782376001,3.8211807638082713,4.061407959197087
Typhoon,lambda_ci,0.9,0.055,0.2,111,13.086989955510404,0.09826764804711896,1,0.9568242984806086,4.012925967916577,3.881418508572249
Typhoon,lambda_ci,0.9,0.055,0.2,112,11.776746919261099,0.0780242449674168,1,1.0264786528684524,3.3328448013712535,3.5584811094743074
Typhoon,lambda_ci,0.9,0.055,0.2,113,12.181993898347105,0.08627509637197568,1,1.0487639128759045,3.6643755084371734,3.9468601306341
Typhoon,lambda_ci,0.9,0.055,0.2,114,12.949898139399721,0.10458253171110123,1,0.8938130419071764,3.9593078547133573,3.932928667669925
Typhoon,lambda_ci,0.9,0.055,0.2,115,13.736582611057297,0.14541878079326068,1,1.1235354080574989,5.55242030493116,5.186630272889773
Typhoon,lambda_ci,0.9,0.055,0.2,116,13.37271404230528,0.09614831242909772,1,0.9719978189728011,4.088114359673317,3.879363588812567
Typhoon,lambda_ci,0.9,0.055,0.2,117,13.084181406597224,0.08868342982870164,1,1.0230766008358652,3.9411400982230447,3.9737291962136045
Typhoon,lambda_ci,0.9,0.055,0.2,118,11.583632437545555,0.11572859996492334,1,1.0010759451165896,3.9427444667914897,4.065502346797967
Typhoon,lambda_ci,0.9,0.055,0.2,119,13.539722761446006,0.09176287981231254,1,0.9922663146572956,4.085614755088914,3.991132155728704
Typhoon,lambda_ci,0.9,0.055,0.2,120,12.251384035253647,0.10302763054473327,1,0.8560904751372136,3.6384954998394985,3.6959044859999586
Typhoon,lambda_ci,0.9,0.055,0.2,121,12.989196427638435,0.10226010349757673,1,1.1289402143177207,4.413375401779963,4.4574530958457315
Typhoon,lambda_ci,0.9,0.055,0.2,122,11.180753706237416,0.0986990935249237,1,1.1565772471207203,3.7775914342798766,3.9046356654984113
Typhoon,lambda_ci,0.9,0.055,0.2,123,13.103421989731105,0.09934618106750882,1,0.9418403957930063,4.008196208273976,4.0566691491421185
Typhoon,lambda_ci,0.9,0.055,0.2,124,14.857694646198718,0.09008978534383703,1,0.9965933498892304,4.451928666841914,4.05604769786227
Typhoon,lambda_ci,0.9,0.055,0.2,125,13.329707331559131,0.0914224009146984,1,0.8660179456344208,3.7506830957228128,3.7883773309376387
Typhoon,lambda_ci,0.9,0.055,0.2,126,13.192443365898843,0.0835982292127859,1,0.9742869472618545,3.765019412026245,3.910634453052023
Typhoon,lambda_ci,0.9,0.055,0.2,127,12.40753616286293,0.08192154774024571,1,0.9768638743248859,3.509955808878075,3.9772300180035605
Typhoon,lambda_ci,0.9,0.055,0.2,128,13.448240079812107,0.15355057740678907,1,0.9968007432463171,5.261327755435662,4.8768365658835435
Typhoon,lambda_ci,0.9,0.055,0.2,129,13.773831900766885,0.10820325926190448,1,1.0513035857807473,4.645570151409129,4.5572888232324
Typhoon,lambda_ci,0.9,0.055,0.2,130,12.728534431849962,0.0932017106241683,1,0.9826459080141781,3.852022972015136,4.003489785463779
Typhoon,lambda_ci,0.9,0.055,0.2,131,11.834179241773343,0.09147232179577293,1,0.9817184249673909,3.546308109592315,3.4761181552559473
Typhoon,lambda_ci,0.9,0.055,0.2,132,11.982678121340667,0.11720618191766448,1,1.0154701974845217,4.13392643425964,3.9191988989796527
Typhoon,lambda_ci,0.9,0.055,0.2,133,12.67538423064365,0.09170043848930332,1,1.1223971593332795,4.066493838976571,4.184086937432478
Typhoon,lambda_ci,0.9,0.055,0.2,134,14.102652335096012,0.10532630719139024,1,0.9508192175248581,4.462910771960758,4.455193768124318
Typhoon,lambda_ci,0.9,0.055,0.2,135,13.919439873137673,0.10058317004246775,1,1.020544899103083,4.459646930227599,4.355023283545062
Typhoon,lambda_ci,0.9,0.055,0.2,136,12.909930181218515,0.10641844249841724,1,1.048688799353678,4.312763641302742,4.190789766000114
Typhoon,lambda_ci,0.9,0.055,0.2,137,11.458898599444138,0.09396688419510296,1,1.084889070947941,3.658667619075235,3.6131656949701
Typhoon,lambda_ci,0.9,0.055,0.2,138,12.461789164127865,0.11952458446264344,1,0.9790898099943427,4.263048620945324,4.02364973744576
Typhoon,lambda_ci,0.9,0.055,0.2,139,11.979547837491088,0.1086621511800815,1,0.9529777132672593,3.8549695099936567,3.715247916099496
Typhoon,lambda_ci,0.9,0.055,0.2,140,10.37276828292065,0.09634768825985678,1,1.0759935891550962,3.339797748390071,3.819090338731641
Typhoon,lambda_ci,0.9,0.055,0.2,141,13.827313066460674,0.11062577359023945,1,1.012538125269052,4.627768744836408,4.613799181237545
Typhoon,lambda_ci,0.9,0.055,0.2,142,12.847771771295454,0.09921758565299471,1,1.0368718962211823,4.120829939644757,3.9810094230054935
Typhoon,lambda_ci,0.9,0.055,0.2,143,14.489446029199694,0.124354311618585,1,0.97137986217967,5.035896008309461,5.096390734295196
Typhoon,lambda_ci,0.9,0.055,0.2,144,12.981502266538909,0.09316458286791854,1,1.1309337560858999,4.213751876650654,4.249377590298468
Typhoon,lambda_ci,0.9,0.055,0.2,145,12.337815518646055,0.09431537007450652,1,1.1069386795201763,3.986495611418243,4.055516038008426
Typhoon,lambda_ci,0.9,0.055,0.2,146,10.312502347293107,0.10718426710593239,1,1.0281643286355777,3.423425237096485,3.4634899149503227
Typhoon,lambda_ci,0.9,0.055,0.2,147,13.002644229077431,0.09108236242626759,1,1.030265792002004,3.983120664568182,3.838689774392832
Typhoon,lambda_ci,0.9,0.055,0.2,148,12.885682861036518,0.11039990843058552,1,0.9615173882352166,4.1982700063646465,4.1271604801673
Typhoon,lambda_ci,0.9,0.055,0.2,149,13.301698803875373,0.09418861731368547,1,1.0124460550055412,4.10763898181717,4.090413292194072
Typhoon,lambda_ci,0.9,0.055,0.2,150,12.251788477614628,0.09869621299357155,1,0.8644150988016389,3.578581453595639,3.7173426906928335
Typhoon,lambda_ci,0.9,0.055,0.2,151,12.163783948698036,0.09521660490439614,1,0.8662185500623432,3.4933233243985,3.648212374645113
Typhoon,lambda_ci,0.9,0.055,0.2,152,12.941636817524103,0.09493791609702044,1,0.958571525085972,3.9041034526509804,3.92559377200934
Typhoon,lambda_ci,0.9,0.055,0.2,153,13.07922924570296,0.11734023247741387,1,0.9278349352096591,4.315598012755022,3.917268465739281
Typhoon,lambda_ci,0.9,0.055,0.2,154,12.557094063523435,0.11647245903814624,1,1.1103832666994142,4.515826253044537,4.595010502123189
Typhoon,lambda_ci,0.9,0.055,0.2,155,13.19758413110895,0.11422241871883801,1,0.936481398904126,4.316380214258755,4.22454902308771
Typhoon,lambda_ci,0.9,0.055,0.2,156,12.393801253166647,0.09832272458216712,1,1.0150300038304074,3.915352969257409,3.8146279165610366
Typhoon,lambda_ci,0.9,0.055,0.2,157,12.340888911909051,0.10627610881301651,1,0.9978721421504889,4.018849239121583,3.7899967383842927
Typhoon,lambda_ci,0.9,0.055,0.2,158,12.80581219557993,0.10975344295217193,1,0.8689446112091193,3.954688235491795,4.20932223075557
Typhoon,lambda_ci,0.9,0.055,0.2,159,12.216325979918706,0.10667579928983192,1,1.0895106747008343,4.164753583387227,4.14987314296143
Typhoon,lambda_ci,0.9,0.055,0.2,160,12.81679859586208,0.10234394409374215,1,0.8141722929151526,3.6997194613672106,3.6621870201480613
Typhoon,lambda_ci,0.9,0.055,0.2,161,12.361300744519964,0.09952629022480904,1,1.011329834084651,3.921746254337714,3.7671495227842735
Typhoon,lambda_ci,0.9,0.055,0.2,162,12.517852398071845,0.08195464412486927,1,1.0135167649291328,3.6077138127615145,3.52100261151976
Typhoon,lambda_ci,0.9,0.055,0.2,163,11.682825777759472,0.0821284217627011,1,1.0307971886455691,3.399235483397355,3.4632039527675977
Typhoon,lambda_ci,0.9,0.055,0.2,164,12.216585000512875,0.11458326099056104,1,1.0571819500962565,4.251921910531475,4.0981734005406585
Typhoon,lambda_ci,0.9,0.055,0.2,165,10.825205123372136,0.08168963640446307,1,0.9169516820669256,2.962735229757941,3.2502775882080286
Typhoon,lambda_ci,0.9,0.055,0.2,166,13.408243943433945,0.12103193870069771,1,0.9996394998892941,4.66383956040799,4.171273359458781
Typhoon,lambda_ci,0.9,0.055,0.2,167,11.188753280201464,0.13403691058037673,1,1.0896016208648074,4.275902289258151,3.975373619318721
Typhoon,lambda_ci,0.9,0.055,0.2,168,12.904615238706336,0.10967166710447315,1,1.1741184994262943,4.630717082832257,4.58676855767356
Typhoon,lambda_ci,0.9,0.055,0.2,169,12.560904041202807,0.09837096080490448,1,0.9544163742250523,3.8487818446139364,4.06245810847259
Typhoon,lambda_ci,0.9,0.055,0.2,170,12.045274155597832,0.10298014362156735,1,0.9172903005931713,3.70208884000986,4.050103468492472
Typhoon,lambda_ci,0.9,0.055,0.2,171,12.179197657953837,0.08708289723246058,1,1.042976485482344,3.67047585932698,3.8569010584469106
Typhoon,lambda_ci,0.9,0.055,0.2,172,12.650979073238501,0.12981820184093712,1,1.0336641735707233,4.634273533241412,4.416543531561205
Typhoon,lambda_ci,0.9,0.055,0.2,173,12.580762634112986,0.0986943910632404,1,1.0167537951177446,3.9853007911343785,3.931615470929874
Typhoon,lambda_ci,0.9,0.055,0.2,174,13.18325724159447,0.11976319038579746,1,0.9039777526324306,4.337737590195577,4.408442494223465
Typhoon,lambda_ci,0.9,0.055,0.2,175,11.281963483293325,0.09939205900149678,1,0.9544723184661301,3.4748991291537212,3.945644459063068
Typhoon,lambda_ci,0.9,0.055,0.2,176,13.154450750904443,0.10825983390883397,1,0.9988978745135495,4.3258050377821355,4.0898750680878635
Typhoon,lambda_ci,0.9,0.055,0.2,177,12.280281978219875,0.11288657615734966,1,1.0393500270139295,4.2063984189846915,3.9452884657407106
Typhoon,lambda_ci,0.9,0.055,0.2,178,11.805908306233333,0.10733453394452402,1,1.041941625483598,3.94812448401998,3.9547964192974283
Typhoon,lambda_ci,0.9,0.055,0.2,179,11.696974916821805,0.07961844088935904,1,1.0363299174201557,3.359923667229986,3.6900089158477076
Typhoon,lambda_ci,0.9,0.055,0.2,180,11.407370239976157,0.10473964508876388,1,1.027634316506496,3.742487733617816,4.004402019085791
Typhoon,lambda_ci,0.9,0.055,0.2,181,12.922735021390025,0.09027252501357301,1,0.942412248529403,3.769230488901036,3.839721694600645
Typhoon,lambda_ci,0.9,0.055,0.2,182,11.648736867269028,0.09091210738962716,1,0.925082262202014,3.3781573497195123,3.736807083907611
Typhoon,lambda_ci,0.9,0.055,0.2,183,11.856928805729005,0.09024556505145834,1,0.9128144467852717,3.4031132260083776,3.541275004587396
Typhoon,lambda_ci,0.9,0.055,0.2,184,12.161362518692057,0.10777690630713081,1,0.9481280842431136,3.8875733528099996,3.731177769606413
Typhoon,lambda_ci,0.9,0.055,0.2,185,14.988268913319782,0.08421519251328602,1,1.0392314306987271,4.434072970088325,4.493098194028124
Typhoon,lambda_ci,0.9,0.055,0.2,186,12.157285854738081,0.11062635334425575,1,1.1027046756495853,4.246151982057186,4.094350146384966
Typhoon,lambda_ci,0.9,0.055,0.2,187,14.463870340714633,0.09088349689057942,1,0.9392722967611099,4.225934788524842,4.066111152405647
Typhoon,lambda_ci,0.9,0.055,0.2,188,13.94979723896535,0.10988387234875092,1,0.8951953823453145,4.37515848730249,4.252868156613678
Typhoon,lambda_ci,0.9,0.055,0.2,189,14.384878597387315,0.09831795111303723,1,0.9707015442828908,4.443912211979988,4.14272196996968
Typhoon,lambda_ci,0.9,0.055,0.2,190,13.987055962844954,0.09124369499209234,1,1.069408087935488,4.369175369590791,4.122814350946037
Typhoon,lambda_ci,0.9,0.055,0.2,191,13.936301199008918,0.10610599849238268,1,0.9998447741191232,4.539246660872712,4.170221024997334
Typhoon,lambda_ci,0.9,0.055,0.2,192,12.912363049522476,0.10025435114047376,1,1.0843410109566438,4.2573591175071055,3.901388762623054
Typhoon,lambda_ci,0.9,0.055,0.2,193,12.95398790859576,0.09725743392454883,1,0.9074750104085291,3.848417917624845,3.855846226570819
Typhoon,lambda_ci,0.9,0.055,0.2,194,13.90632391031322,0.07884828116729153,1,0.9600823543703734,3.8261562369291435,3.901934480422384
Typhoon,lambda_ci,0.9,0.055,0.2,195,12.011201164665563,0.09689675720497128,1,0.9842590668098454,3.709332581027182,3.888054518215123
Typhoon,lambda_ci,0.9,0.055,0.2,196,12.200526855174704,0.07886833489750122,1,1.0301005915324546,3.4775208251670437,4.09658110180473
Typhoon,lambda_ci,0.9,0.055,0.2,197,11.429731259046399,0.08168566437556117,1,1.0036840957312037,3.2727095458462965,3.352469518837953
Typhoon,lambda_ci,0.9,0.055,0.2,198,12.31019251709541,0.10040146718767963,1,1.0142115459009888,3.9282502755388613,3.887937318044459
Typhoon,lambda_ci,0.9,0.055,0.2,199,12.463402122045924,0.09059876094794717,1,0.9056149113115454,3.570010709134724,3.8829174903239516
Typhoon,lambda_ci,0.9,0.055,0.2,200,13.630209904446573,0.09772229381430803,1,0.9446738036343836,4.141334462328731,4.056119208797471
Typhoon,lambda_ci,0.9,0.055,0.2,201,13.060112397517035,0.08525203896051758,1,1.1087316713893753,4.0152494260852345,4.432769621134688
Typhoon,lambda_ci,0.9,0.055,0.2,202,12.366123964746441,0.12808371443219244,1,1.0720763082138225,4.582404280156171,4.189534141905209
Typhoon,lambda_ci,0.9,0.055,0.2,203,11.800067329566321,0.09802380549095513,1,1.1504473962816508,3.9626311344129603,3.9542359107303287
Typhoon,lambda_ci,0.9,0.055,0.2,204,12.703500782754892,0.08925024979566412,1,0.9628094305809791,3.72390254202948,3.731044853757528
Typhoon,lambda_ci,0.9,0.055,0.2,205,11.541773657161977,0.09239217471850113,1,0.8687315891509682,3.2698885829548683,3.586910774744595
Typhoon,lambda_ci,0.9,0.055,0.2,206,11.716967958212802,0.09417520814372139,1,1.007612411153005,3.609360745690306,3.7461270717003172
Typhoon,lambda_ci,0.9,0.055,0.2,207,12.752782161814398,0.0921560855639323,1,1.0054321406173106,3.8818909680220237,3.350251530573995
Typhoon,lambda_ci,0.9,0.055,0.2,208,11.179821383074172,0.11364437539389705,1,0.9068797988626911,3.5890846542314176,3.5454906969503894
Typhoon,lambda_ci,0.9,0.055,0.2,209,12.032143043774633,0.08582213521466997,1,1.1550822413553226,3.7883412902121463,3.915550169577356
Typhoon,lambda_ci,0.9,0.055,0.2,210,13.162952862616129,0.10782016394883004,1,0.9645629188163086,4.244911116457037,4.519575092391506
Typhoon,lambda_ci,0.9,0.055,0.2,211,12.492177601643807,0.09410731378353553,1,0.9241691969551775,3.684050570450673,3.67080026691089
Typhoon,lambda_ci,0.9,0.055,0.2,212,12.811522100896882,0.12223061759817141,1,0.9207509796709119,4.2979546429071505,4.268268555269772
Typhoon,lambda_ci,0.9,0.055,0.2,213,12.017892837850624,0.10749221787401278,1,0.8528791279281771,3.6388200761470078,4.033116756313044
Typhoon,lambda_ci,0.9,0.055,0.2,214,12.660006214660694,0.10320027845841008,1,0.9237289057444711,3.9088285383124233,3.9799279418212477
Typhoon,lambda_ci,0.9,0.055,0.2,215,13.575558040355903,0.09439465582114921,1,1.0074464562875598,4.186415997298938,4.064743289286647
Typhoon,lambda_ci,0.9,0.055,0.2,216,11.480438175408143,0.08146929642485275,1,0.8833552074234177,3.079804390759126,3.3845319316612557
Typhoon,lambda_ci,0.9,0.055,0.2,217,10.661156137720416,0.09497454695203467,1,0.9698118712134235,3.235576459775255,3.435716630686496
Typhoon,lambda_ci,0.9,0.055,0.2,218,13.173832826698826,0.10415395042398609,1,1.0682592259822785,4.394286285591234,4.423267364980017
Typhoon,lambda_ci,0.9,0.055,0.2,219,12.774138023246941,0.10302355570794916,1,0.9830814407518061,4.065318912583641,4.4326588790071355
Typhoon,lambda_ci,0.9,0.055,0.2,220,12.140504897697765,0.09950153587242577,1,1.0188140774800853,3.865441538369996,3.732983071304366
Typhoon,lambda_ci,0.9,0.055,0.2,221,12.783878485056766,0.08947994201746294,1,0.9252778338311578,3.678422073051575,3.7887237179693285
Typhoon,lambda_ci,0.9,0.055,0.2,222,12.643432448509461,0.09672648029202165,1,0.8956390909301399,3.7213815933891414,3.888718751495494
Typhoon,lambda_ci,0.9,0.055,0.2,223,14.744634193692352,0.09957123414727959,1,0.999157093746617,4.650694751336563,4.022055047195725
Typhoon,lambda_ci,0.9,0.055,0.2,224,14.461791477141292,0.10358973157024712,1,1.025287566291297,4.713063535445465,4.844917222047021
Typhoon,lambda_ci,0.9,0.055,0.2,225,12.551282363838311,0.1063191102660095,1,0.9172233647902003,3.9195058887501273,3.867193666184805
Typhoon,lambda_ci,0.9,0.055,0.2,226,12.449174388842513,0.09541786420147949,1,0.9034345046992417,3.655137617395353,3.6978322987062886
Typhoon,lambda_ci,0.9,0.055,0.2,227,11.812870109565711,0.09332322707474976,1,1.123352245775867,3.8247960450113374,4.316875552531293
Typhoon,lambda_ci,0.9,0.055,0.2,228,13.169342796996629,0.09742052093011346,1,0.9885406610554842,4.0868302098082205,4.08940100653102
Typhoon,lambda_ci,0.9,0.055,0.2,229,13.607459328702932,0.10473866201579562,1,0.9625658310831504,4.320617062269212,4.1777719275739384
Typhoon,lambda_ci,0.9,0.055,0.2,230,12.703172188672143,0.10087036575054129,1,0.9819356327182522,3.9979328257613966,3.9499285266381827
Typhoon,lambda_ci,0.9,0.055,0.2,231,14.528725295277502,0.10683228277993127,1,0.9748741388104768,4.6887064292623535,4.278991097969895
Typhoon,lambda_ci,0.9,0.055,0.2,232,12.806642536004814,0.10858934249040474,1,1.1404274819981488,4.506742310744701,4.1455052346029975
Typhoon,lambda_ci,0.9,0.055,0.2,233,12.887156491442006,0.080055378749271,1,1.0121766591945927,3.6684323928486,3.925656131814858
Typhoon,lambda_ci,0.9,0.055,0.2,234,14.239197319379706,0.1135912963700228,1,0.8605829230997628,4.451992235805096,4.5085813648280215
Typhoon,lambda_ci,0.9,0.055,0.2,235,13.080371557505652,0.10230738994556797,1,1.0080269313184558,4.2005837774945585,4.065160749117729
Typhoon,lambda_ci,0.9,0.055,0.2,236,13.622237303638185,0.10074344963417939,1,0.9900527618034642,4.302154672687969,4.028135050633183
Typhoon,lambda_ci,0.9,0.055,0.2,237,12.23202863793703,0.09131722467389036,1,0.8697675565367712,3.4472790738900074,3.920180683178218
Typhoon,lambda_ci,0.9,0.055,0.2,238,11.409504113543267,0.09337719553488148,1,1.0229946493345072,3.5263374021656655,3.743703846608983
Typhoon,lambda_ci,0.9,0.055,0.2,239,13.506929412528095,0.12589199480488894,1,1.060406962455593,4.935054726867448,4.617973716147374
Typhoon,lambda_ci,0.9,0.055,0.2,240,13.051401592507437,0.10619727872851176,1,1.0303006694020302,4.317137074399414,3.9076624942228486
Typhoon,lambda_ci,0.9,0.055,0.2,241,13.497613370160948,0.09118770932150304,1,0.9851071802404838,4.0454503859095094,4.323496140746103
Typhoon,lambda_ci,0.9,0.055,0.2,242,12.49777481944799,0.09597911857351346,1,1.0848049612963515,4.03270919464486,3.830381698225649
Typhoon,lambda_ci,0.9,0.055,0.2,243,11.717423908459327,0.09690991243762785,1,1.0072970834928916,3.6609603963367015,3.80721633855132
Typhoon,lambda_ci,0.9,0.055,0.2,244,14.317850122827052,0.09195666011308778,1,0.9256317641493865,4.177231375307846,4.224304410008435
Typhoon,lambda_ci,0.9,0.055,0.2,245,13.218951243121893,0.12291099245350905,1,1.040106189606245,4.726407947124624,4.341423363113888
Typhoon,lambda_ci,0.9,0.055,0.2,246,13.671774583137699,0.10166705762593657,1,1.0417956513162998,4.449449548137311,4.417480192650039
Typhoon,lambda_ci,0.9,0.055,0.2,247,10.990068034310422,0.11182946076905272,1,1.0386842289319924,3.7455902431888766,3.8993039747963736
Typhoon,lambda_ci,0.9,0.055,0.2,248,13.74110440190441,0.11969169912895222,1,1.0092015926363611,4.775761377714588,4.400471539108323
Typhoon,lambda_ci,0.9,0.055,0.2,249,12.874550548575309,0.1049798488877871,1,0.8274584645460852,3.7945313900749773,3.7402705173339075
Typhoon,lambda_ci,0.9,0.055,0.2,250,12.358631998345238,0.11317762896712084,1,0.9000057876819385,3.9443309494166403,3.9620338434500035
Typhoon,lambda_ci,0.9,0.055,0.2,251,13.410985443210041,0.11061459039826878,1,0.927744504135821,4.296166398196228,4.12225154508199
Typhoon,lambda_ci,0.9,0.055,0.2,252,12.529595854036558,0.10775480010900336,1,1.0128012860477789,4.139210354488619,3.9889668948230317
Typhoon,lambda_ci,0.9,0.055,0.2,253,12.788495009593342,0.08952435690609592,1,1.0566952950675095,3.9333711693740545,3.8006892489536543
Typhoon,lambda_ci,0.9,0.055,0.2,254,12.275910006255563,0.10582992762232313,1,0.903421793980722,3.795799175638665,4.066833907294547
Typhoon,lambda_ci,0.9,0.055,0.2,255,12.071325371921288,0.10140428931378238,1,0.9025180723637984,3.6518343763221845,3.8365558416622334
Typhoon,lambda_ci,0.9,0.055,0.2,256,13.508446393833845,0.09624574152121358,1,0.965621121373956,4.118125176056984,4.61020672608668
Typhoon,lambda_ci,0.9,0.055,0.2,257,12.686580385535283,0.08821328845789997,1,0.9025914060887837,3.579786935873647,3.70035664340996
Typhoon,lambda_ci,0.9,0.055,0.2,258,12.084263885208529,0.09440274156568049,1,0.978737830118099,3.673209436638225,3.6730801053979705
Typhoon,lambda_ci,0.9,0.055,0.2,259,10.80284105505162,0.10368372467017929,1,0.9877951774954656,3.4572177342400403,3.7046448035161994
Typhoon,lambda_ci,0.9,0.055,0.2,260,13.452526345395428,0.12834341887978798,1,1.1318376593058974,5.127229097862935,4.813230138902813
Typhoon,lambda_ci,0.9,0.055,0.2,261,13.634885230622121,0.09419704503870163,1,1.0831540374521773,4.35527154395214,4.264645836636011
Typhoon,lambda_ci,0.9,0.055,0.2,262,12.636358782852591,0.08681551715419904,1,1.005524271554799,3.7335064477429083,3.835838702422701
Typhoon,lambda_ci,0.9,0.055,0.2,263,12.252712426855657,0.08520498160775311,1,1.078349773469508,3.7140227521515907,4.000438082535451
Typhoon,lambda_ci,0.9,0.055,0.2,264,12.243616778738131,0.08602577772914098,1,0.9626044086277314,3.5232864601866196,3.578290670538177
Typhoon,lambda_ci,0.9,0.055,0.2,265,12.987892222030938,0.09630801360737902,1,1.0844262452245534,4.1972989114012424,4.151322156756427
Typhoon,lambda_ci,0.9,0.055,0.2,266,12.617693335801086,0.08573143097048544,1,1.114606773350743,3.9004152275127013,4.061805447038584
Typhoon,lambda_ci,0.9,0.055,0.2,267,12.653833137574866,0.09105828729490992,1,1.078293127152142,3.9650645375389213,3.918077169863322
Typhoon,lambda_ci,0.9,0.055,0.2,268,11.686467491701379,0.0993058825072881,1,1.0696360813362134,3.8088052323502866,3.7239409179492053
Typhoon,lambda_ci,0.9,0.055,0.2,269,11.958777699189083,0.08891624160809214,1,0.8853787680173028,3.3553814024004516,3.5176243860203233
Typhoon,lambda_ci,0.9,0.055,0.2,270,12.23706871342269,0.10642562875515382,1,0.9465125975263609,3.883861284253637,4.001316330808876
Typhoon,lambda_ci,0.9,0.055,0.2,271,14.555028909655416,0.10639424910859328,1,0.9435523830136304,4.611637448683398,4.303946478358663
Typhoon,lambda_ci,0.9,0.055,0.2,272,12.055834564053072,0.11015667328936107,1,1.054251365676457,4.108419404813089,3.9019712350622333
Typhoon,lambda_ci,0.9,0.055,0.2,273,12.145438153782179,0.09005846984130096,1,1.0378625234854284,3.713174709330452,3.8724292815227197
Typhoon,lambda_ci,0.9,0.055,0.2,274,11.851993553975554,0.10500642158607508,1,0.980045635381744,3.8020908101799287,3.815612947124956
Typhoon,lambda_ci,0.9,0.055,0.2,275,12.032507298595359,0.09429426622574727,1,1.0271612073837884,3.7447090560833347,3.8353926597303
Typhoon,lambda_ci,0.9,0.055,0.2,276,13.6320883322959,0.14058821497621726,1,1.0273481904117774,5.1807863174251905,5.220327295424738
Typhoon,lambda_ci,0.9,0.055,0.2,277,11.772767830767158,0.09490266812731789,1,0.9739163407896821,3.579139428412691,3.7996382638129873
Typhoon,lambda_ci,0.9,0.055,0.2,278,13.534442775316094,0.09534552829355487,1,1.0696526495127099,4.322270378151861,3.767429760682572
Typhoon,lambda_ci,0.9,0.055,0.2,279,13.708584354520518,0.10628270775803969,1,0.9450744881256047,4.344671387494232,4.054674467464636
Typhoon,lambda_ci,0.9,0.055,0.2,280,11.46151006093627,0.08767696241415562,1,1.0480983579436793,3.474446332801702,3.7657686054208845
Typhoon,lambda_ci,0.9,0.055,0.2,281,12.866890957515668,0.09912554063211625,1,1.007509927326054,4.066221871346808,3.792418291198355
Typhoon,lambda_ci,0.9,0.055,0.2,282,12.915246943898465,0.10572867174275288,1,0.9208949738803052,4.0299917205204725,3.801673581783712
Typhoon,lambda_ci,0.9,0.055,0.2,283,12.462202485293293,0.07594583190263093,1,1.0185612163288011,3.4660940514765692,3.782278880629891
Typhoon,lambda_ci,0.9,0.055,0.2,284,12.014620985219493,0.10046635988638454,1,1.0181627825273842,3.842633968857155,3.862015592145972
Typhoon,lambda_ci,0.9,0.055,0.2,285,15.169093724739342,0.1351096378566372,1,1.0011366369220718,5.578911563579496,5.278892060039477
Typhoon,lambda_ci,0.9,0.055,0.2,286,12.146771097363038,0.10810895613099225,1,0.9512747062043748,3.8953336182193885,3.704773310718773
Typhoon,lambda_ci,0.9,0.055,0.2,287,13.67222019144677,0.11315303037038249,1,0.9052317032447745,4.3757451140762,4.168226960823407
Typhoon,lambda_ci,0.9,0.055,0.2,288,12.986996265564152,0.10281132330321328,1,0.9794406575142703,4.1211484068374595,4.497879901249295
Typhoon,lambda_ci,0.9,0.055,0.2,289,10.997516285484629,0.10459999121866148,1,0.9202260069492001,3.4119895255287607,3.561426322385264
Typhoon,lambda_ci,0.9,0.055,0.2,290,13.3957043299386,0.12067241983751799,1,1.0097475228764152,4.676015717521667,4.739846976139383
Typhoon,lambda_ci,0.9,0.055,0.2,291,13.429801245175131,0.09070853370983609,1,0.988959201392298,4.022377683218757,3.9347289211501466
Typhoon,lambda_ci,0.9,0.055,0.2,292,14.147708546097832,0.10391131243809941,1,0.889565962160705,4.301367981538302,4.236844348224908
Typhoon,lambda_ci,0.9,0.055,0.2,293,11.309619268561772,0.08611034631910959,1,0.9954437565716305,3.311189348717851,3.628655081579095
Typhoon,lambda_ci,0.9,0.055,0.2,294,11.633912759568322,0.10465517188699973,1,1.1667955374649264,4.065402315332194,4.064450829666945
Typhoon,lambda_ci,0.9,0.055,0.2,295,10.937682427516009,0.10845295140591293,1,1.1071618674505248,3.790107751605831,3.9997565904792576
Typhoon,lambda_ci,0.9,0.055,0.2,296,13.097653404831107,0.10172554381668114,1,1.124658411342797,4.430153983790731,3.951447768660676
Typhoon,lambda_ci,0.9,0.055,0.2,297,11.800360616700264,0.10197448600907315,1,1.0763835789074956,3.9095302134223746,3.910856287820716
Typhoon,lambda_ci,0.9,0.055,0.2,298,14.41706228954425,0.11371985985756324,1,1.2,5.325808614238743,4.785078827605297
Typhoon,lambda_ci,0.9,0.055,0.2,299,13.286295737117083,0.10131982995736823,1,1.0759552956564447,4.3868042436981565,3.9297701652466506
Typhoon,lambda_ci,0.9,0.055,0.2,300,11.211187257460143,0.1306144270013545,1,1.0213836534958147,4.094884275719508,4.15258348811815
Typhoon,lambda_ci,0.9,0.055,0.2,301,12.411927214802777,0.09477311884640634,1,1.0280306119701554,3.874224918063657,3.7510540450110077
Typhoon,lambda_ci,0.9,0.055,0.2,302,12.850163426139675,0.10135412496276788,1,1.2,4.481464786577561,4.50474450889728
Typhoon,lambda_ci,0.9,0.055,0.2,303,12.806686838060358,0.09294949021400108,1,0.9156055540506276,3.736065702809724,3.7644439746579206
Typhoon,lambda_ci,0.9,0.055,0.2,304,12.263147037094503,0.10997815850375453,1,0.9824096615604474,4.030894854357027,3.8042833617572502
Typhoon,lambda_ci,0.9,0.055,0.2,305,10.90044718698749,0.0882275577639458,1,0.9401771069884232,3.139433440257776,3.541501107383085
Typhoon,lambda_ci,0.9,0.055,0.2,306,12.046965874905323,0.11546447107390459,1,0.9353697329071982,3.9590731101460377,3.748786275713331
Typhoon,lambda_ci,0.9,0.055,0.2,307,12.122388125582034,0.11459434164361233,1,1.0839897866894403,4.272502907262652,4.1703494966828
Typhoon,lambda_ci,0.9,0.055,0.2,308,12.051624802560603,0.13169637141180593,1,0.9794382614516839,4.328336728431039,3.9611078737990737
Typhoon,lambda_ci,0.9,0.055,0.2,309,12.122950342844572,0.11909099221747778,1,1.109417302763879,4.4065149768860135,3.9360672324766672
Typhoon,lambda_ci,0.9,0.055,0.2,310,12.927719511091894,0.09830410517032488,1,0.9825635677425434,4.017797798123158,3.811735281167207
Typhoon,lambda_ci,0.9,0.055,0.2,311,12.027731593686767,0.10046410491006869,1,1.018215791186803,3.84688409721533,4.14419543508647
Typhoon,lambda_ci,0.9,0.055,0.2,312,12.665141647421212,0.09831490211853024,1,1.0849218181962197,4.136365893295166,4.021632537859669
Typhoon,lambda_ci,0.9,0.055,0.2,313,12.448908891967433,0.07919346228297898,1,0.9306709017898467,3.3796678588296065,3.4824921665582464
Typhoon,lambda_ci,0.9,0.055,0.2,314,10.931928745483512,0.10521230207362096,1,1.1268625425589012,3.7641378987293126,4.0530689468543475
Typhoon,lambda_ci,0.9,0.055,0.2,315,11.399604539148536,0.07671880698408792,1,0.8745690410685266,2.9528253171180747,3.2614778382666465
Typhoon,lambda_ci,0.9,0.055,0.2,316,11.261944578159703,0.09594115734875304,1,1.039078305803479,3.555821905979269,3.8827648202233402
Typhoon,lambda_ci,0.9,0.055,0.2,317,12.867282372962135,0.12339525118170121,1,1.1263133055194579,4.796955196264418,4.284585024236988
Typhoon,lambda_ci,0.9,0.055,0.2,318,12.483248665247425,0.09704580427267566,1,0.8389413107602338,3.561900583316397,3.882866174697758
Typhoon,lambda_ci,0.9,0.055,0.2,319,15.225945085104193,0.11430255439226847,1,1.066135873686959,5.315186473230323,5.017958958358623
Typhoon,lambda_ci,0.9,0.055,0.2,320,11.68703782559141,0.09260567213876354,1,1.04266698404968,3.6315836712169087,3.6451366792233317
Typhoon,lambda_ci,0.9,0.055,0.2,321,14.018280911872207,0.09768323936187968,1,0.9582650014941201,4.288916573207788,4.271421707587534
Typhoon,lambda_ci,0.9,0.055,0.2,322,12.525111343589998,0.08606365124926803,1,0.9775840534027064,3.633026227505901,3.8614201994915778
Typhoon,lambda_ci,0.9,0.055,0.2,323,12.422937206429541,0.10703082054895108,1,0.9931023580870261,4.050193049609977,3.998089847521974
Typhoon,lambda_ci,0.9,0.055,0.2,324,13.475558888895838,0.08647820691027175,1,0.9799256473498394,3.9228046965739103,4.108827722971139
Typhoon,lambda_ci,0.9,0.055,0.2,325,11.684468634789855,0.09752789999039553,1,1.0551472237452133,3.7482619465699587,3.958201258370579
Typhoon,lambda_ci,0.9,0.055,0.2,326,15.200468313068207,0.09844990197959563,1,1.0889378136451866,4.976982938471647,4.640944388162641
Typhoon,lambda_ci,0.9,0.055,0.2,327,12.847201819063159,0.11867703287323259,1,0.95989029517669,4.336133920711338,4.138749360642634
Typhoon,lambda_ci,0.9,0.055,0.2,328,11.573464485046994,0.10649043185603078,1,0.996930254553602,3.7709525303062565,3.9599074559286196
Typhoon,lambda_ci,0.9,0.055,0.2,329,12.281702169880498,0.09425029354197316,1,0.9111752309109167,3.5991576506115064,4.033561542846773
Typhoon,lambda_ci,0.9,0.055,0.2,330,11.741752119553125,0.07886190518761427,1,1.0204110898778913,3.3308427121185753,3.6211539495489284
Typhoon,lambda_ci,0.9,0.055,0.2,331,14.163532516062105,0.0818652677070051,1,1.125682506318189,4.299613180903629,4.011005280707927
Typhoon,lambda_ci,0.9,0.055,0.2,332,12.691675219007086,0.10145743813949533,1,1.1249489403177464,4.287728731525031,3.9543918587216083
Typhoon,lambda_ci,0.9,0.055,0.2,333,11.438781693427153,0.10225380558386542,1,1.0312064737115312,3.714431272766143,3.4981713614377883
Typhoon,lambda_ci,0.9,0.055,0.2,334,12.135345251548767,0.09787708657444076,1,1.0252190042138296,3.844155768564228,3.853140652703891
Typhoon,lambda_ci,0.9,0.055,0.2,335,12.81523590059235,0.10199081373829329,1,0.9862847218135086,4.064510841087715,4.113146180985538
Typhoon,lambda_ci,0.9,0.055,0.2,336,11.891342691050847,0.10600658168770977,1,1.0283594543575434,3.9261761702100215,3.9915623249984034
Typhoon,lambda_ci,0.9,0.055,0.2,337,13.307973742040517,0.08052856278651438,1,0.9668592507049734,3.713372679162396,3.9989507516387937
Typhoon,lambda_ci,0.9,0.055,0.2,338,12.616555198303741,0.09897424973001986,1,0.8859863768601565,3.7360736012033944,3.459231488349627
Typhoon,lambda_ci,0.9,0.055,0.2,339,13.016296619568113,0.11806588269131589,1,0.9035866844163586,4.251425344814232,4.2559948448692
Typhoon,lambda_ci,0.9,0.055,0.2,340,11.869825810999002,0.11201082500860443,1,1.0198140177493367,4.011758970316618,4.261587495593004
Typhoon,lambda_ci,0.9,0.055,0.2,341,12.40056034086354,0.08596644996063967,1,0.8370330930947313,3.3264202867576715,3.436580374275191
Typhoon,lambda_ci,0.9,0.055,0.2,342,12.868030631369425,0.10796975771578196,1,0.8256424854941329,3.8420159698007788,3.6795935534652395
Typhoon,lambda_ci,0.9,0.055,0.2,343,13.881241124838862,0.0805464295098446,1,1.05332621718014,4.043271382582777,3.9838708040537036
Typhoon,lambda_ci,0.9,0.055,0.2,344,12.538626734875265,0.08439062702038139,1,0.9373605747202388,3.526553058758405,3.7972608521506723
Typhoon,lambda_ci,0.9,0.055,0.2,345,13.660716488056382,0.08098311520880577,1,0.814329577426268,3.5080907718931065,3.625078560367527
Typhoon,lambda_ci,0.9,0.055,0.2,346,13.287786933623881,0.10328483781865358,1,1.0142814624104035,4.300809295736639,4.291892632739172
Typhoon,lambda_ci,0.9,0.055,0.2,347,11.827674492168052,0.09927844857212079,1,0.9595310357496226,3.6505337502615482,3.7724766376591385
Typhoon,lambda_ci,0.9,0.055,0.2,348,12.456961876964852,0.09821548080256592,1,1.0563278107093004,4.01237453844103,4.146442832019005
Typhoon,lambda_ci,0.9,0.055,0.2,349,14.304260988190595,0.08086879365166114,1,1.0155106215313523,4.099190889546783,4.050584302234711
Typhoon,lambda_ci,0.9,0.055,0.2,350,12.40964989662269,0.0875010438576456,1,0.8407537295092593,3.3658948730250717,3.352925406815757
Typhoon,lambda_ci,0.9,0.055,0.2,351,11.871805440706016,0.10259217816506397,1,1.0781761054140684,3.9483782170821553,3.9807869790459853
Typhoon,lambda_ci,0.9,0.055,0.2,352,13.363532264493022,0.10438223566880206,1,1.1002151925782742,4.528698231767734,4.586803812007142
Typhoon,lambda_ci,0.9,0.055,0.2,353,13.550748722580504,0.10804393044547737,1,0.9203589940404494,4.273090685804762,4.006622547954691
Typhoon,lambda_ci,0.9,0.055,0.2,354,11.881014832736275,0.10497385886365071,1,1.0714408528962074,3.9845402660121647,3.76313527101425
Typhoon,lambda_ci,0.9,0.055,0.2,355,13.151594919105236,0.11709893297683668,1,0.9469959575905019,4.379544617704462,3.8132577944630315
Typhoon,lambda_ci,0.9,0.055,0.2,356,13.302583247554402,0.10553430586204339,1,0.9797729982779394,4.277554461499722,3.945678439142342
Typhoon,lambda_ci,0.9,0.055,0.2,357,12.914396780998857,0.09704996022521113,1,1.0998644385628724,4.219309530397162,4.193344211397073
Typhoon,lambda_ci,0.9,0.055,0.2,358,15.272240953068652,0.08533041756332355,1,1.0689453256841435,4.6124582599586965,4.591846877404014
Typhoon,lambda_ci,0.9,0.055,0.2,359,11.606755997075709,0.09301144960878543,1,1.0827716272495307,3.6833882183392412,3.9983923171447584
Typhoon,lambda_ci,0.9,0.055,0.2,360,12.643102977332036,0.08506576641437684,1,0.9950758573144914,3.6784019112856243,3.913917488790487
Typhoon,lambda_ci,0.9,0.055,0.2,361,12.108265685067902,0.09439873629321245,1,1.2,4.0752631281333045,4.120636344355009
Typhoon,lambda_ci,0.9,0.055,0.2,362,14.13904976201722,0.10348296094060487,1,0.9988586273684772,4.5457616331095,4.32666104920326
Typhoon,lambda_ci,0.9,0.055,0.2,363,12.497576933637736,0.08926666077037508,1,0.928339278377074,3.5976907249003705,4.040762098253104
Typhoon,lambda_ci,0.9,0.055,0.2,364,13.11659929400635,0.10337583613191126,1,0.9856233417146748,4.186838980260986,4.365646237348955
Typhoon,lambda_ci,0.9,0.055,0.2,365,13.395309504240721,0.08636527812563771,1,1.0089576652244647,3.9542016467019865,3.8419025895960224
Typhoon,lambda_ci,0.9,0.055,0.2,366,11.739719646132091,0.0957538681509922,1,0.9722248954474355,3.581947846167917,3.6588757916135206
Typhoon,lambda_ci,0.9,0.055,0.2,367,12.095437594864887,0.12586377964361262,1,0.9758417458520818,4.238982915909693,4.412812222969956
Typhoon,lambda_ci,0.9,0.055,0.2,368,14.13765951577238,0.0770006405756051,1,0.987970729890087,3.89939047281971,4.076723358988959
Typhoon,lambda_ci,0.9,0.055,0.2,369,12.675430665557434,0.11836192768092106,1,0.8718988247209725,4.071943890117158,4.043966617705146
Typhoon,lambda_ci,0.9,0.055,0.2,370,14.42210650857386,0.09560838123385682,1,0.9704174627456672,4.392947192453872,4.375014632052479
Typhoon,lambda_ci,0.9,0.055,0.2,371,13.409540011465598,0.09976166143993598,1,1.0011237797914414,4.237791697575413,4.192645212056776
Typhoon,lambda_ci,0.9,0.055,0.2,372,12.049489074814574,0.11651283350444616,1,1.1153763591640693,4.343764102343378,4.144645206266563
Typhoon,lambda_ci,0.9,0.055,0.2,373,11.354664002018373,0.09664196241549824,1,1.0207074623822896,3.566217300170323,3.9178295599167647
Typhoon,lambda_ci,0.9,0.055,0.2,374,13.54953735905171,0.10416190798961651,1,0.8,3.9113251766404358,4.005674013758698
Typhoon,lambda_ci,0.9,0.055,0.2,375,14.652272278368654,0.09401128052562739,1,1.0805099581121467,4.669919039176791,4.441902653761027
Typhoon,lambda_ci,0.9,0.055,0.2,376,12.660209388443587,0.0959135032173416,1,1.078455352803571,4.071756990461017,4.230254870314464
Typhoon,lambda_ci,0.9,0.055,0.2,377,11.164897640774551,0.1134129564145409,1,1.0391372153664755,3.8328562461987734,3.7952040906622635
Typhoon,lambda_ci,0.9,0.055,0.2,378,12.61099746814543,0.10540944362475585,1,1.083447565802644,4.261800814977892,4.105594827374018
Typhoon,lambda_ci,0.9,0.055,0.2,379,12.232178121763111,0.09859302542029477,1,0.9712105910426352,3.785154388674534,4.106699140937948
Typhoon,lambda_ci,0.9,0.055,0.2,380,12.777942957441633,0.09092789475584442,1,0.9936084076970089,3.840759752020537,3.7647432605666666
Typhoon,lambda_ci,0.9,0.055,0.2,381,12.762292223781499,0.10313593750225866,1,1.0283873516008197,4.156349488001251,3.8367146716528864
Typhoon,lambda_ci,0.9,0.055,0.2,382,13.395086161273655,0.11512834932666875,1,1.0032701957963717,4.552454415741597,4.262837137193549
Typhoon,lambda_ci,0.9,0.055,0.2,383,13.286306047794312,0.11321036551834021,1,1.0655561156267046,4.614615403581482,4.2426984776632475
Typhoon,lambda_ci,0.9,0.055,0.2,384,11.837422087859352,0.09380549226854994,1,0.861910353511151,3.3659085775541038,3.556895185996782
Typhoon,lambda_ci,0.9,0.055,0.2,385,13.155119246484594,0.10705524173178327,1,0.9698071357659585,4.238785548852572,4.255979116773436
Typhoon,lambda_ci,0.9,0.055,0.2,386,13.918504461476626,0.10693204107956701,1,1.0555971561204598,4.67622723569767,4.450358844833048
Typhoon,lambda_ci,0.9,0.055,0.2,387,12.426592117644615,0.09801957135358039,1,0.8,3.4797932116360033,3.5787466213698718
Typhoon,lambda_ci,0.9,0.055,0.2,388,12.942495415101263,0.08467688639732182,1,1.034085869399477,3.8298235190888925,3.999566284403267
Typhoon,lambda_ci,0.9,0.055,0.2,389,13.856517717060028,0.10243788939438632,1,0.898785195960284,4.204480741283266,4.192886165109905
Typhoon,lambda_ci,0.9,0.055,0.2,390,13.947043906380024,0.13634342258767584,1,1.1914264102307808,5.621249674071047,5.550625526157966
Typhoon,lambda_ci,0.9,0.055,0.2,391,11.213119954481867,0.10679767750640119,1,1.0572182538486417,3.7678161109330106,3.6432216165151976
Typhoon,lambda_ci,0.9,0.055,0.2,392,12.21743168627406,0.12150888066428263,1,0.9156409941852612,4.075177629279467,3.971781624951252
Typhoon,lambda_ci,0.9,0.055,0.2,393,14.003750354711274,0.10749967984866131,1,1.0937196262077222,4.801765512664935,4.607784398753194
Typhoon,lambda_ci,0.9,0.055,0.2,394,13.691932331117606,0.1107394812596146,1,0.966829071811062,4.480132277635826,4.414286306288904
Typhoon,lambda_ci,0.9,0.055,0.2,395,11.637876321363366,0.11637058694554128,1,0.9805232029693198,3.9311922913609227,4.239997204276181
Typhoon,lambda_ci,0.9,0.055,0.2,396,11.783449450148549,0.1092746552445711,1,0.8779949951461415,3.649876635537664,3.935137185004731
Typhoon,lambda_ci,0.9,0.055,0.2,397,11.758547364479847,0.11505689792280986,1,1.0809432824995429,4.146784406236988,4.079171499303208
Typhoon,lambda_ci,0.9,0.055,0.2,398,11.464307451389736,0.09943272256763658,1,0.9650496268844094,3.551299609393727,3.8307279153787612
Typhoon,lambda_ci,0.9,0.055,0.2,399,12.43796387132619,0.11121183361658041,1,0.9844626936122812,4.115517219941261,3.9725979799899362
Typhoon,gamma2,0.85,0.055,0.2,0,12.07924738315802,0.1013036153163609,1,1.0279726570372996,3.89801162157202,4.026187131291119
Typhoon,gamma2,0.85,0.055,0.2,1,13.290639929920804,0.10148076752998893,1,0.9120331378640651,4.043366169213132,4.316884421348789
Typhoon,gamma2,0.85,0.055,0.2,2,13.82032392834929,0.10531321608882423,1,1.0070178825296525,4.500681202546049,6.36698559263107
Typhoon,gamma2,0.85,0.055,0.2,3,11.853545655115758,0.10190023375847668,1,1.0603287649449373,3.8963336439271647,3.516378407328258
Typhoon,gamma2,0.85,0.055,0.2,4,11.829709836787506,0.09600183587673883,1,0.9914390949377316,3.6496135595871326,0.770704076321808
Typhoon,gamma2,0.85,0.055,0.2,5,11.397803452580424,0.12083763968408068,1,0.9284103782954911,3.8176162772330624,3.5192516336633357
Typhoon,gamma2,0.85,0.055,0.2,6,14.38335562756965,0.1027105010289199,1,0.9508768467338083,4.49500085547563,4.357169804087791
Typhoon,gamma2,0.85,0.055,0.2,7,13.046350846682556,0.08709996520659802,1,1.0787114997991454,3.998993503502145,1.150448842883683
Typhoon,gamma2,0.85,0.055,0.2,8,11.422664827675606,0.08828819097327957,1,1.0423908223950409,3.4652456914221843,0.06949306096409402
Typhoon,gamma2,0.85,0.055,0.2,9,11.560789514071145,0.09063866216330077,1,0.9911761932025995,3.465131085670139,-0.8713878895398777
Typhoon,gamma2,0.85,0.055,0.2,10,12.451622277151351,0.1144730008640019,1,1.1698157674896967,4.556550701201619,4.657781030139027
Typhoon,gamma2,0.85,0.055,0.2,11,12.921310568978113,0.10077316359129519,1,1.0193711451560976,4.141380930621028,6.845403713314409
Typhoon,gamma2,0.85,0.055,0.2,12,13.740969443523733,0.08304942223665195,1,1.0071527096219854,3.974050159170242,3.977743459292853
Typhoon,gamma2,0.85,0.055,0.2,13,12.506143813330477,0.0988405996031775,1,0.9761053697984116,3.8845387236453526,3.212360001046083
Typhoon,gamma2,0.85,0.055,0.2,14,11.74872772155991,0.11265218850632769,1,0.9526761271945613,3.848870482133315,3.816259601758223
Typhoon,gamma2,0.85,0.055,0.2,15,12.824988564966658,0.08629255699683332,1,1.0852073891428993,3.9246418147486803,3.390474104772729
Typhoon,gamma2,0.85,0.055,0.2,16,12.088739527222982,0.10115539008980849,1,1.0806310600226627,3.9968169428189713,3.430244923226604
Typhoon,gamma2,0.85,0.055,0.2,17,12.937531699931046,0.11763306159898448,1,1.0417004196009558,4.528845933283585,6.772612196093226
Typhoon,gamma2,0.85,0.055,0.2,18,13.366316146524515,0.1103720998092084,1,1.1584299526943511,4.779431820259848,5.275917780964118
Typhoon,gamma2,0.85,0.055,0.2,19,14.854834261020743,0.09072082796881858,1,0.8,4.001900686456937,2.730237303501904
Typhoon,gamma2,0.85,0.055,0.2,20,12.665249807431447,0.09995259219189366,1,1.02991365138948,4.063602308442786,2.6408035563031445
Typhoon,gamma2,0.85,0.055,0.2,21,13.810675158161144,0.09618338937145227,1,0.900800876978952,4.065175962802278,2.910294633849627
Typhoon,gamma2,0.85,0.055,0.2,22,12.105398274275306,0.1198772257969502,1,1.0405478918741171,4.275416818771778,6.650108563270052
Typhoon,gamma2,0.85,0.055,0.2,23,11.929419379011327,0.08841673996656071,1,1.074661767380855,3.677244056456968,4.416197625560518
Typhoon,gamma2,0.85,0.055,0.2,24,13.034884331145129,0.09119432287825503,1,1.0567883640323876,4.046551710502648,5.050075843824695
Typhoon,gamma2,0.85,0.055,0.2,25,12.644985867474723,0.10183479052427089,1,1.0011306376246871,4.037493271979948,3.6213522795488893
Typhoon,gamma2,0.85,0.055,0.2,26,11.995083954613682,0.09311874307090974,1,0.9504963362574954,3.568593401894478,2.083911150675492
Typhoon,gamma2,0.85,0.055,0.2,27,12.103777559524094,0.092749100894633,1,0.9617595416995072,3.6150061435682592,2.5872608951002
Typhoon,gamma2,0.85,0.055,0.2,28,13.38668726709183,0.09562897840629817,1,0.9183125572783981,3.9670085582014076,5.105081953720655
Typhoon,gamma2,0.85,0.055,0.2,29,13.584665823720089,0.09785413172539875,1,0.9277175167685913,4.0930440793735405,2.831932820958135
Typhoon,gamma2,0.85,0.055,0.2,30,11.792088252595866,0.09538825811403534,1,1.1881552938583129,3.9698562729592624,4.462710684279635
Typhoon,gamma2,0.85,0.055,0.2,31,12.654913918628212,0.09839653061954039,1,0.9756878225860933,3.921069413849521,5.4563546493091355
Typhoon,gamma2,0.85,0.055,0.2,32,11.094977103972877,0.09541871753922902,1,0.8952026623624046,3.2426784137105455,0.3349115522771171
Typhoon,gamma2,0.85,0.055,0.2,33,13.09830631045313,0.0850261230283733,1,0.9908916986862635,3.801932708129945,2.0506485492394058
Typhoon,gamma2,0.85,0.055,0.2,34,11.2458227048969,0.10297564302070536,1,1.122551438649506,3.823504573987785,2.8274942204259497
Typhoon,gamma2,0.85,0.055,0.2,35,12.72806199362444,0.10611562900766447,1,0.9893885706318978,4.12415902297056,0.973242778147397
Typhoon,gamma2,0.85,0.055,0.2,36,14.167754746004706,0.10795546182715414,1,0.9264539841918719,4.480590634640879,8.443445386974025
Typhoon,gamma2,0.85,0.055,0.2,37,12.728699700931513,0.12617612163630745,1,0.9305581947375847,4.361585563062642,5.8432539014909555
Typhoon,gamma2,0.85,0.055,0.2,38,12.95617062652886,0.08817894751161773,1,1.060811979006135,3.962582542566282,1.9787838096850954
Typhoon,gamma2,0.85,0.055,0.2,39,12.47042829651068,0.0834257009303834,1,1.056560426218417,3.7023585207102805,0.5554602642214383
Typhoon,gamma2,0.85,0.055,0.2,40,13.676973218959608,0.08643832257426232,1,0.988965464732682,3.9988372106278627,3.4040330663811695
Typhoon,gamma2,0.85,0.055,0.2,41,14.078808602604429,0.07917480828233427,1,1.0908928043859043,4.137618582183373,7.079367119455716
Typhoon,gamma2,0.85,0.055,0.2,42,11.47645412658851,0.0878325753559176,1,1.0104080000576892,3.4188805035438947,2.152896313919672
Typhoon,gamma2,0.85,0.055,0.2,43,14.501717756726142,0.10116630388913792,1,0.9817248926152606,4.570169330571791,9.21472624929763
Typhoon,gamma2,0.85,0.055,0.2,44,11.767463887733797,0.11299093343750773,1,0.9964970198353067,3.9485957572564216,3.14969404776293
Typhoon,gamma2,0.85,0.055,0.2,45,11.855166065822514,0.11072463350376226,1,0.972091680324797,3.8894069037542898,1.9965782907034662
Typhoon,gamma2,0.85,0.055,0.2,46,12.582502416234663,0.11653299647900285,1,0.9797727188266123,4.2516171547425765,5.771940234512562
Typhoon,gamma2,0.85,0.055,0.2,47,13.102682245762528,0.10141034199695866,1,1.0658190267828083,4.307676362817777,6.018949885985345
Typhoon,gamma2,0.85,0.055,0.2,48,13.792589810509844,0.09308440250818496,1,0.9762423605570432,4.157795285495008,4.956914635070255
Typhoon,gamma2,0.85,0.055,0.2,49,11.371592331641397,0.121432894626319,1,1.0400568595073374,4.0412712109508275,1.7358753388969235
Typhoon,gamma2,0.85,0.055,0.2,50,14.334156874196816,0.08971851928789895,1,0.9886665575960384,4.269117654056589,5.672507263971174
Typhoon,gamma2,0.85,0.055,0.2,51,14.434421579968568,0.08044162820749672,1,1.0149433936249541,4.124399468093476,2.4053660745808347
Typhoon,gamma2,0.85,0.055,0.2,52,11.656123439563865,0.1011793282587334,1,1.0030628234019798,3.713334743929458,3.9828602327366944
Typhoon,gamma2,0.85,0.055,0.2,53,11.655802442803532,0.10149737653222937,1,1.0203859643409527,3.7510411143478573,3.931168559941957
Typhoon,gamma2,0.85,0.055,0.2,54,13.453463812353101,0.10630774423016151,1,0.9742614039141876,4.329665203454169,5.441600669588801
Typhoon,gamma2,0.85,0.055,0.2,55,13.158465025293669,0.09241319441315894,1,0.990229214171611,3.9805225560229,3.2019046619637237
Typhoon,gamma2,0.85,0.055,0.2,56,12.42404427556943,0.11507273214597157,1,1.0904647147835225,4.401036914815106,4.632718089171072
Typhoon,gamma2,0.85,0.055,0.2,57,12.362416841970782,0.07869451337431063,1,0.9663080019706641,3.4090502142759953,2.1738812806803076
Typhoon,gamma2,0.85,0.055,0.2,58,12.09055908013341,0.10302803532594912,1,0.8755674457411093,3.6313565727553643,1.88924404020109
Typhoon,gamma2,0.85,0.055,0.2,59,11.684054723375024,0.11242781510423647,1,1.1173762813590213,4.141238013965828,4.592837047036602
Typhoon,gamma2,0.85,0.055,0.2,60,12.686113815289767,0.11186731857510344,1,0.9653520566383837,4.168915386467965,1.1464816960585538
Typhoon,gamma2,0.85,0.055,0.2,61,12.201218591796218,0.10861232481247665,1,1.0271683779953977,4.075337522396885,2.984467474520148
Typhoon,gamma2,0.85,0.055,0.2,62,13.508906626666118,0.0963823513268152,1,0.9095879720662952,3.999827968124785,4.413035729812625
Typhoon,gamma2,0.85,0.055,0.2,63,12.847414961695153,0.11221264620338921,1,0.9699565694618406,4.238505959886435,4.408646784045451
Typhoon,gamma2,0.85,0.055,0.2,64,12.380900378020513,0.10289939278419039,1,1.012277004414097,3.995842122198134,0.9897550329475722
Typhoon,gamma2,0.85,0.055,0.2,65,11.394318324224981,0.1261990535923546,1,1.0048359513704408,4.057550929724583,2.2624408800928357
Typhoon,gamma2,0.85,0.055,0.2,66,12.309651174895018,0.1036740832856796,1,0.9766957539882124,3.9170624724286505,3.8698136143908877
Typhoon,gamma2,0.85,0.055,0.2,67,11.801397371250529,0.1056473737349475,1,1.0921099387906152,4.008629945478153,2.2603405250007484
Typhoon,gamma2,0.85,0.055,0.2,68,12.831496544227385,0.09992999586916942,1,0.9923750735684208,4.04076105359187,6.262613106090313
Typhoon,gamma2,0.85,0.055,0.2,69,12.542690315967992,0.1062333311880492,1,0.9550901192121448,3.9952437019378437,4.83792450504971
Typhoon,gamma2,0.85,0.055,0.2,70,14.106524331791046,0.09746921908341603,1,1.1361322916785022,4.694271644785106,8.333986036691766
Typhoon,gamma2,0.85,0.055,0.2,71,11.747927538108135,0.12940203447660795,1,1.0538132747606235,4.338240693853177,2.1155098653970215
Typhoon,gamma2,0.85,0.055,0.2,72,12.021580035619742,0.10070580303966128,1,1.137241085331585,4.068319676809688,5.379269010915487
Typhoon,gamma2,0.85,0.055,0.2,73,13.956846801997116,0.09456879660713707,1,1.080310131017416,4.461033321836832,5.958096652349867
Typhoon,gamma2,0.85,0.055,0.2,74,10.097189621310745,0.11203535163881788,1,1.0425910499983755,3.4509212534566127,2.5538725630882206
Typhoon,gamma2,0.85,0.055,0.2,75,12.536495172051936,0.117960093865114,1,0.9177363700132161,4.124797800433077,4.747391557697953
Typhoon,gamma2,0.85,0.055,0.2,76,12.957390139770435,0.13178056899676038,1,1.018708623507178,4.747535444327997,6.231474748362314
Typhoon,gamma2,0.85,0.055,0.2,77,13.01207062228663,0.09625043417042024,1,1.0514935241617198,4.1395302587344895,8.281157422328599
Typhoon,gamma2,0.85,0.055,0.2,78,11.556309792235412,0.11680539768568028,1,1.026634073707104,4.001828463592753,5.208674029152906
Typhoon,gamma2,0.85,0.055,0.2,79,12.172095761017303,0.09701311543688447,1,1.0941363860662776,3.9656676692496724,5.6826995563315625
Typhoon,gamma2,0.85,0.055,0.2,80,12.495264138061176,0.08194724299814872,1,1.0601502284885846,3.6829542176995944,4.27139460600274
Typhoon,gamma2,0.85,0.055,0.2,81,13.979825400723584,0.11519394915600024,1,0.9754071323089558,4.686078337724496,9.33119499796791
Typhoon,gamma2,0.85,0.055,0.2,82,12.932596579263743,0.09116762480066513,1,1.0063416100107463,3.9172272371120402,4.768803568367488
Typhoon,gamma2,0.85,0.055,0.2,83,12.985539074631797,0.12421226065909265,1,0.8237707870158683,4.153798352705992,5.098727446066697
Typhoon,gamma2,0.85,0.055,0.2,84,12.970505084744929,0.10336667013550778,1,0.973908274835881,4.115344338107319,4.264396516580053
Typhoon,gamma2,0.85,0.055,0.2,85,13.970785838498601,0.10407512858303057,1,1.0227433422986962,4.558034876193639,7.416240159125751
Typhoon,gamma2,0.85,0.055,0.2,86,14.050491679077775,0.08103700342755302,1,1.0286192843133772,4.056584620783775,3.7068803563093327
Typhoon,gamma2,0.85,0.055,0.2,87,13.563856803832056,0.10754246005057172,1,1.125117342920927,4.71815375067653,6.177168789596628
Typhoon,gamma2,0.85,0.055,0.2,88,14.248504066196995,0.09903237147265424,1,0.8753083066378785,4.195062013010687,7.083938653009318
Typhoon,gamma2,0.85,0.055,0.2,89,12.147641231177623,0.10080060339974609,1,0.9672599273149639,3.7931072343603636,7.085577095004151
Typhoon,gamma2,0.85,0.055,0.2,90,12.502336597121245,0.11021489609220216,1,0.9803981678301138,4.109723278753581,2.985019596396731
Typhoon,gamma2,0.85,0.055,0.2,91,12.541862209742177,0.12011269518284175,1,1.0184772236188986,4.386641488221395,5.732290493351429
Typhoon,gamma2,0.85,0.055,0.2,92,13.649371204106707,0.09313904695250991,1,1.0537294499455998,4.27605318941251,4.187897705747744
Typhoon,gamma2,0.85,0.055,0.2,93,12.570482637106684,0.12170737840378758,1,1.048781641179637,4.491102268234239,7.022454226942247
Typhoon,gamma2,0.85,0.055,0.2,94,14.161896417607652,0.09797917842874802,1,1.1332494590549949,4.719011878452544,6.158956934015675
Typhoon,gamma2,0.85,0.055,0.2,95,11.812633789254644,0.10170824824954239,1,0.907721775375722,3.589229300863514,-1.016541696218996
Typhoon,gamma2,0.85,0.055,0.2,96,14.897556936069211,0.07965903250184009,1,0.9658139952227363,4.1321807933553485,4.989241789283939
Typhoon,gamma2,0.85,0.055,0.2,97,13.301611073236327,0.08588882521023673,1,1.0775603320041784,4.0466288575779,5.858935528914608
Typhoon,gamma2,0.85,0.055,0.2,98,11.942937554975853,0.11093176796252914,1,0.9499018265647282,3.8768454675828914,3.574347988229037
Typhoon,gamma2,0.85,0.055,0.2,99,11.248761092900331,0.08132351118453482,1,0.9911750433047866,3.19365451478464,1.4725627291859842
Typhoon,gamma2,0.85,0.055,0.2,100,11.707077827159706,0.11597516341602511,1,0.9675342996937075,3.921608064957235,4.014779505436478
Typhoon,gamma2,0.85,0.055,0.2,101,13.38396559390747,0.10496813173123351,1,0.9938710497763994,4.322933605854239,5.988120381322041
Typhoon,gamma2,0.85,0.055,0.2,102,11.560566463007458,0.0902682591908908,1,1.085303141396003,3.6184466891279516,5.378943662779045
Typhoon,gamma2,0.85,0.055,0.2,103,12.208803916885312,0.09675051019302691,1,0.9084282201463846,3.61947064832829,3.4800965248071414
Typhoon,gamma2,0.85,0.055,0.2,104,11.70403323554431,0.1234365879205076,1,0.9684198868110303,4.046591362032784,4.7288969547326065
Typhoon,gamma2,0.85,0.055,0.2,105,11.619950076242342,0.10624990498777272,1,1.0120484228414879,3.810387848764454,3.9860470262192185
Typhoon,gamma2,0.85,0.055,0.2,106,12.710262228584904,0.08194024778373607,1,1.1828791007112516,3.9570662965095766,5.459485219254279
Typhoon,gamma2,0.85,0.055,0.2,107,11.267690956731688,0.09325100426691305,1,0.9169272436375528,3.29480050632668,1.7142634345412067
Typhoon,gamma2,0.85,0.055,0.2,108,12.019180193759224,0.10400740833843965,1,0.9172689972018256,3.7124049333753506,0.5213803129715204
Typhoon,gamma2,0.85,0.055,0.2,109,12.497602191664983,0.08994034678391526,1,0.9860749301692585,3.7218505850566563,4.943778307609778
Typhoon,gamma2,0.85,0.055,0.2,110,10.845824648457274,0.08844153748544463,1,1.1102243326244066,3.398568996891862,-0.9017881733923285
Typhoon,gamma2,0.85,0.055,0.2,111,12.325147304235832,0.08977205370917721,1,0.905036942094723,3.5131431968921953,1.6531780415642867
Typhoon,gamma2,0.85,0.055,0.2,112,13.60161711826693,0.10827160290278298,1,1.1612292474687234,4.822883944884135,10.205563132293465
Typhoon,gamma2,0.85,0.055,0.2,113,11.521855715895864,0.11489318197818355,1,0.9543505291439474,3.8152545630905013,5.356792297289438
Typhoon,gamma2,0.85,0.055,0.2,114,12.274497464752375,0.09846617361856498,1,0.9747992347410426,3.8028118725723314,3.0441251904902713
Typhoon,gamma2,0.85,0.055,0.2,115,13.146632493704093,0.10588264794321765,1,1.0066062103759357,4.291970440737554,3.694849708812706
Typhoon,gamma2,0.85,0.055,0.2,116,11.495442064877585,0.12176072089469006,1,0.9157300044856611,3.8385129006782215,3.2395607686790675
Typhoon,gamma2,0.85,0.055,0.2,117,12.455484044706962,0.11469209584754825,1,0.9267128982476731,4.06069114165776,2.2887655705314174
Typhoon,gamma2,0.85,0.055,0.2,118,12.31443756238306,0.11291843366831412,1,0.8687178375187278,3.8568821888145632,2.964911353698468
Typhoon,gamma2,0.85,0.055,0.2,119,12.50947092445068,0.11134662332047494,1,0.920713822292474,4.00534379406139,2.9908912462879047
Typhoon,gamma2,0.85,0.055,0.2,120,12.133887625398318,0.12292538897897114,1,0.8993157949359206,4.034380673595759,3.349673335795496
Typhoon,gamma2,0.85,0.055,0.2,121,14.595789963979364,0.09999815370598922,1,0.9320238833479362,4.455917246006582,4.768145387710089
Typhoon,gamma2,0.85,0.055,0.2,122,11.979106175455042,0.1048342668894034,1,0.8524085632980252,3.5809639380955467,2.7800501961676862
Typhoon,gamma2,0.85,0.055,0.2,123,13.74644879708178,0.11100255915075488,1,1.153664712074612,4.919226491948408,3.68969249991226
Typhoon,gamma2,0.85,0.055,0.2,124,14.163697941860555,0.09927446138596518,1,0.9434951326127731,4.334762005376068,1.954755661045276
Typhoon,gamma2,0.85,0.055,0.2,125,12.923021129757265,0.11758123917002561,1,1.1666521119268543,4.786342324572211,4.46862202807705
Typhoon,gamma2,0.85,0.055,0.2,126,12.865642268198307,0.10679183035355104,1,1.055172983392625,4.318792297753983,6.4692772235946965
Typhoon,gamma2,0.85,0.055,0.2,127,12.992249143905816,0.10852773276470969,1,1.0466427741296218,4.378788260433011,5.813680161231943
Typhoon,gamma2,0.85,0.055,0.2,128,11.973280726570499,0.13100222791882232,1,1.065789054110154,4.47391917312248,2.6906343145229483
Typhoon,gamma2,0.85,0.055,0.2,129,13.361298597038274,0.09735929079040948,1,1.032077957568219,4.235392096711372,6.187872977932569
Typhoon,gamma2,0.85,0.055,0.2,130,14.47506392814608,0.0957136070270328,1,1.1700087849414913,4.84397500323208,5.486973674118265
Typhoon,gamma2,0.85,0.055,0.2,131,11.994938978416894,0.10697425993229619,1,0.9900720712454657,3.903651987277553,3.0885119923128
Typhoon,gamma2,0.85,0.055,0.2,132,11.376544987768058,0.0996465738713874,1,0.9721261913221658,3.540812226010438,1.6822942026451264
Typhoon,gamma2,0.85,0.055,0.2,133,11.332656119992025,0.12911382782051847,1,1.0178792807588322,4.10833856418787,4.296401042873297
Typhoon,gamma2,0.85,0.055,0.2,134,13.685643931096537,0.09764753871598719,1,1.0634530378527345,4.410167099979903,5.832134530508203
Typhoon,gamma2,0.85,0.055,0.2,135,15.541301746992977,0.1046679076180635,1,0.9716148344816073,4.956113371953172,7.059121100921697
Typhoon,gamma2,0.85,0.055,0.2,136,12.383057047866984,0.10553021460059085,1,0.9415174831395114,3.903286942701159,4.079374548517059
Typhoon,gamma2,0.85,0.055,0.2,137,13.915845438511516,0.10110165636902194,1,0.9148804356608518,4.232245989141573,5.259554134247807
Typhoon,gamma2,0.85,0.055,0.2,138,12.53581031565243,0.10439453767031676,1,1.120536444287565,4.287501576168117,4.1899894468669965
Typhoon,gamma2,0.85,0.055,0.2,139,14.171655560266286,0.10125024287059409,1,1.0632751319425193,4.649876877151052,7.23021506460417
Typhoon,gamma2,0.85,0.055,0.2,140,10.829117692845898,0.10255713370014932,1,0.9670484298096977,3.410359192846982,-0.09609791702623038
Typhoon,gamma2,0.85,0.055,0.2,141,12.167480558130318,0.10841031749113397,1,1.1117188794185018,4.224092886414528,4.024311059403987
Typhoon,gamma2,0.85,0.055,0.2,142,12.01724325321211,0.10809231237045502,1,1.059684605560285,4.0671535476018725,5.850751552059631
Typhoon,gamma2,0.85,0.055,0.2,143,11.27619567082242,0.11589178143977968,1,0.95980336099387,3.7607984218279604,2.290252511557819
Typhoon,gamma2,0.85,0.055,0.2,144,11.555136114939083,0.10245070305350024,1,1.0542222021506142,3.7975072908102105,4.368345092223227
Typhoon,gamma2,0.85,0.055,0.2,145,13.325786845208631,0.08948802158029502,1,0.9197417256480456,3.8230348787060007,0.5491150632987242
Typhoon,gamma2,0.85,0.055,0.2,146,11.248762441158611,0.09396231366601664,1,1.0931228132333481,3.605089700784261,2.50471310163724
Typhoon,gamma2,0.85,0.055,0.2,147,12.774810269099289,0.11167035671575337,1,0.930873372263667,4.11878112805787,7.336837432805397
Typhoon,gamma2,0.85,0.055,0.2,148,11.857227131607514,0.10858403976328458,1,1.084530076176412,4.068992944834776,2.5542794737693066
Typhoon,gamma2,0.85,0.055,0.2,149,13.293819632109223,0.09725972181481723,1,0.9622713191347949,4.066914708138183,4.126015693651495
Typhoon,gamma2,0.85,0.055,0.2,150,14.757565717381055,0.0926840331634951,1,0.9989326629340394,4.490402745659508,3.880284945655295
Typhoon,gamma2,0.85,0.055,0.2,151,10.57866976384509,0.09091922788095348,1,1.1459737092610585,3.4146504806699176,-0.13372611623243635
Typhoon,gamma2,0.85,0.055,0.2,152,14.118267560127636,0.1113873161271606,1,0.9926492763337624,4.694584852447018,4.295575775098581
Typhoon,gamma2,0.85,0.055,0.2,153,13.53204002140065,0.08011505653860419,1,1.0023296968949817,3.8346492359157494,3.4537600414205936
Typhoon,gamma2,0.85,0.055,0.2,154,13.439973608586842,0.09896831193694244,1,0.9428445904282711,4.105504704363461,6.861923580749074
Typhoon,gamma2,0.85,0.055,0.2,155,11.983901404380514,0.09634625455655647,1,0.9432372182296673,3.612651841746798,2.012284282567895
Typhoon,gamma2,0.85,0.055,0.2,156,13.838659951468545,0.11150498668440964,1,1.0397484379330046,4.712000427635894,5.220919576001579
Typhoon,gamma2,0.85,0.055,0.2,157,12.908655200820261,0.0934075635636931,1,1.0384800234736131,4.020416957180512,3.424227336174035
Typhoon,gamma2,0.85,0.055,0.2,158,12.490057538461338,0.09411945742027863,1,0.9731491789444031,3.7800179032701604,3.8467628490951578
Typhoon,gamma2,0.85,0.055,0.2,159,11.52474775560762,0.12353965715093006,1,0.9822678553000049,4.014667576546933,4.462147465182569
Typhoon,gamma2,0.85,0.055,0.2,160,13.015935022607467,0.107268983805006,1,0.975537077616006,4.210506530758996,6.321577945385819
Typhoon,gamma2,0.85,0.055,0.2,161,13.174556388773635,0.08680830749718607,1,1.1115361231571348,4.0924033890634,3.4964885168943747
Typhoon,gamma2,0.85,0.055,0.2,162,11.7776394306601,0.12452277811617767,1,1.1255602457121174,4.409273394221495,6.040835753968495
Typhoon,gamma2,0.85,0.055,0.2,163,11.607695410839801,0.09734500214702121,1,0.9474324461117793,3.5251447918629624,1.7551771563769372
Typhoon,gamma2,0.85,0.055,0.2,164,12.825088957118062,0.09882974210651331,1,1.006781376508968,4.045496258576373,5.271403568125004
Typhoon,gamma2,0.85,0.055,0.2,165,12.43219905639005,0.10106431250696288,1,1.0263935485456377,4.004089948487181,3.2511038362983165
Typhoon,gamma2,0.85,0.055,0.2,166,14.357034368154794,0.07871174873456481,1,0.9894463603145288,4.006643005636726,5.802804165226025
Typhoon,gamma2,0.85,0.055,0.2,167,12.234103087546462,0.10086743075490434,1,1.0324153148757231,3.947979002544493,1.4331080258902258
Typhoon,gamma2,0.85,0.055,0.2,168,13.379249297579882,0.08642556372385574,1,0.9138896754544921,3.7601030034576906,2.4772938869256556
Typhoon,gamma2,0.85,0.055,0.2,169,11.984596708840204,0.10534337269805218,1,0.9265135938766708,3.7441473458427983,1.6022188481541857
Typhoon,gamma2,0.85,0.055,0.2,170,13.701743384551747,0.10640453007289509,1,0.8957457446061372,4.230076926396491,2.6919067030464934
Typhoon,gamma2,0.85,0.055,0.2,171,10.893066944521937,0.10392880639515105,1,0.9946534807930928,3.5023056584258034,3.58533187462941
Typhoon,gamma2,0.85,0.055,0.2,172,13.395804595045114,0.09975378898082855,1,0.9979685730479902,4.226607669321441,4.149363882862153
Typhoon,gamma2,0.85,0.055,0.2,173,11.745973073543906,0.08233183842716227,1,1.011663740319384,3.389932102234373,2.159993551663758
Typhoon,gamma2,0.85,0.055,0.2,174,12.700834645954286,0.12128639464405333,1,1.0025309373836222,4.428811507542495,7.302917984010131
Typhoon,gamma2,0.85,0.055,0.2,175,12.159907681288093,0.07990897729930607,1,0.8892399499432081,3.2414367135388082,3.470746145036802
Typhoon,gamma2,0.85,0.055,0.2,176,12.442073824042442,0.09482039918888706,1,1.1077159539002426,4.0323467308882375,2.738453806210744
Typhoon,gamma2,0.85,0.055,0.2,177,12.611891652506683,0.10850832668094877,1,0.9325790203567839,4.011941436004936,3.7016150654080833
Typhoon,gamma2,0.85,0.055,0.2,178,11.444265661285677,0.11461015273774194,1,0.8444465841444708,3.560291586911996,0.8909832598292753
Typhoon,gamma2,0.85,0.055,0.2,179,13.395801350456164,0.09883349205423116,1,1.1798621035557146,4.5744237718918415,5.324138062030339
Typhoon,gamma2,0.85,0.055,0.2,180,11.955340969558206,0.10455880189737642,1,1.116777297915033,4.085315054135022,1.9602269452903134
Typhoon,gamma2,0.85,0.055,0.2,181,12.371194988214077,0.10217813416116277,1,0.9928784094981636,3.9403851118591278,2.662414944855621
Typhoon,gamma2,0.85,0.055,0.2,182,12.192355818778578,0.09420423544355627,1,0.9028178009846889,3.555681891066795,1.0789720647573977
Typhoon,gamma2,0.85,0.055,0.2,183,12.607703679515387,0.10224578433751742,1,0.9953036025533774,4.02194832521604,5.070252580585846
Typhoon,gamma2,0.85,0.055,0.2,184,12.938271981696577,0.10532069113287905,1,1.0733282479239021,4.350101658983414,5.615587826293929
Typhoon,gamma2,0.85,0.055,0.2,185,11.739248208377164,0.1215391640209268,1,1.0194577325938248,4.132216045924985,2.5187752871080544
Typhoon,gamma2,0.85,0.055,0.2,186,12.705209911637999,0.11054824944078559,1,0.8796441798853639,3.9619710369729098,2.97721002523319
Typhoon,gamma2,0.85,0.055,0.2,187,11.727089949473676,0.11999255447276853,1,1.0738688847698594,4.209621368188648,2.9987584214508707
Typhoon,gamma2,0.85,0.055,0.2,188,11.300450357969773,0.10841184909522551,1,1.0379549043340384,3.7907345222227087,4.164360452936755
Typhoon,gamma2,0.85,0.055,0.2,189,12.653413577359341,0.10552080229898332,1,1.0052657463243322,4.121138287215998,2.042788622193523
Typhoon,gamma2,0.85,0.055,0.2,190,13.296929822943625,0.10010392925388302,1,1.0665517342802209,4.344781115360666,5.044737568041765
Typhoon,gamma2,0.85,0.055,0.2,191,12.679258560654548,0.10126996436791746,1,1.0156486178885826,4.0663609654729305,0.3131165783571811
Typhoon,gamma2,0.85,0.055,0.2,192,12.27923391826934,0.10387616885277291,1,0.9374521961219126,3.8318085306650134,6.280830405849386
Typhoon,gamma2,0.85,0.055,0.2,193,13.600033122173429,0.11301142245248648,1,0.9138112549169588,4.370482525160714,3.3600207689838024
Typhoon,gamma2,0.85,0.055,0.2,194,12.209104253965581,0.09419215967324868,1,1.047501691993016,3.835028061659534,2.8995217743715553
Typhoon,gamma2,0.85,0.055,0.2,195,11.63221323028589,0.1457023474367857,1,0.9790856168914371,4.393452793654511,6.293674952955587
Typhoon,gamma2,0.85,0.055,0.2,196,12.690720518599898,0.09542058368228738,1,0.8968718584483895,3.7125517231596397,0.12669505377335
Typhoon,gamma2,0.85,0.055,0.2,197,13.432286812314977,0.09530785749958182,1,1.0783677514889265,4.306235290919919,4.359804366117287
Typhoon,gamma2,0.85,0.055,0.2,198,13.248671652606742,0.12510773832948321,1,1.0008089677056102,4.688026063927932,6.1956448366246235
Typhoon,gamma2,0.85,0.055,0.2,199,12.31861698048237,0.11183624437233658,1,1.0246399122273526,4.170027063665124,5.321200441424627
Typhoon,gamma2,0.85,0.055,0.2,200,12.424132187735642,0.12302955575884145,1,1.0199793760457623,4.401153203928727,4.37854879273397
Typhoon,gamma2,0.85,0.055,0.2,201,13.56583336054124,0.07718241137918373,1,0.9139593952941296,3.603040138660542,0.5226443932796025
Typhoon,gamma2,0.85,0.055,0.2,202,13.723103402434397,0.08178076036525402,1,0.9899517634645945,3.9046752945345102,3.0048153269910833
Typhoon,gamma2,0.85,0.055,0.2,203,12.492487359400291,0.1095961077687272,1,1.0103552790348533,4.157033664525456,7.071313623757042
Typhoon,gamma2,0.85,0.055,0.2,204,13.580108911097213,0.12127414363954199,1,1.1032222275591002,4.9672825340712645,10.378474610982298
Typhoon,gamma2,0.85,0.055,0.2,205,11.740739227236956,0.0905006182245577,1,0.8844029314776132,3.321592121812313,4.186771334992063
Typhoon,gamma2,0.85,0.055,0.2,206,11.63562714817662,0.09469525193543445,1,0.9277544153747287,3.4488190850214755,1.4531040421198484
Typhoon,gamma2,0.85,0.055,0.2,207,12.546864369570972,0.09717113319726312,1,1.02925105313254,3.967934523567974,5.174310245953241
Typhoon,gamma2,0.85,0.055,0.2,208,12.528820144226069,0.08089894226495153,1,1.1345773584681103,3.795759195281363,4.350039295461747
Typhoon,gamma2,0.85,0.055,0.2,209,12.9069354178376,0.09664156360401505,1,1.11617890740665,4.239083943182976,5.398271039639475
Typhoon,gamma2,0.85,0.055,0.2,210,10.895398362032152,0.09176004499247485,1,1.0213325429343911,3.335442880225446,3.7537843335140497
Typhoon,gamma2,0.85,0.055,0.2,211,11.241258957393581,0.0843586073387006,1,1.0168609554115517,3.2923836717835666,2.944253407742176
Typhoon,gamma2,0.85,0.055,0.2,212,11.852724002076037,0.10847136899267718,1,0.8628778752707695,3.6261886910849976,3.2009349466198604
Typhoon,gamma2,0.85,0.055,0.2,213,13.34351350666039,0.07454408991357789,1,1.1355465718878621,3.88221231853717,3.079574904162755
Typhoon,gamma2,0.85,0.055,0.2,214,12.431607369991518,0.0841167190656872,1,1.0230908321975154,3.646914185836951,4.1938187553726625
Typhoon,gamma2,0.85,0.055,0.2,215,12.476967513176188,0.09829888697129208,1,0.9681157992460938,3.8489919105014168,0.08937772700418312
Typhoon,gamma2,0.85,0.055,0.2,216,12.442058683513178,0.11463155257312282,1,1.091270609186146,4.400586498713375,8.883411298431371
Typhoon,gamma2,0.85,0.055,0.2,217,12.330810164003765,0.08745007829576858,1,1.0379641375598878,3.7150348088808265,3.3134289963695793
Typhoon,gamma2,0.85,0.055,0.2,218,12.515105603469854,0.11430364663053588,1,0.9032524148659327,4.021324568275433,4.348264923593348
Typhoon,gamma2,0.85,0.055,0.2,219,13.709544789545689,0.1249241113258428,1,1.1830399140765786,5.2704277938758235,7.417728003658846
Typhoon,gamma2,0.85,0.055,0.2,220,13.076949835889312,0.09206656174343678,1,0.9696000962219393,3.907092965879798,3.732366259758525
Typhoon,gamma2,0.85,0.055,0.2,221,12.94455689703289,0.09760778815076368,1,1.1639149788024936,4.363048625655424,4.444685965479215
Typhoon,gamma2,0.85,0.055,0.2,222,12.893349584037594,0.10914587903318289,1,1.1086045845643353,4.484951641363233,8.551170290155579
Typhoon,gamma2,0.85,0.055,0.2,223,11.383280085094801,0.09867832269324898,1,0.9164439383161007,3.4231919540620637,3.912097034215291
Typhoon,gamma2,0.85,0.055,0.2,224,12.584981422711449,0.09453931941196307,1,1.17751459911023,4.198962196822495,3.172200750418393
Typhoon,gamma2,0.85,0.055,0.2,225,10.687522739215412,0.11128761344299916,1,0.9729714913439498,3.5168231048714347,1.2870297850951835
Typhoon,gamma2,0.85,0.055,0.2,226,12.098693784962423,0.08816973028201379,1,1.1424465356243416,3.8398670131632286,4.883646516196813
Typhoon,gamma2,0.85,0.055,0.2,227,12.335826148028591,0.08822811956808638,1,0.9429565735869202,3.5580954789204973,2.3892753744303934
Typhoon,gamma2,0.85,0.055,0.2,228,12.366040444761751,0.09876789879472798,1,0.9535728329945679,3.795032545825532,2.848456241432014
Typhoon,gamma2,0.85,0.055,0.2,229,12.055875138540019,0.09493484679227915,1,0.9942464699602571,3.703894408118873,3.239789864186184
Typhoon,gamma2,0.85,0.055,0.2,230,13.717759500198396,0.07242415958457163,1,1.0194655985031098,3.727444659655813,0.8721561138597042
Typhoon,gamma2,0.85,0.055,0.2,231,10.891626222330611,0.09123416298033762,1,0.9359633746676872,3.1827380937263374,1.364537006550027
Typhoon,gamma2,0.85,0.055,0.2,232,12.14950383158607,0.10042666813879172,1,1.0475094968934,3.9405972870357657,2.9213235261412764
Typhoon,gamma2,0.85,0.055,0.2,233,14.040714386073171,0.11114133274215804,1,1.1410911082179929,5.000197582988045,5.900396533385544
Typhoon,gamma2,0.85,0.055,0.2,234,11.717822775272891,0.09799304270047303,1,1.0321923290845527,3.726703663357794,3.6504935620467505
Typhoon,gamma2,0.85,0.055,0.2,235,13.500538053946885,0.10986711584740996,1,0.9292463676388981,4.31370433962989,7.593296907953922
Typhoon,gamma2,0.85,0.055,0.2,236,10.430973969954092,0.11740767459643794,1,0.8864161014302043,3.36505310975702,3.097562953194794
Typhoon,gamma2,0.85,0.055,0.2,237,12.163574731761955,0.10780415144532746,1,0.8919352317266088,3.7717737180911826,3.9137426889614515
Typhoon,gamma2,0.85,0.055,0.2,238,13.112067125539587,0.09619604486512572,1,0.9209120413176155,3.9026432014894445,2.8477942065695077
Typhoon,gamma2,0.85,0.055,0.2,239,13.059538644304935,0.08602627399294634,1,1.0459101014392553,3.9173337120374025,2.674574908687235
Typhoon,gamma2,0.85,0.055,0.2,240,12.544727322635511,0.09567120691188308,1,0.9050956028093773,3.6914677582935194,4.231132951039623
Typhoon,gamma2,0.85,0.055,0.2,241,12.254695969815371,0.11349365159750488,1,1.043586046043931,4.217474424446145,4.1603686036637235
Typhoon,gamma2,0.85,0.055,0.2,242,12.984391123089232,0.0803336564039078,1,0.9752882790893065,3.6344346035712407,5.948635146233503
Typhoon,gamma2,0.85,0.055,0.2,243,13.844901589510913,0.11052763706437457,1,0.9541355712417953,4.4960419983494715,6.734315749859773
Typhoon,gamma2,0.85,0.055,0.2,244,12.039127980483714,0.1072289533554669,1,0.9254381515355723,3.7924927951464773,1.916093847047632
Typhoon,gamma2,0.85,0.055,0.2,245,12.482246729040813,0.11031664702716494,1,0.9779762164371204,4.099939385759247,5.675023186511061
Typhoon,gamma2,0.85,0.055,0.2,246,13.505696599634518,0.10155382404796769,1,0.906619333616153,4.098053446001883,4.334051398929766
Typhoon,gamma2,0.85,0.055,0.2,247,12.321109826734999,0.10513353877684531,1,1.072138816349786,4.136623359729069,1.3417122087544606
Typhoon,gamma2,0.85,0.055,0.2,248,11.592991456618286,0.09831596364295428,1,0.9429485406945322,3.5298116515429654,-0.04105615845711963
Typhoon,gamma2,0.85,0.055,0.2,249,12.861266332366771,0.1037463647336065,1,0.8465020076662035,3.8113968610960085,3.350298573063232
Typhoon,gamma2,0.85,0.055,0.2,250,12.952092665850776,0.10668780776345134,1,0.9251968096985382,4.0692502780649855,5.669368923791887
Typhoon,gamma2,0.85,0.055,0.2,251,12.510275907976663,0.09243428291107521,1,1.0434204231342497,3.8851974288695907,2.1757635518125755
Typhoon,gamma2,0.85,0.055,0.2,252,13.018912795231513,0.10856660599332199,1,0.9428959106131981,4.165380932142173,6.865402341086667
Typhoon,gamma2,0.85,0.055,0.2,253,15.01151554793208,0.11816374280487671,1,0.9623157204519166,5.062038570905702,6.949466338196637
Typhoon,gamma2,0.85,0.055,0.2,254,12.65499646714345,0.0873066859964924,1,1.0234085780048707,3.782773225320689,2.8211130136875884
Typhoon,gamma2,0.85,0.055,0.2,255,13.02140387444938,0.1026941055833908,1,0.9854977228657652,4.142460540754218,3.5145777475566717
Typhoon,gamma2,0.85,0.055,0.2,256,14.204968530251671,0.09715936963357262,1,1.0656524586215184,4.570781024857872,4.146060887574717
Typhoon,gamma2,0.85,0.055,0.2,257,13.344564466186652,0.10031880222325759,1,0.9392047983495079,4.096148797151429,5.378690846453798
Typhoon,gamma2,0.85,0.055,0.2,258,13.137091623338838,0.10739739277693537,1,0.8940203511906184,4.070706593021556,4.760772817665866
Typhoon,gamma2,0.85,0.055,0.2,259,11.770183080801766,0.11273960641038659,1,1.013543065087118,3.978712685088714,4.913190839512241
Typhoon,gamma2,0.85,0.055,0.2,260,10.784959678868695,0.11437833277405002,1,0.9293986539336686,3.5163445766357304,2.459036709839105
Typhoon,gamma2,0.85,0.055,0.2,261,13.597080542966081,0.09903979051382004,1,1.0947083074162585,4.477130295145549,7.720038480344459
Typhoon,gamma2,0.85,0.055,0.2,262,12.105722228637624,0.10738944910302381,1,1.0385606231276872,4.042848229692303,3.6081353219861865
Typhoon,gamma2,0.85,0.055,0.2,263,10.346589163786323,0.07719561399451798,1,1.0479161623172721,2.942773164230379,0.534751566764287
Typhoon,gamma2,0.85,0.055,0.2,264,11.521005426056838,0.1188896201141434,1,0.912964520309739,3.7956774608809027,2.0749391350481208
Typhoon,gamma2,0.85,0.055,0.2,265,12.656374179256948,0.10870065201823421,1,0.9733212336732553,4.116740382266858,3.970387040792935
Typhoon,gamma2,0.85,0.055,0.2,266,11.783360324886832,0.102067684927802,1,0.9597870588848776,3.6880834169286993,5.937120893042362
Typhoon,gamma2,0.85,0.055,0.2,267,12.375353185068434,0.09861590287691704,1,1.0354252754030524,3.954489812021707,2.0794760247312274
Typhoon,gamma2,0.85,0.055,0.2,268,12.295899753852572,0.11052872694173821,1,1.0068491153765773,4.101853017442803,4.205914741744805
Typhoon,gamma2,0.85,0.055,0.2,269,13.189761116933173,0.10488903934889164,1,0.9921932521877336,4.2550054283922725,5.159332583918894
Typhoon,gamma2,0.85,0.055,0.2,270,12.031171923820503,0.10581387316152978,1,0.9804103674840275,3.875102425212675,4.805310825414307
Typhoon,gamma2,0.85,0.055,0.2,271,11.03668992966507,0.10367004085998383,1,0.9162916096722712,3.4015928595699623,2.564593641714872
Typhoon,gamma2,0.85,0.055,0.2,272,12.79299307010669,0.10052681601747455,1,1.1486178606363535,4.347112813684785,4.325461198576966
Typhoon,gamma2,0.85,0.055,0.2,273,13.413493830471452,0.10838645055845089,1,0.9799516447177137,4.371512595432611,4.052706473683796
Typhoon,gamma2,0.85,0.055,0.2,274,12.917331074247803,0.0834886660756536,1,1.0089636154168005,3.749076519447445,0.6330177102944339
Typhoon,gamma2,0.85,0.055,0.2,275,12.003694695026349,0.11194214316444201,1,1.1575987410985504,4.321064733772813,5.445474916303898
Typhoon,gamma2,0.85,0.055,0.2,276,12.526516231212579,0.10609746237560845,1,1.071853813856092,4.224259433352745,8.777416142812646
Typhoon,gamma2,0.85,0.055,0.2,277,12.661575961284102,0.08697253854237305,1,1.0235296693268874,3.7777138302064217,2.42392540482033
Typhoon,gamma2,0.85,0.055,0.2,278,10.983804010112992,0.09781006152413942,1,1.0484551765248789,3.5173815006838387,1.5260222039309679
Typhoon,gamma2,0.85,0.055,0.2,279,12.236973589551745,0.10820179347521462,1,1.0289860557426103,4.083156229135191,5.4283368361673885
Typhoon,gamma2,0.85,0.055,0.2,280,13.333252875515344,0.08104991052821542,1,0.8844804752547373,3.569903782537951,2.113971518796413
Typhoon,gamma2,0.85,0.055,0.2,281,10.888134134136584,0.10469218174912838,1,0.943414698196343,3.421857397102317,3.6293406437414326
Typhoon,gamma2,0.85,0.055,0.2,282,12.592675852382031,0.08537905483197328,1,0.9496382799145314,3.5856905123108778,3.4762979684709556
Typhoon,gamma2,0.85,0.055,0.2,283,14.198542752570235,0.10607071712105352,1,0.9922937366485499,4.606400037125497,9.462972439503318
Typhoon,gamma2,0.85,0.055,0.2,284,13.953850557069792,0.11173497087088065,1,1.0591057887204556,4.800188569039753,8.015663961859289
Typhoon,gamma2,0.85,0.055,0.2,285,11.177610316499724,0.10784332978055128,1,0.9750770179783494,3.6246415904344107,2.6471277351900904
Typhoon,gamma2,0.85,0.055,0.2,286,11.7108334611404,0.08020912345538389,1,0.98834452374234,3.297265133533054,0.5382779825215727
Typhoon,gamma2,0.85,0.055,0.2,287,12.806177441369575,0.11417902204998466,1,1.020015200064347,4.370347760412837,5.223948835838465
Typhoon,gamma2,0.85,0.055,0.2,288,14.580567963642293,0.10166360006457921,1,0.9398217528117123,4.506920842060845,3.5479510295910877
Typhoon,gamma2,0.85,0.055,0.2,289,15.597872517014574,0.0865571428182882,1,0.9740804419234492,4.52912424234626,6.097890710069796
Typhoon,gamma2,0.85,0.055,0.2,290,12.608795053242279,0.095027035656038,1,1.0404076920419918,3.964596139391113,3.5487265320167642
Typhoon,gamma2,0.85,0.055,0.2,291,11.586580362328741,0.09910104433062258,1,0.9924877558989701,3.6337661298242914,1.2161595858827532
Typhoon,gamma2,0.85,0.055,0.2,292,12.818309662763564,0.10577110295400126,1,0.9842507626549349,4.135872629469809,6.628695223524405
Typhoon,gamma2,0.85,0.055,0.2,293,11.873164484117249,0.1232164352633038,1,1.1331115280246786,4.43646575347631,4.037436582226729
Typhoon,gamma2,0.85,0.055,0.2,294,13.805164162226689,0.09114130297776536,1,1.0734566502749685,4.318087588259727,5.648521706376214
Typhoon,gamma2,0.85,0.055,0.2,295,14.06707481322491,0.10651535604814104,1,0.8745169698711689,4.293327611912528,4.99824504890978
Typhoon,gamma2,0.85,0.055,0.2,296,13.83916457991728,0.12336127689212602,1,1.1473343979747015,5.206481256848324,7.066078485381027
Typhoon,gamma2,0.85,0.055,0.2,297,13.344542178203309,0.09804855072544261,1,1.0763728915772057,4.3351651203223005,7.806573794058059
Typhoon,gamma2,0.85,0.055,0.2,298,15.276238886283208,0.10708836525890524,1,1.054695618255952,5.133944346735338,8.972794640273253
Typhoon,gamma2,0.85,0.055,0.2,299,11.94457246273295,0.11355619106556077,1,1.1289176328861317,4.276683845299844,4.045718582791942
Typhoon,gamma2,0.85,0.055,0.2,300,14.426487453390765,0.08256625389549667,1,1.0083696547533394,4.1626680211283595,3.0974739540052516
Typhoon,gamma2,0.85,0.055,0.2,301,13.130595354304724,0.08583998116968898,1,1.0892493419020857,4.01506774907917,6.458104939490275
Typhoon,gamma2,0.85,0.055,0.2,302,12.245703608305556,0.08714730597613059,1,1.0352550623543075,3.6781921075094948,1.6643237734326732
Typhoon,gamma2,0.85,0.055,0.2,303,11.711610298078194,0.08706291862283512,1,0.947289278220674,3.3633691377368122,3.054293074191426
Typhoon,gamma2,0.85,0.055,0.2,304,10.668794981388038,0.1300951681545398,1,1.0456727051767674,3.9349918652217304,3.4772087152531093
Typhoon,gamma2,0.85,0.055,0.2,305,14.002542078316479,0.11430517899839626,1,0.95647692949464,4.629958412072761,5.420853861783154
Typhoon,gamma2,0.85,0.055,0.2,306,11.231808633923299,0.07989519385022673,1,0.9480620088299859,3.0912091812779203,2.3403892585935973
Typhoon,gamma2,0.85,0.055,0.2,307,13.013665453692102,0.10561449802667836,1,1.0424776327844167,4.3181207284091,3.537562903160152
Typhoon,gamma2,0.85,0.055,0.2,308,12.464654014850097,0.09311475479747051,1,0.8638606647070248,3.5351783569279847,1.7177944292009906
Typhoon,gamma2,0.85,0.055,0.2,309,12.67579899501419,0.08827179319715069,1,0.9465324845449419,3.6639883156255686,1.870065215038435
Typhoon,gamma2,0.85,0.055,0.2,310,14.08300019214091,0.09131723017969146,1,1.1037642754769716,4.4710519599698495,5.888811361053893
Typhoon,gamma2,0.85,0.055,0.2,311,12.775704190699544,0.09141213807710116,1,1.0720981627006556,3.9994848582540525,3.5028415721525556
Typhoon,gamma2,0.85,0.055,0.2,312,11.061811742733562,0.09044052423282174,1,1.0422061865383765,3.3961324696786974,1.1925234784991958
Typhoon,gamma2,0.85,0.055,0.2,313,12.559369296252862,0.0904618480701635,1,1.1904216131304404,4.1214587752320915,3.8642531381499374
Typhoon,gamma2,0.85,0.055,0.2,314,12.499069365198809,0.10203334145353936,1,0.9306262850677076,3.851557540084965,2.903474549166119
Typhoon,gamma2,0.85,0.055,0.2,315,12.59451187205449,0.10826314449487982,1,0.9301603516803705,3.9966909808159214,3.84221628075713
Typhoon,gamma2,0.85,0.055,0.2,316,14.073209878521245,0.11089718852591475,1,0.8814601310332494,4.400021203603043,3.4539941199175104
Typhoon,gamma2,0.85,0.055,0.2,317,10.55617990401169,0.07900233576257691,1,0.9993955824398024,2.966166062935241,1.37451069910548
Typhoon,gamma2,0.85,0.055,0.2,318,12.694435431118226,0.09314314749009386,1,0.89187410319575,3.6588164464596695,1.5050209878325789
Typhoon,gamma2,0.85,0.055,0.2,319,11.503593736779024,0.08541647733240823,1,1.0212026627137707,3.3975067894675495,-0.3117543373144591
Typhoon,gamma2,0.85,0.055,0.2,320,12.164555590346191,0.0832057380905809,1,1.1003667175146468,3.6807948201498215,6.586229992734394
Typhoon,gamma2,0.85,0.055,0.2,321,14.986350051940924,0.09654494143213571,1,0.9574745752032422,4.556425352171728,4.615830892029832
Typhoon,gamma2,0.85,0.055,0.2,322,12.947595178260368,0.12190659450591447,1,1.0772483881332713,4.692028466740608,6.620247894922727
Typhoon,gamma2,0.85,0.055,0.2,323,11.18684537010469,0.12343534878243635,1,1.158972453216997,4.231204015761152,4.0050881934603995
Typhoon,gamma2,0.85,0.055,0.2,324,12.770608234760351,0.09847956353523195,1,1.1304897905030495,4.261063066120735,5.0790947393085215
Typhoon,gamma2,0.85,0.055,0.2,325,15.420649616007843,0.08473925037146583,1,1.070412394354204,4.644302967211772,7.245007749831592
Typhoon,gamma2,0.85,0.055,0.2,326,11.580385491632608,0.09477880582626905,1,0.9385325814282311,3.4538487070316886,1.9042731382411395
Typhoon,gamma2,0.85,0.055,0.2,327,12.58666205523216,0.07901950020989841,1,0.8862698780576311,3.330893181849327,1.489327421834595
Typhoon,gamma2,0.85,0.055,0.2,328,12.878575512362161,0.10053194772801827,1,0.982342729783847,4.047169511990775,5.163406092051942
Typhoon,gamma2,0.85,0.055,0.2,329,12.747418064412274,0.09226215330421333,1,0.979173732972806,3.831456504407535,4.296440732742265
Typhoon,gamma2,0.85,0.055,0.2,330,14.162573518630138,0.08951275149082742,1,1.039617377508655,4.320374518003172,1.5711268669578626
Typhoon,gamma2,0.85,0.055,0.2,331,11.622870448738897,0.09333637164479885,1,0.998965720128011,3.549066581397251,1.5371062465897574
Typhoon,gamma2,0.85,0.055,0.2,332,11.096834966724506,0.10690070317439695,1,0.9207513321868955,3.481453397545485,-0.6505237785599599
Typhoon,gamma2,0.85,0.055,0.2,333,13.123941984382643,0.11914535362783185,1,0.9428658936962273,4.398735217281571,5.753221499534137
Typhoon,gamma2,0.85,0.055,0.2,334,12.998534827242961,0.10575990268480309,1,1.0275471404935241,4.285049082937694,4.830999867088502
Typhoon,gamma2,0.85,0.055,0.2,335,14.309071565332282,0.09087264969251498,1,1.0318696445931073,4.381678108959569,5.131320478494733
Typhoon,gamma2,0.85,0.055,0.2,336,12.486937746951085,0.10407222974521523,1,0.965939452339821,3.959116929879941,4.286535300010607
Typhoon,gamma2,0.85,0.055,0.2,337,13.245092096887825,0.11073043642608131,1,0.9442146867124046,4.282761243417741,6.887711224310279
Typhoon,gamma2,0.85,0.055,0.2,338,12.488064636382997,0.1135109397491564,1,1.0787408205098032,4.3699106184540355,4.467493364557625
Typhoon,gamma2,0.85,0.055,0.2,339,14.538667795884377,0.09990800453095983,1,1.061503851612762,4.734624518190967,9.965565632738345
Typhoon,gamma2,0.85,0.055,0.2,340,13.164652005293078,0.08690658652022551,1,0.8950402771996449,3.6716140167790883,5.752048234091747
Typhoon,gamma2,0.85,0.055,0.2,341,13.013668040196846,0.12173624159301237,1,1.0669119440600403,4.6900120398045715,6.816177290770396
Typhoon,gamma2,0.85,0.055,0.2,342,12.052662222423688,0.09228815757736099,1,0.9866398144628491,3.636932928192573,4.338113193713741
Typhoon,gamma2,0.85,0.055,0.2,343,11.94979815210642,0.10500869394472238,1,0.9761515079910175,3.8258841285926573,4.9134858875192275
Typhoon,gamma2,0.85,0.055,0.2,344,13.747075199373159,0.09593239035762031,1,1.0762257010539393,4.417175156404408,4.984606917421197
Typhoon,gamma2,0.85,0.055,0.2,345,13.364418913673543,0.10034746492499459,1,0.9045385270259717,4.026399076528448,2.018583148551338
Typhoon,gamma2,0.85,0.055,0.2,346,11.032219124295285,0.11981536902399001,1,1.022585118803717,3.8616141601378065,4.662676929286697
Typhoon,gamma2,0.85,0.055,0.2,347,12.314944504192471,0.09573207770330937,1,0.9820551603862613,3.7759752798051687,5.110547490738856
Typhoon,gamma2,0.85,0.055,0.2,348,11.782018590670905,0.08223940328128979,1,1.019947611106876,3.412311041702618,1.6082080654870736
Typhoon,gamma2,0.85,0.055,0.2,349,14.411935377337038,0.10530546297440388,1,1.0374009364668737,4.763444119892399,6.3926607729939136
Typhoon,gamma2,0.85,0.055,0.2,350,13.435438080721857,0.11788593922986335,1,0.9410712229227798,4.475010744625429,4.045061097486956
Typhoon,gamma2,0.85,0.055,0.2,351,13.565156418093203,0.0808708735562381,1,1.0471895619348581,3.947603500509819,1.258824048622074
Typhoon,gamma2,0.85,0.055,0.2,352,14.305972424558462,0.083004911220384,1,1.0703328978009967,4.26411310084696,5.8397241353205835
Typhoon,gamma2,0.85,0.055,0.2,353,12.111409121674514,0.0919408750834779,1,0.9368948370223058,3.5546301001926652,4.04791319635865
Typhoon,gamma2,0.85,0.055,0.2,354,11.329010904657851,0.09140988287284182,1,1.0332031786889158,3.4816205563269387,0.8379715335386904
Typhoon,gamma2,0.85,0.055,0.2,355,11.672207132072458,0.09259873174914554,1,0.9578770778385902,3.4762451457850383,0.5344028124744258
Typhoon,gamma2,0.85,0.055,0.2,356,12.322248922879867,0.09815728852349558,1,0.9574871124282072,3.777615249191907,4.753604794257345
Typhoon,gamma2,0.85,0.055,0.2,357,11.63609942894706,0.08233912877804937,1,0.9616318226603308,3.2742736317222825,2.2093752776256976
Typhoon,gamma2,0.85,0.055,0.2,358,12.142581275511253,0.11325263909577499,1,1.1264000232282139,4.336920987301041,4.14225827308501
Typhoon,gamma2,0.85,0.055,0.2,359,13.785357913410975,0.10816323837714162,1,0.9108607425358562,4.326969952591616,7.702097453055497
Typhoon,gamma2,0.85,0.055,0.2,360,12.677869889501306,0.12232212996502533,1,0.9230612580239063,4.2600438503429165,0.7274218292666443
Typhoon,gamma2,0.85,0.055,0.2,361,12.282872882303673,0.10421070894977558,1,1.045795551523017,4.0548942042222365,3.239880849190279
Typhoon,gamma2,0.85,0.055,0.2,362,13.525185924916384,0.0823171071793042,1,0.9827417396436797,3.8468742935408815,1.567608312020028
Typhoon,gamma2,0.85,0.055,0.2,363,13.684073981557562,0.0982532913084148,1,0.9379436843768469,4.154103844904083,4.369123511808201
Typhoon,gamma2,0.85,0.055,0.2,364,12.304645962955785,0.1145588755393097,1,1.1153579349148006,4.398358493284499,3.012431673226846
Typhoon,gamma2,0.85,0.055,0.2,365,12.38286174309225,0.10427494555995719,1,0.9642488648974101,3.926499785020856,2.3383792488064756
Typhoon,gamma2,0.85,0.055,0.2,366,13.340719773932458,0.11425794662667732,1,0.9787510358428669,4.4612708079888765,11.583301841394631
Typhoon,gamma2,0.85,0.055,0.2,367,12.62098938807352,0.1056367737217519,1,1.0325488531884224,4.168274104740948,5.953846736665833
Typhoon,gamma2,0.85,0.055,0.2,368,11.462879019605822,0.09104081719205899,1,0.9911065169592704,3.4432768952878496,-0.22137409446196865
Typhoon,gamma2,0.85,0.055,0.2,369,12.144374447046605,0.0761473055090257,1,1.0161745034124947,3.378209403454584,3.791366507332315
Typhoon,gamma2,0.85,0.055,0.2,370,14.209814429387334,0.10335594623687429,1,0.9924359295090496,4.551005700014619,6.91244071191861
Typhoon,gamma2,0.85,0.055,0.2,371,12.724868523863819,0.10031389892702927,1,1.0506653959282075,4.131103477711169,4.521368199683416
Typhoon,gamma2,0.85,0.055,0.2,372,12.067721969915352,0.09479837488581594,1,0.9900192536207335,3.6969839264903426,4.770904560892847
Typhoon,gamma2,0.85,0.055,0.2,373,12.40633435986558,0.10062069148359683,1,0.9629258677609152,3.861744681794076,5.072023368667014
Typhoon,gamma2,0.85,0.055,0.2,374,12.885258507795843,0.09807321406889769,1,1.0469874520121987,4.128944815438834,6.900159515025019
Typhoon,gamma2,0.85,0.055,0.2,375,12.925247932094921,0.09873244323503579,1,0.9537769815883524,3.966361035750434,4.646816389681632
Typhoon,gamma2,0.85,0.055,0.2,376,13.223925978644482,0.09533407970634335,1,0.9338784801504098,3.9457510683379793,2.247371631319722
Typhoon,gamma2,0.85,0.055,0.2,377,13.173963019997348,0.09041926004409001,1,1.0251824855242144,4.01095235657158,2.9217344680165587
Typhoon,gamma2,0.85,0.055,0.2,378,12.613291551715266,0.09833157874294664,1,0.9794926856347893,3.914493164234405,2.3490119597551047
Typhoon,gamma2,0.85,0.055,0.2,379,13.076494408102567,0.11688354354802187,1,0.9462840319434621,4.348893506857784,5.378284817574944
Typhoon,gamma2,0.85,0.055,0.2,380,13.198857569910587,0.0777880161158758,1,0.9620671720992267,3.6107331067440542,2.4375794539799442
Typhoon,gamma2,0.85,0.055,0.2,381,11.827106041445948,0.10298092137219661,1,0.9791685182811727,3.7556542016865895,2.4809603389159385
Typhoon,gamma2,0.85,0.055,0.2,382,11.736323288132699,0.1191427253094411,1,0.9391654159624037,3.9258786825372556,3.789954941317038
Typhoon,gamma2,0.85,0.055,0.2,383,14.114053444574951,0.11055584991782928,1,0.9265252093439629,4.517219992458386,7.7930399147876965
Typhoon,gamma2,0.85,0.055,0.2,384,12.428738909036925,0.11164193831932807,1,0.9668943917945654,4.083478464347147,6.515168384854311
Typhoon,gamma2,0.85,0.055,0.2,385,12.406435952298615,0.10557195264654644,1,1.0857996929155909,4.20045341218984,3.778315913842967
Typhoon,gamma2,0.85,0.055,0.2,386,12.217277522390562,0.10624833436622319,1,1.0579463428274911,4.096069578631298,2.7963228337713155
Typhoon,gamma2,0.85,0.055,0.2,387,11.751199040794678,0.09419521629750831,1,0.9888522323991645,3.5864295598768816,0.8869168632920716
Typhoon,gamma2,0.85,0.055,0.2,388,11.299525615804852,0.1099115143883852,1,0.8679477809297905,3.4900255425912743,4.124298679910955
Typhoon,gamma2,0.85,0.055,0.2,389,13.092873276546053,0.08886729858118336,1,1.0244473108685401,3.950488183561972,4.9655896050822514
Typhoon,gamma2,0.85,0.055,0.2,390,13.121481114270152,0.10887473917689143,1,0.8523271737819221,3.997142127721543,6.264326977651447
Typhoon,gamma2,0.85,0.055,0.2,391,11.787076585953297,0.11881551071124724,1,1.0673358444493337,4.19752433101574,6.962548405634682
Typhoon,gamma2,0.85,0.055,0.2,392,12.630464668328383,0.1026414514171055,1,0.8297620204573588,3.686018383956318,4.917168232161854
Typhoon,gamma2,0.85,0.055,0.2,393,13.228341087976624,0.10603011411731386,1,0.925099953443485,4.142994230226035,5.083104974425029
Typhoon,gamma2,0.85,0.055,0.2,394,10.35312799078702,0.09019608034235668,1,1.0288562328394706,3.153862547450226,2.4115699398374506
Typhoon,gamma2,0.85,0.055,0.2,395,12.68007464134798,0.10347841854860788,1,1.0732595272293841,4.225704049413983,4.568805117956968
Typhoon,gamma2,0.85,0.055,0.2,396,10.763964354909339,0.11660272178294744,1,1.069189165442033,3.8006149252843406,2.3365468886084404
Typhoon,gamma2,0.85,0.055,0.2,397,13.390178954085286,0.10615738368167771,1,0.8996173299360759,4.137999091185398,6.799566965537838
Typhoon,gamma2,0.85,0.055,0.2,398,12.879018214167758,0.12779218086446517,1,1.0694881986400182,4.761270950056474,7.302845683105125
Typhoon,gamma2,0.85,0.055,0.2,399,13.544820044333017,0.08234779887601204,1,0.9625798141426866,3.813446096650381,3.559712054515864
Typhoon,ph,0.9,0.055,0.2,0,13.12662299549206,0.1107605841319202,1,0.9032327508625992,4.151886466798274,4.220226980223802
Typhoon,ph,0.9,0.055,0.2,1,13.401648940784725,0.09823501445742905,1,0.9798320762638492,4.157834708736736,4.068412005226853
Typhoon,ph,0.9,0.055,0.2,2,11.9417276511683,0.09259885785819796,1,1.0291781511556226,3.686508640420105,3.8651002631147082
Typhoon,ph,0.9,0.055,0.2,3,12.771348507790147,0.10481820838484912,1,1.0266880456002305,4.18961749998152,3.933170229743759
Typhoon,ph,0.9,0.055,0.2,4,12.745150706107756,0.07892141036671083,1,0.9482633725125639,3.4866381836351468,3.558568324175103
Typhoon,ph,0.9,0.055,0.2,5,11.884049424605099,0.10255788967403931,1,0.9891366858832527,3.785098119758294,3.8195915107000467
Typhoon,ph,0.9,0.055,0.2,6,11.444150700221863,0.08199977011658198,1,1.1994303406742302,3.589032580467063,3.6836607532861834
Typhoon,ph,0.9,0.055,0.2,7,11.059343566421413,0.08777184601809761,1,1.0340709189134953,3.3318245856714257,3.529306538454088
Typhoon,ph,0.9,0.055,0.2,8,13.930814562343944,0.08408076124385841,1,1.0934865512121208,4.224074329795829,4.349942769131695
Typhoon,ph,0.9,0.055,0.2,9,11.601318353186022,0.12309942420033133,1,1.0039428571544622,4.078400321113085,4.024553758128143
Typhoon,ph,0.9,0.055,0.2,10,12.174989642884773,0.07902665656738679,1,1.0296399582137836,3.472946544885755,3.873540741894508
Typhoon,ph,0.9,0.055,0.2,11,14.315069490077928,0.09567694212115892,1,0.9713120354091008,4.363917070599545,4.142868321198116
Typhoon,ph,0.9,0.055,0.2,12,12.956816017146156,0.11113993874056723,1,0.8403535618998829,3.9597192154029526,3.931176539664757
Typhoon,ph,0.9,0.055,0.2,13,11.979684786321641,0.09283748927477799,1,0.8835676176780339,3.431049468207479,3.604321254502416
Typhoon,ph,0.9,0.055,0.2,14,13.34261303438716,0.10358646788103201,1,0.9885775190897206,4.269703997411224,4.076039154783937
Typhoon,ph,0.9,0.055,0.2,15,12.942930675952342,0.11236182255506227,1,0.9548336895869193,4.239414486464214,4.284057599622683
Typhoon,ph,0.9,0.055,0.2,16,12.141483068788549,0.07512331548238457,1,0.9283097542486172,3.2063104381931984,3.5689114240233115
Typhoon,ph,0.9,0.055,0.2,17,12.211696720307787,0.10051269519645599,1,0.9795016331268441,3.831678405985335,4.01798688614226
Typhoon,ph,0.9,0.055,0.2,18,10.71759565498918,0.08174811551522485,1,0.9203439711221872,2.939756295874754,3.2915322759527887
Typhoon,ph,0.9,0.055,0.2,19,11.981207189039287,0.10198781924804294,1,0.9178889713304237,3.665808780093226,3.969240862325537
Typhoon,ph,0.9,0.055,0.2,20,12.353744378811827,0.09205253866041883,1,1.0764511991256835,3.8887826350520953,3.950489166689461
Typhoon,ph,0.9,0.055,0.2,21,11.608682658980511,0.10297443753687582,1,0.904945153318537,3.5437149656526006,3.6218446559452584
Typhoon,ph,0.9,0.055,0.2,22,14.116333077956362,0.09927569308554407,1,1.0457936256729148,4.548480698767059,4.578532902083839
Typhoon,ph,0.9,0.055,0.2,23,12.644765378832375,0.11253082171617113,1,0.92848826673361,4.08728320354883,3.839741530417404
Typhoon,ph,0.9,0.055,0.2,24,13.861677071992016,0.08162546569711933,1,1.0105907173009747,3.981220810296716,4.21589618798813
Typhoon,ph,0.9,0.055,0.2,25,11.651721682609406,0.10434468533787045,1,1.065463682581133,3.8850319496287478,3.9612658791606443
Typhoon,ph,0.9,0.055,0.2,26,12.561608252844506,0.08389054310969722,1,0.9827092292765389,3.6067352614724295,3.9022187460266173
Typhoon,ph,0.9,0.055,0.2,27,12.890111282715212,0.10607286248719618,1,0.8342700694941343,3.8345300245157983,4.084737388240287
Typhoon,ph,0.9,0.055,0.2,28,11.873695380335436,0.11909583564140294,1,1.0964704073209162,4.290744440111541,4.378250018565781
Typhoon,ph,0.9,0.055,0.2,29,12.631782591047415,0.11184995894898352,1,0.9648855586230687,4.149735919724148,4.340097687749947
Typhoon,ph,0.9,0.055,0.2,30,10.586752478695047,0.09794819960719212,1,0.9582279439491371,3.2433618490815506,3.3782644425559707
Typhoon,ph,0.9,0.055,0.2,31,14.204483033456203,0.10359341843132377,1,1.0590397431781895,4.704870171332097,4.530983645449187
Typhoon,ph,0.9,0.055,0.2,32,13.412712573581715,0.09555324020748143,1,1.0267913154381425,4.2012683337004715,3.7599317266778667
Typhoon,ph,0.9,0.055,0.2,33,11.69697215859734,0.11466916852819545,1,1.2,4.338977628397613,4.415457634357095
Typhoon,ph,0.9,0.055,0.2,34,13.072763747414923,0.10152065458620804,1,0.9907438080229543,4.145961841953574,4.216121245510894
Typhoon,ph,0.9,0.055,0.2,35,11.431807700619618,0.0955105767349161,1,1.0925337352937265,3.6928194295547674,4.0156923002230975
Typhoon,ph,0.9,0.055,0.2,36,11.709623437306458,0.09931903924937903,1,1.2,4.042497937609963,3.983654249148509
Typhoon,ph,0.9,0.055,0.2,37,13.669253326058694,0.10692540846503681,1,1.105233697075989,4.699074277540813,4.430145728840157
Typhoon,ph,0.9,0.055,0.2,38,14.87431600766573,0.1142109099547828,1,0.996375771103641,5.017673275135274,4.834185184826686
Typhoon,ph,0.9,0.055,0.2,39,11.639975128575635,0.10434823312700757,1,0.9841624119354149,3.7301645400795986,3.7443496575408037
Typhoon,ph,0.9,0.055,0.2,40,13.538503564797901,0.09405629147684923,1,0.9531285578142594,4.053594763493537,4.1908511993757465
Typhoon,ph,0.9,0.055,0.2,41,12.470291017906387,0.1062205993620446,1,1.0124654515911353,4.089508063506709,3.744269422831602
Typhoon,ph,0.9,0.055,0.2,42,14.961933267393963,0.1034193980552377,1,0.9660662497188552,4.729248896716749,4.686180760002047
Typhoon,ph,0.9,0.055,0.2,43,13.388887781584065,0.10299578903517864,1,1.0353043200382295,4.372081501252781,4.180902180463872
Typhoon,ph,0.9,0.055,0.2,44,13.855802427851687,0.12240058410032761,1,1.0631271940807188,4.998227743573659,4.680852275140065
Typhoon,ph,0.9,0.055,0.2,45,12.312106697154343,0.09075938381874823,1,1.0473259467854041,3.7959376586591844,4.0083310385657365
Typhoon,ph,0.9,0.055,0.2,46,12.126896392747955,0.09773943186702468,1,1.0336548407033803,3.8545381079829344,4.073393975854157
Typhoon,ph,0.9,0.055,0.2,47,12.681410621125472,0.11503325937527988,1,1.060517118477979,4.429330831015418,4.355692691063359
Typhoon,ph,0.9,0.055,0.2,48,12.661408037827503,0.10813525631339145,1,0.8952821603699986,3.939541024061534,3.868217009587234
Typhoon,ph,0.9,0.055,0.2,49,11.67871174017299,0.0959616491314732,1,1.081301126555351,3.7619855082714815,3.9261327600789255
Typhoon,ph,0.9,0.055,0.2,50,12.586210933119,0.12169885431615708,1,0.9533051058034877,4.287007173833878,4.144788202254839
Typhoon,ph,0.9,0.055,0.2,51,12.80892747010445,0.09886943996520524,1,1.0777413338628876,4.181201266266499,4.132748236666809
Typhoon,ph,0.9,0.055,0.2,52,13.221852576717088,0.08595774438603634,1,1.0303941349484,3.9349254143086276,3.918011418474284
Typhoon,ph,0.9,0.055,0.2,53,15.940624169761369,0.11426396892781215,1,0.9714242022615583,5.310854885017727,4.864555995737427
Typhoon,ph,0.9,0.055,0.2,54,13.408768688102445,0.1123207695502408,1,0.9763317246558209,4.440354407400547,4.056385866410492
Typhoon,ph,0.9,0.055,0.2,55,10.850348460494613,0.09112749336870368,1,1.094489802296268,3.4266855859068346,3.606513656764147
Typhoon,ph,0.9,0.055,0.2,56,11.61374826217261,0.09411347903086323,1,0.9004490253322228,3.380865457635923,3.5437936049314347
Typhoon,ph,0.9,0.055,0.2,57,11.760657459318619,0.13916062924916037,1,1.0540736074112866,4.504278783579724,4.166900633111945
Typhoon,ph,0.9,0.055,0.2,58,12.365376672537685,0.08479838163955816,1,1.2,3.944498137217633,3.9310803861215464
Typhoon,ph,0.9,0.055,0.2,59,12.28820077696743,0.09337435323889783,1,1.0242208052923727,3.8001338936839164,4.145564790768042
Typhoon,ph,0.9,0.055,0.2,60,14.441987013986342,0.11620196573252843,1,1.0529447034680692,5.051687415291315,4.883205055672052
Typhoon,ph,0.9,0.055,0.2,61,14.049094028086865,0.09529814215255822,1,1.0148327002514053,4.369057522240657,4.111350776500587
Typhoon,ph,0.9,0.055,0.2,62,13.08644602277465,0.09362065033831594,1,0.9155098619316506,3.831237354895165,4.027433685866548
Typhoon,ph,0.9,0.055,0.2,63,12.126728523108802,0.07455952850854344,1,0.8711197641902109,3.0905385517363673,3.366110873965084
Typhoon,ph,0.9,0.055,0.2,64,11.56517257839725,0.10675886979592161,1,0.9464555365792338,3.6762429917994996,3.8686821311375232
Typhoon,ph,0.9,0.055,0.2,65,13.15942946074725,0.12130667550875777,1,1.0014816096570012,4.586705964949307,4.624310031221451
Typhoon,ph,0.9,0.055,0.2,66,12.746236510141543,0.09020426315827346,1,0.9148547298058703,3.6616056806335737,4.0252250377036605
Typhoon,ph,0.9,0.055,0.2,67,15.263799449614401,0.11544759775300883,1,1.0102160442310548,5.21269401155766,4.873392527889284
Typhoon,ph,0.9,0.055,0.2,68,12.859558344773317,0.09950416787073611,1,1.0648269702356794,4.185874570239809,4.4426432704141074
Typhoon,ph,0.9,0.055,0.2,69,13.41622066560944,0.10107321707072575,1,0.9626988442019787,4.1849807296249875,4.041989508917582
Typhoon,ph,0.9,0.055,0.2,70,11.744953346568508,0.08272787311456725,1,0.8774444594054756,3.16436843344532,3.4028751507410466
Typhoon,ph,0.9,0.055,0.2,71,11.969261664681124,0.11607771343270175,1,0.9642642774718913,4.004421851912524,4.135088106940913
Typhoon,ph,0.9,0.055,0.2,72,13.064520990507045,0.10885622130250731,1,1.066254552828539,4.450927985736423,4.325211586877877
Typhoon,ph,0.9,0.055,0.2,73,12.666641423461844,0.10373857773676894,1,1.0747313127010736,4.229427378944404,4.177304977364902
Typhoon,ph,0.9,0.055,0.2,74,11.96011544440049,0.10305732519915031,1,0.9839358488655848,3.8085371555954186,3.8976220012760345
Typhoon,ph,0.9,0.055,0.2,75,12.21538481894321,0.11052436627652604,1,0.8789112616132734,3.8072262338864116,3.861162484478573
Typhoon,ph,0.9,0.055,0.2,76,12.34281767114317,0.12211277200415645,1,1.058828067723137,4.438207277403516,4.074675820662112
Typhoon,ph,0.9,0.055,0.2,77,12.78193133131094,0.08350401158149656,1,1.0349504369465572,3.7575946257887924,3.9589494058912242
Typhoon,ph,0.9,0.055,0.2,78,12.88112092269497,0.09560341499530008,1,0.9927157565692666,3.968284655332209,4.205968206696244
Typhoon,ph,0.9,0.055,0.2,79,11.726844034993738,0.0809733757277178,1,1.0888887278343118,3.482122318121209,3.7706611315931746
Typhoon,ph,0.9,0.055,0.2,80,12.540999434773996,0.09725842190604891,1,0.9186921231958791,3.7487005845355936,3.761443690322876
Typhoon,ph,0.9,0.055,0.2,81,11.236505581559175,0.09570709942543357,1,0.9121704100531998,3.3200248858588215,3.5840832506674065
Typhoon,ph,0.9,0.055,0.2,82,11.762255380663088,0.10885570579379525,1,1.1463664904166069,4.155066174543201,4.193458907920366
Typhoon,ph,0.9,0.055,0.2,83,14.126619614025744,0.11161249033273413,1,1.1373826934745848,5.033243694613819,4.902130107947378
Typhoon,ph,0.9,0.055,0.2,84,13.01133339094635,0.10454368929040371,1,1.0293824303900125,4.26834083841756,4.41687912954743
Typhoon,ph,0.9,0.055,0.2,85,12.596177077364972,0.09882899259641284,1,1.1008034760816279,4.15466333842605,4.160424487012524
Typhoon,ph,0.9,0.055,0.2,86,14.255085421699905,0.1370720431287727,1,0.9676009403333559,5.191494617539266,4.775081091230263
Typhoon,ph,0.9,0.055,0.2,87,11.742858432713867,0.08879516294374436,1,0.8849285835007648,3.2917177632717736,3.5084291553566973
Typhoon,ph,0.9,0.055,0.2,88,12.280092742505492,0.10726511224031185,1,1.1965429456137184,4.399416079911959,4.336863577812506
Typhoon,ph,0.9,0.055,0.2,89,14.097794812966221,0.08513529428421064,1,0.9417185544362064,3.9917797413897214,4.143244657471657
Typhoon,ph,0.9,0.055,0.2,90,13.854794411213815,0.10539564360174192,1,0.9709447376359669,4.432091032873352,4.3606298165054405
Typhoon,ph,0.9,0.055,0.2,91,13.29746854054349,0.10244552546517888,1,0.9879900519478366,4.230500537581347,4.3902443960757145
Typhoon,ph,0.9,0.055,0.2,92,12.656640895469785,0.10224430895368891,1,1.2,4.433315641503858,4.384963053287856
Typhoon,ph,0.9,0.055,0.2,93,11.143709429401305,0.1309403618097816,1,0.9825127070738616,3.9970136892559287,3.9222120483467147
Typhoon,ph,0.9,0.055,0.2,94,13.705862719514638,0.11023756133171798,1,0.920756275439086,4.3666011004806204,4.211839558778848
Typhoon,ph,0.9,0.055,0.2,95,13.598913132796635,0.11578870547169039,1,0.9336104843305728,4.47115946044178,4.306325437974727
Typhoon,ph,0.9,0.055,0.2,96,13.944989247413941,0.09890688020275512,1,0.9531117715482101,4.281572989981972,4.221697251461721
Typhoon,ph,0.9,0.055,0.2,97,13.010097895447833,0.08980442350615171,1,1.0517634896462624,3.9984205838472824,4.268783606898673
Typhoon,ph,0.9,0.055,0.2,98,12.336627168097078,0.09370304081935872,1,0.9013822867488667,3.5853189117879043,3.9735907868588383
Typhoon,ph,0.9,0.055,0.2,99,13.355965140260407,0.10795754131055835,1,0.9957793977674986,4.379084623123452,3.8952680095372125
Typhoon,ph,0.9,0.055,0.2,100,12.388725499215465,0.11426556878581581,1,1.1180701085864355,4.4281144943291135,4.270028474988083
Typhoon,ph,0.9,0.055,0.2,101,11.892931769830554,0.12152077594421871,1,1.1596318759656352,4.464514796617516,4.25922947028854
Typhoon,ph,0.9,0.055,0.2,102,12.090804345414996,0.09094707915588861,1,0.8631314926089861,3.387568241934722,3.5088118687188445
Typhoon,ph,0.9,0.055,0.2,103,13.14832224486228,0.10211500666190304,1,0.9191294976038012,4.0281299849998415,3.807708664130064
Typhoon,ph,0.9,0.055,0.2,104,11.981201819228396,0.09810570056409525,1,0.9294842030126865,3.6179995793758053,3.806674349846788
Typhoon,ph,0.9,0.055,0.2,105,13.07848054774643,0.10739062344087234,1,0.9805999529214702,4.244107801933019,4.179802969629577
Typhoon,ph,0.9,0.055,0.2,106,11.616396442548073,0.0891901572013058,1,0.9496996974458943,3.380827712838649,3.38989173697499
Typhoon,ph,0.9,0.055,0.2,107,10.611290752185322,0.10418337994768355,1,0.9495877236251844,3.3376053399249352,3.5570924714189953
Typhoon,ph,0.9,0.055,0.2,108,11.309975289354172,0.11814092122793436,1,1.000972782619846,3.8893136422383243,4.151806515652362
Typhoon,ph,0.9,0.055,0.2,109,11.421613150703598,0.11794664866998057,1,0.9481759822531567,3.8195722053186523,3.9343646268749235
Typhoon,ph,0.9,0.055,0.2,110,12.999819662999352,0.1149110891042494,1,0.9954892767919766,4.396798787099425,4.238808341488874
Typhoon,ph,0.9,0.055,0.2,111,13.222008326791535,0.12484716899823,1,1.0494722224853414,4.78599510200269,4.373220249778087
Typhoon,ph,0.9,0.055,0.2,112,13.041723467029973,0.0918459500789472,1,1.0648525954604333,4.078587084952664,3.9339520310117906
Typhoon,ph,0.9,0.055,0.2,113,12.538138159150025,0.08501950899409048,1,0.9974944513004267,3.65130062588241,3.946416029807133
Typhoon,ph,0.9,0.055,0.2,114,12.893977414097186,0.09312672575648301,1,1.0034743091720346,3.9416422203211963,3.6875853233728506
Typhoon,ph,0.9,0.055,0.2,115,13.386162722026642,0.0999451159538224,1,0.9854279924946212,4.200967633406478,3.8504763516350224
Typhoon,ph,0.9,0.055,0.2,116,13.133214408638747,0.08989169863068798,1,1.1423927275630692,4.208608644545737,3.9127313998433144
Typhoon,ph,0.9,0.055,0.2,117,11.627764343110359,0.1011449162778254,1,0.9551718099593768,3.614173517986471,3.758819199797264
Typhoon,ph,0.9,0.055,0.2,118,11.950371303576626,0.10084468496128643,1,1.0509581075374477,3.890456900480567,4.094366907908955
Typhoon,ph,0.9,0.055,0.2,119,12.696009180255272,0.11041901164267408,1,0.9427492803399968,4.096257601188085,3.8339337949813204
Typhoon,ph,0.9,0.055,0.2,120,13.654538358538993,0.10004378797364451,1,0.9141878779265531,4.129427204022808,4.095212977941723
Typhoon,ph,0.9,0.055,0.2,121,11.760752836090651,0.08138433262271921,1,0.8676165309790048,3.125139695106295,3.2511097605738253
Typhoon,ph,0.9,0.055,0.2,122,12.199822521920055,0.1095547793515838,1,0.9156966572371502,3.8640700542923607,3.937017024431887
Typhoon,ph,0.9,0.055,0.2,123,13.721510179260525,0.12078497560519466,1,0.9701541444694711,4.697088486463194,4.322561253887398
Typhoon,ph,0.9,0.055,0.2,124,12.745557480938784,0.12261894560109249,1,0.900674620971323,4.235664834185611,4.106936938742195
Typhoon,ph,0.9,0.055,0.2,125,13.446178716341372,0.08567850336461462,1,0.9168228583478641,3.768578198755046,4.004047994958239
Typhoon,ph,0.9,0.055,0.2,126,12.49346736558183,0.09383877379243818,1,1.1605292837803396,4.1228942977222705,3.775969103122443
Typhoon,ph,0.9,0.055,0.2,127,11.964241793715447,0.0908194604215737,1,0.881027237054099,3.3843035345200008,3.619439301127921
Typhoon,ph,0.9,0.055,0.2,128,13.094951085001114,0.09690081150716566,1,1.1460078547365482,4.363765301783161,4.30813191392893
Typhoon,ph,0.9,0.055,0.2,129,13.150928143831072,0.10293653779477843,1,1.2,4.622019850047248,4.345172474713009
Typhoon,ph,0.9,0.055,0.2,130,14.369323577164334,0.11010942725075319,1,0.9367998437024265,4.615002931188204,4.627349276031684
Typhoon,ph,0.9,0.055,0.2,131,12.560487291008506,0.08910689340885523,1,0.9663614465967523,3.6858014577787097,3.7850693322504694
Typhoon,ph,0.9,0.055,0.2,132,14.113306003956671,0.09654339567970686,1,0.8282892230453875,3.9909937563720206,3.9544250878568805
Typhoon,ph,0.9,0.055,0.2,133,13.329018388052484,0.10478158061543182,1,1.0862220315231357,4.496762425879941,4.267429988100041
Typhoon,ph,0.9,0.055,0.2,134,14.699677229941445,0.11185329626747824,1,0.8838200071625543,4.621831482998517,4.388512602985689
Typhoon,ph,0.9,0.055,0.2,135,11.21977558226647,0.0942872737529536,1,0.96957651676093,3.392358593966477,3.5248167397034598
Typhoon,ph,0.9,0.055,0.2,136,12.573077805959963,0.07291174218094706,1,1.0108880838018912,3.413436903749649,3.50558396945318
Typhoon,ph,0.9,0.055,0.2,137,11.995549055086698,0.1169996480687017,1,1.1542466278319496,4.408204321798205,3.9971429597796067
Typhoon,ph,0.9,0.055,0.2,138,13.539431801147112,0.11506107481485614,1,1.0137432328632394,4.624115107505813,4.414910223773492
Typhoon,ph,0.9,0.055,0.2,139,11.58396164916164,0.09125543524853925,1,1.0206789379509882,3.5353389495997867,3.8945857191163484
Typhoon,ph,0.9,0.055,0.2,140,12.661383000528625,0.10361133395278499,1,0.9894924105594951,4.05406784616158,4.312159889168271
Typhoon,ph,0.9,0.055,0.2,141,11.924765279934432,0.1018043274380737,1,0.9833981492490678,3.7730942367490017,3.6376746070659602
Typhoon,ph,0.9,0.055,0.2,142,10.719639868311233,0.11299256550271917,1,1.106670154071574,3.7906547303439124,3.967762767608414
Typhoon,ph,0.9,0.055,0.2,143,13.68162989810692,0.1008292993440478,1,0.9143592744330286,4.154221508575167,4.177348606214673
Typhoon,ph,0.9,0.055,0.2,144,13.9824505349527,0.10004554738332974,1,1.0870427739603672,4.61111008585676,3.927293567029226
Typhoon,ph,0.9,0.055,0.2,145,13.160773649981353,0.12294912351449143,1,1.0252353496772582,4.672571163095399,4.203063057566834
Typhoon,ph,0.9,0.055,0.2,146,10.52785055244239,0.10034198328483329,1,1.0186616552064156,3.365859868686675,3.566495020682687
Typhoon,ph,0.9,0.055,0.2,147,13.284546733463818,0.10863068737678185,1,0.8791134069454872,4.105305266873719,3.711305125250221
Typhoon,ph,0.9,0.055,0.2,148,13.562595717065827,0.07575196181603944,1,0.9456928237474422,3.630068374060785,3.730161714625135
Typhoon,ph,0.9,0.055,0.2,149,14.692749880248373,0.10442198404496678,1,0.9688284294531423,4.673287429266273,4.331130107024582
Typhoon,ph,0.9,0.055,0.2,150,13.927047283274161,0.08534375884531473,1,0.9668673732028967,4.000629988823722,4.0824036592826385
Typhoon,ph,0.9,0.055,0.2,151,12.427278839173962,0.09417697380326458,1,0.9268944532474066,3.6716692318151836,3.7840441165874945
Typhoon,ph,0.9,0.055,0.2,152,12.660373309968115,0.11418699516425296,1,0.8899439483175527,4.035860636651847,3.8367808312771055
Typhoon,ph,0.9,0.055,0.2,153,12.259661135111868,0.11487305308215373,1,0.9427167013835405,4.034392508429178,3.8566614106832255
Typhoon,ph,0.9,0.055,0.2,154,13.68336149445098,0.10942436216661643,1,0.9903760592553534,4.5045341021956,4.165830876596823
Typhoon,ph,0.9,0.055,0.2,155,11.889382317535063,0.09602746699064595,1,1.0290550859578902,3.7374581715130084,4.115932464723086
Typhoon,ph,0.9,0.055,0.2,156,12.812246815386963,0.10073359014488648,1,1.0091921666878767,4.085068920126221,4.26740494694104
Typhoon,ph,0.9,0.055,0.2,157,12.816418132841987,0.1380625454520084,1,0.8104900482129935,4.287246447422129,4.005844136151162
Typhoon,ph,0.9,0.055,0.2,158,12.957168270667136,0.083222328499297,1,1.0534448974087118,3.836506534276107,4.258170097393015
Typhoon,ph,0.9,0.055,0.2,159,13.321345202415413,0.0972190790572377,1,0.9071237225654061,3.9560074077379417,4.162854030407449
Typhoon,ph,0.9,0.055,0.2,160,13.8847758726084,0.10704957537296309,1,1.1163695192850343,4.799934747065336,4.991428382737718
Typhoon,ph,0.9,0.055,0.2,161,13.02617467567259,0.08919181968435395,1,1.042357209230616,3.971802977430517,4.073861329194821
Typhoon,ph,0.9,0.055,0.2,162,13.817187888626384,0.1047795245222514,1,0.814750648128122,4.037106740304149,3.957664462627232
Typhoon,ph,0.9,0.055,0.2,163,12.197129065362146,0.1077058535928301,1,0.9109317655232996,3.820499931824467,4.113337898806383
Typhoon,ph,0.9,0.055,0.2,164,12.554782429758928,0.08749495463285001,1,0.9359532140410499,3.5927563535353992,3.760463311285113
Typhoon,ph,0.9,0.055,0.2,165,11.39327753383495,0.09452270690219691,1,1.0061805143746028,3.513619292838122,3.726586125232739
Typhoon,ph,0.9,0.055,0.2,166,12.46210015498694,0.0904689423626434,1,1.0046747919329666,3.7571085829959823,3.8838709472360553
Typhoon,ph,0.9,0.055,0.2,167,11.171436750549079,0.10944267739289348,1,0.9967926199291965,3.689816702907269,3.9980296307704872
Typhoon,ph,0.9,0.055,0.2,168,11.872660872823598,0.09675040844734427,1,1.063685802326785,3.8087384280461327,4.296651929295142
Typhoon,ph,0.9,0.055,0.2,169,12.109359381295725,0.10721215099688006,1,0.8895613802045057,3.7396515092775156,3.960047629592601
Typhoon,ph,0.9,0.055,0.2,170,13.247190851033658,0.07938504367592532,1,1.0818693697056772,3.8822236395142857,3.943309106791047
Typhoon,ph,0.9,0.055,0.2,171,12.349302852125634,0.08301427678904424,1,1.0273253435565655,3.6063912172044623,3.6466721600378853
Typhoon,ph,0.9,0.055,0.2,172,12.39525372118894,0.12637785240517604,1,1.0811143678288528,4.581700809922084,4.354629194280068
Typhoon,ph,0.9,0.055,0.2,173,10.485685294933406,0.10577941497825265,1,0.9869346955241691,3.387986007083514,3.6058875083802415
Typhoon,ph,0.9,0.055,0.2,174,11.415687710848704,0.11100524779028567,1,1.0986937157285936,3.986687139619827,3.970496157687121
Typhoon,ph,0.9,0.055,0.2,175,11.905581626980169,0.12625862964701354,1,0.9571480602119407,4.138764491769207,4.017317958661103
Typhoon,ph,0.9,0.055,0.2,176,12.913406962993308,0.09059572053747746,1,1.0402759171016918,3.9643222673811667,4.1085340893724505
Typhoon,ph,0.9,0.055,0.2,177,12.40216304973242,0.08052885685465004,1,1.0204790549313358,3.555291801866539,3.6917654751737126
Typhoon,ph,0.9,0.055,0.2,178,13.96160967719708,0.09854139281930806,1,1.0936677674644637,4.5833977472332,4.408418577324578
Typhoon,ph,0.9,0.055,0.2,179,11.948800397622232,0.10011629831344013,1,1.0503481360721612,3.874746840131394,4.1388211954916
Typhoon,ph,0.9,0.055,0.2,180,11.815824977031143,0.09568025936124441,1,1.0869695858818835,3.8105171226342627,3.8097886027130965
Typhoon,ph,0.9,0.055,0.2,181,14.424445755308179,0.08883609486388205,1,1.0392623608106242,4.382848549351499,4.265721074317754
Typhoon,ph,0.9,0.055,0.2,182,12.087779622954674,0.11023666653124911,1,0.9845922300406623,3.9823348257479334,4.038007601065934
Typhoon,ph,0.9,0.055,0.2,183,14.277029957561771,0.08383703370781387,1,0.9682559237919668,4.0677186258881335,4.25167250830048
Typhoon,ph,0.9,0.055,0.2,184,12.814389670797093,0.08799956818617773,1,0.9941352177829906,3.7901895194800326,3.781967988804769
Typhoon,ph,0.9,0.055,0.2,185,12.300659071257746,0.10231997410230984,1,0.9327620304173085,3.800091221030924,3.8559647693857415
Typhoon,ph,0.9,0.055,0.2,186,12.108566589501596,0.10916359488094944,1,0.8504525088032053,3.689407975896985,3.635677937300245
Typhoon,ph,0.9,0.055,0.2,187,13.630139654556302,0.08585259927110696,1,1.027974471077689,4.049190362905471,3.902249828265402
Typhoon,ph,0.9,0.055,0.2,188,12.293084499170842,0.10878502985469636,1,0.9488693621074815,3.949559369345486,3.9527832811233456
Typhoon,ph,0.9,0.055,0.2,189,13.8495430986382,0.11449030198250897,1,0.8895018502507482,4.419704407509123,4.15556450358032
Typhoon,ph,0.9,0.055,0.2,190,13.246322643640072,0.10910931336745956,1,0.8775432571018497,4.098835671804668,3.6944642214130736
Typhoon,ph,0.9,0.055,0.2,191,12.282583043153185,0.10041319361591582,1,0.9305412688707396,3.7545069997299056,3.6976594855524665
Typhoon,ph,0.9,0.055,0.2,192,12.782010869090847,0.0753327800564715,1,0.8765991700736737,3.284669724188924,3.608755562010587
Typhoon,ph,0.9,0.055,0.2,193,11.49169966840485,0.10539497189877345,1,1.1058977737384919,3.923301690724805,3.965903598491623
Typhoon,ph,0.9,0.055,0.2,194,13.23443954395995,0.09649233026411545,1,1.2,4.503421270353261,4.0577632058151965
Typhoon,ph,0.9,0.055,0.2,195,13.724072716959082,0.10146979523859874,1,0.9669600860833316,4.298883504991024,4.205444673286931
Typhoon,ph,0.9,0.055,0.2,196,12.96756524803364,0.10518635802997052,1,1.014945888927941,4.23701103857122,4.313428059158502
Typhoon,ph,0.9,0.055,0.2,197,13.38140154890452,0.08032070609362624,1,0.8783908877644555,3.554342487095902,3.7924548639447275
Typhoon,ph,0.9,0.055,0.2,198,12.924545515570022,0.1202278860526867,1,1.0359235215304046,4.561227488286176,4.050155670350246
Typhoon,ph,0.9,0.055,0.2,199,11.479227148309969,0.07845838148867869,1,1.0063109211471732,3.225510166611482,3.5279649134025677
Typhoon,ph,0.9,0.055,0.2,200,10.645877994300509,0.09730827729787864,1,0.9692513527128828,3.2694491310747744,3.388720816151788
Typhoon,ph,0.9,0.055,0.2,201,11.488815462025046,0.10623646785923684,1,1.0486702359567583,3.8347012585251705,4.142751311779838
Typhoon,ph,0.9,0.055,0.2,202,12.950858051810492,0.09771408384033442,1,0.8907013808557361,3.820702199055262,3.9063538637804007
Typhoon,ph,0.9,0.055,0.2,203,12.09463476221352,0.0906834011361996,1,1.1243723420425948,3.861995248021017,4.293191894480544
Typhoon,ph,0.9,0.055,0.2,204,10.930482213664277,0.08873966566156481,1,0.9396879481561389,3.1563855346993366,3.4206954631405386
Typhoon,ph,0.9,0.055,0.2,205,13.503322459633594,0.1071925854668651,1,0.8162613588862795,3.9942719524860935,4.221085344268287
Typhoon,ph,0.9,0.055,0.2,206,14.278216105052861,0.11264401512875964,1,0.8719805271331638,4.474880119502668,4.355486144080518
Typhoon,ph,0.9,0.055,0.2,207,12.792815833683434,0.09217419132488353,1,0.9742522006995916,3.833597503699788,4.057287353319564
Typhoon,ph,0.9,0.055,0.2,208,12.091457995449842,0.10796105145209989,1,0.9980901701679491,3.9691463594472665,4.21459499699911
Typhoon,ph,0.9,0.055,0.2,209,12.424862500805341,0.08872049099555163,1,0.885952299648308,3.4834431684921925,3.7104906425473096
Typhoon,ph,0.9,0.055,0.2,210,11.66438763808793,0.12141751147515009,1,0.8748129982822233,3.8015457496304284,4.091758598825233
Typhoon,ph,0.9,0.055,0.2,211,13.648294710443425,0.13465056001773504,1,0.8,4.479478611068892,4.62688351049694
Typhoon,ph,0.9,0.055,0.2,212,12.915333227926167,0.09791614395713216,1,1.020754569592999,4.083132124727473,4.124666069672625
Typhoon,ph,0.9,0.055,0.2,213,14.448810669710516,0.09105763221085864,1,1.0549073845786856,4.478137693486842,4.214179680280132
Typhoon,ph,0.9,0.055,0.2,214,14.083230109244221,0.10805957482429407,1,0.8824012294041411,4.34877516457691,4.251140660253713
Typhoon,ph,0.9,0.055,0.2,215,13.098107840097844,0.10734899808432014,1,0.833951367700384,3.919023991087784,3.5057508802099875
Typhoon,ph,0.9,0.055,0.2,216,14.474772240688946,0.09259028124278651,1,0.9790381047687218,4.358070365262319,4.0923111803439385
Typhoon,ph,0.9,0.055,0.2,217,14.29844110451814,0.11546929033621497,1,1.0564474379131532,4.993969507658269,5.117443930892627
Typhoon,ph,0.9,0.055,0.2,218,11.36837885623431,0.12169853338461112,1,0.8862372149635485,3.733500398044279,4.06094816117873
Typhoon,ph,0.9,0.055,0.2,219,11.60335095044949,0.1244910614081381,1,0.9310251623639885,3.9503285917375086,4.0470416579809605
Typhoon,ph,0.9,0.055,0.2,220,12.67172331269864,0.12774520836786665,1,1.007333712048118,4.545636203586507,4.47381897286163
Typhoon,ph,0.9,0.055,0.2,221,12.28172151023673,0.10844738538201852,1,0.9829760651769753,4.009962026593414,3.843582828800307
Typhoon,ph,0.9,0.055,0.2,222,13.405645943825622,0.11191051031300486,1,1.0300308996755891,4.551434631912649,4.132379156797609
Typhoon,ph,0.9,0.055,0.2,223,11.880626324260163,0.1256282292533534,1,1.073032210440742,4.362036899565105,4.3016011939857535
Typhoon,ph,0.9,0.055,0.2,224,12.388281225870873,0.11538137977952082,1,1.0079217431549896,4.224665486736347,4.126063331701331
Typhoon,ph,0.9,0.055,0.2,225,12.311507930307119,0.12531347585145008,1,0.9611075547564157,4.272638335730082,4.050227182515927
Typhoon,ph,0.9,0.055,0.2,226,12.622480257740225,0.09829313464998032,1,0.9594592698350167,3.8763194856347987,3.8099945931600177
Typhoon,ph,0.9,0.055,0.2,227,13.924092413825763,0.0975166538209602,1,0.9915569341254159,4.329772923994553,4.106068319229104
Typhoon,ph,0.9,0.055,0.2,228,12.829984142030465,0.10547775676917374,1,0.9808439726930314,4.1267344727883515,4.180389164268011
Typhoon,ph,0.9,0.055,0.2,229,13.775126472563011,0.11361015260644812,1,0.8862670149500002,4.371056895920532,4.039041686109438
Typhoon,ph,0.9,0.055,0.2,230,15.46851632290726,0.12127957636074817,1,1.0808264989527923,5.600418576832092,5.489990048762556
Typhoon,ph,0.9,0.055,0.2,231,13.902318624569244,0.10869027985409895,1,1.1154030526178786,4.840592300222507,4.5887651770447695
Typhoon,ph,0.9,0.055,0.2,232,11.132356708825187,0.09588876082784537,1,1.0971360530768213,3.6107815131722765,3.604728956249236
Typhoon,ph,0.9,0.055,0.2,233,13.02417275938341,0.08173791299002142,1,1.1068865310172877,3.917540293461392,4.298300433590929
Typhoon,ph,0.9,0.055,0.2,234,12.395129064444298,0.09797054586779348,1,1.131501399909402,4.126922990936542,4.308700856894634
Typhoon,ph,0.9,0.055,0.2,235,11.87782867926098,0.10621691336013961,1,1.120599477780465,4.097878740749474,4.153207684537937
Typhoon,ph,0.9,0.055,0.2,236,12.468898511263738,0.0902334245846433,1,0.8585106927291695,3.470440992384891,3.501260896325956
Typhoon,ph,0.9,0.055,0.2,237,12.719275451805466,0.0839035867072483,1,0.8930151248723585,3.4816254082733447,3.664461778993163
Typhoon,ph,0.9,0.055,0.2,238,11.454584689222125,0.0924710448309537,1,1.1019610998370295,3.6564981818387925,3.92524699574689
Typhoon,ph,0.9,0.055,0.2,239,11.29875327925066,0.12697523472275804,1,1.1322133802075849,4.284046529343188,4.396340722260955
Typhoon,ph,0.9,0.055,0.2,240,11.8805353546078,0.08485616577341767,1,0.872938098971231,3.233474478265377,3.2939973730671355
Typhoon,ph,0.9,0.055,0.2,241,14.794125341820543,0.07710215067840175,1,0.9939322133439644,4.0954433527535645,4.059187424736155
Typhoon,ph,0.9,0.055,0.2,242,11.625070761065249,0.11333202549591687,1,1.0289801101055385,3.9698620943840255,3.949129263775614
Typhoon,ph,0.9,0.055,0.2,243,12.72255773402989,0.1301963878559653,1,1.0610470050042793,4.728693987034499,4.319889011103881
Typhoon,ph,0.9,0.055,0.2,244,13.393172876507009,0.09908782547883781,1,1.0693513330421967,4.359672148281148,4.34196439998588
Typhoon,ph,0.9,0.055,0.2,245,12.484914223541214,0.10588573820667858,1,0.9707565768552432,4.002759233978893,3.864672580252651
Typhoon,ph,0.9,0.055,0.2,246,12.10676598051084,0.0947778630834837,1,1.1608041984015025,4.01569841451875,4.266767809158767
Typhoon,ph,0.9,0.055,0.2,247,12.103395365047044,0.11210825614775413,1,1.0123873170474513,4.0775506694628945,3.9672254014931707
Typhoon,ph,0.9,0.055,0.2,248,13.524280587660009,0.12329261246857606,1,0.8719921075072923,4.434441980544363,4.579704808532057
Typhoon,ph,0.9,0.055,0.2,249,12.77677723830685,0.12370585875466227,1,0.9373917737392197,4.3508792070917215,4.347074407211784
Typhoon,ph,0.9,0.055,0.2,250,13.455802273437087,0.10098060364006298,1,1.0158713839745637,4.309708947382531,4.174211801936321
Typhoon,ph,0.9,0.055,0.2,251,13.771138077016325,0.08262967860580765,1,0.9812300079207564,3.921238655105652,3.805761081503099
Typhoon,ph,0.9,0.055,0.2,252,12.343443350738966,0.096305887536204,1,0.9664628689553262,3.7657833754632355,4.361725289991548
Typhoon,ph,0.9,0.055,0.2,253,11.903390228553095,0.12092395996007743,1,1.0210205467567786,4.18257842210277,4.16804821944563
Typhoon,ph,0.9,0.055,0.2,254,13.045862072552598,0.11457940093949517,1,1.1169643393215853,4.667084995601678,4.664231952444048
Typhoon,ph,0.9,0.055,0.2,255,13.14018614223212,0.11931537480761761,1,0.9911275419199167,4.518710254353862,4.260013872023834
Typhoon,ph,0.9,0.055,0.2,256,13.265259773609364,0.0852666205836547,1,0.9968003781845799,3.8673135216192613,4.148441572440726
Typhoon,ph,0.9,0.055,0.2,257,13.237235918259284,0.0864286622726544,1,1.0395162752111997,3.9677276252347586,3.890900351464102
Typhoon,ph,0.9,0.055,0.2,258,13.29705776165778,0.10139760283112008,1,0.9913501861475997,4.215828597211581,4.29295950739074
Typhoon,ph,0.9,0.055,0.2,259,12.172243892106795,0.11158920484994807,1,1.1251627106951954,4.313098758266663,4.44087565869864
Typhoon,ph,0.9,0.055,0.2,260,14.80645324602186,0.11980945378007228,1,1.0284656328104587,5.197463829530637,4.663268663652274
Typhoon,ph,0.9,0.055,0.2,261,12.556975877815596,0.10458329720360214,1,0.9901121203017753,4.040716799840592,3.905365455159079
Typhoon,ph,0.9,0.055,0.2,262,13.507176924620385,0.09166077856576496,1,0.9272692718177682,3.9378511290118126,3.9643176312488335
Typhoon,ph,0.9,0.055,0.2,263,12.41909241802302,0.09822127809375779,1,1.0654188129619504,4.017471736015027,4.041025786145952
Typhoon,ph,0.9,0.055,0.2,264,14.526158840293357,0.13657438746539838,1,0.9721074602186605,5.292886211665272,4.911148882284037
Typhoon,ph,0.9,0.055,0.2,265,12.7154944414829,0.13424632486601004,1,1.0307837764655874,4.730077345109034,4.602066184997501
Typhoon,ph,0.9,0.055,0.2,266,12.420371038159871,0.09618293532506124,1,1.0296701866084474,3.9087028222653335,3.923870920808528
Typhoon,ph,0.9,0.055,0.2,267,12.605797651815706,0.13107998306589666,1,0.8026670695179855,4.088897678177042,3.8290752219242923
Typhoon,ph,0.9,0.055,0.2,268,12.560901925565151,0.0950074630802808,1,1.1029360083396986,4.066069927835747,4.124150373218085
Typhoon,ph,0.9,0.055,0.2,269,14.78007962133467,0.08996237666075153,1,1.0027719749109831,4.439236961085423,4.623033031715928
Typhoon,ph,0.9,0.055,0.2,270,11.314135646477332,0.10403924460891048,1,0.9662783598571052,3.5873281305016493,3.886864580134091
Typhoon,ph,0.9,0.055,0.2,271,12.106647216837956,0.10739119994454507,1,1.1176439920492256,4.194304717279262,3.8735581881351764
Typhoon,ph,0.9,0.055,0.2,272,13.80590600899458,0.10111346473540768,1,0.8627551174160452,4.077680369235234,3.6855508801554153
Typhoon,ph,0.9,0.055,0.2,273,11.886663242724472,0.1009650164874128,1,0.8659794005299031,3.5147885259259675,3.6781328655967256
Typhoon,ph,0.9,0.055,0.2,274,13.72195323996274,0.11994320741365594,1,0.9897724061169498,4.727934324054871,4.90240462872158
Typhoon,ph,0.9,0.055,0.2,275,13.11193200253093,0.08204316239645014,1,0.8891553261607249,3.541414014287709,3.647808559896971
Typhoon,ph,0.9,0.055,0.2,276,12.387750417987583,0.08303903938700885,1,0.94975662698242,3.478882586218768,3.7106720765043493
Typhoon,ph,0.9,0.055,0.2,277,13.505209467834712,0.09618770104197592,1,1.0039327623564642,4.196753010272611,3.988358869842133
Typhoon,ph,0.9,0.055,0.2,278,13.105591748517167,0.09728174855649746,1,0.9036082736065094,3.885638723334031,4.136551173090951
Typhoon,ph,0.9,0.055,0.2,279,13.262330351239147,0.10441538204818197,1,0.9136231293160597,4.096242180154446,4.287545312830933
Typhoon,ph,0.9,0.055,0.2,280,14.338836306914153,0.1098913906693517,1,0.9160012328217934,4.549291553291046,4.291347439531025
Typhoon,ph,0.9,0.055,0.2,281,13.673219526957048,0.09803281152755093,1,0.9480727651105806,4.168476438880684,4.209233224214593
Typhoon,ph,0.9,0.055,0.2,282,10.638727831305962,0.11450976225889796,1,0.933968300881368,3.4791810024476266,3.6379047669818587
Typhoon,ph,0.9,0.055,0.2,283,11.296726040588041,0.10219322667708995,1,1.1037017331366907,3.7939317581561482,4.063658624458908
Typhoon,ph,0.9,0.055,0.2,284,12.913276504794727,0.12518996673464391,1,0.9367311564777949,4.422101383057728,3.9906284711997033
Typhoon,ph,0.9,0.055,0.2,285,12.444858636507233,0.08947251074191474,1,0.9955633929752794,3.714233815044184,3.8184757140351993
Typhoon,ph,0.9,0.055,0.2,286,13.394643124692362,0.1121972537155535,1,1.0688253358550284,4.638479381447463,4.683804377128352
Typhoon,ph,0.9,0.055,0.2,287,11.399313484019482,0.08706563644870266,1,0.9358422110375753,3.253894003777917,3.6265443183643473
Typhoon,ph,0.9,0.055,0.2,288,13.28122221559888,0.08452330849280949,1,0.9733010805962901,3.809341342513282,3.636437467566082
Typhoon,ph,0.9,0.055,0.2,289,13.565251998706007,0.13776378702146494,1,0.9820874084513238,4.989654489310626,5.088399282687245
Typhoon,ph,0.9,0.055,0.2,290,12.667743002063984,0.11437503375330332,1,1.0144866423668906,4.315071816708138,4.355077197097417
Typhoon,ph,0.9,0.055,0.2,291,13.029692231060444,0.09564904535483999,1,1.0391879555902863,4.107915766335059,4.113423574743296
Typhoon,ph,0.9,0.055,0.2,292,14.022698316577129,0.09172236912021578,1,1.0569793852629747,4.366188497506804,4.362431461680894
Typhoon,ph,0.9,0.055,0.2,293,11.784346033122507,0.09934305011645383,1,0.9878298710216489,3.691605708336876,3.8201006525950554
Typhoon,ph,0.9,0.055,0.2,294,14.05205002241681,0.09179351880347873,1,0.9915817302287725,4.2394542650301865,3.9075302509753747
Typhoon,ph,0.9,0.055,0.2,295,13.393146971801569,0.09549772022247462,1,1.0770963373614617,4.295427677623524,4.221265290779822
Typhoon,ph,0.9,0.055,0.2,296,12.41978572103085,0.09856565912217846,1,0.93838873765895,3.7771854809783454,3.8491002099147638
Typhoon,ph,0.9,0.055,0.2,297,11.38275583217257,0.11252088379298972,1,1.062234414861947,3.9352667062005744,3.924161599939268
Typhoon,ph,0.9,0.055,0.2,298,12.520014407604133,0.1218919114048108,1,0.9780127432702234,4.322793891528365,4.02259422150983
Typhoon,ph,0.9,0.055,0.2,299,11.940869861104977,0.1021535325077933,1,0.9619231102503069,3.74311214743783,3.6896791453499467
Typhoon,ph,0.9,0.055,0.2,300,12.492002517693582,0.09981953908967649,1,0.989908870561581,3.9267879641095123,3.8004425566657654
Typhoon,ph,0.9,0.055,0.2,301,11.639584069690251,0.09018186683129607,1,1.018699483046167,3.527931263702442,4.123653472407895
Typhoon,ph,0.9,0.055,0.2,302,11.45391228135366,0.1361273312062315,1,0.8627900937545746,3.9253563871373784,3.7243303126451566
Typhoon,ph,0.9,0.055,0.2,303,15.490331048091152,0.10684770391329151,1,0.88893885185848,4.773965104108389,4.601845670046623
Typhoon,ph,0.9,0.055,0.2,304,13.423276115472229,0.10949213500585722,1,0.9575051816396869,4.346308530287518,4.373310657494552
Typhoon,ph,0.9,0.055,0.2,305,12.541742676626203,0.09859551993184529,1,0.8,3.522341585917065,3.613726580228316
Typhoon,ph,0.9,0.055,0.2,306,13.30052977749336,0.1026457139959054,1,1.0234510452714893,4.310949017198597,4.410571872887991
Typhoon,ph,0.9,0.055,0.2,307,11.760385204856746,0.10322250383611514,1,1.0078625312304903,3.7932318785009924,3.8874190506101205
Typhoon,ph,0.9,0.055,0.2,308,12.141822761968864,0.08558192309911149,1,0.9299071701288616,3.4252691878367525,3.7480459362145844
Typhoon,ph,0.9,0.055,0.2,309,11.525718875411963,0.10603841359653317,1,1.0281029121834055,3.8055543430994003,4.063042581400179
Typhoon,ph,0.9,0.055,0.2,310,12.244997334946369,0.10503469467441842,1,1.1351459538378659,4.228155356331837,4.232305268513686
Typhoon,ph,0.9,0.055,0.2,311,12.113925893437058,0.08526016077977755,1,0.8505161664554303,3.262115040997162,3.5385924724635838
Typhoon,ph,0.9,0.055,0.2,312,13.865107092733929,0.11489052274711528,1,0.96745782640726,4.622547177449546,4.37743496273183
Typhoon,ph,0.9,0.055,0.2,313,11.215641787866913,0.1034300524489975,1,1.0341884954866762,3.668152254368048,3.8237706127216984
Typhoon,ph,0.9,0.055,0.2,314,12.048296765454046,0.11527088784788046,1,0.9650037297896722,4.018370448402634,3.771688037862888
Typhoon,ph,0.9,0.055,0.2,315,12.697708928639214,0.09027307377597336,1,1.1266445443064046,4.049467722359528,4.05572877661033
Typhoon,ph,0.9,0.055,0.2,316,11.83202332452083,0.08489165581876908,1,0.8973568675480081,3.265683672161966,3.7417377433323096
Typhoon,ph,0.9,0.055,0.2,317,12.762193424849688,0.11219826990845239,1,0.995927584798997,4.2661122983792685,4.044229975323649
Typhoon,ph,0.9,0.055,0.2,318,10.638286679042803,0.1178334216176518,1,0.9687339663459178,3.594249306378691,3.766683587124212
Typhoon,ph,0.9,0.055,0.2,319,12.019047952689677,0.11119694198032201,1,1.02672177745265,4.061092454774921,3.972453212119443
Typhoon,ph,0.9,0.055,0.2,320,12.937282973211655,0.09226445288186473,1,0.8079634453217788,3.5322882694118003,3.6775196063492017
Typhoon,ph,0.9,0.055,0.2,321,10.05643928087263,0.08922108349146873,1,1.0633701951185979,3.0975635412418,3.299116834649313
Typhoon,ph,0.9,0.055,0.2,322,12.923608705991272,0.09435127295503204,1,1.0861223453437625,4.137109887563427,4.022750755925572
Typhoon,ph,0.9,0.055,0.2,323,14.702534759754343,0.08791841055217184,1,0.9927922493455993,4.343714952751626,4.1616578595397655
Typhoon,ph,0.9,0.055,0.2,324,12.676718920610227,0.0880486695323504,1,1.0758572166588662,3.901625477446569,4.128606370113989
Typhoon,ph,0.9,0.055,0.2,325,13.167886897064397,0.11060674430851686,1,0.9939250590885117,4.365999808281037,4.145996708007739
Typhoon,ph,0.9,0.055,0.2,326,11.611843072851176,0.10685269750433246,1,0.8781694440095402,3.5569934384006854,3.7698197543742533
Typhoon,ph,0.9,0.055,0.2,327,12.155469916862895,0.10768707063205295,1,0.8511590311016497,3.680093815904947,4.144988223187367
Typhoon,ph,0.9,0.055,0.2,328,12.715596732044636,0.08903108514272529,1,1.1431796851148526,4.0566246801601755,3.8871317740911673
Typhoon,ph,0.9,0.055,0.2,329,11.095538617563951,0.10776290861538435,1,1.0955775732412723,3.812453966640606,3.800951335962555
Typhoon,ph,0.9,0.055,0.2,330,13.511749614870405,0.09695243281109323,1,0.932598490929302,4.062920257536038,4.059101269879642
Typhoon,ph,0.9,0.055,0.2,331,12.168421085285786,0.0947342349039045,1,0.9451904098084564,3.641223686640978,3.613520758115045
Typhoon,ph,0.9,0.055,0.2,332,13.084825806744002,0.10642579112619464,1,0.9312890138390196,4.119396815246949,4.2137025942517585
Typhoon,ph,0.9,0.055,0.2,333,12.190959705121848,0.10170376056104212,1,1.0879498795554874,4.055186624728436,4.229909919473438
Typhoon,ph,0.9,0.055,0.2,334,11.037211303891512,0.09877267401863978,1,0.925589895203896,3.337237116197705,3.464110329211813
Typhoon,ph,0.9,0.055,0.2,335,13.580742559037441,0.09882522565209219,1,0.8926308769984703,4.033605093260356,4.089163477250749
Typhoon,ph,0.9,0.055,0.2,336,13.459938994781805,0.10633824777625647,1,0.9021300412786417,4.168908987483732,4.150851619777402
Typhoon,ph,0.9,0.055,0.2,337,13.654276737036245,0.0814324396882307,1,1.0597822904364116,4.011213264387839,4.372237953514395
Typhoon,ph,0.9,0.055,0.2,338,14.092332226150555,0.11018501376623106,1,0.988177303586812,4.65009232486839,4.355920266393708
Typhoon,ph,0.9,0.055,0.2,339,12.082441953478465,0.10279870366634483,1,0.9433417868770144,3.7625568686397686,3.6750216798965445
Typhoon,ph,0.9,0.055,0.2,340,13.433716852379957,0.09938499457583325,1,0.8953764806787123,4.007369981359953,4.1763812317329
Typhoon,ph,0.9,0.055,0.2,341,13.349872171241753,0.10740576291753477,1,1.1437142753547083,4.678963639672626,4.206921273321864
Typhoon,ph,0.9,0.055,0.2,342,11.889389039937912,0.10318668341252014,1,1.1270947013274561,4.054633170971449,3.544536782138645
Typhoon,ph,0.9,0.055,0.2,343,12.330962088331468,0.10351227698912588,1,1.0398382900894259,4.045533448211434,3.8680075763247648
Typhoon,ph,0.9,0.055,0.2,344,12.805065529046928,0.1302926298325037,1,1.0589728920824288,4.756463317971389,4.478783121012137
Typhoon,ph,0.9,0.055,0.2,345,12.493045350047112,0.09927605975322605,1,0.9328136832329725,3.8017892328970984,4.070153551068233
Typhoon,ph,0.9,0.055,0.2,346,12.606704704068191,0.089970636926252,1,0.9999008551250013,3.781206950640045,4.27207382625847
Typhoon,ph,0.9,0.055,0.2,347,11.776029653469974,0.10138351539227713,1,1.0061995540313318,3.761184379952406,3.863843150698042
Typhoon,ph,0.9,0.055,0.2,348,13.909147236665882,0.10782982567922199,1,0.8971484350640051,4.326155322665901,3.958884495011765
Typhoon,ph,0.9,0.055,0.2,349,13.858385574344444,0.10411358739139638,1,0.9361796819817653,4.3265920853076825,4.256156312037006
Typhoon,ph,0.9,0.055,0.2,350,12.539101116550682,0.1253714117847571,1,1.0337716478753276,4.514170635056996,4.083138195264435
Typhoon,ph,0.9,0.055,0.2,351,11.692120980149829,0.11490727041289604,1,1.0293932806346826,4.0212189367650355,3.8762142569752056
Typhoon,ph,0.9,0.055,0.2,352,13.742989375223862,0.09655168011278495,1,0.9912547973406631,4.251613521053574,4.158058119025245
Typhoon,ph,0.9,0.055,0.2,353,13.166315103405053,0.09908617395428568,1,1.011414037709426,4.16807248302059,3.957339122719953
Typhoon,ph,0.9,0.055,0.2,354,16.01861237513527,0.09900532283152755,1,0.9537262808724738,4.922276882426072,4.528409603566475
Typhoon,ph,0.9,0.055,0.2,355,14.105219960215392,0.12223422835739077,1,0.9838810729090347,4.891562238287426,4.883803449773133
Typhoon,ph,0.9,0.055,0.2,356,12.202773234529786,0.09377167095226395,1,0.9580160286425089,3.6574698601111995,3.8621838655840497
Typhoon,ph,0.9,0.055,0.2,357,12.635990139561443,0.0811025579986716,1,1.099210529972193,3.772827895259965,3.787771108811484
Typhoon,ph,0.9,0.055,0.2,358,11.083398673724897,0.10164820982733216,1,0.989590880741814,3.51520506019821,3.633764485219279
Typhoon,ph,0.9,0.055,0.2,359,12.287792287269136,0.10373316138168326,1,0.831803591713115,3.6094669033095563,3.760655077632122
Typhoon,ph,0.9,0.055,0.2,360,12.110179048375542,0.09195316726536674,1,0.9927749712481061,3.658973974520676,3.693022377781121
Typhoon,ph,0.9,0.055,0.2,361,11.939108994452223,0.1123667115279358,1,1.0142227182316197,4.030486025925205,4.186649302378787
Typhoon,ph,0.9,0.055,0.2,362,14.603497243104455,0.09541214040130307,1,0.9181834982634454,4.322384866119642,4.1625627812212045
Typhoon,ph,0.9,0.055,0.2,363,11.604986071909202,0.10428358222770621,1,0.9405322736297334,3.634456250471193,3.5408127565078056
Typhoon,ph,0.9,0.055,0.2,364,12.25354995884045,0.10274305426763557,1,0.9844617292399197,3.8970643813250887,4.034568827296611
Typhoon,ph,0.9,0.055,0.2,365,13.604759931030383,0.09310300865157926,1,1.0304028694872147,4.213822814347102,4.011691793870564
Typhoon,ph,0.9,0.055,0.2,366,13.126702441785424,0.09259757335874623,1,0.9693761331375585,3.9327976789317542,4.362227506771802
Typhoon,ph,0.9,0.055,0.2,367,13.039221549520562,0.0946420868724114,1,1.0434109240971559,4.0975240201528855,3.8548314472954033
Typhoon,ph,0.9,0.055,0.2,368,13.298033761792995,0.11901518285133098,1,1.0723034747324562,4.750589144000435,4.883968876120824
Typhoon,ph,0.9,0.055,0.2,369,14.537454788505116,0.09911491241846085,1,0.993606977011793,4.562104132538673,4.000435584666696
Typhoon,ph,0.9,0.055,0.2,370,12.099534647092405,0.12091629037922721,1,0.9790933914265505,4.163160310498515,4.177748888161448
Typhoon,ph,0.9,0.055,0.2,371,13.639114335603988,0.09352676744509861,1,0.9798075909763158,4.1288065213193414,3.816694731335468
Typhoon,ph,0.9,0.055,0.2,372,13.856753715780336,0.10152754380307777,1,1.0323559429014757,4.486091930046226,4.602278026519537
Typhoon,ph,0.9,0.055,0.2,373,12.261286667403285,0.10259997116962159,1,0.9825719735463466,3.893066765331811,4.073126402017277
Typhoon,ph,0.9,0.055,0.2,374,11.716984223579377,0.09888318146337398,1,1.1078829822668002,3.878144673614807,4.032100682335394
Typhoon,ph,0.9,0.055,0.2,375,13.276323095806182,0.08541695016352885,1,1.0690255374449293,4.011842578689508,4.138135854317567
Typhoon,ph,0.9,0.055,0.2,376,10.852211802618184,0.11074456988255596,1,0.9573398698637369,3.533560689017473,3.8882872529237362
Typhoon,ph,0.9,0.055,0.2,377,12.275187807165299,0.10618533193065477,1,1.0126347343133324,4.025194030357979,4.470870030533882
Typhoon,ph,0.9,0.055,0.2,378,13.139137100375267,0.1045581299781502,1,0.9904013849030275,4.228159553335448,4.0905775514188845
Typhoon,ph,0.9,0.055,0.2,379,10.41344133368872,0.12989912300319018,1,0.9758773250276334,3.707618134798473,3.655069452965864
Typhoon,ph,0.9,0.055,0.2,380,13.036652596461318,0.09739572235404381,1,1.0083682758886088,4.085503820571777,4.105163207565319
Typhoon,ph,0.9,0.055,0.2,381,12.664157981339653,0.100231255555824,1,1.0186395009347382,4.046580287083487,4.0427016490357515
Typhoon,ph,0.9,0.055,0.2,382,12.93055632087066,0.12113130715978151,1,0.9217648427360006,4.320713620403398,4.12989684552035
Typhoon,ph,0.9,0.055,0.2,383,11.54055114149455,0.10178475057071322,1,1.0852391326059032,3.8355763404572345,3.923141693211097
Typhoon,ph,0.9,0.055,0.2,384,11.029812008942136,0.09597098990997417,1,1.0951936311201722,3.5758850736395456,3.7270803002974695
Typhoon,ph,0.9,0.055,0.2,385,12.901001638439709,0.10038215500265589,1,1.0281244916243233,4.144522868072242,4.045010490018597
Typhoon,ph,0.9,0.055,0.2,386,12.629028511390498,0.13057264516260284,1,0.9056480207963472,4.342859366844468,4.432038219160517
Typhoon,ph,0.9,0.055,0.2,387,13.547878122457798,0.1280191727994901,1,0.8,4.335645675467287,4.315311559950516
Typhoon,ph,0.9,0.055,0.2,388,13.973140396542476,0.09481619476020674,1,0.9430709520797594,4.178375513267737,4.059083284723477
Typhoon,ph,0.9,0.055,0.2,389,12.841902266693367,0.10635990071443288,1,1.120561984021933,4.433393337791552,4.144119195819099
Typhoon,ph,0.9,0.055,0.2,390,11.820214949035163,0.0868152635484232,1,1.0051308868422888,3.491682349508974,3.9919792889313706
Typhoon,ph,0.9,0.055,0.2,391,12.787376439832922,0.1048322603444614,1,0.9839633905380502,4.106940352942507,3.795222835376586
Typhoon,ph,0.9,0.055,0.2,392,14.643525473155778,0.10443207297210269,1,1.0653188623097056,4.884300829102646,4.583142988450096
Typhoon,ph,0.9,0.055,0.2,393,12.348565549955802,0.09931974740702543,1,1.1471045606772095,4.168077810434333,4.101763260156928
Typhoon,ph,0.9,0.055,0.2,394,12.169026679394596,0.10715356235707714,1,0.9496018399182596,3.8817711138214035,3.853434352873606
Typhoon,ph,0.9,0.055,0.2,395,11.30774248493323,0.09582057084607587,1,1.0688798913014455,3.618842982018918,3.8800687574713426
Typhoon,ph,0.9,0.055,0.2,396,14.597691049674758,0.09789163417708698,1,0.9732477328127501,4.505766248303276,4.074111891970718
Typhoon,ph,0.9,0.055,0.2,397,11.270170348150206,0.08220006177794954,1,0.9284339599190583,3.113451186845375,3.2543851925238974
Typhoon,ph,0.9,0.055,0.2,398,14.4450784540203,0.11022258138713051,1,0.8693849007844086,4.471582424328465,4.203536649082821
Typhoon,ph,0.9,0.055,0.2,399,12.109982084806893,0.1114893161564483,1,0.9769139116608098,3.9965778176344346,4.02124904560397
Ocean,lambda_ci,0.9,0.055,0.2,0,107.33617240036159,0.10079023424280811,1,0.9704869609897265,33.56991054567919,34.80148586538098
Ocean,lambda_ci,0.9,0.055,0.2,1,126.66911453088112,0.10271668851725049,1,0.9705047931211774,39.99356161634821,36.81023901283311
Ocean,lambda_ci,0.9,0.055,0.2,2,109.77241332378216,0.08959471261552443,1,0.9033591360277317,31.22947066897389,33.89791048589573
Ocean,lambda_ci,0.9,0.055,0.2,3,97.41378358631486,0.09629741751944476,1,1.0079279919731083,30.34886720390725,34.91086042637944
Ocean,lambda_ci,0.9,0.055,0.2,4,125.84328504371842,0.09293334881908139,1,1.03093135007944,38.95208537960616,35.342232935099744
Ocean,lambda_ci,0.9,0.055,0.2,5,114.28150458518215,0.09200951716664493,1,1.0232568055412996,35.06587224548943,34.04104219038472
Ocean,lambda_ci,0.9,0.055,0.2,6,109.08730764132319,0.10449029615767137,1,1.07463224786493,36.55460855685278,35.083827536884755
Ocean,lambda_ci,0.9,0.055,0.2,7,122.99590339858811,0.09339374607439521,1,1.1075745969400121,39.55815589496262,34.20838310643129
Ocean,lambda_ci,0.9,0.055,0.2,8,119.03833660268427,0.09072981183956443,1,0.9374458155283851,34.71642066180898,35.10452283095464
Ocean,lambda_ci,0.9,0.055,0.2,9,112.12109985437861,0.10735139341104943,1,1.0563236787251264,37.756323615682305,35.61545099772955
Ocean,lambda_ci,0.9,0.055,0.2,10,113.72228470816263,0.10276862764940926,1,1.1406148980874078,38.935465794402965,35.85694975694765
Ocean,lambda_ci,0.9,0.055,0.2,11,112.07415781972196,0.12029030606267346,1,0.8868662749089038,36.60579717810873,32.63754999607126
Ocean,lambda_ci,0.9,0.055,0.2,12,103.48360533689214,0.11523143990876686,1,0.9361110777852237,33.98761872766879,34.08296561007811
Ocean,lambda_ci,0.9,0.055,0.2,13,120.07879377174999,0.09160989825124582,1,1.097613985436139,38.07696572381513,36.97610153050482
Ocean,lambda_ci,0.9,0.055,0.2,14,107.02448167744275,0.09929648185063061,1,0.896153523848225,31.925762043349476,33.90947886219119
Ocean,lambda_ci,0.9,0.055,0.2,15,116.29400832393142,0.09485877580933585,1,1.0333304721559946,36.40958390570951,36.56092436002265
Ocean,lambda_ci,0.9,0.055,0.2,16,110.81362394870277,0.1086678827081402,1,0.9535231362062402,35.670514880687186,33.821261895955416
Ocean,lambda_ci,0.9,0.055,0.2,17,113.22922665718329,0.1274084417191801,1,1.0100868963069125,40.61972807463931,36.113076178164704
Ocean,lambda_ci,0.9,0.055,0.2,18,106.60741573007161,0.10302075824041317,1,0.9911073806261661,34.06513715673385,35.22386153487671
Ocean,lambda_ci,0.9,0.055,0.2,19,112.75041930425829,0.11943949191174484,1,1.095003953889533,40.77556457346643,35.76846638453786
Ocean,lambda_ci,0.9,0.055,0.2,20,107.19350249363497,0.10379181802669772,1,1.0923504531177315,36.09366786859716,33.821071677274446
Ocean,lambda_ci,0.9,0.055,0.2,21,128.10431258560803,0.11092468195476653,1,1.0302376932417128,43.30584968444245,38.60845170054046
Ocean,lambda_ci,0.9,0.055,0.2,22,100.49991333611932,0.10547085996237629,1,0.8880589499310007,30.757627185550962,34.185659493788314
Ocean,lambda_ci,0.9,0.055,0.2,23,92.6791597562314,0.09809481097131384,1,0.9946856149542627,28.949963713095507,33.14544371056782
Ocean,lambda_ci,0.9,0.055,0.2,24,96.84949719572177,0.09659209351973912,1,0.9390112630572909,29.167792423848606,33.41655738245032
Ocean,lambda_ci,0.9,0.055,0.2,25,91.81063469652126,0.10779293481189132,1,0.8980503457373731,28.5652796502331,34.76009434750996
Ocean,lambda_ci,0.9,0.055,0.2,26,119.6945097875217,0.11677899931662378,1,1.0552941547170818,42.01877349388404,36.84839938003138
Ocean,lambda_ci,0.9,0.055,0.2,27,108.29459079301729,0.09134697423627249,1,0.9273124912095217,31.518598845913708,33.69143789565156
Ocean,lambda_ci,0.9,0.055,0.2,28,112.01824861796177,0.10435496955798654,1,0.9625184361288319,35.50175924648442,33.44551432354387
Ocean,lambda_ci,0.9,0.055,0.2,29,99.4126439094537,0.11386486969218625,1,1.0599326728214438,34.53628668288209,32.410100721760536
Ocean,lambda_ci,0.9,0.055,0.2,30,100.39878104666539,0.13178989868123722,1,1.0828776417919974,37.927934781869226,34.73471994656922
Ocean,lambda_ci,0.9,0.055,0.2,31,122.70629100533237,0.12175044435298017,1,1.0569136235366503,44.01714339748237,38.52411899807415
Ocean,lambda_ci,0.9,0.055,0.2,32,104.60242773252779,0.0948583916682193,1,1.0915692788597051,33.6593166638616,33.94720382325096
Ocean,lambda_ci,0.9,0.055,0.2,33,101.74121368566728,0.09519560382446052,1,0.9953810934980029,31.31843516345667,34.89841301180276
Ocean,lambda_ci,0.9,0.055,0.2,34,107.09230461023358,0.08578054216773387,1,1.0188092625201575,31.659139054292538,34.43991586887432
Ocean,lambda_ci,0.9,0.055,0.2,35,113.01719342709384,0.10578365017648163,1,1.0026122788990008,36.80614240507292,31.54872201549864
Ocean,lambda_ci,0.9,0.055,0.2,36,107.1184563667876,0.09648339602043524,1,0.8099447078197926,29.944583879503163,32.81579726643883
Ocean,lambda_ci,0.9,0.055,0.2,37,109.10982234006352,0.12327380283814614,1,1.0667936171757344,39.567576410451025,35.72838154170509
Ocean,lambda_ci,0.9,0.055,0.2,38,107.84256397241242,0.0952061827666727,1,0.965558930253508,32.697321197007426,34.59369377211926
Ocean,lambda_ci,0.9,0.055,0.2,39,119.25738223910143,0.10707387046273124,1,0.9287110763400895,37.606882706937256,34.833886574185975
Ocean,lambda_ci,0.9,0.055,0.2,40,117.12007587499554,0.10127913470857285,1,1.061789525922613,38.4070149652101,36.44337503624805
Ocean,lambda_ci,0.9,0.055,0.2,41,112.29820357151355,0.10891623758852688,1,1.021925983194839,37.465268123445995,36.106322052226076
Ocean,lambda_ci,0.9,0.055,0.2,42,102.57875375728518,0.12235372078520639,1,0.9012940872831292,34.06428438949305,35.459717863590114
Ocean,lambda_ci,0.9,0.055,0.2,43,102.79943431201723,0.09428126979995485,1,1.0866671386408457,32.904227811335566,33.39554224450568
Ocean,lambda_ci,0.9,0.055,0.2,44,107.80144375517852,0.09412895531270561,1,0.9186963880181865,31.700944446600527,33.88596501683123
Ocean,lambda_ci,0.9,0.055,0.2,45,108.15024254299618,0.1076809072761999,1,0.8639213532188825,32.98632662749783,36.18169924346284
Ocean,lambda_ci,0.9,0.055,0.2,46,106.15139809988155,0.11052539231719191,1,0.9773546086662246,34.888543056719946,36.277503407307606
Ocean,lambda_ci,0.9,0.055,0.2,47,93.79595527865665,0.13522419314897505,1,1.15612056034483,37.08624582086196,33.51937734392371
Ocean,lambda_ci,0.9,0.055,0.2,48,94.18244557730516,0.100131345000235,1,0.9265853023466548,28.687829543385206,32.91899642005359
Ocean,lambda_ci,0.9,0.055,0.2,49,122.96113170660881,0.09726193214612375,1,1.118803393753948,40.56170345109099,39.58132167908521
Ocean,lambda_ci,0.9,0.055,0.2,50,115.3462984906282,0.09376390827756748,1,0.859760314402818,32.74991750876302,36.79637408627745
Ocean,lambda_ci,0.9,0.055,0.2,51,108.14407960709572,0.08829317371679381,1,1.025153745125289,32.53574937816278,35.23351442365452
Ocean,lambda_ci,0.9,0.055,0.2,52,127.09867666679656,0.1044289628927469,1,1.0267611721707481,41.61848144059108,36.302984425704764
Ocean,lambda_ci,0.9,0.055,0.2,53,98.96208990921443,0.09586580183408124,1,0.9917283779219892,30.513855348399154,34.18387789049084
Ocean,lambda_ci,0.9,0.055,0.2,54,111.64036372534565,0.09083618116394405,1,1.0954556136995173,35.21665228245689,34.9260061085025
Ocean,lambda_ci,0.9,0.055,0.2,55,106.07751666163526,0.09296580218412431,1,1.0354650410068271,32.9118788064699,36.234304052408234
Ocean,lambda_ci,0.9,0.055,0.2,56,102.77834247122448,0.10740489903082626,1,0.9699310891219906,33.1729500677692,34.06599539877875
Ocean,lambda_ci,0.9,0.055,0.2,57,124.29438138581222,0.11056680789083871,1,0.9380041138136799,40.028217828269476,37.15318540727437
Ocean,lambda_ci,0.9,0.055,0.2,58,109.16925613241231,0.09204907610830666,1,1.0663477323597745,34.20262926067252,36.33383598343318
Ocean,lambda_ci,0.9,0.055,0.2,59,111.27131812262664,0.10026044246515695,1,1.093376017477764,36.841119015685805,35.563622348965126
Ocean,lambda_ci,0.9,0.055,0.2,60,117.9078549405195,0.11299648079791412,1,0.9811581903992223,39.25949547562945,32.63347682730137
Ocean,lambda_ci,0.9,0.055,0.2,61,95.4044943316743,0.09692322125258988,1,1.0617244198406441,30.604737363679117,34.026230431789195
Ocean,lambda_ci,0.9,0.055,0.2,62,93.55405521474863,0.09738781069415285,1,1.0297276310320052,29.62621034208542,34.660006269932765
Ocean,lambda_ci,0.9,0.055,0.2,63,117.28721976355773,0.08977889276119606,1,1.011947907373734,35.35223638289619,35.78665664160441
Ocean,lambda_ci,0.9,0.055,0.2,64,113.84767478633584,0.0902769527900269,1,0.8923842832256557,32.313839772389144,34.42170013442848
Ocean,lambda_ci,0.9,0.055,0.2,65,118.30576099200805,0.12983953679626167,1,1.083188529534953,44.36713635381323,36.72711503051564
Ocean,lambda_ci,0.9,0.055,0.2,66,121.27437389618328,0.1228331279137008,1,0.8964734167461935,40.24347777739132,36.09096119807079
Ocean,lambda_ci,0.9,0.055,0.2,67,115.09552316438415,0.12714974111357558,1,1.0359502890914722,41.77203463605833,32.854666397844596
Ocean,lambda_ci,0.9,0.055,0.2,68,108.12112933674723,0.09291807906013858,1,0.9819698832963593,32.659517841880174,35.64865574712382
Ocean,lambda_ci,0.9,0.055,0.2,69,112.4212034527001,0.11421373411528622,1,0.9976415479476218,37.94850393468008,34.86946932728667
Ocean,lambda_ci,0.9,0.055,0.2,70,108.09097294192576,0.09815548115097412,1,0.8658963158893703,31.512267183464143,35.212442617140084
Ocean,lambda_ci,0.9,0.055,0.2,71,106.12635019443663,0.11043740702150077,1,1.0095856503517446,35.43667077529835,33.675040333410365
Ocean,lambda_ci,0.9,0.055,0.2,72,100.39759329950839,0.11545225413835446,1,0.9163833630676208,32.6560091071801,33.502666605783546
Ocean,lambda_ci,0.9,0.055,0.2,73,103.52697185757634,0.0915250987555761,1,1.1117384606719638,33.023639100198906,35.24901291264561
Ocean,lambda_ci,0.9,0.055,0.2,74,112.72029765093527,0.09110525094127012,1,0.9569686288200424,33.28301661307304,34.13207199417897
Ocean,lambda_ci,0.9,0.055,0.2,75,127.93593948177252,0.0967545375612874,1,1.1202193355620964,42.119166249108616,38.973667349474724
Ocean,lambda_ci,0.9,0.055,0.2,76,113.41053912877838,0.10365488826550967,1,1.1057720199788394,38.39556892910086,34.94186501783598
Ocean,lambda_ci,0.9,0.055,0.2,77,104.92379212731609,0.09410994764403634,1,1.0465344304965953,32.92823895938014,34.488451104772466
Ocean,lambda_ci,0.9,0.055,0.2,78,105.03928376240117,0.09967597447015603,1,0.9492641276412733,32.3102658562828,34.286704573159305
Ocean,lambda_ci,0.9,0.055,0.2,79,107.44687536121755,0.0935669071805907,1,1.1179744769437734,34.75128530342537,33.869955537885865
Ocean,lambda_ci,0.9,0.055,0.2,80,112.79779585976594,0.08557231885259038,1,1.05051575557758,33.819606399083646,30.955480641395933
Ocean,lambda_ci,0.9,0.055,0.2,81,120.13733407936444,0.11782479362254605,1,1.0130575335785514,41.50623967875369,39.55437743406018
Ocean,lambda_ci,0.9,0.055,0.2,82,113.99308990442663,0.10512604733955382,1,1.0198550633312506,37.32526689349796,37.63778565762715
Ocean,lambda_ci,0.9,0.055,0.2,83,125.52657352510438,0.08150203676707203,1,0.9031788563446418,34.05703112160552,34.63502734868983
Ocean,lambda_ci,0.9,0.055,0.2,84,124.74848561469445,0.09000952905085687,1,0.9417592738373008,36.320304399313756,38.89241293497464
Ocean,lambda_ci,0.9,0.055,0.2,85,119.62479047253767,0.11439266919213087,1,0.939755849377501,39.22182573736629,34.76436971142104
Ocean,lambda_ci,0.9,0.055,0.2,86,120.49130967488226,0.09495057786727497,1,0.9295607824400487,35.796735887285564,36.31776908580725
Ocean,lambda_ci,0.9,0.055,0.2,87,116.19992238673436,0.0901267410223003,1,1.1385084523403146,37.2220939713306,34.27264746704338
Ocean,lambda_ci,0.9,0.055,0.2,88,98.55949525704682,0.09299604317819528,1,0.98837428383772,29.880745220738117,33.42111697928783
Ocean,lambda_ci,0.9,0.055,0.2,89,97.22558590039822,0.10535153896631608,1,0.9725166961944036,31.12071340098444,34.867497465485
Ocean,lambda_ci,0.9,0.055,0.2,90,106.83326230324641,0.08443942565792419,1,0.9833158569244576,30.784042293948257,35.82331576352478
Ocean,lambda_ci,0.9,0.055,0.2,91,109.77177811515497,0.07469315962398183,1,1.0184042424974622,30.275492353111023,34.411111746660495
Ocean,lambda_ci,0.9,0.055,0.2,92,117.31314496437726,0.08205430518227429,1,1.083690576067658,34.98243309035121,34.1845420733653
Ocean,lambda_ci,0.9,0.055,0.2,93,110.77714321031077,0.09363024548163629,1,0.9154400617153176,32.4319602619098,32.83944051063366
Ocean,lambda_ci,0.9,0.055,0.2,94,98.83626322925228,0.1078524565856999,1,1.0421108110607105,33.13510024792784,34.1705360352957
Ocean,lambda_ci,0.9,0.055,0.2,95,112.94284411571816,0.11486847751828141,1,0.9030536377526441,36.37608244979183,35.744058874995396
Ocean,lambda_ci,0.9,0.055,0.2,96,101.09982482549694,0.13911579377140804,1,0.9382349649483994,36.525353596811335,35.37540123829001
Ocean,lambda_ci,0.9,0.055,0.2,97,119.49538499504726,0.08943953815875477,1,1.0502319522051686,36.62338819390239,34.999066121435334
Ocean,lambda_ci,0.9,0.055,0.2,98,96.92921804381578,0.0884110600166643,1,1.0159955851295281,29.05052052030893,34.52191665993094
Ocean,lambda_ci,0.9,0.055,0.2,99,107.51041702443992,0.10454481611094613,1,0.8154858499773086,31.391351423832234,36.10623831191358
Ocean,lambda_ci,0.9,0.055,0.2,100,107.2146777930065,0.11673477043980139,1,0.9210848962206133,35.15638339625698,33.94731013808036
Ocean,lambda_ci,0.9,0.055,0.2,101,107.18064602624005,0.089381198502574,1,1.0324438562648353,32.55912157859828,35.9755434267778
Ocean,lambda_ci,0.9,0.055,0.2,102,101.22822282538468,0.09186890107851015,1,0.8653448143042021,28.541741656644636,31.30208490500594
Ocean,lambda_ci,0.9,0.055,0.2,103,114.63680438241195,0.11275658344517892,1,0.9662802404048209,37.83960328685667,35.6784246241263
Ocean,lambda_ci,0.9,0.055,0.2,104,102.71400350335568,0.08575892199011875,1,1.0010068992087775,30.09454967784336,32.27753797796525
Ocean,lambda_ci,0.9,0.055,0.2,105,106.82058778393797,0.09711891512490842,1,1.1592906436047774,35.84289169588509,33.4225883077244
Ocean,lambda_ci,0.9,0.055,0.2,106,119.23727959769772,0.09453312274786703,1,0.9596087220332288,35.91295609200832,36.12409449989036
Ocean,lambda_ci,0.9,0.055,0.2,107,118.55838055409197,0.09972061415411668,1,1.0195343333357336,37.80294709012714,34.83799032343626
Ocean,lambda_ci,0.9,0.055,0.2,108,115.32256828528271,0.09774397215552025,1,1.0927482050065962,37.68941084488368,33.491299373068934
Ocean,lambda_ci,0.9,0.055,0.2,109,105.90415522267908,0.10830928930050232,1,1.1941160764685625,38.08632999582522,32.39313265175804
Ocean,lambda_ci,0.9,0.055,0.2,110,108.00451465219737,0.10113639126406503,1,0.9745573693855698,33.907778783740426,34.67651088860651
Ocean,lambda_ci,0.9,0.055,0.2,111,110.56611334666043,0.10130959092429419,1,0.9888013393878841,34.99466555354382,33.4567974552735
Ocean,lambda_ci,0.9,0.055,0.2,112,108.7579086284013,0.08869186754379596,1,1.099296838725127,33.959417877136325,36.16900662627311
Ocean,lambda_ci,0.9,0.055,0.2,113,115.4172541903425,0.0939685792996581,1,0.9683740322030606,34.81638178209542,32.67478232327803
Ocean,lambda_ci,0.9,0.055,0.2,114,117.07782405108604,0.10157850992138157,1,0.9413293625180934,36.20315035663568,35.38865503306039
Ocean,lambda_ci,0.9,0.055,0.2,115,115.7951383620214,0.10621254710095109,1,1.0123365638394923,37.970008946875936,32.864546147603896
Ocean,lambda_ci,0.9,0.055,0.2,116,101.56352561024526,0.09707411047206277,1,0.9008591133813001,30.034327789909987,33.43253791012143
Ocean,lambda_ci,0.9,0.055,0.2,117,111.78532597770338,0.08929949059415881,1,0.8522952758645589,30.839287020221004,33.08114049109018
Ocean,lambda_ci,0.9,0.055,0.2,118,107.37059935737068,0.09285265038118733,1,1.0624737836321176,33.724198829380555,35.78857601284269
Ocean,lambda_ci,0.9,0.055,0.2,119,98.10270256991494,0.09969239787398415,1,0.9614232554772155,30.371714176224543,35.21466943406517
Ocean,lambda_ci,0.9,0.055,0.2,120,110.24813114192791,0.09969202413883116,1,1.099679091059794,36.50349327229726,35.53387604331492
Ocean,lambda_ci,0.9,0.055,0.2,121,95.03944006892469,0.0898440040606874,1,0.8429162629050971,26.15415148756823,30.920445006626608
Ocean,lambda_ci,0.9,0.055,0.2,122,114.80754859882549,0.09998260844467358,1,1.1242513720708123,38.49146035705164,34.647788128615744
Ocean,lambda_ci,0.9,0.055,0.2,123,101.5115389828225,0.11659378765174296,1,1.0527916483359208,35.56512447603396,33.0720431131551
Ocean,lambda_ci,0.9,0.055,0.2,124,108.6677679896579,0.10430963929173236,1,0.9476218220301489,34.1649268529706,36.28986502807609
Ocean,lambda_ci,0.9,0.055,0.2,125,114.61906959572919,0.11828655722356361,1,0.9929387043226003,39.281294780773514,35.43972191139947
Ocean,lambda_ci,0.9,0.055,0.2,126,114.86521303824077,0.10115881758663725,1,1.0854170759156196,38.0617471123805,35.83438549104258
Ocean,lambda_ci,0.9,0.055,0.2,127,121.77299032681528,0.10593935200560949,1,1.0027637740052797,39.68980316768744,37.10438385902205
Ocean,lambda_ci,0.9,0.055,0.2,128,121.13224928528315,0.10344553077629846,1,1.1204482453176685,41.239325000716455,36.486927929232266
Ocean,lambda_ci,0.9,0.055,0.2,129,119.75328574618294,0.08384081583022106,1,0.844119424996285,31.857899163289545,33.976228210464164
Ocean,lambda_ci,0.9,0.055,0.2,130,115.79914588512669,0.11196256821695423,1,1.049988942574335,39.703989268729465,37.689685531212795
Ocean,lambda_ci,0.9,0.055,0.2,131,111.93673523111886,0.11049089593811202,1,0.9861700968906134,36.94977501725323,36.14020867534839
Ocean,lambda_ci,0.9,0.055,0.2,132,117.12970371374288,0.11355428424627265,1,0.8360686235777413,36.090239945151566,36.17884908098894
Ocean,lambda_ci,0.9,0.055,0.2,133,122.14544402055033,0.11700926945516171,1,0.8856356815611581,39.32013129383873,36.4117829376239
Ocean,lambda_ci,0.9,0.055,0.2,134,116.7795916118902,0.1439069121946434,1,0.9972563758644823,44.23959986918696,38.7032901398166
Ocean,lambda_ci,0.9,0.055,0.2,135,108.10192547931311,0.09188912428573266,1,0.9912561674606463,32.625594727093784,35.12563923144935
Ocean,lambda_ci,0.9,0.055,0.2,136,108.67088741581011,0.08695950679986765,1,0.8477628667304695,29.505905183383156,33.71499299371755
Ocean,lambda_ci,0.9,0.055,0.2,137,93.46743583833995,0.098377473293549,1,0.9729129847271709,28.916462365153702,32.15594344700249
Ocean,lambda_ci,0.9,0.055,0.2,138,111.97534172731021,0.10871553194110777,1,1.0438301264088061,37.720992188917094,34.604652693796105
Ocean,lambda_ci,0.9,0.055,0.2,139,134.19448577299954,0.10727562141478489,1,1.068438556659415,45.43180231283922,40.161635092126986
Ocean,lambda_ci,0.9,0.055,0.2,140,108.4848519944911,0.10998400678867247,1,1.119226906107758,38.062117047332336,37.56572767485694
Ocean,lambda_ci,0.9,0.055,0.2,141,111.34266754169006,0.0922962415378198,1,1.135857475996291,36.0508534452551,32.097682261177
Ocean,lambda_ci,0.9,0.055,0.2,142,112.80970385742764,0.10056567631871531,1,0.9190139604591852,34.29512600018636,33.81155244155971
Ocean,lambda_ci,0.9,0.055,0.2,143,115.06391621605536,0.11835841022192184,1,0.9723083783148158,39.03379049390967,35.327376946563845
Ocean,lambda_ci,0.9,0.055,0.2,144,109.06739779359904,0.11164980782533915,1,0.9103124929337673,34.77116108525644,35.206614820281615
Ocean,lambda_ci,0.9,0.055,0.2,145,106.30259665286921,0.11195057242873956,1,0.9877855740382391,35.34991485580345,33.75206803189159
Ocean,lambda_ci,0.9,0.055,0.2,146,127.53804277400302,0.09875549766361973,1,1.1060499758653923,42.15098852802563,36.8116547297848
Ocean,lambda_ci,0.9,0.055,0.2,147,105.5613140396475,0.07544067385151865,1,0.9070718038593119,27.61394152171566,32.82807538897049
Ocean,lambda_ci,0.9,0.055,0.2,148,107.62926728419022,0.100042950259308,1,1.1159324348682131,35.96189588140606,35.122416860227304
Ocean,lambda_ci,0.9,0.055,0.2,149,105.98511728236089,0.1035077713211264,1,1.0528160933344541,34.98707379641293,34.74425770587432
Ocean,lambda_ci,0.9,0.055,0.2,150,107.69901439544522,0.10771596546105608,1,0.9132555410955775,33.779088478265734,36.34353401082326
Ocean,lambda_ci,0.9,0.055,0.2,151,94.80069949674227,0.08389859292011267,1,0.9996129667004179,27.4539488991141,31.80696115132888
Ocean,lambda_ci,0.9,0.055,0.2,152,106.87949294623012,0.10186549473821328,1,0.9432181329723349,33.129433128970874,34.88544008284726
Ocean,lambda_ci,0.9,0.055,0.2,153,94.7243208908486,0.10709689458333882,1,0.8179365543960595,28.03559310603269,34.147349540796036
Ocean,lambda_ci,0.9,0.055,0.2,154,124.76151727210137,0.10367743294675723,1,0.9934921664810304,40.04100681101348,37.2858879052342
Ocean,lambda_ci,0.9,0.055,0.2,155,119.46199443075893,0.08847973081691214,1,0.9418116237979242,34.48527396160001,34.28300621373845
Ocean,lambda_ci,0.9,0.055,0.2,156,117.24364710351794,0.09170917677082227,1,0.983637516217773,35.21382968123163,35.2226408152075
Ocean,lambda_ci,0.9,0.055,0.2,157,112.96306972697757,0.08240784522400535,1,1.2,35.5231433112959,34.80952114278299
Ocean,lambda_ci,0.9,0.055,0.2,158,112.58044654288221,0.10943617746841883,1,1.0734916408356796,38.587154854720985,35.884622531994836
Ocean,lambda_ci,0.9,0.055,0.2,159,126.12257180049654,0.09855942491572327,1,1.0378466619269873,40.33745507983472,36.4997483692466
Ocean,lambda_ci,0.9,0.055,0.2,160,124.07023812683106,0.11260869093232498,1,1.0304274637497632,42.263190887458926,34.02620567307903
Ocean,lambda_ci,0.9,0.055,0.2,161,105.19727350604653,0.11747351358971428,1,0.9325552500505735,34.81863560274318,32.58862947852678
Ocean,lambda_ci,0.9,0.055,0.2,162,127.6180114621889,0.10503849435051027,1,0.9655557413511174,40.641983237581705,33.92271426370075
Ocean,lambda_ci,0.9,0.055,0.2,163,124.41362067379015,0.10221793558923345,1,1.0597155205368045,40.94738099470756,36.81632864813472
Ocean,lambda_ci,0.9,0.055,0.2,164,108.975502860671,0.12047505647769839,1,1.0278329882776576,38.34764754748501,33.72107026097178
Ocean,lambda_ci,0.9,0.055,0.2,165,119.33317026077269,0.0939194200366693,1,0.871895334306805,34.14845475819494,35.93562752755085
Ocean,lambda_ci,0.9,0.055,0.2,166,107.45976242009841,0.10233763121586316,1,0.847946908647083,31.655405913040806,34.039314840884266
Ocean,lambda_ci,0.9,0.055,0.2,167,111.29463944907927,0.10728442366899664,1,0.9695243122113895,35.89400633982875,36.17120475843629
Ocean,lambda_ci,0.9,0.055,0.2,168,109.07167894798046,0.0987615523217649,1,0.8858923373503067,32.262381669363,33.49763332199275
Ocean,lambda_ci,0.9,0.055,0.2,169,114.70342975300578,0.11135453607362207,1,0.9369303032972398,37.04964092091206,37.08587353343019
Ocean,lambda_ci,0.9,0.055,0.2,170,109.13222753738478,0.0942583353553665,1,1.2,36.703165810319405,35.651528031614774
Ocean,lambda_ci,0.9,0.055,0.2,171,102.18226602440087,0.08712364848132606,1,0.952063799035586,29.429073018584624,34.240289226256316
Ocean,lambda_ci,0.9,0.055,0.2,172,109.93010092924534,0.10861728656337355,1,0.9211739449184825,34.7725807323197,38.438286954006365
Ocean,lambda_ci,0.9,0.055,0.2,173,111.83502641605847,0.10027157339836902,1,1.1157596938154593,37.40693231710427,36.60148289078506
Ocean,lambda_ci,0.9,0.055,0.2,174,112.16043749486735,0.0944064599196162,1,0.9994427095673426,34.45240177072035,34.44991762199259
Ocean,lambda_ci,0.9,0.055,0.2,175,102.063326472355,0.10195560632801193,1,1.0299418835375285,33.07361255257956,35.093160123879194
Ocean,lambda_ci,0.9,0.055,0.2,176,89.00932527868468,0.09165985713204527,1,1.0614924280009435,27.764096627435052,32.42625650717561
Ocean,lambda_ci,0.9,0.055,0.2,177,112.29286546525253,0.10980592447321662,1,1.0673337276296122,38.442813720767255,33.39685235494794
Ocean,lambda_ci,0.9,0.055,0.2,178,109.68843175107838,0.09256227564197864,1,0.950988777817362,32.54359562686453,36.10753557456067
Ocean,lambda_ci,0.9,0.055,0.2,179,120.92225296435457,0.10175440773055389,1,0.855251198372382,35.67218332305206,33.9541811554131
Ocean,lambda_ci,0.9,0.055,0.2,180,117.50686409992078,0.10149458174144806,1,1.053881300279458,38.43089642881743,35.92919453097287
Ocean,lambda_ci,0.9,0.055,0.2,181,106.93583664448067,0.07573129898158949,1,1.0433114688425924,30.058545755904337,34.70284403175706
Ocean,lambda_ci,0.9,0.055,0.2,182,107.55903886859625,0.09428832069455848,1,1.0497427830371602,33.838983760476275,35.49163924241626
Ocean,lambda_ci,0.9,0.055,0.2,183,104.56021728648065,0.08933430717094809,1,0.9228271167379074,30.021735034414707,32.682645403235554
Ocean,lambda_ci,0.9,0.055,0.2,184,100.97914281929165,0.08577288683955399,1,0.9521477855644472,28.857511292057023,33.115282505381145
Ocean,lambda_ci,0.9,0.055,0.2,185,128.11140749352728,0.09673313874606373,1,0.918362666551147,38.18409946658415,33.74974173049305
Ocean,lambda_ci,0.9,0.055,0.2,186,111.43571121650898,0.09419708791410072,1,0.9261792729037042,32.91475724923039,35.50801763710333
Ocean,lambda_ci,0.9,0.055,0.2,187,104.38572320257802,0.10449409380065293,1,0.8622264373594835,31.332687259710855,34.82859039078132
Ocean,lambda_ci,0.9,0.055,0.2,188,115.8607365030546,0.09987458589804404,1,0.9388625001475845,35.47846137692145,35.264020040005185
Ocean,lambda_ci,0.9,0.055,0.2,189,117.62309256441795,0.09722989310558648,1,1.1029822639317972,38.519155977140244,36.87243552938972
Ocean,lambda_ci,0.9,0.055,0.2,190,112.56155956569886,0.08304609799767021,1,0.943377471245778,31.505941901187335,36.29036741045456
Ocean,lambda_ci,0.9,0.055,0.2,191,122.71942072473595,0.08578944759596398,1,0.9726089277541867,35.44862205738383,32.735115963668285
Ocean,lambda_ci,0.9,0.055,0.2,192,99.41682552056315,0.09373453827108409,1,1.1317430015003227,32.380505367106,35.99116870401878
Ocean,lambda_ci,0.9,0.055,0.2,193,113.71627789050966,0.09621603450749187,1,0.9672884749372044,34.691603143779375,36.76741029639675
Ocean,lambda_ci,0.9,0.055,0.2,194,102.46914695829635,0.10985842350595455,1,0.9398813564647929,32.92655691678345,35.85546380733713
Ocean,lambda_ci,0.9,0.055,0.2,195,131.63128242204616,0.09867583744951318,1,0.9850513020162457,41.03873331761592,37.77865442858225
Ocean,lambda_ci,0.9,0.055,0.2,196,104.53107249941422,0.10374767020122715,1,1.0399904330645864,34.33596478193125,34.519848035187835
Ocean,lambda_ci,0.9,0.055,0.2,197,117.89777400289766,0.10781185742858479,1,0.9516286151362423,37.76353278504122,34.78680046767062
Ocean,lambda_ci,0.9,0.055,0.2,198,110.69121268994506,0.10031371984198552,1,0.9246910912748785,33.712553590610334,35.52091571906309
Ocean,lambda_ci,0.9,0.055,0.2,199,120.71645516097657,0.1064899804157159,1,1.0783023350518341,40.90638677213609,36.03610071693966
Ocean,lambda_ci,0.9,0.055,0.2,200,110.93410291082826,0.11557412291759868,1,0.915216068867881,36.07922475691925,34.19680800854462
Ocean,lambda_ci,0.9,0.055,0.2,201,102.22338210822528,0.08865340450429497,1,1.025802570165751,30.82689947627297,35.04808628971182
Ocean,lambda_ci,0.9,0.055,0.2,202,114.74294758209624,0.09111704973872473,1,1.0129246588689067,34.858957807398255,36.33094465831454
Ocean,lambda_ci,0.9,0.055,0.2,203,115.18798073050728,0.09924718666065906,1,1.089784753530059,37.882325491213415,36.737999419741996
Ocean,lambda_ci,0.9,0.055,0.2,204,100.46621774487488,0.09860748719264047,1,1.1020120273339054,33.11830990949978,35.03656496188737
Ocean,lambda_ci,0.9,0.055,0.2,205,120.1215019915421,0.10584200601584255,1,0.907820292240492,37.23486025471593,34.95556717733798
Ocean,lambda_ci,0.9,0.055,0.2,206,96.12285195868968,0.09174548680801471,1,0.9311434371411148,28.094887398901783,32.78616388045791
Ocean,lambda_ci,0.9,0.055,0.2,207,116.82847885935875,0.10769508831308816,1,1.0172841459995998,38.66943339182025,35.48867290287971
Ocean,lambda_ci,0.9,0.055,0.2,208,113.72888194817665,0.11411969889090483,1,0.8733923372380532,35.905069099874346,32.61532635778985
Ocean,lambda_ci,0.9,0.055,0.2,209,94.73929271319878,0.12472018465623724,1,1.0667652712529567,34.55675429361206,31.669329063652434
Ocean,lambda_ci,0.9,0.055,0.2,210,111.67286117556876,0.0879677333134883,1,1.0550360615334704,34.02068049163005,33.84607238271593
Ocean,lambda_ci,0.9,0.055,0.2,211,109.70970684488171,0.09568452246047784,1,1.081963354087779,35.29979450840324,33.40527057962172
Ocean,lambda_ci,0.9,0.055,0.2,212,111.48168138189311,0.08780034200493557,1,1.1143021484457587,34.87009237794753,34.61873127549693
Ocean,lambda_ci,0.9,0.055,0.2,213,98.77843126195121,0.10611332345422025,1,1.0570749282046823,33.082625542047126,34.3919727029402
Ocean,lambda_ci,0.9,0.055,0.2,214,106.93445370229382,0.10039197150044558,1,1.0125097570865496,34.093120627131945,35.06532079126709
Ocean,lambda_ci,0.9,0.055,0.2,215,100.32923229052574,0.11497061981471698,1,0.9855585663493469,33.772417074688946,33.58224853304848
Ocean,lambda_ci,0.9,0.055,0.2,216,105.09240624992725,0.10257177735752195,1,1.0108277127948813,33.839492913290066,32.68822522637321
Ocean,lambda_ci,0.9,0.055,0.2,217,104.1853676988792,0.09090236971314672,1,0.9434516661104512,30.51083962677473,33.98714502533688
Ocean,lambda_ci,0.9,0.055,0.2,218,94.26632687282154,0.10002249347302938,1,0.9437169165910789,28.961849569146057,32.06983630469662
Ocean,lambda_ci,0.9,0.055,0.2,219,104.77149775460502,0.09863818073206036,1,1.015397061307553,33.15764139444306,34.837920447496344
Ocean,lambda_ci,0.9,0.055,0.2,220,105.49918506274625,0.09275650381613944,1,1.0915646062941682,33.56958813934927,35.150836270820314
Ocean,lambda_ci,0.9,0.055,0.2,221,115.94583727081921,0.0941790307055548,1,0.9304408164300144,34.322320790063955,33.38495962164479
Ocean,lambda_ci,0.9,0.055,0.2,222,126.41200221807863,0.09936202200961428,1,1.0506605694399194,40.84413823642529,37.65870358557588
Ocean,lambda_ci,0.9,0.055,0.2,223,110.2454749565195,0.0935792438451965,1,0.9851445679434448,33.47345355573217,32.848276120663876
Ocean,lambda_ci,0.9,0.055,0.2,224,108.8646478182983,0.11626987336214291,1,1.0565377968089813,38.15601323677891,35.410710698872855
Ocean,lambda_ci,0.9,0.055,0.2,225,104.73220911615678,0.09345202682349872,1,1.0018114210880973,32.04554159838818,33.00419223185656
Ocean,lambda_ci,0.9,0.055,0.2,226,114.93227534999362,0.08758936295436193,1,0.9773640356736859,33.627599436035965,35.22698796107684
Ocean,lambda_ci,0.9,0.055,0.2,227,125.80071870788657,0.07630585813497406,1,1.1444241412553267,37.17539296249834,35.584176921201646
Ocean,lambda_ci,0.9,0.055,0.2,228,108.43498290439152,0.10351043167001553,1,0.9188344990017362,33.44106667338169,33.28629297845579
Ocean,lambda_ci,0.9,0.055,0.2,229,117.14721388360637,0.11220188833638564,1,1.082280928819469,40.822730518359165,35.04961611523976
Ocean,lambda_ci,0.9,0.055,0.2,230,105.6703581570626,0.09745844147962494,1,1.0941532342242766,34.506585308116136,36.27969821241546
Ocean,lambda_ci,0.9,0.055,0.2,231,116.60919595869856,0.10701018577163864,1,1.0982217635218343,39.975175840514765,33.87461899262068
Ocean,lambda_ci,0.9,0.055,0.2,232,101.53907363865389,0.1278372699115007,1,1.0177193214655378,36.624858074773606,35.405623455138404
Ocean,lambda_ci,0.9,0.055,0.2,233,115.00279374272455,0.08229299181741548,1,1.0314934946572873,33.50603696088944,36.43423785102996
Ocean,lambda_ci,0.9,0.055,0.2,234,107.94565575317989,0.09177354420118003,1,1.1483058160142583,35.04230805825931,34.098049815416594
Ocean,lambda_ci,0.9,0.055,0.2,235,122.8041255043919,0.10102289399060754,1,1.0408870261063863,39.82214572561379,38.50742021901258
Ocean,lambda_ci,0.9,0.055,0.2,236,114.87185611003633,0.08400853072949983,1,0.9895064393787163,33.11956663563574,33.15138432501597
Ocean,lambda_ci,0.9,0.055,0.2,237,99.62083226474223,0.08869133484307526,1,1.0255890462856287,30.04536249839961,33.503794104364424
Ocean,lambda_ci,0.9,0.055,0.2,238,109.84941619517485,0.1059387737970449,1,0.9911781380609681,35.59599042711565,33.19912604625834
Ocean,lambda_ci,0.9,0.055,0.2,239,118.48925195457558,0.0975692192572528,1,0.9662416968317084,36.381303901841,33.93267392893323
Ocean,lambda_ci,0.9,0.055,0.2,240,116.15550268427567,0.1187745842243126,1,0.9334359286369469,38.67620064877734,36.32147275583002
Ocean,lambda_ci,0.9,0.055,0.2,241,109.40937252635744,0.10641914783133812,1,0.9236394395810278,34.30170047535425,33.216766810305636
Ocean,lambda_ci,0.9,0.055,0.2,242,107.0835365934714,0.09639097601986817,1,1.1237411650889062,35.243094957183104,33.57885084110821
Ocean,lambda_ci,0.9,0.055,0.2,243,114.35309949378515,0.08494558001326988,1,1.0433106744132903,34.042791030286814,37.13924018868182
Ocean,lambda_ci,0.9,0.055,0.2,244,101.32712791063784,0.1003870932905366,1,1.0692575813628642,33.197535323779135,33.59660134980872
Ocean,lambda_ci,0.9,0.055,0.2,245,110.48313652303125,0.12879360986950444,1,1.1398369837483946,42.33158453399182,37.42553491864549
Ocean,lambda_ci,0.9,0.055,0.2,246,95.37215781598623,0.09970960972447793,1,0.9899883023947654,29.96436981826219,33.74064120796376
Ocean,lambda_ci,0.9,0.055,0.2,247,104.81166485000143,0.12087001153836041,1,0.9652305467865296,35.80011568741627,35.7304661208241
Ocean,lambda_ci,0.9,0.055,0.2,248,106.59561125007109,0.08728338794626397,1,1.0223282687345014,31.841997713113372,35.215671231905496
Ocean,lambda_ci,0.9,0.055,0.2,249,133.11684980788942,0.10527182796527779,1,1.0161335465314663,43.53760233981924,38.9673913305869
Ocean,lambda_ci,0.9,0.055,0.2,250,105.30332337907346,0.10618658035849965,1,1.0215354197076236,34.68195816305664,34.315429128183716
Ocean,lambda_ci,0.9,0.055,0.2,251,118.29115904589993,0.1130992973284125,1,0.9778189552887355,39.33792667323125,35.216240013035936
Ocean,lambda_ci,0.9,0.055,0.2,252,100.13616955661675,0.10865459630323762,1,1.0612051761420718,34.00280193349593,34.35541001214626
Ocean,lambda_ci,0.9,0.055,0.2,253,117.21968646598818,0.10614355764675434,1,0.9368941669128182,36.96516447386467,34.576633227584765
Ocean,lambda_ci,0.9,0.055,0.2,254,119.70328580291635,0.09346830898717005,1,0.9247781548517097,35.193061277098735,37.38127546482432
Ocean,lambda_ci,0.9,0.055,0.2,255,104.06298681007624,0.07563411397438853,1,0.8618151088483429,26.568204196315623,32.070270023841225
Ocean,lambda_ci,0.9,0.055,0.2,256,100.05520954003465,0.0803375036363949,1,1.0678648719749595,29.30603218961629,31.64389936487207
Ocean,lambda_ci,0.9,0.055,0.2,257,113.64841132174934,0.08727616327590225,1,1.001619016942115,33.60179461727519,34.62436518629458
Ocean,lambda_ci,0.9,0.055,0.2,258,127.25312583130744,0.11495348758047076,1,0.9797828503336793,42.70654635519098,37.55875658716036
Ocean,lambda_ci,0.9,0.055,0.2,259,116.39483519218895,0.10237505075472957,1,1.169792103117854,40.2795970583092,37.537671778415515
Ocean,lambda_ci,0.9,0.055,0.2,260,106.43222963911182,0.10778762855910906,1,1.035578904444998,35.5589735646417,33.93106315791205
Ocean,lambda_ci,0.9,0.055,0.2,261,105.0916535068779,0.09954574138131521,1,0.8772620955179575,31.055909353146472,32.71273593987847
Ocean,lambda_ci,0.9,0.055,0.2,262,114.3999874281025,0.08168219724028881,1,1.056328951430089,33.60386830640574,36.77902715637019
Ocean,lambda_ci,0.9,0.055,0.2,263,108.2906341282462,0.10160279383929798,1,1.0995120207939457,36.19459428425098,34.02860435380863
Ocean,lambda_ci,0.9,0.055,0.2,264,111.15737980651284,0.09113536162926697,1,1.0285495179853448,34.032540042209526,34.493520780162164
Ocean,lambda_ci,0.9,0.055,0.2,265,116.73485747660186,0.11853948284999326,1,0.88627834341581,37.837038784406346,36.70270759460309
Ocean,lambda_ci,0.9,0.055,0.2,266,117.06985937361709,0.09456280063975298,1,0.9549812144005376,35.18055398879169,33.56089155049127
Ocean,lambda_ci,0.9,0.055,0.2,267,128.89450620507068,0.10690137133270709,1,0.95005428399566,41.07714542813891,37.568990059438676
Ocean,lambda_ci,0.9,0.055,0.2,268,117.05721028644697,0.08496788761402706,1,0.9948384347048339,34.03312730203973,33.355090406381386
Ocean,lambda_ci,0.9,0.055,0.2,269,124.5974884998582,0.08383868268749928,1,0.8905164891013543,34.04493379833304,35.903704233680166
Ocean,lambda_ci,0.9,0.055,0.2,270,107.37411440852632,0.09605092803919266,1,0.87345772264794,31.1007829301699,35.65882038246419
Ocean,lambda_ci,0.9,0.055,0.2,271,108.01174361973166,0.12539289610531923,1,0.9645506469363192,37.56383824561477,37.48376576188272
Ocean,lambda_ci,0.9,0.055,0.2,272,105.40477248151261,0.1108653617236294,1,0.8,31.390859551912303,34.85413633130818
Ocean,lambda_ci,0.9,0.055,0.2,273,118.70270208406006,0.11424505496414922,1,0.9460396629873061,39.02419768095184,38.2936680991683
Ocean,lambda_ci,0.9,0.055,0.2,274,116.52777196128072,0.11574590041288928,1,1.1134923867655155,41.833661464647584,38.860444436963604
Ocean,lambda_ci,0.9,0.055,0.2,275,94.17213018072214,0.1076264373828383,1,0.9772337569820908,30.540849079997678,33.98648635250439
Ocean,lambda_ci,0.9,0.055,0.2,276,96.86488394929539,0.09962092339529494,1,1.0154787669137906,30.808962064710986,34.230653291588915
Ocean,lambda_ci,0.9,0.055,0.2,277,104.30872868302325,0.10451128295529444,1,0.8457977282530618,31.012408715498214,33.28965079026012
Ocean,lambda_ci,0.9,0.055,0.2,278,138.60777583525058,0.11041285679647166,1,1.0341100107013876,46.8361069766216,42.24785341796258
Ocean,lambda_ci,0.9,0.055,0.2,279,122.70830756284626,0.10116927519603572,1,0.8429131446640675,35.83353871465224,35.074612633201106
Ocean,lambda_ci,0.9,0.055,0.2,280,98.71069945172832,0.09037283498032818,1,1.0383766485562054,30.238527500519783,35.10633921312289
Ocean,lambda_ci,0.9,0.055,0.2,281,109.70804238644435,0.09824719534066204,1,0.9132792355450721,32.86248025296206,35.18538599206991
Ocean,lambda_ci,0.9,0.055,0.2,282,119.70751158862228,0.09845464134572951,1,1.0921133741235556,39.253045981361694,32.73611815216151
Ocean,lambda_ci,0.9,0.055,0.2,283,106.91824635132049,0.10275313774372889,1,0.8724528114805729,32.01255565640825,33.94900662455247
Ocean,lambda_ci,0.9,0.055,0.2,284,107.81838601996954,0.09751189115164229,1,1.1315454328170882,35.81439457772959,34.30987743699672
Ocean,lambda_ci,0.9,0.055,0.2,285,107.09522238982984,0.09633913048310044,1,0.9777847526360016,32.86949929508038,33.8354178508386
Ocean,lambda_ci,0.9,0.055,0.2,286,93.33975006839809,0.1075915113993435,1,0.948718469867879,29.8211450830845,33.272639868957675
Ocean,lambda_ci,0.9,0.055,0.2,287,102.79693870145186,0.08762933570815212,1,0.9242865005890782,29.255548593760835,35.79713773615031
Ocean,lambda_ci,0.9,0.055,0.2,288,111.5582325192084,0.09787096264764934,1,0.8974226611367588,33.061843881403036,35.14699036833457
Ocean,lambda_ci,0.9,0.055,0.2,289,100.45300244854107,0.09894889983289473,1,1.0825748784259717,32.87739347658096,34.37664531020631
Ocean,lambda_ci,0.9,0.055,0.2,290,118.6759996459684,0.13630591419176635,1,0.8387946425932157,40.12805153179021,36.6267827938833
Ocean,lambda_ci,0.9,0.055,0.2,291,131.37273712350952,0.08538319975786021,1,1.081495010817618,39.92121234089047,32.88916487704222
Ocean,lambda_ci,0.9,0.055,0.2,292,114.2965750393013,0.1009094749813904,1,0.9510651158034568,35.40823803995564,33.3821556385523
Ocean,lambda_ci,0.9,0.055,0.2,293,97.51907370312794,0.1119558385894237,1,0.9479509631552697,31.769170626098365,35.629459124621036
Ocean,lambda_ci,0.9,0.055,0.2,294,105.29037647324364,0.10750322521226874,1,0.8588191071796872,31.99265439320238,35.255017161380955
Ocean,lambda_ci,0.9,0.055,0.2,295,100.63166572007793,0.08334350139595854,1,0.8645792676288798,27.013007611804298,32.925566063800666
Ocean,lambda_ci,0.9,0.055,0.2,296,111.04407737589689,0.1332251178018824,1,1.0384299899040221,41.302569205553546,38.152473789856074
Ocean,lambda_ci,0.9,0.055,0.2,297,117.59634932393169,0.11115915489351656,1,0.9260377000771244,37.72947756756666,37.42955002467244
Ocean,lambda_ci,0.9,0.055,0.2,298,99.0018742757294,0.09552084602637792,1,1.0069762715066868,30.704506054135127,33.05407304038552
Ocean,lambda_ci,0.9,0.055,0.2,299,118.47683328377107,0.10348823960227795,1,1.014374048667034,38.386454600391474,36.12780374720423
Ocean,lambda_ci,0.9,0.055,0.2,300,103.568221108414,0.09535064327969243,1,0.993900718536408,31.88304798635889,35.461906674996754
Ocean,lambda_ci,0.9,0.055,0.2,301,106.3059964791162,0.09062279513145814,1,1.0413714739012376,32.65722871824773,33.917831142890236
Ocean,lambda_ci,0.9,0.055,0.2,302,117.18301714523652,0.0995357240254465,1,1.0066267219992615,37.09269539948217,34.500643959795866
Ocean,lambda_ci,0.9,0.055,0.2,303,113.08001982133209,0.08262003356135576,1,1.0317664652457033,33.01560527307546,34.74247979596988
Ocean,lambda_ci,0.9,0.055,0.2,304,103.94818292695078,0.09955964934037613,1,1.0228476309097296,33.17141922151163,35.99591070569869
Ocean,lambda_ci,0.9,0.055,0.2,305,109.72120777378422,0.10776961391666186,1,0.9517210285306483,35.13933801810399,32.449576043158785
Ocean,lambda_ci,0.9,0.055,0.2,306,106.74458650539862,0.09625690544604878,1,1.0182475427627882,33.41861848549283,35.34394833160229
Ocean,lambda_ci,0.9,0.055,0.2,307,117.62764443274934,0.0993857716758843,1,1.0374550166599672,37.77079662929142,34.94953664991383
Ocean,lambda_ci,0.9,0.055,0.2,308,96.24614916455667,0.0876843974543846,1,1.0497389317635064,29.200156250697543,33.77275424756537
Ocean,lambda_ci,0.9,0.055,0.2,309,102.85464186801698,0.1099293179323346,1,0.9857553729567399,33.85830707582828,33.88022382337573
Ocean,lambda_ci,0.9,0.055,0.2,310,121.82778544199506,0.08709589258976781,1,0.8577172355110744,33.29793149729534,35.774529930000725
Ocean,lambda_ci,0.9,0.055,0.2,311,102.72339875074445,0.0905807567788931,1,1.074138819582095,32.04184821391515,34.576823022022396
Ocean,lambda_ci,0.9,0.055,0.2,312,100.36453076595235,0.10586165604952448,1,0.9967074330231371,32.60118969643515,35.80495075149853
Ocean,lambda_ci,0.9,0.055,0.2,313,104.4416752435527,0.12000837434971016,1,0.9719384329712931,35.66966113090592,33.39732902176391
Ocean,lambda_ci,0.9,0.055,0.2,314,105.38890409210744,0.09493437116790307,1,0.8765807563012492,30.402030726246515,32.21171060820013
Ocean,lambda_ci,0.9,0.055,0.2,315,106.96835966881045,0.11319751566699081,1,0.8766857848468276,33.69735135022255,35.84092310920839
Ocean,lambda_ci,0.9,0.055,0.2,316,97.40808926597184,0.08848942629888785,1,1.0057551485434166,29.059413606033473,33.04080203467855
Ocean,lambda_ci,0.9,0.055,0.2,317,123.39932708729387,0.10968590580785319,1,0.9818336235981141,40.49553629669681,35.19074869881503
Ocean,lambda_ci,0.9,0.055,0.2,318,113.81580671734604,0.11290857583654801,1,1.0248343716836394,38.71621447786649,36.75621589789393
Ocean,lambda_ci,0.9,0.055,0.2,319,120.41273434943352,0.1098038570874464,1,0.9507199386431451,38.90518793108864,34.632308006626005
Ocean,lambda_ci,0.9,0.055,0.2,320,110.49681281205118,0.0827596903083679,1,1.0964940375102337,33.286054273734194,35.52684568841546
Ocean,lambda_ci,0.9,0.055,0.2,321,112.16617200216598,0.12367613352369802,1,1.0330873159632155,40.09344395746997,36.24523888102992
Ocean,lambda_ci,0.9,0.055,0.2,322,99.18745674622615,0.10765488208439064,1,0.9911969790458294,32.400641163878205,34.67673399906208
Ocean,lambda_ci,0.9,0.055,0.2,323,96.38745349133488,0.09771539404715189,1,1.0177560668524737,30.396518943230546,34.22096324957675
Ocean,lambda_ci,0.9,0.055,0.2,324,104.54419816054673,0.1053006649616323,1,1.0825084957244329,35.29645990657307,34.89092638304489
Ocean,lambda_ci,0.9,0.055,0.2,325,116.64787341427524,0.08809371000661853,1,1.0279500925670713,35.10227714790062,34.62875641285482
Ocean,lambda_ci,0.9,0.055,0.2,326,109.11154279636278,0.09201688642549208,1,0.9667827926174695,32.543849253013384,35.77045519831338
Ocean,lambda_ci,0.9,0.055,0.2,327,108.74534068749367,0.11562100807573522,1,1.0692484139439058,38.235638011669415,35.29013207660142
Ocean,lambda_ci,0.9,0.055,0.2,328,114.07369411385491,0.09477974867287772,1,1.0129769682195695,35.346227441687816,34.48472267459981
Ocean,lambda_ci,0.9,0.055,0.2,329,117.00566275397034,0.10407990382477106,1,0.991618851054212,37.58916765811925,33.816921648927774
Ocean,lambda_ci,0.9,0.055,0.2,330,115.19008224725752,0.08856649034201251,1,0.9723127557862534,33.802809473139966,33.88569012313693
Ocean,lambda_ci,0.9,0.055,0.2,331,117.86088899237969,0.11115361754247666,1,0.9808213865936826,38.91584606238414,34.69334882623123
Ocean,lambda_ci,0.9,0.055,0.2,332,119.11055882789239,0.11153585498846905,1,0.9789080361827772,39.357586579189864,34.33282996754444
Ocean,lambda_ci,0.9,0.055,0.2,333,86.80208829981747,0.07477507978780505,1,0.9902980276998959,23.62063524740654,27.73614664067005
Ocean,lambda_ci,0.9,0.055,0.2,334,119.06458511480042,0.09384231564328423,1,1.0522114567258503,37.4139424611595,35.56820771618024
Ocean,lambda_ci,0.9,0.055,0.2,335,93.09008228195998,0.10606760163707733,1,1.1564899592194735,32.6036124278304,36.692565622610324
Ocean,lambda_ci,0.9,0.055,0.2,336,98.74609015268898,0.10337416308769191,1,1.0777131365457684,32.95926364139912,32.9871933047963
Ocean,lambda_ci,0.9,0.055,0.2,337,107.3716252403975,0.09011108587693926,1,1.0228443702841654,32.59743425290697,35.530458723021226
Ocean,lambda_ci,0.9,0.055,0.2,338,112.57137789908583,0.09197253886456273,1,1.1068532659816908,35.91716874020767,35.33620058638186
Ocean,lambda_ci,0.9,0.055,0.2,339,114.6329702836274,0.1187593411094285,1,0.9869677306905558,39.245955954365066,34.96549002514626
Ocean,lambda_ci,0.9,0.055,0.2,340,112.26974313811894,0.09802890341984319,1,1.010980201922739,35.34362793621365,34.424159386271896
Ocean,lambda_ci,0.9,0.055,0.2,341,102.40698055893175,0.10324056382519968,1,1.0349848129152421,33.47508848639199,34.71961145376856
Ocean,lambda_ci,0.9,0.055,0.2,342,116.04582214599091,0.10104025616083954,1,1.0885765430653842,38.486304789203835,35.19687615381188
Ocean,lambda_ci,0.9,0.055,0.2,343,100.4498206856655,0.10763328039660715,1,1.04038074363219,33.6138770180271,35.97625705798443
Ocean,lambda_ci,0.9,0.055,0.2,344,109.29384551737985,0.11352475290307915,1,1.0797002839801355,38.264196434621226,35.17957134143608
Ocean,lambda_ci,0.9,0.055,0.2,345,126.24661453599585,0.09947870782402853,1,1.0201646139490945,40.21795057884887,37.80516463774516
Ocean,lambda_ci,0.9,0.055,0.2,346,129.6723557534096,0.10304311311462488,1,1.1784595933678916,45.18707545321132,39.92663742235105
Ocean,lambda_ci,0.9,0.055,0.2,347,113.08855895940708,0.09710726294059271,1,1.0020198099518767,35.276271832031924,33.42801915707295
Ocean,lambda_ci,0.9,0.055,0.2,348,118.92503521251636,0.09165906396032765,1,1.0703594309869042,37.24996058960265,34.42828716495223
Ocean,lambda_ci,0.9,0.055,0.2,349,118.81322461726761,0.09377457210358095,1,0.9928890509340209,36.254146822457635,33.17070847653069
Ocean,lambda_ci,0.9,0.055,0.2,350,111.84731623360905,0.07961071816614318,1,1.0917598404669386,32.97424770661934,35.94439289475588
Ocean,lambda_ci,0.9,0.055,0.2,351,115.77904354528087,0.10849819295942538,1,1.0833818157700874,39.6946503629098,36.246778545339666
Ocean,lambda_ci,0.9,0.055,0.2,352,120.48957706193337,0.12616643385956355,1,1.0165018518003959,43.14947150882852,39.75450739613939
Ocean,lambda_ci,0.9,0.055,0.2,353,111.10788834601412,0.11591694607529107,1,0.8531858106914472,34.94138948007881,33.6051236526388
Ocean,lambda_ci,0.9,0.055,0.2,354,104.56275009305328,0.11181915681923207,1,0.9520955561387454,34.11735643000587,34.64855803099026
Ocean,lambda_ci,0.9,0.055,0.2,355,105.88191994928522,0.12227510455299018,1,1.0483026292142195,37.908287585251394,36.851399045372744
Ocean,lambda_ci,0.9,0.055,0.2,356,125.49753653299354,0.12582199037321212,1,1.110809407328847,46.917325879666535,40.68071115793364
Ocean,lambda_ci,0.9,0.055,0.2,357,101.77505254451978,0.10822049537716973,1,1.140401065556433,35.754021854714956,33.50838458649802
Ocean,lambda_ci,0.9,0.055,0.2,358,111.8667108736415,0.1130210816282897,1,0.9918399809855203,37.45427578860972,36.621411479815976
Ocean,lambda_ci,0.9,0.055,0.2,359,100.39284802804484,0.1064471405357457,1,0.8,29.296434501820368,35.60046932509182
Ocean,lambda_ci,0.9,0.055,0.2,360,104.43241505913446,0.097802055003532,1,1.0404277616180762,33.31311756595241,33.44448655066465
Ocean,lambda_ci,0.9,0.055,0.2,361,113.39804338445452,0.10604323939372659,1,0.9927593507708017,36.79332590473586,34.84939708596481
Ocean,lambda_ci,0.9,0.055,0.2,362,122.2589244183694,0.09735152873259983,1,0.9777082221836875,37.718689252779434,35.81436941527762
Ocean,lambda_ci,0.9,0.055,0.2,363,95.86414314978357,0.09800671094794504,1,0.9641828844924015,29.46889227328765,33.79335071492756
Ocean,lambda_ci,0.9,0.055,0.2,364,103.32970433922388,0.07390213607426596,1,1.0003542813029427,28.09510115213299,31.430060827266782
Ocean,lambda_ci,0.9,0.055,0.2,365,113.5451099523145,0.13013209774448523,1,0.8787769278575847,38.397236928609836,36.294403115290756
Ocean,lambda_ci,0.9,0.055,0.2,366,106.72058364336071,0.09770583819659381,1,1.0301304042344785,33.857473861649815,33.693739729439045
Ocean,lambda_ci,0.9,0.055,0.2,367,113.46706742773146,0.09719920841462067,1,0.9479010845948952,34.441551318047864,33.71697102342291
Ocean,lambda_ci,0.9,0.055,0.2,368,118.67318420128919,0.09652449156567887,1,1.004567206710117,36.95394900376682,36.45193433361789
Ocean,lambda_ci,0.9,0.055,0.2,369,99.54096710280929,0.10737323805573364,1,0.8762449974068272,30.53252046083944,32.68538685792172
Ocean,lambda_ci,0.9,0.055,0.2,370,110.86980567504243,0.10685179935974555,1,0.8856393548974772,34.106147016457605,35.34846889616478
Ocean,lambda_ci,0.9,0.055,0.2,371,120.82252326419308,0.08926529396575156,1,0.8873783041882004,34.00506616688041,36.86047798415379
Ocean,lambda_ci,0.9,0.055,0.2,372,105.71538938914749,0.08449100104982926,1,0.8868069337380732,28.93729833000261,32.941368043586046
Ocean,lambda_ci,0.9,0.055,0.2,373,101.30570324857145,0.0882679025038829,1,0.9697614832415857,29.63928784597711,32.83329920952933
Ocean,lambda_ci,0.9,0.055,0.2,374,103.85032161499718,0.10758710009718207,1,0.9638811952879103,33.442574287804526,34.56306403319599
Ocean,lambda_ci,0.9,0.055,0.2,375,107.73065733087171,0.0980474616872117,1,1.0086123407390621,33.878145273078225,32.73371896612221
Ocean,lambda_ci,0.9,0.055,0.2,376,108.08350291813774,0.12052456784920806,1,0.8822520188275842,35.24467687913356,35.582623850064046
Ocean,lambda_ci,0.9,0.055,0.2,377,113.19901513848832,0.1045790290711662,1,0.9574088147644298,35.819016904759195,35.47405743892514
Ocean,lambda_ci,0.9,0.055,0.2,378,106.90078303429054,0.09916676309467422,1,0.9200864275485224,32.29076004561648,33.051937904941596
Ocean,lambda_ci,0.9,0.055,0.2,379,95.76965169286746,0.10145526743884672,1,0.8351486666765257,27.877068611939666,32.60920470943986
Ocean,lambda_ci,0.9,0.055,0.2,380,106.83293873560909,0.11382821574012505,1,1.0057996786356376,36.14813416042093,34.7448796872253
Ocean,lambda_ci,0.9,0.055,0.2,381,129.7636856342601,0.07909063901896338,1,0.8072130778788466,32.78761365973241,37.284699723868684
Ocean,lambda_ci,0.9,0.055,0.2,382,121.96085089401767,0.11217680050664638,1,1.0771542657387727,42.39463719369909,36.82479322913256
Ocean,lambda_ci,0.9,0.055,0.2,383,113.29493833800714,0.11586839687576134,1,0.9527083602555809,37.64202637235131,35.195567724907576
Ocean,lambda_ci,0.9,0.055,0.2,384,109.22835728514916,0.11786835979507837,1,1.123508661720465,39.748636423131785,38.646310457874655
Ocean,lambda_ci,0.9,0.055,0.2,385,105.23427589873333,0.11280817274257045,1,1.160849611860273,38.081625661831296,35.499678977208234
Ocean,lambda_ci,0.9,0.055,0.2,386,119.08833573119885,0.10475745466227956,1,0.9265669354503043,37.10223689163072,37.034248361204924
Ocean,lambda_ci,0.9,0.055,0.2,387,113.85252741878989,0.10127127045666104,1,1.097683323516703,37.95983694430666,35.996561706409054
Ocean,lambda_ci,0.9,0.055,0.2,388,100.17228364051441,0.10183577809026843,1,1.0129266409085118,32.172644814269546,35.29327039213588
Ocean,lambda_ci,0.9,0.055,0.2,389,105.29995809067499,0.10938934436589126,1,1.0231897773168939,35.22847181735614,34.14561695224733
Ocean,lambda_ci,0.9,0.055,0.2,390,132.7775274077085,0.10637706733995894,1,1.1238420553834276,45.909358410401175,40.140684516923116
Ocean,lambda_ci,0.9,0.055,0.2,391,107.99601543563664,0.10754639147208174,1,0.986151873885106,35.17042010513025,35.18872845815015
Ocean,lambda_ci,0.9,0.055,0.2,392,98.40086583683689,0.10511430634202117,1,0.9816968965759723,31.609566743725853,33.75647834777647
Ocean,lambda_ci,0.9,0.055,0.2,393,96.62771693618315,0.11525188877841053,1,1.1322507215645077,34.90575589207566,36.115437350164086
Ocean,lambda_ci,0.9,0.055,0.2,394,113.31529566539122,0.07652123773933037,1,0.9721081571571807,30.905574644474513,33.29797936865717
Ocean,lambda_ci,0.9,0.055,0.2,395,99.38313916613708,0.08294118456258232,1,0.9891247279280503,28.465797590982753,32.303636042110426
Ocean,lambda_ci,0.9,0.055,0.2,396,105.26275009249521,0.09183461816542933,1,0.8430069449136498,29.288255245040762,31.67548965214193
Ocean,lambda_ci,0.9,0.055,0.2,397,103.30757680610641,0.10273557862622024,1,1.0841173043051533,34.47710160319305,32.92573014179399
Ocean,lambda_ci,0.9,0.055,0.2,398,115.10659833945077,0.1163378458432226,1,0.9764634464027676,38.796158400028304,34.96075515974243
Ocean,lambda_ci,0.9,0.055,0.2,399,106.27620689855935,0.10619204036229087,1,0.9115263362602705,33.064856240326186,35.16377600352986
Ocean,gamma2,0.85,0.055,0.2,0,106.74392111478572,0.09320520206122364,1,1.0512252811026739,33.41266578316145,33.66327998349893
Ocean,gamma2,0.85,0.055,0.2,1,100.75303957363661,0.1084505658955274,1,1.0517336397000292,34.027257752108596,53.131733399384544
Ocean,gamma2,0.85,0.055,0.2,2,125.558150162241,0.08587548832788702,1,1.0887823095160896,38.39282297578057,35.720953768854
Ocean,gamma2,0.85,0.055,0.2,3,115.07303987149028,0.09154197227509282,1,1.0754233655021272,36.10550739203078,44.77333353975517
Ocean,gamma2,0.85,0.055,0.2,4,107.61946044338595,0.08355844910771706,1,0.9908241869762539,30.965941961203338,34.66773874449767
Ocean,gamma2,0.85,0.055,0.2,5,103.00798552255279,0.0938800580897333,1,1.0328454394702586,32.075633084526885,51.31067879611825
Ocean,gamma2,0.85,0.055,0.2,6,93.33734781847265,0.11491559291904002,1,1.119098838330403,33.471807085084066,37.363684512735546
Ocean,gamma2,0.85,0.055,0.2,7,107.93416584979661,0.1064121975129904,1,0.9750429487292459,34.76694402871915,33.22233537063024
Ocean,gamma2,0.85,0.055,0.2,8,119.74014114806172,0.10014834514991965,1,0.9186534616330776,36.31930358213755,37.80185204980857
Ocean,gamma2,0.85,0.055,0.2,9,115.74452116100139,0.09928909885723941,1,0.8686954707386825,33.99264867366212,37.55200720664472
Ocean,gamma2,0.85,0.055,0.2,10,109.28358608447013,0.10095607737875284,1,1.0072281584827096,34.84858117488991,16.57254330842593
Ocean,gamma2,0.85,0.055,0.2,11,104.72578057611688,0.09930052394036168,1,0.8972022022764895,31.258961207563956,74.08939925517033
Ocean,gamma2,0.85,0.055,0.2,12,113.22534287543327,0.09545627059987537,1,0.9576473499085258,34.233293340442025,50.39583775023724
Ocean,gamma2,0.85,0.055,0.2,13,91.4457598691099,0.09980079409375857,1,0.9076195742415504,27.52215892060468,50.35795295908001
Ocean,gamma2,0.85,0.055,0.2,14,111.4953800889343,0.11814212263431058,1,0.9256335955646103,36.87048169681216,13.788975394246233
Ocean,gamma2,0.85,0.055,0.2,15,100.68197411606643,0.11486445571090707,1,0.8663211730754757,31.76025760185732,48.693398775471444
Ocean,gamma2,0.85,0.055,0.2,16,114.38108769239332,0.09116092139698428,1,1.0090723353623674,34.691232134609585,51.794291240707246
Ocean,gamma2,0.85,0.055,0.2,17,97.15106141240116,0.09856882963849939,1,1.1015376343678085,32.01231042006248,53.19364029099979
Ocean,gamma2,0.85,0.055,0.2,18,126.17921653754316,0.10531353753681526,1,0.8683468157557045,38.15720322656268,18.990140696187673
Ocean,gamma2,0.85,0.055,0.2,19,127.18739032484041,0.09517222171886668,1,1.0301594074056846,39.82459580551563,33.05775099584145
Ocean,gamma2,0.85,0.055,0.2,20,107.60974289940279,0.10351872493246453,1,0.9982239899336919,34.59195061420458,40.31196720329117
Ocean,gamma2,0.85,0.055,0.2,21,132.30708052297595,0.08545244743461915,1,0.9365558735987309,37.42934138904412,49.82825933956224
Ocean,gamma2,0.85,0.055,0.2,22,117.89332217434428,0.09997975641690399,1,1.0591552423590314,38.364103440431,31.745922762371904
Ocean,gamma2,0.85,0.055,0.2,23,103.23200335901981,0.09579305292965905,1,0.9954369951162155,31.877793375349057,50.77669062482981
Ocean,gamma2,0.85,0.055,0.2,24,100.0301876531386,0.10095201855056062,1,0.8892951835736201,29.971712442255086,31.524192623505385
Ocean,gamma2,0.85,0.055,0.2,25,91.89184252962272,0.10515929004588712,1,1.0131182566718466,29.993755931403705,35.72448117671195
Ocean,gamma2,0.85,0.055,0.2,26,92.82652740758137,0.09751845739033907,1,1.0864663969631623,30.215074174217445,54.133641767877776
Ocean,gamma2,0.85,0.055,0.2,27,91.14912175197935,0.09693872011108923,1,1.0515957092330903,29.102180624722976,30.456118067030765
Ocean,gamma2,0.85,0.055,0.2,28,102.06174639965027,0.11204700659649354,1,1.095213707763968,35.753005858532724,23.05985453126405
Ocean,gamma2,0.85,0.055,0.2,29,111.08114316149755,0.11772922927292956,1,0.8976034998603959,36.109773108846404,34.60688571110005
Ocean,gamma2,0.85,0.055,0.2,30,112.5648695851485,0.08777452288839353,1,1.0567481128257152,34.2825289736079,47.608897159050095
Ocean,gamma2,0.85,0.055,0.2,31,107.9958941973489,0.08751882660097576,1,1.130617077825946,33.971580961729366,42.90325988929086
Ocean,gamma2,0.85,0.055,0.2,32,118.9070764704846,0.11442286573430607,1,0.9932305659756226,40.08567026453316,11.158551699345297
Ocean,gamma2,0.85,0.055,0.2,33,108.74860856000805,0.10409707912463578,1,0.8711430587258927,32.7482216365967,32.191836276507836
Ocean,gamma2,0.85,0.055,0.2,34,111.0032915103923,0.09584370237269856,1,1.041714061993664,35.0745341135617,34.75067250750929
Ocean,gamma2,0.85,0.055,0.2,35,94.0435796228621,0.10117628385300889,1,1.0224251533176807,30.247137191211262,41.59916571424034
Ocean,gamma2,0.85,0.055,0.2,36,108.934833530704,0.1001215075149422,1,1.03192083989731,35.01496170717449,35.36414719102574
Ocean,gamma2,0.85,0.055,0.2,37,119.18029513697032,0.10653181992467681,1,0.9776441543901627,38.46223647186187,34.84423305850486
Ocean,gamma2,0.85,0.055,0.2,38,112.45496431650143,0.08600886733066021,1,1.135031427500239,35.13615138860505,34.77861438501088
Ocean,gamma2,0.85,0.055,0.2,39,103.58381530605519,0.11159010007646819,1,0.9218504815671977,33.22270426801922,31.30858800913037
Ocean,gamma2,0.85,0.055,0.2,40,113.11130345418668,0.11840567720836691,1,0.9533919661859401,38.003886649298074,5.812393548412373
Ocean,gamma2,0.85,0.055,0.2,41,121.89231276719535,0.09728692708269798,1,1.0936626656547828,39.759897283444964,23.802661356368645
Ocean,gamma2,0.85,0.055,0.2,42,116.48943408027216,0.12514603506801233,1,1.0774591356678642,42.77553860794898,20.658178574641155
Ocean,gamma2,0.85,0.055,0.2,43,102.37450594647922,0.09473640921754832,1,0.9789769109590224,31.177156522056865,46.029479053266144
Ocean,gamma2,0.85,0.055,0.2,44,101.53728591980088,0.11910525027267743,1,1.0670615166783806,36.198096403249544,5.189017516637652
Ocean,gamma2,0.85,0.055,0.2,45,108.93151889148466,0.09542092413271258,1,0.957118667837169,32.919881396400484,68.20555350027186
Ocean,gamma2,0.85,0.055,0.2,46,116.8763046341782,0.0914635389264561,1,1.1206366606701454,37.418199425241276,16.958920847224768
Ocean,gamma2,0.85,0.055,0.2,47,113.52790263445421,0.10920549371777191,1,1.048458336455816,38.414965411678416,10.78217239629057
Ocean,gamma2,0.85,0.055,0.2,48,109.47486909882171,0.11236457585192962,1,0.8934981844520865,34.687737990603374,26.720626881281994
Ocean,gamma2,0.85,0.055,0.2,49,117.57750989224526,0.10034238304230626,1,0.8977706401317564,35.289797231893786,17.180008746030005
Ocean,gamma2,0.85,0.055,0.2,50,113.14274354207168,0.09357055221596068,1,1.0976788218597513,36.26051302863874,23.461080535435748
Ocean,gamma2,0.85,0.055,0.2,51,121.70083118657881,0.09471863010063987,1,1.0218399896434518,37.86192543862187,23.561434540678786
Ocean,gamma2,0.85,0.055,0.2,52,115.441362927931,0.11942686742950001,1,0.9960570842266607,39.81572060973316,26.735244302639778
Ocean,gamma2,0.85,0.055,0.2,53,124.3430462316726,0.11682772720206741,1,1.0646468561810514,43.85279257235342,27.94182729128176
Ocean,gamma2,0.85,0.055,0.2,54,107.64043107025485,0.09713281235343499,1,1.0673287056688374,34.65831981613636,15.166730989096585
Ocean,gamma2,0.85,0.055,0.2,55,101.61786212378733,0.09748485160032812,1,0.8890901523213229,29.916550850767294,55.652743165896325
Ocean,gamma2,0.85,0.055,0.2,56,96.04044405089849,0.08956341505331097,1,0.9430573261384338,27.911843953438975,40.012156709800784
Ocean,gamma2,0.85,0.055,0.2,57,109.10614666398918,0.10550788466514152,1,0.9398690876011878,34.35780091182266,47.066509548756976
Ocean,gamma2,0.85,0.055,0.2,58,113.17922671015799,0.09271982312658146,1,1.0420246357393927,35.17969038604512,34.135551089338655
Ocean,gamma2,0.85,0.055,0.2,59,106.744873103339,0.09179720655572185,1,0.8331473558402878,29.520429253277417,56.7611079190026
Ocean,gamma2,0.85,0.055,0.2,60,121.70226994901982,0.11272986886218686,1,1.068254268666094,42.23334673377675,40.708584938079724
Ocean,gamma2,0.85,0.055,0.2,61,109.46048667322894,0.1082488480198584,1,1.1170393397051932,38.063020646491935,9.070077682174249
Ocean,gamma2,0.85,0.055,0.2,62,104.41184212204703,0.11249894234712368,1,0.9787261024233209,34.64611664898301,35.211887710937
Ocean,gamma2,0.85,0.055,0.2,63,109.2052744576267,0.10369381377854002,1,1.0495339524470992,36.026185829649066,42.11793582366405
Ocean,gamma2,0.85,0.055,0.2,64,118.45318119218926,0.10085808966447145,1,0.949043111660976,36.64756032049018,13.512114663706598
Ocean,gamma2,0.85,0.055,0.2,65,99.96235330852164,0.10459775727899583,1,1.065559513989672,33.37232878672486,40.040166263463234
Ocean,gamma2,0.85,0.055,0.2,66,109.75934374685485,0.09740526813747574,1,0.9418811265847268,33.245339485520475,64.78590264621762
Ocean,gamma2,0.85,0.055,0.2,67,122.72186096334113,0.10572518793985747,1,1.0266544874250645,40.431822699538834,1.7225521654300984
Ocean,gamma2,0.85,0.055,0.2,68,111.18057608417045,0.10384586935909518,1,1.0103400795314212,36.01283605865999,33.00186010710312
Ocean,gamma2,0.85,0.055,0.2,69,115.64996773990855,0.11627726401922475,1,1.0347194127980412,40.11476170666983,46.763576437574656
Ocean,gamma2,0.85,0.055,0.2,70,97.88123546110775,0.1042698935048021,1,1.0204184837902546,31.927731738226885,39.152864531210994
Ocean,gamma2,0.85,0.055,0.2,71,109.72095637278507,0.1008299297906061,1,1.0994303947039348,36.531557329357234,24.328854684960895
Ocean,gamma2,0.85,0.055,0.2,72,112.24584418264239,0.11701172060191634,1,1.0045105607477767,38.48240507657019,33.69869215029904
Ocean,gamma2,0.85,0.055,0.2,73,102.09264295002714,0.08565117864867414,1,0.920633958525214,28.668476470590996,24.922351867643105
Ocean,gamma2,0.85,0.055,0.2,74,112.18731823718612,0.10298444124765944,1,0.9154094055767311,34.445878099210766,31.029385943675443
Ocean,gamma2,0.85,0.055,0.2,75,98.16712395385201,0.1037435144757759,1,1.0117218523529243,31.803660653535612,33.35848854477081
Ocean,gamma2,0.85,0.055,0.2,76,113.79949567110882,0.08915745646346576,1,1.0021590020717428,34.01633253776957,35.36844869813863
Ocean,gamma2,0.85,0.055,0.2,77,123.06885817320587,0.12308910494830583,1,0.9957029337621611,43.08467997874218,41.87791634450785
Ocean,gamma2,0.85,0.055,0.2,78,102.58159196606408,0.10080756206048297,1,1.2,35.67850214689106,31.503118774373156
Ocean,gamma2,0.85,0.055,0.2,79,98.24296733082453,0.08869911508908392,1,1.017725339836245,29.517285024535376,29.56841271510087
Ocean,gamma2,0.85,0.055,0.2,80,110.71617462983752,0.09612001260056308,1,0.952918177860712,33.50779018348971,51.885049756758605
Ocean,gamma2,0.85,0.055,0.2,81,96.08630702817639,0.10894050809617511,1,0.9877313024825132,31.519230700116186,42.935319876999515
Ocean,gamma2,0.85,0.055,0.2,82,112.95611023528255,0.09614620641472253,1,0.9448189934008475,34.04474712935187,35.36896779587554
Ocean,gamma2,0.85,0.055,0.2,83,112.63868743645364,0.11437005337832264,1,1.1181238206627966,40.27992867594784,9.985108127627619
Ocean,gamma2,0.85,0.055,0.2,84,119.51148028084887,0.09823714010338684,1,1.166004256035793,40.44804624751797,29.301374299235874
Ocean,gamma2,0.85,0.055,0.2,85,108.26289800664402,0.09523471353443325,1,1.132496957469985,35.55460106412803,43.6686363277353
Ocean,gamma2,0.85,0.055,0.2,86,107.32539588140695,0.10476401826754891,1,0.9329884708019937,33.55418629616752,65.81406483826703
Ocean,gamma2,0.85,0.055,0.2,87,108.72114212780149,0.10053019542273285,1,1.0512900639852236,35.34463892647584,46.51241027486163
Ocean,gamma2,0.85,0.055,0.2,88,111.35364711898674,0.08572451234087938,1,1.0488448296187156,33.38970471196673,46.23841338129577
Ocean,gamma2,0.85,0.055,0.2,89,100.57105444677791,0.13132067865017508,1,1.0084991798001182,36.599684144692745,25.200652945736724
Ocean,gamma2,0.85,0.055,0.2,90,108.23440146065516,0.10325694583752412,1,0.8913903974855,32.836656743162685,42.22986019178296
Ocean,gamma2,0.85,0.055,0.2,91,105.90192187532742,0.11758310700880985,1,1.032455631585459,36.89877992558297,35.64719113760822
Ocean,gamma2,0.85,0.055,0.2,92,112.6125262875535,0.09460967839369169,1,1.0796245424881863,35.990746835043,19.22100475662154
Ocean,gamma2,0.85,0.055,0.2,93,126.29024952514904,0.1002335260495357,1,1.010776417655066,40.197947251170476,23.27977649783307
Ocean,gamma2,0.85,0.055,0.2,94,106.59235536953281,0.0938906044419716,1,1.1298860420106633,34.71797996529701,32.92620593768714
Ocean,gamma2,0.85,0.055,0.2,95,100.51160380815575,0.12667577705888441,1,0.9514227253672954,34.89391924683063,31.884589705752173
Ocean,gamma2,0.85,0.055,0.2,96,107.67524133763835,0.10388457865225448,1,0.9511467490494329,33.846608585658416,30.942618930651033
Ocean,gamma2,0.85,0.055,0.2,97,110.7667403257967,0.10853846413637538,1,0.9628930801703033,35.8088393000962,30.64353529540545
Ocean,gamma2,0.85,0.055,0.2,98,105.05152208564711,0.08015798703060896,1,1.003089644905962,29.78829348608834,36.59470363251251
Ocean,gamma2,0.85,0.055,0.2,99,100.1350357361782,0.10342724187781153,1,1.0080723461847743,32.33325142954035,59.74463640334431
Ocean,gamma2,0.85,0.055,0.2,100,110.74528899198951,0.09582057997698495,1,1.0675641890852783,35.42025283822803,51.87724292892595
Ocean,gamma2,0.85,0.055,0.2,101,112.86410175876573,0.11084205782933847,1,0.9604246640580665,36.82474699997559,41.052886045379424
Ocean,gamma2,0.85,0.055,0.2,102,117.24738445993371,0.10156681180045324,1,0.8853724254270192,35.15944971961502,11.421440220570004
Ocean,gamma2,0.85,0.055,0.2,103,123.92789531613003,0.10209456011635405,1,1.1723301614475163,42.874132373531936,20.01290751088153
Ocean,gamma2,0.85,0.055,0.2,104,125.37967555145707,0.11758463411032385,1,0.9089679705917515,40.98988669414645,39.361283432183484
Ocean,gamma2,0.85,0.055,0.2,105,116.5871494277902,0.10148885931796328,1,0.9833510299453425,36.831054907895265,39.343660508657436
Ocean,gamma2,0.85,0.055,0.2,106,99.73578914277991,0.08803543932337295,1,1.0135985341910096,29.79290029025714,50.293577590138
Ocean,gamma2,0.85,0.055,0.2,107,93.89250738655994,0.0944867097771019,1,0.992815986946683,28.75747037142547,61.396364892787375
Ocean,gamma2,0.85,0.055,0.2,108,128.96679447081917,0.1025614768604335,1,0.9595747902520642,40.45846981470446,12.171403832171613
Ocean,gamma2,0.85,0.055,0.2,109,103.79319446858128,0.10766503066098929,1,0.9432343022017577,33.07623020162158,62.917089090721404
Ocean,gamma2,0.85,0.055,0.2,110,96.32570510902848,0.10542079420705315,1,1.043117419744885,31.942723165569554,80.46665224757821
Ocean,gamma2,0.85,0.055,0.2,111,106.71921621847149,0.09819111912185047,1,1.067514512401662,34.55139812384511,26.625938697341834
Ocean,gamma2,0.85,0.055,0.2,112,109.25591489944905,0.11334275342953848,1,1.0915470064028572,38.42935178237743,16.884987901360514
Ocean,gamma2,0.85,0.055,0.2,113,121.29473283702472,0.11247481572873479,1,0.979547115428892,40.26078629621118,23.996991030718654
Ocean,gamma2,0.85,0.055,0.2,114,112.03230392855411,0.10036628206061125,1,1.0458410638741318,36.29694141963886,42.552837883431486
Ocean,gamma2,0.85,0.055,0.2,115,105.02011913554034,0.09833192072033782,1,0.8572326549264847,30.490821183452965,31.61621568738832
Ocean,gamma2,0.85,0.055,0.2,116,91.20844641335437,0.1131851728645602,1,0.9455393124639472,29.837994020695845,55.35667063441545
Ocean,gamma2,0.85,0.055,0.2,117,109.56695315944731,0.10533639434671466,1,0.9817837320524908,35.23519870411833,49.320971707487296
Ocean,gamma2,0.85,0.055,0.2,118,107.9997630136906,0.101765436432136,1,0.8547884409218945,31.853141626033473,34.889915476414515
Ocean,gamma2,0.85,0.055,0.2,119,115.43490458947385,0.10351797119326173,1,1.0173264343267874,37.4606396633056,38.87514771386913
Ocean,gamma2,0.85,0.055,0.2,120,116.58961600273818,0.0875778322388219,1,1.1664179955185785,37.2635368331229,36.775135923833
Ocean,gamma2,0.85,0.055,0.2,121,107.2971320263134,0.09950891090320763,1,1.174639385064221,36.683551874871156,15.718554404467145
Ocean,gamma2,0.85,0.055,0.2,122,106.10983867199663,0.0906405343114705,1,1.0281287147247464,32.39221356450196,58.38648456758123
Ocean,gamma2,0.85,0.055,0.2,123,108.87133171853581,0.10605401273451644,1,1.0181936349685876,35.77604077768809,18.57367775673119
Ocean,gamma2,0.85,0.055,0.2,124,111.90740766515262,0.09286895277848511,1,1.1130670572735242,35.979471049148295,3.287272040892578
Ocean,gamma2,0.85,0.055,0.2,125,112.20811527004473,0.09788320254666634,1,0.9318850517386151,33.88906021197753,37.572767755509936
Ocean,gamma2,0.85,0.055,0.2,126,111.47650703534323,0.07964149329293627,1,1.0003272506286958,31.46473652332574,64.4404843591311
Ocean,gamma2,0.85,0.055,0.2,127,115.96794620791547,0.10092562672463144,1,1.0863332944891317,38.39902864667362,56.34208221198712
Ocean,gamma2,0.85,0.055,0.2,128,119.75156763197174,0.10152270219504657,1,0.8588594673433952,35.36094358309154,30.55938891000368
Ocean,gamma2,0.85,0.055,0.2,129,111.31675041517187,0.09255480987035905,1,1.0231560058285132,34.25555003161303,37.56865161440592
Ocean,gamma2,0.85,0.055,0.2,130,105.66847451215929,0.10118070274388595,1,1.0570041534828554,34.556729255912344,60.65288555520323
Ocean,gamma2,0.85,0.055,0.2,131,98.52423161352336,0.0794610638070848,1,0.9991074005635154,27.76043914250083,35.66290560362273
Ocean,gamma2,0.85,0.055,0.2,132,102.6788089885795,0.10561695906763265,1,0.9602957536735066,32.70018097800759,37.32980166342577
Ocean,gamma2,0.85,0.055,0.2,133,131.93926829681155,0.09994293117063457,1,1.0196339714909113,42.1184384045812,23.604391366392875
Ocean,gamma2,0.85,0.055,0.2,134,107.2318544371576,0.1018211917426334,1,1.1100288459679728,36.05039577541399,26.01205553518633
Ocean,gamma2,0.85,0.055,0.2,135,114.16207297800746,0.10498152845913442,1,0.8721768386696331,34.544631691094956,70.99321205532898
Ocean,gamma2,0.85,0.055,0.2,136,103.70854598915817,0.10143240274447644,1,0.9161315643864496,31.61417298601898,25.77431198724941
Ocean,gamma2,0.85,0.055,0.2,137,112.1029963100887,0.10048936378525222,1,0.967748237069119,34.958956711312126,18.443201567687225
Ocean,gamma2,0.85,0.055,0.2,138,109.62413944820429,0.10337691613894855,1,0.9890065591983057,35.05238469401927,9.942576902111366
Ocean,gamma2,0.85,0.055,0.2,139,95.52618698698949,0.10474217646968091,1,0.8725282114117602,28.87839010445626,49.48052202799217
Ocean,gamma2,0.85,0.055,0.2,140,96.66115383806626,0.09566606354205048,1,1.0561142114727051,30.724609393036296,51.72170748091297
Ocean,gamma2,0.85,0.055,0.2,141,121.02934626906519,0.1085557049673994,1,1.0198624226487774,40.27057295522438,26.634718884881856
Ocean,gamma2,0.85,0.055,0.2,142,95.17827279389861,0.0856543063790441,1,0.9985325328399322,27.83514770258843,37.14455743589534
Ocean,gamma2,0.85,0.055,0.2,143,107.54575882414092,0.10684056490091949,1,0.9406507186758808,34.093812769831324,49.06357540800947
Ocean,gamma2,0.85,0.055,0.2,144,119.23008290749328,0.10475815049259618,1,0.997295088597311,38.538215174620795,23.683477538020274
Ocean,gamma2,0.85,0.055,0.2,145,103.34914404969932,0.1149189032047892,1,0.878376819047852,32.83545610330444,32.81375520878576
Ocean,gamma2,0.85,0.055,0.2,146,108.30868548478772,0.09233944924029208,1,1.1815911427833645,35.7758975580684,54.5899850600709
Ocean,gamma2,0.85,0.055,0.2,147,103.3322832750766,0.11234869520652999,1,0.9834905850452423,34.34829195952195,46.22918403507973
Ocean,gamma2,0.85,0.055,0.2,148,104.18461332497651,0.09598351529016264,1,0.9490697963174295,31.444955620889377,39.9091362632193
Ocean,gamma2,0.85,0.055,0.2,149,130.89599827229756,0.10973255921862937,1,1.0943720964299846,45.360374262438754,16.598977267718446
Ocean,gamma2,0.85,0.055,0.2,150,97.34928092950587,0.09218218274240836,1,1.0194954703025754,29.843440677925965,35.63458009027357
Ocean,gamma2,0.85,0.055,0.2,151,102.06691898898323,0.10555747857382475,1,1.0604690933620498,34.14904139996138,48.76511144913885
Ocean,gamma2,0.85,0.055,0.2,152,114.46476758788761,0.14099860955412336,1,1.0208751555420277,43.42757341583139,21.763925897176318
Ocean,gamma2,0.85,0.055,0.2,153,106.67368751739096,0.10246648430844252,1,0.9626911753219785,33.5036190019011,18.023769503029776
Ocean,gamma2,0.85,0.055,0.2,154,105.87219678709225,0.08774205416506058,1,1.0137929282759826,31.57624274578044,38.79904467727407
Ocean,gamma2,0.85,0.055,0.2,155,116.403842428937,0.09557306758884977,1,1.033549447061343,36.58480198101902,46.90082299636499
Ocean,gamma2,0.85,0.055,0.2,156,132.29547123606446,0.1121109946760628,1,1.0602015856623335,45.61033952770196,54.33533646918711
Ocean,gamma2,0.85,0.055,0.2,157,105.83031755504241,0.12254625262397434,1,0.9401601060560734,35.922042830532845,47.00752163299008
Ocean,gamma2,0.85,0.055,0.2,158,98.33465327747106,0.11417038798351085,1,0.8302037111812869,30.27440834835286,53.92430936482099
Ocean,gamma2,0.85,0.055,0.2,159,117.63165245262765,0.08864183809476878,1,0.9004750065614808,33.23375439449142,21.734142918536687
Ocean,gamma2,0.85,0.055,0.2,160,98.35292335231392,0.10397902314586717,1,0.9639439652677364,31.13766442924317,55.42751285892181
Ocean,gamma2,0.85,0.055,0.2,161,100.16426346940196,0.09354249902141637,1,1.0757641804800313,31.77428785943589,52.964249004050004
Ocean,gamma2,0.85,0.055,0.2,162,108.97871836430217,0.09326818743118379,1,1.013221483291823,33.50122281034824,36.27089311693534
Ocean,gamma2,0.85,0.055,0.2,163,124.41551254605902,0.09518411680263626,1,1.0230091898094762,38.823666064853484,24.717449582767735
Ocean,gamma2,0.85,0.055,0.2,164,116.21372171697026,0.10075795214095332,1,0.9896276768056051,36.697205336166604,32.38996973644209
Ocean,gamma2,0.85,0.055,0.2,165,115.22099111564135,0.1035323389448302,1,0.9922971714516977,36.93095141431675,26.459018016354058
Ocean,gamma2,0.85,0.055,0.2,166,120.52994129655171,0.09378483605546231,1,1.140548350083327,39.42013498822283,9.760100323421135
Ocean,gamma2,0.85,0.055,0.2,167,100.7847112298311,0.09848535655676144,1,0.9193310880026129,30.326092812779915,46.02411389967952
Ocean,gamma2,0.85,0.055,0.2,168,115.70760867638093,0.09370485082212102,1,1.070374226448891,36.644666749159036,27.644429678625354
Ocean,gamma2,0.85,0.055,0.2,169,124.48777307335298,0.0987588216940335,1,0.8739584245358425,36.572953551405455,25.727500899562187
Ocean,gamma2,0.85,0.055,0.2,170,120.23023183234974,0.11732303258285953,1,0.9630609987893499,40.41403585017577,45.67221525068926
Ocean,gamma2,0.85,0.055,0.2,171,111.9574628186148,0.108859370606109,1,1.0470628926083172,37.79830645224215,7.734461913530829
Ocean,gamma2,0.85,0.055,0.2,172,110.57774363867156,0.09544588547500943,1,1.1494678893129935,36.62644362414732,45.72893334409714
Ocean,gamma2,0.85,0.055,0.2,173,108.49523494646331,0.09076972060066908,1,1.0507925912787328,33.507317818604534,29.089801111512664
Ocean,gamma2,0.85,0.055,0.2,174,117.79575932039835,0.10948019029439987,1,1.0269827102445372,39.49835364119937,14.052241449494307
Ocean,gamma2,0.85,0.055,0.2,175,112.49011577689063,0.10013263618600718,1,0.9272326005493942,34.27650518220809,26.17766630186662
Ocean,gamma2,0.85,0.055,0.2,176,107.38341462578285,0.1148725041254942,1,1.0845170023092785,37.902114253984266,11.778789645216916
Ocean,gamma2,0.85,0.055,0.2,177,112.81939756504468,0.10603097050859718,1,0.9036824888425548,34.92272129413355,36.35691293788757
Ocean,gamma2,0.85,0.055,0.2,178,126.6590126970166,0.10791863463834504,1,1.0661815904989458,42.96352526875939,51.014503198374825
Ocean,gamma2,0.85,0.055,0.2,179,110.14984904530955,0.09881198655920244,1,0.861564425823617,32.13901785432758,49.77450770777421
Ocean,gamma2,0.85,0.055,0.2,180,101.65041317278961,0.10588902008310382,1,0.9662424895630206,32.51454481348207,46.85254967203649
Ocean,gamma2,0.85,0.055,0.2,181,119.21498296649389,0.09628174172250799,1,1.1484758321027742,39.64274695809756,26.269323361704544
Ocean,gamma2,0.85,0.055,0.2,182,113.10855114998462,0.09669478333769262,1,1.0064623651235576,35.28545578481643,25.823724699628954
Ocean,gamma2,0.85,0.055,0.2,183,111.21789116911819,0.10479146565522102,1,0.9390215500825818,34.88794531806721,29.90419743330275
Ocean,gamma2,0.85,0.055,0.2,184,109.8447822765955,0.09552802282369306,1,0.9439462715019907,32.98515009442215,39.17111966602763
Ocean,gamma2,0.85,0.055,0.2,185,96.18529487191286,0.08780470076676289,1,0.8859240568850704,26.826610998340502,51.01495284924691
Ocean,gamma2,0.85,0.055,0.2,186,105.50363902386584,0.10333389489013027,1,1.008235900698311,34.054140061906494,33.079210775695856
Ocean,gamma2,0.85,0.055,0.2,187,105.54158375605574,0.08800543976315393,1,1.0007336498680295,31.321144075842813,35.648175357385284
Ocean,gamma2,0.85,0.055,0.2,188,120.93991745528646,0.0984293853583148,1,0.9947460722560518,37.84322770609691,21.47344917287462
Ocean,gamma2,0.85,0.055,0.2,189,113.37004689517913,0.09429131882317993,1,1.0214217984639682,35.18331384415322,36.095882773980954
Ocean,gamma2,0.85,0.055,0.2,190,104.30979678167257,0.11472030128488185,1,1.0254399333593052,35.776705971040215,30.164099995789815
Ocean,gamma2,0.85,0.055,0.2,191,119.45215419149335,0.09441202208341543,1,1.0832295591221954,38.200397943769815,17.85406991786933
Ocean,gamma2,0.85,0.055,0.2,192,115.12480758917022,0.08885995652112892,1,1.0654252014277417,35.42284576906961,21.059125228401765
Ocean,gamma2,0.85,0.055,0.2,193,102.86985587691804,0.10694409466829394,1,0.9673681463675675,33.08738363392887,22.39337043051149
Ocean,gamma2,0.85,0.055,0.2,194,102.39074273127308,0.09839099977723735,1,1.0057357975863286,32.20922938605248,45.48522358427476
Ocean,gamma2,0.85,0.055,0.2,195,106.51136978670937,0.10589051474481531,1,1.0008189154901657,34.67386485547487,40.965763591003665
Ocean,gamma2,0.85,0.055,0.2,196,110.64540330394148,0.09159507982386092,1,0.9771740281389164,33.10208935322493,49.42700832225929
Ocean,gamma2,0.85,0.055,0.2,197,93.58335572150995,0.09939148035588569,1,0.9659800431669008,28.99728057224127,32.38061959496035
Ocean,gamma2,0.85,0.055,0.2,198,121.24059949096727,0.10110260971888674,1,1.1193660430910124,40.786395120175875,38.99224548898022
Ocean,gamma2,0.85,0.055,0.2,199,105.23618055268574,0.08307302687280325,1,0.9086547670841275,28.913092757632125,37.902864560792736
Ocean,gamma2,0.85,0.055,0.2,200,106.5491055903665,0.09904731044676632,1,1.041697285525527,34.22487875169559,33.6125021803832
Ocean,gamma2,0.85,0.055,0.2,201,100.71361746112488,0.08242395641044858,1,0.9364787500710872,27.98104226580814,45.02060952928059
Ocean,gamma2,0.85,0.055,0.2,202,95.29867230083411,0.111570152734781,1,1.0493083825064216,32.6071194959563,26.6745172842705
Ocean,gamma2,0.85,0.055,0.2,203,108.50624888583242,0.10836397427112711,1,0.9645642542841042,35.08025922458908,37.27455961854303
Ocean,gamma2,0.85,0.055,0.2,204,130.19444245098757,0.0744944934388267,1,1.016498868630285,35.82679688486014,36.36111175602599
Ocean,gamma2,0.85,0.055,0.2,205,116.11251116107582,0.10007805726630682,1,0.9532043098567334,35.862573337671066,35.901898738339185
Ocean,gamma2,0.85,0.055,0.2,206,104.19184728739243,0.12181583779493708,1,1.0517154946878513,37.293638125577715,38.33324715163225
Ocean,gamma2,0.85,0.055,0.2,207,139.60344352568845,0.09740561079048773,1,0.8482328438967724,40.12782863477798,56.54645775197678
Ocean,gamma2,0.85,0.055,0.2,208,101.23013641629241,0.10080071142271722,1,0.84865479497376,29.60786933057693,49.20081152802623
Ocean,gamma2,0.85,0.055,0.2,209,107.88525526236535,0.12448068508523245,1,0.8748712506479456,35.60288168426878,48.51847036651763
Ocean,gamma2,0.85,0.055,0.2,210,104.78757495099622,0.10810621649871946,1,1.061825855485275,35.502731828715675,31.57205173028574
Ocean,gamma2,0.85,0.055,0.2,211,119.98044200902432,0.11853142503007472,1,0.9877091745790125,41.05270271769853,21.90498745503546
Ocean,gamma2,0.85,0.055,0.2,212,120.82770171351848,0.086737160928011,1,0.8414028494992062,32.64157496236263,24.81367330829119
Ocean,gamma2,0.85,0.055,0.2,213,99.07455326291516,0.11303230659438977,1,0.8257516852425499,30.26830852923326,21.828408733312912
Ocean,gamma2,0.85,0.055,0.2,214,103.51665584000014,0.0925799749821228,1,1.0111193245952868,31.671597414387126,29.417912279052494
Ocean,gamma2,0.85,0.055,0.2,215,117.51607351102471,0.11151076395735908,1,1.1696429593241486,42.44067897969965,40.45368561579486
Ocean,gamma2,0.85,0.055,0.2,216,103.24816475083706,0.0935474904619977,1,1.1022243820041668,33.15380802104903,53.42030332874569
Ocean,gamma2,0.85,0.055,0.2,217,106.81035341373004,0.09182373982623587,1,1.083377078366863,33.688421472547745,52.11712296142334
Ocean,gamma2,0.85,0.055,0.2,218,124.41303614560579,0.09586390238263949,1,1.1194461590093916,40.7563277399596,1.695536086675821
Ocean,gamma2,0.85,0.055,0.2,219,117.69624385616655,0.09272521036304285,1,0.8449079279422567,32.94323234308613,43.47920102944452
Ocean,gamma2,0.85,0.055,0.2,220,94.37699618721513,0.11528054626094847,1,1.1624761696022117,34.549056587591075,31.30112089610332
Ocean,gamma2,0.85,0.055,0.2,221,95.18706260904946,0.10025314970679643,1,1.1522114933397776,32.35139703140516,34.17880105042204
Ocean,gamma2,0.85,0.055,0.2,222,115.32644790488744,0.1338777119382712,1,0.9232656487919213,40.545848677319384,43.7853810762585
Ocean,gamma2,0.85,0.055,0.2,223,109.02709549498245,0.09263921052824013,1,0.9713944460977176,32.70616875468772,50.00191620187391
Ocean,gamma2,0.85,0.055,0.2,224,129.2628003803202,0.08774946877670686,1,1.032432728145619,38.90690548501463,37.45928591134748
Ocean,gamma2,0.85,0.055,0.2,225,102.0252654319715,0.11016031355601898,1,0.8874503911105215,31.900122999247248,53.1514151056408
Ocean,gamma2,0.85,0.055,0.2,226,99.98656460530587,0.11373035765393108,1,0.8527588907789444,31.138162256466526,40.109036527023335
Ocean,gamma2,0.85,0.055,0.2,227,125.87559440942466,0.10940858727372176,1,0.9089143835089812,39.69435300737404,20.60971207619194
Ocean,gamma2,0.85,0.055,0.2,228,104.20430987516276,0.09639922605782163,1,1.0343177021380447,32.90405588264109,28.88262913189321
Ocean,gamma2,0.85,0.055,0.2,229,94.85994229154898,0.09750880446906712,1,0.8874907108386624,27.90529898349309,28.933343534602816
Ocean,gamma2,0.85,0.055,0.2,230,119.8574420889711,0.11055387842740001,1,0.9549160295826409,38.94346482675125,24.297739355464998
Ocean,gamma2,0.85,0.055,0.2,231,115.10856472957651,0.09410505275006444,1,0.8690969261884507,32.91911999586402,55.976534663790616
Ocean,gamma2,0.85,0.055,0.2,232,103.54992475564595,0.09243897902053909,1,0.8829403868068737,29.583056905422538,43.971677139301704
Ocean,gamma2,0.85,0.055,0.2,233,115.84915189557857,0.0941704037772833,1,0.9593007295028196,34.81989542131905,36.609234828606084
Ocean,gamma2,0.85,0.055,0.2,234,130.41397141833247,0.10663203996977852,1,1.0780379672423284,44.216565661175494,9.39838516660037
Ocean,gamma2,0.85,0.055,0.2,235,119.08592937089772,0.10017363134996747,1,0.928687304331234,36.322180589134874,12.06081013646411
Ocean,gamma2,0.85,0.055,0.2,236,103.1298072120509,0.10128000502858517,1,0.8755503161361462,30.710480929762642,31.745718171383984
Ocean,gamma2,0.85,0.055,0.2,237,108.98106913503469,0.09270465411467774,1,1.0614455152853668,34.186188762530854,38.81990563204157
Ocean,gamma2,0.85,0.055,0.2,238,122.48449991607352,0.09882228493528795,1,0.9112675083520061,36.75627751179078,35.48939588951269
Ocean,gamma2,0.85,0.055,0.2,239,122.66223145440455,0.10243666593546569,1,0.916004519603253,37.573996163962505,26.23562078611843
Ocean,gamma2,0.85,0.055,0.2,240,123.09783645483722,0.09158687369916128,1,0.8787277371682537,34.921605736662464,27.47953655657347
Ocean,gamma2,0.85,0.055,0.2,241,116.30028968349528,0.09206359234614324,1,0.9703268362633867,34.76032084860369,25.374496524442776
Ocean,gamma2,0.85,0.055,0.2,242,106.05718054761095,0.08974313676386958,1,0.8011207175762858,28.437386567997713,50.829828724199615
Ocean,gamma2,0.85,0.055,0.2,243,98.45865287981658,0.09912144043432612,1,1.1478315229722602,33.210603339588005,22.865782342279125
Ocean,gamma2,0.85,0.055,0.2,244,117.92623586286933,0.09077829086433015,1,1.161317197433714,38.28925055682994,21.024356110329627
Ocean,gamma2,0.85,0.055,0.2,245,106.89927141091485,0.11157575629434129,1,0.8962271652573142,33.804048539127415,27.347673035432763
Ocean,gamma2,0.85,0.055,0.2,246,103.75137336986414,0.11985147486601896,1,1.1105204546157899,37.85112802443725,30.882539272259017
Ocean,gamma2,0.85,0.055,0.2,247,114.26717020731343,0.11105594327428431,1,1.0029245452275442,38.13524185645202,44.87095047600982
Ocean,gamma2,0.85,0.055,0.2,248,101.31757787029083,0.11245527669163166,1,1.0439587885719082,34.71493812124498,33.73071276889357
Ocean,gamma2,0.85,0.055,0.2,249,100.92729149418969,0.1110822790442652,1,0.8103367732142175,30.280551672293928,52.09889787571366
Ocean,gamma2,0.85,0.055,0.2,250,113.85708199149317,0.11249663748942725,1,0.9934001622775674,38.062028782518745,32.022453068555876
Ocean,gamma2,0.85,0.055,0.2,251,104.61996306631758,0.09957515028785005,1,1.0126448127534604,33.22145266846509,58.012855624248
Ocean,gamma2,0.85,0.055,0.2,252,113.67635039126915,0.10151525717970385,1,1.050585097388524,37.123712409786265,47.91513009098152
Ocean,gamma2,0.85,0.055,0.2,253,108.3061224092981,0.07438121435952477,1,1.0861308379524155,30.78404689535075,52.20165464318984
Ocean,gamma2,0.85,0.055,0.2,254,109.54003412058816,0.1281404587152378,1,1.0514078465371388,40.20699500204253,47.58912613409689
Ocean,gamma2,0.85,0.055,0.2,255,112.60006743823406,0.11431556130979433,1,0.9323561083894224,36.76057005165677,50.74674134845734
Ocean,gamma2,0.85,0.055,0.2,256,105.49152041025775,0.08936627899970476,1,1.0427800848157647,32.20332785674455,22.692111899575494
Ocean,gamma2,0.85,0.055,0.2,257,104.56686443602686,0.11297327476774535,1,1.0339729743076476,35.73851789698267,27.163547795927997
Ocean,gamma2,0.85,0.055,0.2,258,108.97842531981765,0.08666999030345604,1,1.0161705897844424,32.341355106161174,41.599596517935396
Ocean,gamma2,0.85,0.055,0.2,259,108.48851572282713,0.11091112025624576,1,0.9621991985681769,35.44082384917303,35.812895237606455
Ocean,gamma2,0.85,0.055,0.2,260,90.8541547990229,0.07850064587128446,1,1.0156717610770591,25.654177570578785,46.35190982277183
Ocean,gamma2,0.85,0.055,0.2,261,110.66966814037524,0.10298708087055275,1,0.879511944759046,33.30740921897808,67.6500382133076
Ocean,gamma2,0.85,0.055,0.2,262,115.07426602276914,0.08456303954840208,1,0.9184315589030935,32.069479055321686,28.289447496873336
Ocean,gamma2,0.85,0.055,0.2,263,109.4945744978644,0.11560570725215462,1,1.0474081245005284,38.101336233374475,-5.300798800500806
Ocean,gamma2,0.85,0.055,0.2,264,108.56551933459022,0.10561711071830865,1,1.1195418304260065,37.33182472356233,21.845095069321808
Ocean,gamma2,0.85,0.055,0.2,265,121.27436557110383,0.09155241101851555,1,0.9040159429233529,34.88927533786381,46.3234641513643
Ocean,gamma2,0.85,0.055,0.2,266,116.07790946450238,0.12142970391479774,1,1.0575210200456262,41.596477045831456,29.873017674662222
Ocean,gamma2,0.85,0.055,0.2,267,119.01022479339717,0.08521763786010911,1,0.9630611758060903,34.09384317294932,51.6706412975562
Ocean,gamma2,0.85,0.055,0.2,268,107.6226676130629,0.08578930158679904,1,1.042103664088224,32.179239800402236,52.314594895896114
Ocean,gamma2,0.85,0.055,0.2,269,109.04752680229736,0.10215257076428001,1,0.9797675969231421,34.49864253498034,42.0248149481722
Ocean,gamma2,0.85,0.055,0.2,270,133.03886279962157,0.10668592005992397,1,1.0090153665569248,43.649670283835185,46.39548425057534
Ocean,gamma2,0.85,0.055,0.2,271,111.31077793550345,0.1068335267761104,1,1.038628807842719,37.078416866510835,25.971172708035397
Ocean,gamma2,0.85,0.055,0.2,272,105.81248836339482,0.11587745215764517,1,0.9106408374692438,34.37240795328413,40.52145995511362
Ocean,gamma2,0.85,0.055,0.2,273,98.2216429968315,0.08884969345504069,1,0.9531058686893747,28.58286336316762,38.761669312044376
Ocean,gamma2,0.85,0.055,0.2,274,111.03121502556117,0.08663825669047964,1,1.110237125711864,34.43561294742825,38.61812666611013
Ocean,gamma2,0.85,0.055,0.2,275,107.25562971150433,0.12974227608116995,1,0.9735277440625727,38.118431299442754,48.26275049042228
Ocean,gamma2,0.85,0.055,0.2,276,114.29527430241211,0.09084261950014963,1,0.9906692237469746,34.28762740581721,33.19333254133995
Ocean,gamma2,0.85,0.055,0.2,277,118.31488511602281,0.12448339172835432,1,0.9000412308167961,39.602836718772565,38.75659531227505
Ocean,gamma2,0.85,0.055,0.2,278,106.30812507095179,0.11216759810185403,1,1.010954191747763,35.79858884926669,42.62717135916296
Ocean,gamma2,0.85,0.055,0.2,279,125.27730619035192,0.07402912484782752,1,1.1064881800869624,35.85478341392271,28.687100228676304
Ocean,gamma2,0.85,0.055,0.2,280,101.95159391896712,0.08996276779426236,1,1.0685296010715495,31.60957837827117,47.98682965655552
Ocean,gamma2,0.85,0.055,0.2,281,113.94823419548591,0.09185714826013261,1,0.9985056760077039,34.509554094259,57.29085070838751
Ocean,gamma2,0.85,0.055,0.2,282,102.34621028241304,0.10188573947138249,1,0.9883402666937354,32.47743421844014,44.225869606016914
Ocean,gamma2,0.85,0.055,0.2,283,125.20344266942058,0.09097221439272696,1,0.995295899919597,37.67443615368928,32.31956790459307
Ocean,gamma2,0.85,0.055,0.2,284,117.09324373508963,0.096228653535207,1,1.125508517716795,38.53527251565954,47.292675002498854
Ocean,gamma2,0.85,0.055,0.2,285,107.84326624361037,0.09895044192267154,1,1.0480078212026191,34.72835112232262,51.30053070084575
Ocean,gamma2,0.85,0.055,0.2,286,110.19298846340186,0.11528407064821901,1,1.0694580782079766,38.69193909677976,28.872564908581587
Ocean,gamma2,0.85,0.055,0.2,287,116.01205519837676,0.08867375484608887,1,0.8623347255031795,32.08031378291767,52.99680644658675
Ocean,gamma2,0.85,0.055,0.2,288,111.95213611656109,0.11496384779410748,1,0.8839201743959773,35.68778166361676,58.45327240487284
Ocean,gamma2,0.85,0.055,0.2,289,117.89029288095674,0.11024115959799434,1,1.2,42.87859595306876,2.7755503365332928
Ocean,gamma2,0.85,0.055,0.2,290,102.27250089526888,0.09861844257057877,1,1.1081958612209082,33.8100807302472,60.57337375593853
Ocean,gamma2,0.85,0.055,0.2,291,100.84186591008817,0.0738574037404399,1,1.0308501394999068,27.825031108468345,35.24608446526106
Ocean,gamma2,0.85,0.055,0.2,292,119.57897367617049,0.10501467820031343,1,0.9979986182039539,38.71192739427903,47.43369691922972
Ocean,gamma2,0.85,0.055,0.2,293,102.61818558416424,0.10233139334982355,1,0.9647498154825886,32.24305079052441,55.34857572954449
Ocean,gamma2,0.85,0.055,0.2,294,120.69133197784092,0.11393350867388148,1,1.038746335766026,41.519925799253436,12.811002540729294
Ocean,gamma2,0.85,0.055,0.2,295,118.72326849365129,0.0964145993630287,1,0.9188311021825428,35.33662670174129,32.15813311059382
Ocean,gamma2,0.85,0.055,0.2,296,109.82763543230207,0.09911055173859012,1,0.9470240996122954,33.6474453028244,40.8961577712727
Ocean,gamma2,0.85,0.055,0.2,297,113.79995212010398,0.11241295453614215,1,1.0918620539525232,39.86889023327062,43.465062361580635
Ocean,gamma2,0.85,0.055,0.2,298,109.87340296633172,0.09546187689595168,1,0.9289706313571684,32.71964267455669,68.92677589170583
Ocean,gamma2,0.85,0.055,0.2,299,99.79437163588823,0.09431924398005861,1,0.9538885862026655,29.933329722436795,48.09136887476001
Ocean,gamma2,0.85,0.055,0.2,300,114.94485273776041,0.10190851523606484,1,1.0119293811814145,36.91219471843069,22.149040192147567
Ocean,gamma2,0.85,0.055,0.2,301,115.92011231791943,0.10392074095047633,1,0.9967352783150727,37.307815941325046,32.4782115302385
Ocean,gamma2,0.85,0.055,0.2,302,104.57964399039642,0.10806281334311343,1,1.0870613532000077,35.843657770872184,51.70601869266769
Ocean,gamma2,0.85,0.055,0.2,303,109.47167410055852,0.0890689532519966,1,0.9004308166529644,31.002028334178323,47.47375564031203
Ocean,gamma2,0.85,0.055,0.2,304,106.9651231663792,0.13568469886375664,1,0.9901678250670346,39.206857857726604,22.145309427845547
Ocean,gamma2,0.85,0.055,0.2,305,112.06487092792632,0.1121864195071032,1,1.0130999911244962,37.780334153459485,30.175887186560466
Ocean,gamma2,0.85,0.055,0.2,306,109.78876724354897,0.08618637746890499,1,1.0695225958836667,33.332831306036304,46.3605186707135
Ocean,gamma2,0.85,0.055,0.2,307,104.09186994752244,0.11037720884783084,1,0.8924439185389138,32.66983804250434,33.39714197942688
Ocean,gamma2,0.85,0.055,0.2,308,105.51251278152338,0.09267645766129551,1,1.009671357827432,32.2759249456352,40.98892720712235
Ocean,gamma2,0.85,0.055,0.2,309,111.06216327973932,0.12586828673686362,1,1.1424554781452052,42.11569104445159,53.692187543630425
Ocean,gamma2,0.85,0.055,0.2,310,118.15038760422752,0.09588140754429758,1,1.0063186256581058,36.70034160408889,24.764213568544964
Ocean,gamma2,0.85,0.055,0.2,311,96.57521476818536,0.09988556791414128,1,0.8915684264626997,28.820027728413148,45.4821420404693
Ocean,gamma2,0.85,0.055,0.2,312,96.67778103791296,0.09811584805877124,1,0.8718998551105527,28.276754260373302,41.022407288413156
Ocean,gamma2,0.85,0.055,0.2,313,107.37982683504367,0.10855838619836342,1,0.9243993612339527,34.01607551070124,11.544970421386473
Ocean,gamma2,0.85,0.055,0.2,314,110.82457116579873,0.10011749691434266,1,1.0787697551862199,36.42129905902693,20.031613002324583
Ocean,gamma2,0.85,0.055,0.2,315,108.66812455909003,0.09166304575522051,1,0.8560945364501471,30.441088414289613,54.42365558776083
Ocean,gamma2,0.85,0.055,0.2,316,104.02354192202777,0.0989059995454448,1,0.8750111945442696,30.601996409311884,51.97907883252602
Ocean,gamma2,0.85,0.055,0.2,317,117.54237334308091,0.10529356599132539,1,0.8912827840562265,36.00834255618156,44.923384140520426
Ocean,gamma2,0.85,0.055,0.2,318,116.546988983919,0.0901778085866698,1,1.131172187979956,37.223332858156155,20.948668384618394
Ocean,gamma2,0.85,0.055,0.2,319,112.72397862393554,0.09466960460835909,1,1.0211214874340646,35.047762574367425,18.988775600512234
Ocean,gamma2,0.85,0.055,0.2,320,102.11579373705474,0.12219266649500513,1,1.0624296299244578,36.79303177895098,17.37937382052116
Ocean,gamma2,0.85,0.055,0.2,321,108.47940881916115,0.11254187741265015,1,1.0275863248484918,36.89041540514854,38.09772919659738
Ocean,gamma2,0.85,0.055,0.2,322,123.31791364651798,0.10008497788885432,1,1.016145662650808,39.32679924075021,17.019442074615448
Ocean,gamma2,0.85,0.055,0.2,323,112.85711943888296,0.09479267200866105,1,0.9547267689617671,33.95125977822816,14.19085479964125
Ocean,gamma2,0.85,0.055,0.2,324,115.90335051322488,0.09748032973044979,1,0.9727633559934613,35.690948249594285,20.59667921679797
Ocean,gamma2,0.85,0.055,0.2,325,115.74009979877647,0.08933389337361228,1,0.9927932170975023,34.46842062951984,31.779714517981265
Ocean,gamma2,0.85,0.055,0.2,326,101.9183531580784,0.10404599960756186,1,0.9021349053320051,31.224884056156057,47.24060546719815
Ocean,gamma2,0.85,0.055,0.2,327,94.30889935367635,0.1091775158393969,1,0.9693011025210465,30.679525186561474,43.06520326872636
Ocean,gamma2,0.85,0.055,0.2,328,117.93997337116875,0.10010125943812884,1,0.9736360433990137,36.81960436719565,36.45563234414142
Ocean,gamma2,0.85,0.055,0.2,329,112.39000892387475,0.11025605106297308,1,1.0179733827758481,37.652787546068815,9.972743052060371
Ocean,gamma2,0.85,0.055,0.2,330,99.10687689863553,0.12617150342082908,1,0.9264582147285396,33.88420869372914,54.8375667641176
Ocean,gamma2,0.85,0.055,0.2,331,110.68487883799762,0.10179951640726499,1,1.0507163763635514,36.19961086694194,3.6785413577394506
Ocean,gamma2,0.85,0.055,0.2,332,108.52903968644935,0.09255339606116632,1,1.1339306782390954,35.15890916570349,28.054912217113706
Ocean,gamma2,0.85,0.055,0.2,333,126.13949725609443,0.10605677785654283,1,1.1981541705612537,44.965213713834885,48.953683205741456
Ocean,gamma2,0.85,0.055,0.2,334,111.97476693378047,0.08673525793385485,1,1.1217418918756208,34.927256522264635,33.28240109878817
Ocean,gamma2,0.85,0.055,0.2,335,108.50514643091789,0.09769597947044377,1,1.0602493480287443,34.92148393489228,31.311266028830048
Ocean,gamma2,0.85,0.055,0.2,336,96.3885079159061,0.1097984090133584,1,0.8551312662445151,29.53518353978268,22.641039757798413
Ocean,gamma2,0.85,0.055,0.2,337,96.7153877816694,0.09679581752286645,1,0.9778552284835402,29.75508222026662,27.614697354373718
Ocean,gamma2,0.85,0.055,0.2,338,115.0974084638156,0.11999869730640163,1,1.0049675449942783,39.9696024978829,39.17257244303601
Ocean,gamma2,0.85,0.055,0.2,339,107.37919356645905,0.10543499616719176,1,1.0152661080406387,35.13196776893536,33.00425827804585
Ocean,gamma2,0.85,0.055,0.2,340,112.59450058151084,0.09735327587962132,1,1.008448661150858,35.27925136476835,34.04829970027844
Ocean,gamma2,0.85,0.055,0.2,341,119.21087509054183,0.09907341671701855,1,0.9811689288511937,37.16775585505185,20.83764019587202
Ocean,gamma2,0.85,0.055,0.2,342,94.75495522937426,0.09628889446521094,1,1.0521252652778075,30.15947350699433,39.65704374457072
Ocean,gamma2,0.85,0.055,0.2,343,122.76155695588304,0.10317221638584599,1,1.1119987634058974,41.58109483383455,28.829674884822413
Ocean,gamma2,0.85,0.055,0.2,344,98.30624973396563,0.09319710174283341,1,1.1190787492924652,31.7477284088705,45.031394421523345
Ocean,gamma2,0.85,0.055,0.2,345,112.4959702820409,0.09888728095326259,1,1.0547639394416821,36.33162478966786,12.792800072271618
Ocean,gamma2,0.85,0.055,0.2,346,117.95481229775864,0.09551762054848632,1,1.027852322837808,36.95921788243513,0.13572666606701755
Ocean,gamma2,0.85,0.055,0.2,347,105.4968321104451,0.10268850226082275,1,0.9646283409510614,33.20323026209945,43.43460811135818
Ocean,gamma2,0.85,0.055,0.2,348,106.95427905133178,0.11112140340622323,1,1.045123965108194,36.44860629739574,25.530364949642955
Ocean,gamma2,0.85,0.055,0.2,349,114.91513229124304,0.10341862243149912,1,0.9679268332416093,36.35782211536011,20.85731869793969
Ocean,gamma2,0.85,0.055,0.2,350,121.0639356227021,0.10098309587361838,1,1.0682011130309195,39.76176384883826,1.477317744722784
Ocean,gamma2,0.85,0.055,0.2,351,94.05302828423987,0.09656476592245931,1,0.985252210592472,29.010541708671227,42.26524815351147
Ocean,gamma2,0.85,0.055,0.2,352,88.29364983061465,0.09389797600102737,1,1.057043618817521,27.81659963267018,54.84572217987623
Ocean,gamma2,0.85,0.055,0.2,353,111.99724273324078,0.0954017145309429,1,1.0371941806441627,35.230228215942134,53.520948943568044
Ocean,gamma2,0.85,0.055,0.2,354,107.6078863599316,0.08947407649515801,1,0.957757354730046,31.50071860233205,41.69900384723968
Ocean,gamma2,0.85,0.055,0.2,355,103.71424700516961,0.11672847688536515,1,0.9107002619368668,33.81540231049897,41.55944677157319
Ocean,gamma2,0.85,0.055,0.2,356,88.86649785998529,0.10565760181901454,1,1.0571428201986433,29.699919498034898,42.52660548341376
Ocean,gamma2,0.85,0.055,0.2,357,109.43994594652332,0.12595758734954918,1,0.9992963577014585,38.82712096781349,16.279676078130343
Ocean,gamma2,0.85,0.055,0.2,358,104.18789467811003,0.08496872703865405,1,0.8194615436342805,27.492302068511698,35.30893188218966
Ocean,gamma2,0.85,0.055,0.2,359,114.34981583890993,0.09369064618240013,1,1.0156682369336798,35.27439080271949,16.59290288707406
Ocean,gamma2,0.85,0.055,0.2,360,121.56598293129254,0.10912288317384455,1,0.9333870760754543,38.79724377399625,46.444119748379656
Ocean,gamma2,0.85,0.055,0.2,361,101.00641923318797,0.10677354864754612,1,0.9636258446411151,32.3992556983425,41.64948551420012
Ocean,gamma2,0.85,0.055,0.2,362,101.80837721488363,0.09134171964808174,1,0.8738638622657828,28.7633851593257,51.468027961586415
Ocean,gamma2,0.85,0.055,0.2,363,115.45083450294196,0.09087008704266367,1,1.0504848097398174,35.66994476697891,49.038295385517884
Ocean,gamma2,0.85,0.055,0.2,364,115.7206932876661,0.10983820008049931,1,0.9947371001985921,38.25092030137572,59.44104653812057
Ocean,gamma2,0.85,0.055,0.2,365,115.15413087550345,0.09890310398531296,1,1.0466871850764523,37.05040300190847,23.701736102154776
Ocean,gamma2,0.85,0.055,0.2,366,93.25231867504917,0.09504990513034582,1,0.9246368340198341,27.64528541622925,32.717980387177555
Ocean,gamma2,0.85,0.055,0.2,367,107.71999852934725,0.09835711209841409,1,0.9679015600232171,33.23646436525045,63.87881235320495
Ocean,gamma2,0.85,0.055,0.2,368,112.87512121327384,0.0991444051013877,1,1.0775383196265496,36.89340140711853,28.661967702461084
Ocean,gamma2,0.85,0.055,0.2,369,114.43209445167112,0.12802045760560873,1,0.9347922919861577,39.58631679705667,17.15879932907969
Ocean,gamma2,0.85,0.055,0.2,370,116.24843290094523,0.07909716452376549,1,1.2,35.814441881129945,27.45292506051487
Ocean,gamma2,0.85,0.055,0.2,371,103.33840701210038,0.12625252849813437,1,0.9684547492584588,36.13445188913743,26.665539824344716
Ocean,gamma2,0.85,0.055,0.2,372,98.89048701360618,0.11593834665157136,1,0.9309245631792064,32.48817470631114,48.82690156874171
Ocean,gamma2,0.85,0.055,0.2,373,107.92623314788763,0.09061902547521287,1,1.1292549424977147,34.524922572107,42.11390097854921
Ocean,gamma2,0.85,0.055,0.2,374,107.17102304242142,0.12473173744209301,1,1.0935097468274637,39.58012774793551,10.893647579648926
Ocean,gamma2,0.85,0.055,0.2,375,109.82139004436885,0.11494678353122736,1,0.9607108927081318,36.49486029268644,34.714604099135826
Ocean,gamma2,0.85,0.055,0.2,376,115.17909162595362,0.1021443118885148,1,1.0230010833100909,37.23220776625783,30.449936645672693
Ocean,gamma2,0.85,0.055,0.2,377,118.54905516290484,0.0861547429377561,1,1.0677182256621065,35.95555696392469,24.60125069247512
Ocean,gamma2,0.85,0.055,0.2,378,98.1430460712357,0.09545192020677588,1,1.0104445884045554,30.479519695344333,31.922835437990674
Ocean,gamma2,0.85,0.055,0.2,379,106.46189082147326,0.1061999203252866,1,0.9064992897110217,33.032390555935365,48.75076010107209
Ocean,gamma2,0.85,0.055,0.2,380,111.8830384380104,0.0915025916181311,1,1.076816083179795,35.119774300151306,22.195108204795947
Ocean,gamma2,0.85,0.055,0.2,381,114.02551150704475,0.1314589935194668,1,0.8915432986713456,39.03627785114571,57.18477466508679
Ocean,gamma2,0.85,0.055,0.2,382,118.76812121428713,0.0946977876488585,1,0.8935171639250481,34.54786808842241,39.68968931157965
Ocean,gamma2,0.85,0.055,0.2,383,113.37253917700083,0.10866023993460201,1,1.087649602913909,38.97514200297982,26.132115396328835
Ocean,gamma2,0.85,0.055,0.2,384,104.07782983175402,0.09714826439154818,1,1.063519309969784,33.45402991121992,23.496653024310614
Ocean,gamma2,0.85,0.055,0.2,385,100.49085099844632,0.10830768346582827,1,1.0398449492939923,33.72410640556004,32.202740500626234
Ocean,gamma2,0.85,0.055,0.2,386,115.36111416490415,0.10364812044634213,1,1.1488435907884171,39.80802305592399,4.151854763892869
Ocean,gamma2,0.85,0.055,0.2,387,102.7481790226116,0.10128907379587906,1,0.9342009620102678,31.60644051321287,39.46387966078194
Ocean,gamma2,0.85,0.055,0.2,388,106.41548199794933,0.12446016846018429,1,0.9403525213881625,36.40536212905218,32.831504322607515
Ocean,gamma2,0.85,0.055,0.2,389,105.03291200203009,0.10683969700987198,1,1.0187374691222568,34.65156629633903,49.213167266369055
Ocean,gamma2,0.85,0.055,0.2,390,106.6473146543437,0.09984819277581797,1,0.996299421375086,33.63682284382626,29.35781230099493
Ocean,gamma2,0.85,0.055,0.2,391,123.57555080971848,0.10318316111629776,1,1.0209680089379638,40.10911101747388,19.196365297264947
Ocean,gamma2,0.85,0.055,0.2,392,100.22102929503411,0.09516401473283534,1,1.1216200808257952,32.74297409761835,37.11875899617838
Ocean,gamma2,0.85,0.055,0.2,393,114.56795503149225,0.09771447812709795,1,1.094818793174007,37.47259260788968,29.623773120611858
Ocean,gamma2,0.85,0.055,0.2,394,122.58820622166009,0.09991414117618624,1,0.9662071458879112,38.08880020848686,45.033184588801575
Ocean,gamma2,0.85,0.055,0.2,395,105.69675448360829,0.09999958885038632,1,1.0045501926854044,33.500136756382005,60.28434153134739
Ocean,gamma2,0.85,0.055,0.2,396,109.26618927836785,0.09209442428930885,1,1.0248326203342142,33.56826816770198,28.158507439828558
Ocean,gamma2,0.85,0.055,0.2,397,116.11142530373348,0.10820338076685017,1,1.0793121676321855,39.679748233391564,45.84243494353299
Ocean,gamma2,0.85,0.055,0.2,398,108.8033411018385,0.08061496695516693,1,0.9851698145462854,30.662362961226073,34.58811143634695
Ocean,gamma2,0.85,0.055,0.2,399,101.5266041389895,0.10205388561221054,1,1.0068431254772974,32.54434514262437,15.567542391536499
Ocean,ph,0.9,0.08,0.2,0,107.75097589971205,0.08081454381395635,1,1.0190625149770058,30.92191546579568,35.12727275840187
Ocean,ph,0.9,0.08,0.2,1,104.69943713349541,0.0925029053464656,1,1.0341759176627572,32.38316135193025,35.97145219673623
Ocean,ph,0.9,0.08,0.2,2,112.50917904867397,0.10773736596354426,1,1.1782606553146384,40.08591676923471,35.4260997984449
Ocean,ph,0.9,0.08,0.2,3,115.18178083786826,0.09018031803533484,1,0.9409111885677566,33.55165802759421,33.19937436269939
Ocean,ph,0.9,0.08,0.2,4,127.40807014090842,0.11179930511266606,1,1.0654390356909103,43.97246296623747,35.79754054082988
Ocean,ph,0.9,0.08,0.2,5,117.12056057877292,0.09962147707784073,1,0.9361597688141389,35.767173179403024,33.58784291928409
Ocean,ph,0.9,0.08,0.2,6,97.93786239609824,0.10166527827757924,1,1.0022616573794478,31.26277362043995,39.30525856851599
Ocean,ph,0.9,0.08,0.2,7,104.04382141685349,0.118593705883737,1,0.9709010040504329,35.30486785358297,33.61859107127374
Ocean,ph,0.9,0.08,0.2,8,112.358673813417,0.09927602113194302,1,1.0775206857731738,36.74866731495388,34.686384803970675
Ocean,ph,0.9,0.08,0.2,9,107.0327130407685,0.1159975497774894,1,0.9606900716275715,35.72996518581542,31.864749399792107
Ocean,ph,0.9,0.08,0.2,10,107.35496939118123,0.10321582112166706,1,1.156759760230326,37.09512805879065,33.94596933967143
Ocean,ph,0.9,0.08,0.2,11,116.74724417958369,0.11727952640906854,1,1.0342824611914911,40.660931131412916,35.0834115368744
Ocean,ph,0.9,0.08,0.2,12,109.41645684006191,0.09384726186649138,1,0.9809115763009054,33.19772936419747,36.88497051188257
Ocean,ph,0.9,0.08,0.2,13,102.57947203882253,0.10836291766606927,1,1.047699283485366,34.56361252798353,31.457321627326458
Ocean,ph,0.9,0.08,0.2,14,114.11982060875054,0.10360754062465519,1,1.0861094561553908,38.28190666995988,32.825618641169406
Ocean,ph,0.9,0.08,0.2,15,110.88697136188746,0.10234336627212222,1,1.0470758482273332,36.29939960270043,33.05096627558993
Ocean,ph,0.9,0.08,0.2,16,123.48582999704229,0.10817722825570125,1,1.09107698501959,42.42411070955304,35.84000680139846
Ocean,ph,0.9,0.08,0.2,17,123.67262427006125,0.10117560873313214,1,1.0398326947787218,40.11374632018657,35.665831526440165
Ocean,ph,0.9,0.08,0.2,18,125.14815496706197,0.11038915977088072,1,0.9163111164237442,39.80238926864278,33.44277466377695
Ocean,ph,0.9,0.08,0.2,19,122.42365347529045,0.12162655997252189,1,1.0957955378170163,44.69349438475159,39.49099445335673
Ocean,ph,0.9,0.08,0.2,20,128.66991469206323,0.10901557253670138,1,1.0096441031418457,42.68796379613481,35.63215207666669
Ocean,ph,0.9,0.08,0.2,21,116.17571698115762,0.11781600269056272,1,1.1033109505602694,41.885766525718005,38.55559553803244
Ocean,ph,0.9,0.08,0.2,22,127.46486569893801,0.14649910808739317,1,0.8729826994806849,45.583828880350445,37.67915567367608
Ocean,ph,0.9,0.08,0.2,23,97.83535687317605,0.09068984762286579,1,0.998283230564045,29.43757679970375,36.3453691559508
Ocean,ph,0.9,0.08,0.2,24,111.72454166169288,0.09130507106949141,1,0.8959318618478557,31.95461003509334,35.380383115273055
Ocean,ph,0.9,0.08,0.2,25,109.95952859775483,0.09895357625769412,1,0.9959538875157132,34.51979692660362,35.651330977420116
Ocean,ph,0.9,0.08,0.2,26,125.22129332324415,0.09802075185885016,1,0.9627722509205785,38.467944603406295,33.243318248101914
Ocean,ph,0.9,0.08,0.2,27,120.51231732046737,0.07387590912887419,1,0.8167703436363398,29.6028031315301,32.97745194764731
Ocean,ph,0.9,0.08,0.2,28,118.08086596722617,0.10222137598703351,1,1.0468825711393257,38.627746762397734,34.9826478914153
Ocean,ph,0.9,0.08,0.2,29,121.06376537183365,0.0945185775002383,1,1.087051264449504,38.80590164440072,35.30237061825479
Ocean,ph,0.9,0.08,0.2,30,108.16676418169452,0.10555123926139721,1,1.1078241807436495,36.98800660048523,35.599647039817185
Ocean,ph,0.9,0.08,0.2,31,113.00040202875444,0.10529968190481147,1,1.0771321014012512,38.056426257932564,34.68088720258405
Ocean,ph,0.9,0.08,0.2,32,111.79932969644825,0.0907183900824935,1,1.0105376833548834,33.850346885802345,33.05676850143677
Ocean,ph,0.9,0.08,0.2,33,131.18679708665005,0.08265367844248737,1,1.0012676369481777,37.73951473878806,36.2933119200622
Ocean,ph,0.9,0.08,0.2,34,105.99786797275037,0.09908721454063697,1,0.9852828172637084,33.11970002117856,35.44485259817816
Ocean,ph,0.9,0.08,0.2,35,105.45081103457139,0.09080834623197277,1,1.0359267190183117,32.3427783824116,33.36600782496997
Ocean,ph,0.9,0.08,0.2,36,123.40567497617546,0.106573746778449,1,0.9778552188973221,39.838000062628666,34.412526047453305
Ocean,ph,0.9,0.08,0.2,37,111.69559945821757,0.10554038287005357,1,0.8748314371184852,33.93966774718422,33.2418224939509
Ocean,ph,0.9,0.08,0.2,38,118.92081895416588,0.09664665912034222,1,0.8512867773565274,34.110592109175165,32.354831883381074
Ocean,ph,0.9,0.08,0.2,39,113.70200080289439,0.08581307759326723,1,1.0203836030410964,33.645468606651555,34.58384077260305
Ocean,ph,0.9,0.08,0.2,40,115.02960280383552,0.10857718061722234,1,0.9721618680389364,37.37215931177935,37.499647730772224
Ocean,ph,0.9,0.08,0.2,41,110.19632122087829,0.11217622126481083,1,1.032989147819315,37.51158188963974,33.641926719085305
Ocean,ph,0.9,0.08,0.2,42,118.59141705938009,0.1393506472292169,1,0.9248552711229292,42.57401821860717,35.73918151265721
Ocean,ph,0.9,0.08,0.2,43,118.20247587440771,0.1001764468624253,1,0.8972814848370197,35.43837002051539,33.74529756522607
Ocean,ph,0.9,0.08,0.2,44,104.14611424216253,0.09114468061011116,1,1.075840964806526,32.61240093967164,36.28102720404663
Ocean,ph,0.9,0.08,0.2,45,91.34002070156056,0.10865139043838,1,0.9145096365853183,28.792070232858894,34.15908580971441
Ocean,ph,0.9,0.08,0.2,46,131.2241663407319,0.10385629380245799,1,1.0731343743935644,43.808389295048826,37.06913780929882
Ocean,ph,0.9,0.08,0.2,47,110.79675524510087,0.10439848621332763,1,1.1515706817651152,38.41664571024019,36.23950330659605
Ocean,ph,0.9,0.08,0.2,48,90.19732246665708,0.10626237373003156,1,0.9063832077026844,27.99234793134487,32.839249529718245
Ocean,ph,0.9,0.08,0.2,49,114.44299612541558,0.08504303658788002,1,0.9834147012368314,33.09610965254797,36.700447939885734
Ocean,ph,0.9,0.08,0.2,50,106.29942952756201,0.1191167320113006,1,0.8421599776371558,33.667790648207216,36.11858161117015
Ocean,ph,0.9,0.08,0.2,51,116.06989484342758,0.10201570361414394,1,0.9756501916452354,36.61846815806201,33.26891388072797
Ocean,ph,0.9,0.08,0.2,52,98.06753315951862,0.11474817891093958,1,1.1552818408303105,35.706076029965025,35.35198714025478
Ocean,ph,0.9,0.08,0.2,53,112.73482551185472,0.07499778178940013,1,0.9614601493391388,30.272476473049313,33.35730404764961
Ocean,ph,0.9,0.08,0.2,54,125.03979147977961,0.10115684930480906,1,0.9059437137347431,37.85266800584271,32.855800313137586
Ocean,ph,0.9,0.08,0.2,55,108.30906232604138,0.09821456344785165,1,0.9115777460334156,32.407803618219965,33.64616681678226
Ocean,ph,0.9,0.08,0.2,56,112.55629347888146,0.08279799590670556,1,1.0413747866090661,33.05089503651559,36.37421977234316
Ocean,ph,0.9,0.08,0.2,57,99.58339534132038,0.11397508728492782,1,1.010625063263966,33.79768302884668,34.757454083750694
Ocean,ph,0.9,0.08,0.2,58,105.64491772377556,0.09654831949391675,1,1.0790185714435634,34.09851207193166,36.159602888835636
Ocean,ph,0.9,0.08,0.2,59,114.97866610735997,0.09760991318092213,1,0.9276786943331553,34.598958071501336,37.796782761585725
Ocean,ph,0.9,0.08,0.2,60,97.95118934819793,0.0875986044678804,1,1.171920220110487,31.383930343017603,36.44251418364087
Ocean,ph,0.9,0.08,0.2,61,114.40765005997457,0.08281784976229299,1,1.0326395851198493,33.45734118565773,36.82035157969726
Ocean,ph,0.9,0.08,0.2,62,131.25989401608643,0.09233902500457618,1,1.0531116065738138,40.931898749542185,36.2925741037982
Ocean,ph,0.9,0.08,0.2,63,107.55305862617445,0.12012251917631503,1,1.0265294053749092,37.76771224182271,35.60429126269318
Ocean,ph,0.9,0.08,0.2,64,90.79638797679621,0.11878853752145165,1,0.9225222451593573,30.056905323251307,37.28219980711192
Ocean,ph,0.9,0.08,0.2,65,113.19745584338544,0.11746521192861187,1,1.0884810784077947,40.47638715413564,36.36971326144577
Ocean,ph,0.9,0.08,0.2,66,97.20167799034677,0.07961436213694939,1,1.007803054954198,27.533239176188175,31.21672935395969
Ocean,ph,0.9,0.08,0.2,67,108.78225859547736,0.086280777808074,1,0.8033536903860705,28.63970194473325,35.33506945967369
Ocean,ph,0.9,0.08,0.2,68,108.37018238748388,0.11229424671804958,1,0.9974360240235745,36.26862424673166,31.370372211095148
Ocean,ph,0.9,0.08,0.2,69,107.95346221733236,0.10634088020314857,1,0.8787707946035304,33.000803045191546,33.11696550600904
Ocean,ph,0.9,0.08,0.2,70,113.67750559300363,0.1135935029310544,1,1.0164411725493985,38.62712684700142,33.84640693692262
Ocean,ph,0.9,0.08,0.2,71,105.49575545946882,0.08925612674354268,1,0.8748953335433705,29.480310603932033,36.97886021279884
Ocean,ph,0.9,0.08,0.2,72,112.120701690231,0.09291092480141055,1,1.0688253843057138,35.33235442978448,36.055015523852695
Ocean,ph,0.9,0.08,0.2,73,122.28865127678692,0.12188162979908561,1,1.0043842619105228,42.78634918202286,37.02175797787958
Ocean,ph,0.9,0.08,0.2,74,111.86993350226473,0.10441526086569637,1,1.005670462196417,36.251269181466036,34.986929991011
Ocean,ph,0.9,0.08,0.2,75,106.78822122894154,0.09812035756759384,1,0.9495548658539166,32.59589764654986,34.3243990945718
Ocean,ph,0.9,0.08,0.2,76,111.12933569805547,0.10976422025509164,1,0.9747142574053399,36.34944430061645,38.97334121759243
Ocean,ph,0.9,0.08,0.2,77,118.0510263919563,0.11811507337225291,1,0.8655794952283993,37.74643229119095,30.495125727865023
Ocean,ph,0.9,0.08,0.2,78,106.8330620110261,0.11055642051118268,1,0.9335882746274149,34.32221875524497,32.445873093381806
Ocean,ph,0.9,0.08,0.2,79,126.93735936072157,0.09584752074021227,1,1.017077555321565,39.63299902669959,34.1846112846974
Ocean,ph,0.9,0.08,0.2,80,101.11265945172741,0.086082297859403,1,1.1082415818358013,31.23055337376785,32.78344928709084
Ocean,ph,0.9,0.08,0.2,81,94.92591774291078,0.09361923753741432,1,0.9957404583976158,28.98280609335867,35.31690181747339
Ocean,ph,0.9,0.08,0.2,82,114.26471156559188,0.10308247674277823,1,0.959173326674341,35.92965909687999,35.23248561776098
Ocean,ph,0.9,0.08,0.2,83,101.24136429399134,0.11021310419701166,1,0.9796204955834678,33.26622630799824,34.12325158418684
Ocean,ph,0.9,0.08,0.2,84,105.34231189169896,0.10450088645958856,1,1.0356077737177902,34.65456753249141,32.671865089592764
Ocean,ph,0.9,0.08,0.2,85,112.0036299078367,0.10722906146847345,1,0.9462863212452088,35.67792855143622,32.62299662696749
Ocean,ph,0.9,0.08,0.2,86,116.73257160685982,0.08944646697012987,1,0.9617437479042427,34.2376016384223,32.03306086483273
Ocean,ph,0.9,0.08,0.2,87,105.92091929381911,0.10847469544480955,1,0.9660971977548525,34.289122593099634,35.17325298353218
Ocean,ph,0.9,0.08,0.2,88,110.18731438891929,0.09374926354057807,1,0.9528276012907304,32.932347927685036,34.690826891280395
Ocean,ph,0.9,0.08,0.2,89,112.57015803749444,0.10901864185559074,1,0.9577302732205091,36.37435216268913,34.10386289765034
Ocean,ph,0.9,0.08,0.2,90,97.98789126609807,0.10734856998410938,1,0.8816311016155711,30.144910209653833,34.74597821912255
Ocean,ph,0.9,0.08,0.2,91,106.14855508369726,0.10471936008828465,1,0.9936906934952032,34.2415320539607,37.628701728529165
Ocean,ph,0.9,0.08,0.2,92,91.63736217808584,0.10501646493227294,1,0.9191748072376995,28.470843439156894,34.2169405473341
Ocean,ph,0.9,0.08,0.2,93,102.89315319941579,0.10779539578539106,1,0.9710319654069826,33.28919901928833,35.34175626249844
Ocean,ph,0.9,0.08,0.2,94,104.23593473195582,0.09996183019677998,1,0.9505038690214328,32.13005798151824,35.15162874093242
Ocean,ph,0.9,0.08,0.2,95,96.99570052205858,0.0912104139519768,1,1.0687838320654142,30.284446112056994,36.66320588872838
Ocean,ph,0.9,0.08,0.2,96,110.03996711983496,0.10506721475689706,1,0.985423060832833,35.407512933902225,33.923622959515654
Ocean,ph,0.9,0.08,0.2,97,114.09235501008902,0.10616552014561915,1,0.9106927574611056,35.475966156395835,36.614286947154085
Ocean,ph,0.9,0.08,0.2,98,105.43150623699033,0.0914154705011222,1,0.9391630777913867,30.892337131567412,36.3265482653039
Ocean,ph,0.9,0.08,0.2,99,107.25682358008422,0.10401144117746612,1,1.083540729918962,36.00709699583797,33.76220242422143
Ocean,ph,0.9,0.08,0.2,100,108.44943324875462,0.08992174531184365,1,0.9171930958070706,31.14512218752356,35.05397773705063
Ocean,ph,0.9,0.08,0.2,101,117.82723580375095,0.0957370396754471,1,0.88393110560875,34.27637574829028,33.08602428118258
Ocean,ph,0.9,0.08,0.2,102,109.46664685009546,0.09796313078096014,1,0.9078966329198066,32.64610295621939,34.929627995497924
Ocean,ph,0.9,0.08,0.2,103,110.13132239649745,0.09364833022747192,1,0.9404151444577394,32.68290716345459,34.9672623084042
Ocean,ph,0.9,0.08,0.2,104,108.88254629034375,0.09691912281744022,1,0.925425456994096,32.608718151958264,37.23209031624795
Ocean,ph,0.9,0.08,0.2,105,130.41829698903533,0.09104603151455658,1,0.9782971259808961,38.922831309137614,33.67759398864526
Ocean,ph,0.9,0.08,0.2,106,111.27821477219148,0.10232057212221246,1,0.9754171830363066,35.1549780044102,32.520606397640876
Ocean,ph,0.9,0.08,0.2,107,123.64378852298991,0.09875106322337873,1,1.0136670739874754,39.11928097710222,37.763905747436276
Ocean,ph,0.9,0.08,0.2,108,117.6128435900452,0.10055595370820128,1,0.9298608424543787,35.96396983092416,33.2096104463438
Ocean,ph,0.9,0.08,0.2,109,91.24865761643207,0.09978435985085393,1,1.0469325968233867,29.49287315101717,32.94586356706554
Ocean,ph,0.9,0.08,0.2,110,113.76023747277462,0.09867271658009338,1,1.0010926481549467,35.75412618023165,35.8589142229653
Ocean,ph,0.9,0.08,0.2,111,110.32610739622575,0.11088817461721982,1,1.0397145245052322,37.460879379916825,33.97813735685535
Ocean,ph,0.9,0.08,0.2,112,105.42881776222572,0.09793188236225224,1,1.0338625594251012,33.546930706568936,35.44558264360532
Ocean,ph,0.9,0.08,0.2,113,102.95128529527936,0.08889382445810873,1,0.9668526765072694,30.181979543522566,36.17975443257077
Ocean,ph,0.9,0.08,0.2,114,105.6386378179296,0.11952927724975938,1,0.9699136236148377,35.96884306443878,33.73207581308499
Ocean,ph,0.9,0.08,0.2,115,114.04284408493822,0.09187028863434445,1,1.0142374493119861,34.811713534589984,35.21737364788242
Ocean,ph,0.9,0.08,0.2,116,121.29420413486554,0.08922979738332663,1,0.9529199351861195,35.369034847056284,37.85939416920452
Ocean,ph,0.9,0.08,0.2,117,96.46056416574899,0.09328952506231498,1,1.1205624763990059,31.18776666884269,33.82848789534112
Ocean,ph,0.9,0.08,0.2,118,116.42648517216615,0.10360742566561593,1,0.949019936901753,36.50773556483543,34.180771035342225
Ocean,ph,0.9,0.08,0.2,119,128.71065574682146,0.12113893392572009,1,1.0407155290440087,45.700651789090315,39.875598937174395
Ocean,ph,0.9,0.08,0.2,120,112.67662393905252,0.09124577346652799,1,1.0391579539666502,34.69612610032787,34.13248675242082
Ocean,ph,0.9,0.08,0.2,121,89.34510487795093,0.09619414362087593,1,0.9975159797186323,27.676107580005887,33.07274658859675
Ocean,ph,0.9,0.08,0.2,122,97.5689706394793,0.10431464105362867,1,1.032867847553703,32.02629770257389,33.814971389130726
Ocean,ph,0.9,0.08,0.2,123,114.44510605725397,0.09493471763104275,1,0.9578136191272979,34.51042132235938,35.20829957828493
Ocean,ph,0.9,0.08,0.2,124,115.36529002052184,0.09170999963567494,1,0.8969417252805819,33.0876270472876,32.06527847663192
Ocean,ph,0.9,0.08,0.2,125,118.34101028205261,0.09698916743512884,1,0.9223723449690189,35.395660821580044,35.70799151272012
Ocean,ph,0.9,0.08,0.2,126,126.33680885197784,0.11624705731990297,1,0.9459648378237103,41.894632356058615,38.25655591329479
Ocean,ph,0.9,0.08,0.2,127,114.72048640863089,0.09902183774358407,1,1.1894757813561616,39.37170956113826,31.920159790206668
Ocean,ph,0.9,0.08,0.2,128,95.40291954856367,0.09805965872101004,1,0.9368452283149284,28.916170616648053,33.06925434894127
Ocean,ph,0.9,0.08,0.2,129,107.80758860837733,0.11195131021011506,1,0.9312432600690199,34.80931633056783,35.41315799291004
Ocean,ph,0.9,0.08,0.2,130,94.68764900659346,0.0959244145988729,1,1.0989174654466836,30.74258979840324,33.50315982046899
Ocean,ph,0.9,0.08,0.2,131,111.41445241515048,0.10072777774263547,1,1.044074112663439,36.13115296242914,35.44137498103048
Ocean,ph,0.9,0.08,0.2,132,104.38195245668506,0.09946994929326382,1,1.0194876166029039,33.24010153987301,35.61830600783542
Ocean,ph,0.9,0.08,0.2,133,111.59676609568777,0.0995274374135407,1,0.9733442392278342,34.73411614088401,37.36896461786574
Ocean,ph,0.9,0.08,0.2,134,117.95739961739415,0.11586185003607886,1,0.9921838810592565,39.99369248669392,32.460414626453414
Ocean,ph,0.9,0.08,0.2,135,99.5918319827288,0.10411494133009666,1,1.134298979036758,34.22504447819441,36.78968601139946
Ocean,ph,0.9,0.08,0.2,136,106.47034915360625,0.09202502372110871,1,1.0642497926076917,33.31988044260786,33.34000915699703
Ocean,ph,0.9,0.08,0.2,137,110.45077481402417,0.08780872904689084,1,0.9430816769952152,31.78427180313633,35.624473631998185
Ocean,ph,0.9,0.08,0.2,138,104.60329908572065,0.10730161629114197,1,0.9591710728682102,33.55803712713503,35.21179641594516
Ocean,ph,0.9,0.08,0.2,139,119.44398292687596,0.09237466044827922,1,0.9717972928236228,35.787268090345805,33.279033927345054
Ocean,ph,0.9,0.08,0.2,140,104.9991744709126,0.11925915404055001,1,0.9723249536386,35.755055996352446,31.68311161976088
Ocean,ph,0.9,0.08,0.2,141,102.41227638037869,0.10932653777629685,1,0.9846779348764008,33.60175183756676,31.331852570572885
Ocean,ph,0.9,0.08,0.2,142,97.81968118599825,0.0967654099977107,1,1.0518809995022074,31.208264546692448,36.469260639394435
Ocean,ph,0.9,0.08,0.2,143,104.13361033115534,0.08989791862000836,1,1.0629444594627968,32.19000397902359,34.86159221676388
Ocean,ph,0.9,0.08,0.2,144,104.34817474936591,0.11345897335346355,1,0.9812002892429096,34.816340041896645,36.19106630741893
Ocean,ph,0.9,0.08,0.2,145,111.58426929289624,0.11763891468774403,1,0.9918935108204642,38.116323382642705,32.62962887144143
Ocean,ph,0.9,0.08,0.2,146,122.48082327045378,0.11778949528732825,1,0.9473008922043814,40.91337914154456,37.29852825814094
Ocean,ph,0.9,0.08,0.2,147,122.65669253388384,0.10589269340106762,1,0.9316105070733616,38.52489254838978,34.33890452406471
Ocean,ph,0.9,0.08,0.2,148,103.10487643443936,0.09941337345284174,1,1.0780392505691516,33.753506657953416,32.892955433915056
Ocean,ph,0.9,0.08,0.2,149,119.172708856724,0.08788006974647704,1,0.9864658551280442,35.088357273645286,34.090578430925184
Ocean,ph,0.9,0.08,0.2,150,98.83667928221848,0.10531070480107886,1,0.9821820822565599,31.787063446651985,35.27669366424786
Ocean,ph,0.9,0.08,0.2,151,96.80444918667037,0.09431510741378443,1,1.0038356844126488,29.78634840143234,35.31254838982812
Ocean,ph,0.9,0.08,0.2,152,111.27676261318474,0.08702472667219695,1,1.0087825009675404,32.97042809749838,36.017943340516794
Ocean,ph,0.9,0.08,0.2,153,120.05195186651511,0.10363206904537266,1,1.1438995122072124,41.334267654738454,38.32209286495321
Ocean,ph,0.9,0.08,0.2,154,103.0453150916959,0.09470417687112838,1,1.052809003447667,32.53775716202587,35.93457948824762
Ocean,ph,0.9,0.08,0.2,155,92.96473412746862,0.0920341121966291,1,1.069321705928802,29.16398300591304,36.52209536391098
Ocean,ph,0.9,0.08,0.2,156,106.44410009702972,0.10597767637669608,1,0.9839847886083556,34.37343891617328,33.17825280114429
Ocean,ph,0.9,0.08,0.2,157,129.89738618887586,0.10090960444407576,1,0.9556483179612835,40.33812560928179,38.38755534878491
Ocean,ph,0.9,0.08,0.2,158,116.56043191956857,0.10308148064564973,1,0.9548841350032504,36.56931378549121,36.72350692968167
Ocean,ph,0.9,0.08,0.2,159,112.48380546175497,0.10712727766098776,1,0.9281432255082098,35.4688848627511,33.71909363470881
Ocean,ph,0.9,0.08,0.2,160,126.0158149985671,0.08525586962877732,1,0.8498493596013887,33.920181906418264,35.96495564104604
Ocean,ph,0.9,0.08,0.2,161,107.32794934071076,0.11344693720887933,1,1.0524274626076686,37.08559963443379,35.92928511476922
Ocean,ph,0.9,0.08,0.2,162,110.66979913698835,0.10690078424585571,1,0.9020164564605355,34.36582686730751,34.21228869537464
Ocean,ph,0.9,0.08,0.2,163,97.35412137957161,0.10427096620265068,1,0.9765887633017314,31.066469548547296,37.014210535673
Ocean,ph,0.9,0.08,0.2,164,102.73797463193782,0.10663028321807733,1,0.9914274704258766,33.404252303304006,34.97012458129425
Ocean,ph,0.9,0.08,0.2,165,109.46874069124623,0.09568918737569738,1,1.0573817974982056,34.82069781429666,35.752608650960035
Ocean,ph,0.9,0.08,0.2,166,109.58579737692887,0.09995511169983097,1,1.042854055926793,35.38087292500922,33.44882402989356
Ocean,ph,0.9,0.08,0.2,167,95.16959964700656,0.09207539462400917,1,1.0137316999050299,29.07579180375982,32.929072114186376
Ocean,ph,0.9,0.08,0.2,168,105.83097376043327,0.09580127278253758,1,0.9389102512247322,31.7402594212225,36.50962917303247
Ocean,ph,0.9,0.08,0.2,169,117.87280527380894,0.08797870986971856,1,1.00145875246799,34.98798626193201,38.28772046024959
Ocean,ph,0.9,0.08,0.2,170,114.86490972251376,0.11056400405125931,1,0.9386284377502385,37.003355548117185,37.5696526794345
Ocean,ph,0.9,0.08,0.2,171,118.09692305096966,0.10665999115415885,1,0.9160443082000571,36.91455134447865,37.89988709860637
Ocean,ph,0.9,0.08,0.2,172,116.34702970535956,0.11490321835907387,1,0.9622505755943728,38.68703859546565,34.26117821687176
Ocean,ph,0.9,0.08,0.2,173,122.5539790233194,0.11025579126274498,1,0.9846554252668475,40.380366886575494,34.78729814713868
Ocean,ph,0.9,0.08,0.2,174,116.63710927488579,0.08868393072268907,1,0.9634294869443627,34.09331112611891,32.97883766756687
Ocean,ph,0.9,0.08,0.2,175,98.49842290596361,0.08294774350666266,1,1.0375446719517283,28.895816267470295,32.164667504593766
Ocean,ph,0.9,0.08,0.2,176,134.70777056063238,0.0945023176557683,1,0.9701117076079535,40.78728065592086,33.18593474201142
Ocean,ph,0.9,0.08,0.2,177,114.06407029980276,0.08801486411621655,1,0.8884497712986028,31.896520991390325,35.71784204033381
Ocean,ph,0.9,0.08,0.2,178,127.1383725357568,0.08237505024836547,1,0.8950279446631149,34.52174908665266,33.57836784668901
Ocean,ph,0.9,0.08,0.2,179,96.80123187462534,0.0878744138110881,1,0.9733864923976838,28.310970824888518,37.337856788957076
Ocean,ph,0.9,0.08,0.2,180,107.95362227327875,0.10051083201499392,1,1.0745708448568252,35.478167502766844,35.23047522563298
Ocean,ph,0.9,0.08,0.2,181,121.49033287215087,0.09377926113277732,1,0.9354909638322335,35.98445452647387,31.021737235981107
Ocean,ph,0.9,0.08,0.2,182,107.67496149967539,0.08717125805165535,1,1.0178996939385665,32.07405531940893,35.87896762081359
Ocean,ph,0.9,0.08,0.2,183,125.93677348600117,0.11171662117366644,1,1.1448130317627336,45.03796310004302,39.15374568447625
Ocean,ph,0.9,0.08,0.2,184,108.21769688871795,0.0820543701498147,1,0.9326772758329677,29.93745257749009,32.41140152121937
Ocean,ph,0.9,0.08,0.2,185,112.23443067516313,0.11089761923069898,1,0.8131296751758593,33.702888587453444,31.74454158883883
Ocean,ph,0.9,0.08,0.2,186,91.5386017612834,0.0918588164174998,1,0.973124998740716,27.368374987100687,36.04239402827587
Ocean,ph,0.9,0.08,0.2,187,97.50918265646743,0.13021178283213483,1,0.9186542129176012,33.72459121897831,34.48015068508276
Ocean,ph,0.9,0.08,0.2,188,128.10792378607894,0.10208975518752791,1,1.0638927616035476,42.21978340581289,40.183125762873544
Ocean,ph,0.9,0.08,0.2,189,94.16892906036614,0.09593971799996714,1,1.1390640000810879,31.130128497743502,36.3861612959675
Ocean,ph,0.9,0.08,0.2,190,110.5759180025374,0.09785190880613288,1,1.195797687719506,37.82457519336546,34.50333940605908
Ocean,ph,0.9,0.08,0.2,191,108.07351212782362,0.10660801522513295,1,1.0758037594104655,36.59996945848734,35.2405473384417
Ocean,ph,0.9,0.08,0.2,192,113.12761719110635,0.08967389633122824,1,1.0591862387213393,34.86485189107625,35.84245623349121
Ocean,ph,0.9,0.08,0.2,193,111.02509786060287,0.09993416056574987,1,0.9129145031751968,33.534605552333986,35.1409294183008
Ocean,ph,0.9,0.08,0.2,194,113.61971569420379,0.11754149381520565,1,0.8552401927589806,36.02411766487886,33.942552708241536
Ocean,ph,0.9,0.08,0.2,195,116.02450866300971,0.11116400373327859,1,1.0980197780142262,40.53562834882667,41.208595655855405
Ocean,ph,0.9,0.08,0.2,196,117.89115622377321,0.1093180462875094,1,0.9059601390973147,37.100665737876454,34.96299096803735
Ocean,ph,0.9,0.08,0.2,197,112.50781005520845,0.08325307882153272,1,1.0199270792472546,32.78441089665601,35.410825031312875
Ocean,ph,0.9,0.08,0.2,198,135.1477513194057,0.11614648126467027,1,0.9514395914753845,44.92648717919348,40.51903801945349
Ocean,ph,0.9,0.08,0.2,199,104.08167319079818,0.12447667155867251,1,1.0447078911072971,37.53320806070497,32.32865083926391
Ocean,ph,0.9,0.08,0.2,200,108.83182972457071,0.09936239027445068,1,1.0823645187412445,35.69058935893994,35.30437429667245
Ocean,ph,0.9,0.08,0.2,201,118.76885408482329,0.0996850950973038,1,1.030834749621237,38.072570994782254,36.73421707218743
Ocean,ph,0.9,0.08,0.2,202,123.49956889357367,0.09555894720962609,1,0.9604098901188665,37.413594216909566,35.72473967235284
Ocean,ph,0.9,0.08,0.2,203,111.3774144008552,0.10018214056115746,1,1.0648747727469514,36.37822915599224,35.75152816111729
Ocean,ph,0.9,0.08,0.2,204,104.69741532527378,0.10157409783635077,1,0.9548343438164268,32.6055449330814,35.84325218732754
Ocean,ph,0.9,0.08,0.2,205,106.20023738569284,0.08236794538505937,1,1.0778361338210347,31.643242060179862,36.97982694812855
Ocean,ph,0.9,0.08,0.2,206,106.29702857659795,0.08993415380554366,1,0.9114648211474637,30.433605481723134,36.73265130895399
Ocean,ph,0.9,0.08,0.2,207,121.0424918685634,0.0958695564617642,1,1.0357797937335151,38.14274391060551,32.550956344556006
Ocean,ph,0.9,0.08,0.2,208,111.44042136859277,0.09649667591414197,1,0.8964843452462674,32.77708121294883,37.20462397483665
Ocean,ph,0.9,0.08,0.2,209,103.25145110072965,0.10900919106791425,1,1.1049692393424333,35.83462107162087,34.67197093682327
Ocean,ph,0.9,0.08,0.2,210,101.00529858164842,0.10489585033665151,1,0.9055071206296303,31.129292171880223,34.63468174590831
Ocean,ph,0.9,0.08,0.2,211,100.99060570928063,0.10023690173239155,1,0.9356549719643186,30.92805856244663,34.3064550328484
Ocean,ph,0.9,0.08,0.2,212,106.32801327595574,0.09841008714910032,1,0.9894067516884888,33.17836207226505,37.03196506458572
Ocean,ph,0.9,0.08,0.2,213,100.48300890700332,0.10012469943927156,1,0.9453786612835955,30.91477867656174,35.1010826485764
Ocean,ph,0.9,0.08,0.2,214,104.3685258697388,0.11183069404902153,1,1.0924843289621546,36.48023837755335,32.43127794051871
Ocean,ph,0.9,0.08,0.2,215,103.00949917323058,0.10382327456526472,1,0.8778838655758749,31.098766996742217,36.698899095977
Ocean,ph,0.9,0.08,0.2,216,101.53111716967715,0.11003036114778507,1,0.9774103738883461,33.296141318704414,35.22503157409315
Ocean,ph,0.9,0.08,0.2,217,117.54769588620118,0.11899468757472204,1,1.1159400907495276,42.834958188289654,34.19814695262767
Ocean,ph,0.9,0.08,0.2,218,101.73942446143394,0.0983819630512401,1,1.048921770078419,32.68274820510151,34.75162732642277
Ocean,ph,0.9,0.08,0.2,219,113.25792922596227,0.10805093957886015,1,0.9948293653588578,37.13275642941948,34.54169680381433
Ocean,ph,0.9,0.08,0.2,220,108.74630382437627,0.10083604003986221,1,0.9170559194247621,33.06894234292798,34.452270538955574
Ocean,ph,0.9,0.08,0.2,221,95.57139172676487,0.10622609878762425,1,0.9655496813064767,30.607710063429288,35.22407494349218
Ocean,ph,0.9,0.08,0.2,222,116.05708572301418,0.09468488671970328,1,1.0461069874892854,36.52582587044175,32.76494416912108
Ocean,ph,0.9,0.08,0.2,223,108.12496221518897,0.09091605150428997,1,0.9752412924537485,32.196027701231515,37.229418030796
Ocean,ph,0.9,0.08,0.2,224,113.51016456077579,0.08774978301462477,1,0.847024077082703,30.946080909320035,31.61929000240045
Ocean,ph,0.9,0.08,0.2,225,97.96838765141169,0.09143184251547547,1,1.0998060458082808,31.066530046650676,38.183021237908214
Ocean,ph,0.9,0.08,0.2,226,89.78538479940991,0.1076977820496178,1,1.0495609762402358,30.186507236559258,33.97573114467336
Ocean,ph,0.9,0.08,0.2,227,109.32520152790927,0.09613537510201163,1,0.9703487809142277,33.390723665135866,36.16317860904907
Ocean,ph,0.9,0.08,0.2,228,103.13832013660699,0.09312227107690281,1,1.0120359681403879,31.66247114256442,36.7071074558208
Ocean,ph,0.9,0.08,0.2,229,97.08117332038374,0.08862484218067043,1,1.034632264611654,29.397186171347904,35.57165986724588
Ocean,ph,0.9,0.08,0.2,230,113.30259432963106,0.0862068553001973,1,0.9433215649700101,32.31027370902413,34.29199419011056
Ocean,ph,0.9,0.08,0.2,231,106.73110124181227,0.10372692708630697,1,0.8826379899809476,32.29446204827729,35.437197880337266
Ocean,ph,0.9,0.08,0.2,232,117.76552229347458,0.10030604043013606,1,0.8747323790399498,34.88344011375426,33.29721506067556
Ocean,ph,0.9,0.08,0.2,233,106.83020354127147,0.09603681225856467,1,1.1146919795725119,34.953475257725074,34.746450291451026
Ocean,ph,0.9,0.08,0.2,234,100.99424245551972,0.10373189655683275,1,1.0602623759338305,33.49341652071183,36.50818232487981
Ocean,ph,0.9,0.08,0.2,235,111.85531806593715,0.08625114861957348,1,1.0816030275683826,34.16433941918723,32.9817629355866
Ocean,ph,0.9,0.08,0.2,236,104.02341226580351,0.12161824299576944,1,1.0013926576179182,36.30217613506052,32.16435716141402
Ocean,ph,0.9,0.08,0.2,237,103.40655063469444,0.10564177512276492,1,0.9914943171406031,33.46655517077881,34.68935384999828
Ocean,ph,0.9,0.08,0.2,238,101.12719243876992,0.10818725970538123,1,0.88267375643673,31.250438648952812,36.31681324176515
Ocean,ph,0.9,0.08,0.2,239,100.46576099515434,0.11527051807970716,1,0.9356042668662335,32.993113241414555,34.07837350192725
Ocean,ph,0.9,0.08,0.2,240,109.39405471305068,0.1045813642948233,1,0.983831181520258,35.08982181117212,39.410652300028836
Ocean,ph,0.9,0.08,0.2,241,118.98054077624704,0.07830806589243765,1,1.0307245004159773,33.8026296331807,32.44540068431276
Ocean,ph,0.9,0.08,0.2,242,100.10043691487284,0.11531794335304886,1,0.9429290679488765,33.008358636466745,37.97620120720876
Ocean,ph,0.9,0.08,0.2,243,108.11471840830396,0.08796683429858194,1,1.114243583108568,33.848106118332964,32.03403573838912
Ocean,ph,0.9,0.08,0.2,244,106.46549575034466,0.10846467518223604,1,1.0091926742128976,35.224114595460726,36.31954869682508
Ocean,ph,0.9,0.08,0.2,245,111.47660651818323,0.1022178450342829,1,1.0195225756068098,35.98699004195228,30.591685862856465
Ocean,ph,0.9,0.08,0.2,246,111.25092073907349,0.08937702060350859,1,0.9970997083090274,33.211297674558004,37.28264519699224
Ocean,ph,0.9,0.08,0.2,247,106.79798284092013,0.09332621097746845,1,0.8529442802573575,30.131808424238816,35.25540688490724
Ocean,ph,0.9,0.08,0.2,248,116.58948602827357,0.1550877814631601,1,1.1791584640050667,49.857932561833266,42.90256464688411
Ocean,ph,0.9,0.08,0.2,249,142.5118367061331,0.10054919603521349,1,1.1797608445473422,49.08369260885915,40.97199810054175
Ocean,ph,0.9,0.08,0.2,250,98.47112525944209,0.1088383344011705,1,1.0769165271394059,33.71249268688179,31.21633162748201
Ocean,ph,0.9,0.08,0.2,251,89.20581863381167,0.09133128694422091,1,0.9578614729772078,26.384831465168542,30.65274808707194
Ocean,ph,0.9,0.08,0.2,252,98.82839730287539,0.10628000298417555,1,0.9218353132069044,30.933866139506367,34.60361830970717
Ocean,ph,0.9,0.08,0.2,253,126.48107007273705,0.10548230466147596,1,1.0480789190815796,42.05448598154826,37.87408530251338
Ocean,ph,0.9,0.08,0.2,254,114.53544316872537,0.08406715759532421,1,0.9719837760385543,32.74029516210966,35.41083811460737
Ocean,ph,0.9,0.08,0.2,255,116.56528156683358,0.08061474349639712,1,0.9389011090840272,32.06907116117451,35.602485156016215
Ocean,ph,0.9,0.08,0.2,256,98.14205017284121,0.08819044108795474,1,1.066157087347135,30.093762042189017,36.79365117304777
Ocean,ph,0.9,0.08,0.2,257,124.90830861975077,0.09320130704198282,1,1.0335866951730184,38.76821311514605,32.93283368206026
Ocean,ph,0.9,0.08,0.2,258,100.26824990663407,0.10890740413427995,1,0.9456118624011925,32.17722548459487,35.53803369420276
Ocean,ph,0.9,0.08,0.2,259,97.01041500280327,0.09474880493773644,1,1.0724367249267617,30.923672970181656,32.68617132746663
Ocean,ph,0.9,0.08,0.2,260,121.303087204438,0.09164654153349265,1,0.9384387073433373,35.574012274117976,36.37744158619545
Ocean,ph,0.9,0.08,0.2,261,106.73800311354819,0.09952448059447527,1,1.0855830357911405,35.08452147971552,34.20210480914041
Ocean,ph,0.9,0.08,0.2,262,112.48854928426044,0.0900517102051551,1,1.0597356874781545,34.74986152864758,37.152323136251034
Ocean,ph,0.9,0.08,0.2,263,128.16977536790324,0.11812211628499251,1,1.0725239619786433,45.61994261965751,39.420512706310085
Ocean,ph,0.9,0.08,0.2,264,111.94725677169434,0.11661617662538228,1,1.0059721100350938,38.34297666452344,36.331217813053065
Ocean,ph,0.9,0.08,0.2,265,103.48590860910207,0.097903841228837,1,0.9517083113453915,31.588791691159507,34.83912501030672
Ocean,ph,0.9,0.08,0.2,266,114.20379509421802,0.08910466383481372,1,0.9783547435880235,33.719329616112574,35.815969460057346
Ocean,ph,0.9,0.08,0.2,267,118.254116259198,0.11990820525227634,1,1.004987836354038,41.05075234029022,33.78954144395695
Ocean,ph,0.9,0.08,0.2,268,114.33190849040568,0.08563982030930829,1,1.0462851781474005,34.22396816583774,33.49261945831029
Ocean,ph,0.9,0.08,0.2,269,103.67519720169871,0.09171334525050985,1,0.9614707579531899,30.786419124612998,32.96447859383239
Ocean,ph,0.9,0.08,0.2,270,110.35800538551875,0.11592349197493436,1,1.0370736570081556,38.26435272768535,37.212822548854916
Ocean,ph,0.9,0.08,0.2,271,110.8719222037115,0.0940245016065601,1,0.9670300673538512,33.431979038563995,35.33029580779993
Ocean,ph,0.9,0.08,0.2,272,101.88809139763772,0.09401943940985183,1,1.0810524019695638,32.482962345768875,35.425530264970234
Ocean,ph,0.9,0.08,0.2,273,115.95784985772599,0.10518624193948577,1,0.9516981466454795,36.68843909803112,32.27616572448175
Ocean,ph,0.9,0.08,0.2,274,112.6455922440319,0.10327902926226355,1,1.0495021090571355,37.08616568085329,33.6075969475617
Ocean,ph,0.9,0.08,0.2,275,114.71863905717956,0.1378021659889945,1,0.9497306172873724,41.50135033293277,39.504425095527424
Ocean,ph,0.9,0.08,0.2,276,111.35713758327556,0.10154393581118175,1,1.0375407586626881,36.14495084364901,32.92098199022369
Ocean,ph,0.9,0.08,0.2,277,98.5345922365314,0.08066893968665363,1,1.0512980871140292,28.694907895864944,34.43907577393207
Ocean,ph,0.9,0.08,0.2,278,103.97262587487427,0.10817355177722536,1,1.0446629988433125,34.951648449854595,35.87281224148997
Ocean,ph,0.9,0.08,0.2,279,125.08123413741437,0.0893431465795374,1,0.9216076907667727,35.891848398230806,32.04569346406701
Ocean,ph,0.9,0.08,0.2,280,95.43454973764578,0.09861520793078601,1,0.8988006407694253,28.412487842447675,34.787791025599475
Ocean,ph,0.9,0.08,0.2,281,103.83421126694145,0.08719810387937205,1,0.8825751603814562,28.805129969618072,36.07696811147005
Ocean,ph,0.9,0.08,0.2,282,124.38477222996492,0.09345034209234272,1,0.8874279088704042,35.81988641753965,32.37608088282421
Ocean,ph,0.9,0.08,0.2,283,111.42132982073119,0.11745098112855579,1,0.9620966121259314,37.45467255813145,32.32593602416482
Ocean,ph,0.9,0.08,0.2,284,101.12644112625925,0.11435308010845288,1,0.94158907016949,33.1832838046846,34.62155114214787
Ocean,ph,0.9,0.08,0.2,285,105.52041030154076,0.10038746151429177,1,1.0662843134735298,34.523333015904136,33.796122630860445
Ocean,ph,0.9,0.08,0.2,286,107.96112176839854,0.10854596565761206,1,1.0100816237525057,35.74805906329973,35.62455905859993
Ocean,ph,0.9,0.08,0.2,287,106.50175956191933,0.09032359524467326,1,0.9675260962098854,31.483915260387388,33.918099169994704
Ocean,ph,0.9,0.08,0.2,288,92.25030418483134,0.09075959515793508,1,1.1379017181885374,29.646024178187236,33.26553203891147
Ocean,ph,0.9,0.08,0.2,289,105.38665893763486,0.10760830670917741,1,1.0482331133600755,35.394637802907,33.232532835298024
Ocean,ph,0.9,0.08,0.2,290,118.18865720734368,0.0942274458725239,1,0.8656596733526947,33.75499914587918,33.19556636860983
Ocean,ph,0.9,0.08,0.2,291,110.41549331439798,0.09567500641993036,1,1.0546784802423552,35.074324003378926,38.22344948810341
Ocean,ph,0.9,0.08,0.2,292,120.30556816336848,0.09297629928686614,1,0.910617179031687,35.00578137157184,33.510705303537634
Ocean,ph,0.9,0.08,0.2,293,111.42513683780163,0.09035876818772985,1,1.047698560893754,34.28360641804418,35.48852024553527
Ocean,ph,0.9,0.08,0.2,294,115.44060723245622,0.0927237893267923,1,1.0207887615708602,35.51584306756707,33.38494204326612
Ocean,ph,0.9,0.08,0.2,295,111.197417252267,0.10109207439692938,1,0.9034560468347965,33.60522200251394,36.781978055057316
Ocean,ph,0.9,0.08,0.2,296,106.08707927839656,0.10086421611144764,1,1.0930881846057356,35.22562047645463,32.292925528706164
Ocean,ph,0.9,0.08,0.2,297,124.52418455489844,0.1114699222778867,1,1.057854522372264,42.760771190880085,39.32886128033968
Ocean,ph,0.9,0.08,0.2,298,98.62234699528177,0.09609296622256842,1,1.001321625374831,30.592004265557424,35.64813470197514
Ocean,ph,0.9,0.08,0.2,299,119.34617771241159,0.11998713378273633,1,0.8612892596506012,38.36633988123425,33.147871133664836
Ocean,ph,0.9,0.08,0.2,300,106.90671999094212,0.08715473421078675,1,0.9673137218869087,31.040890429617793,34.35250438074302
Ocean,ph,0.9,0.08,0.2,301,114.41074589063362,0.08731869525604165,1,1.1355506064120653,36.026633592338065,36.089998685704096
Ocean,ph,0.9,0.08,0.2,302,101.48121490443826,0.11859796489594789,1,1.0068842532484896,35.068246504400946,36.973997037151406
Ocean,ph,0.9,0.08,0.2,303,109.46721755286535,0.11866119149948275,1,1.1760208366740013,40.892714462789776,34.07299456574454
Ocean,ph,0.9,0.08,0.2,304,105.31578876878443,0.10252510179998572,1,1.0889267925782473,35.189081504604474,37.051583551686065
Ocean,ph,0.9,0.08,0.2,305,111.70576435778574,0.12127689147809337,1,1.0080098735194543,39.05683131573121,33.66036000958481
Ocean,ph,0.9,0.08,0.2,306,104.5556356412625,0.08081940803357557,1,0.9731299654322874,29.321805063388314,33.438326418297734
Ocean,ph,0.9,0.08,0.2,307,131.02105017932843,0.09944953907351055,1,0.9851934658460048,41.01127061285106,35.16318073398013
Ocean,ph,0.9,0.08,0.2,308,120.52507202877389,0.08902969793430773,1,0.9989629072098579,35.94343103074286,36.66695386918659
Ocean,ph,0.9,0.08,0.2,309,109.45871715542314,0.1228329718928111,1,0.9024999984801833,36.44445320336656,32.54063749072251
Ocean,ph,0.9,0.08,0.2,310,106.18413368464003,0.10346663342106467,1,0.8235283583396557,30.99552998897042,35.210611887773894
Ocean,ph,0.9,0.08,0.2,311,104.79429753405789,0.10011612848631782,1,1.0236217103815095,33.54744260277076,33.69647258806253
Ocean,ph,0.9,0.08,0.2,312,103.70338357714272,0.09475867908736624,1,0.9126274822645525,30.496443650728267,33.26999430859899
Ocean,ph,0.9,0.08,0.2,313,110.22068629262999,0.09973690264438018,1,1.1003153116775004,36.51317743456288,32.63923005304672
Ocean,ph,0.9,0.08,0.2,314,104.21342094465624,0.09408100795546434,1,0.857653603890931,29.602650087294816,35.77579315137558
Ocean,ph,0.9,0.08,0.2,315,105.61486217808194,0.10201468049628107,1,0.8,30.171810195585667,35.634964742686776
Ocean,ph,0.9,0.08,0.2,316,118.23237882356462,0.11081805155868733,1,1.0277234085036313,39.900634961328876,35.23648121455045
Ocean,ph,0.9,0.08,0.2,317,116.17797202093746,0.08724710183761668,1,1.0700891033748157,35.49843989543935,34.26250986957169
Ocean,ph,0.9,0.08,0.2,318,108.43819922433406,0.09796983969351408,1,0.9672301609713365,33.38054406261564,38.11606799665896
Ocean,ph,0.9,0.08,0.2,319,103.21175795781149,0.07560858168064728,1,0.8979877702887027,26.893661355057485,35.78635964531572
Ocean,ph,0.9,0.08,0.2,320,127.01736537440802,0.09220712518254373,1,0.9871548522369638,38.321101460765355,33.41523782594005
Ocean,ph,0.9,0.08,0.2,321,105.38828895512556,0.1156742296366284,1,0.9878984145843751,35.62597884638311,35.453411521098516
Ocean,ph,0.9,0.08,0.2,322,114.70189770950925,0.08841380455780809,1,0.9860294035724677,33.86691016682414,33.73048583206423
Ocean,ph,0.9,0.08,0.2,323,102.13384410229294,0.11264284346516576,1,1.1202853334557803,36.28154776857986,34.27474333186926
Ocean,ph,0.9,0.08,0.2,324,112.38262440741846,0.10183197347288858,1,1.016479600747744,36.15684967139045,35.14854525716147
Ocean,ph,0.9,0.08,0.2,325,98.96187550145068,0.10612049879462498,1,0.9800161849915235,31.91421619373786,37.37733951009184
Ocean,ph,0.9,0.08,0.2,326,121.53662820703357,0.09807015639296064,1,0.9552378172426592,37.199009088984475,32.350287048279796
Ocean,ph,0.9,0.08,0.2,327,104.19335944211342,0.09420733541689413,1,0.975000981999011,31.57802233958704,37.48713329778069
Ocean,ph,0.9,0.08,0.2,328,109.62821422797339,0.11070872681285837,1,0.848626602841176,33.60249993329346,32.421974778019795
Ocean,ph,0.9,0.08,0.2,329,105.04583512037145,0.10755697936899035,1,1.029608705980838,34.95700685146006,37.23759862599215
Ocean,ph,0.9,0.08,0.2,330,114.23124659141355,0.10224087056137657,1,0.9905258492032537,36.352149217965476,29.884358237116228
Ocean,ph,0.9,0.08,0.2,331,113.27253025447968,0.09683405114492741,1,1.070681082489502,36.472767411029245,33.584399185885296
Ocean,ph,0.9,0.08,0.2,332,114.31758178344693,0.1245571120347465,1,0.9385784819458384,39.0870226760224,34.025324808046165
Ocean,ph,0.9,0.08,0.2,333,107.51397686435617,0.11810933683058744,1,1.096068492734428,38.68351136484308,35.78465918893687
Ocean,ph,0.9,0.08,0.2,334,110.01912975163091,0.10989049638236202,1,1.0690957680519195,37.7100039714109,33.81008559442892
Ocean,ph,0.9,0.08,0.2,335,122.39712757839737,0.1037962159104274,1,0.9940868357203179,39.31643645805509,33.42447964851457
Ocean,ph,0.9,0.08,0.2,336,122.5133279191797,0.11561484933850738,1,1.2,45.63318365275236,43.25566524838143
Ocean,ph,0.9,0.08,0.2,337,115.92114382271305,0.08897003284823221,1,0.9922470423153925,34.442481971366185,33.60303976709343
Ocean,ph,0.9,0.08,0.2,338,119.80096173214758,0.09521085487912004,1,1.0004894808484888,36.97513771326554,35.79650035833701
Ocean,ph,0.9,0.08,0.2,339,113.57862090964494,0.07874827368433615,1,1.0399156081700278,32.50245460529527,33.35367221123174
Ocean,ph,0.9,0.08,0.2,340,117.55493696152486,0.11051018687027325,1,1.0795518963985993,40.6035299890986,30.08568323514266
Ocean,ph,0.9,0.08,0.2,341,103.69312985932041,0.10134883724623234,1,0.9842688645234916,32.75037236736124,35.36791366709576
Ocean,ph,0.9,0.08,0.2,342,125.70053596679915,0.11033761197130214,1,0.9829373748319341,41.39633034915894,40.88915073856043
Ocean,ph,0.9,0.08,0.2,343,123.55470814691493,0.09382437283286471,1,1.0623500044535799,39.00775410235138,34.59700007906136
Ocean,ph,0.9,0.08,0.2,344,115.82319411365786,0.09717781853014205,1,1.0202429817669731,36.469593144247156,32.91725516489978
Ocean,ph,0.9,0.08,0.2,345,94.98706800987624,0.10777232762470086,1,0.9964661884082652,31.127869513220265,35.5438302993133
Ocean,ph,0.9,0.08,0.2,346,102.02466581708515,0.09431549481421478,1,1.0459358747960608,32.04418528960973,35.81267720521159
Ocean,ph,0.9,0.08,0.2,347,101.93952219975057,0.10606871247675628,1,0.9633332191749154,32.58550909688259,34.70718831281202
Ocean,ph,0.9,0.08,0.2,348,111.20849406593405,0.09870561922960237,1,0.9198229000535276,33.50896449187162,36.92740266531637
Ocean,ph,0.9,0.08,0.2,349,98.49591304792266,0.10477673990955795,1,0.9360688265986336,30.846404001328267,35.88492795689635
Ocean,ph,0.9,0.08,0.2,350,106.3107780237482,0.08641170926414392,1,0.945919462652239,30.39419707193696,34.177377910727785
Ocean,ph,0.9,0.08,0.2,351,116.402836638068,0.0898320566988728,1,1.0333941613209165,35.46600222876128,34.053994549398574
Ocean,ph,0.9,0.08,0.2,352,109.90639611067218,0.1072973581028212,1,0.880311693797717,33.77813889895932,35.60559707725979
Ocean,ph,0.9,0.08,0.2,353,114.2036660211963,0.09078580276226177,1,1.0756253857078848,35.68778025207263,32.31325299395199
Ocean,ph,0.9,0.08,0.2,354,106.12909188999289,0.08969761981912448,1,1.0131389664161203,31.993327902596544,37.100734047329844
Ocean,ph,0.9,0.08,0.2,355,121.17766279633486,0.10943385801964155,1,0.9115947253634946,38.27360132604993,35.00807568256574
Ocean,ph,0.9,0.08,0.2,356,106.8977991568345,0.09633026485670966,1,0.9161457816244293,31.756485595907133,33.217997210909225
Ocean,ph,0.9,0.08,0.2,357,118.09439837171463,0.09709993748865603,1,0.9496909579123084,35.86162168148684,34.996562870698234
Ocean,ph,0.9,0.08,0.2,358,111.75340075115065,0.11881073156369484,1,0.9561852203855251,37.66687547050397,34.84354564164273
Ocean,ph,0.9,0.08,0.2,359,124.1266964546792,0.09839770042351077,1,0.9989034167406894,38.91521380961702,39.20335632043765
Ocean,ph,0.9,0.08,0.2,360,112.859730875567,0.10230112136920337,1,0.9443568529284918,35.07900574669246,33.79321177619911
Ocean,ph,0.9,0.08,0.2,361,100.65597663752293,0.08292002122508355,1,0.9144316209818135,27.71691481637016,34.0309016813767
Ocean,ph,0.9,0.08,0.2,362,119.32304247386574,0.10129930278350963,1,1.0014840493857524,38.00577254154162,34.946733807191436
Ocean,ph,0.9,0.08,0.2,363,120.97313605644769,0.1047281556545933,1,0.8985680421366607,37.110444074967134,32.563891441577965
Ocean,ph,0.9,0.08,0.2,364,114.8859811178049,0.10066493529056467,1,1.0119868693671699,36.66853722881152,32.29705383172731
Ocean,ph,0.9,0.08,0.2,365,94.07584033177328,0.09479966054063776,1,0.9609520382571072,28.394377608648913,35.279060299195905
Ocean,ph,0.9,0.08,0.2,366,110.9353136572698,0.11457779648499464,1,1.0949857026358099,39.2938219410961,36.96577656782743
Ocean,ph,0.9,0.08,0.2,367,114.15156414480819,0.08871151919520148,1,0.9763293022042748,33.59464351251025,34.19854619956279
Ocean,ph,0.9,0.08,0.2,368,97.17461316009366,0.1176665639660823,1,1.0209314564876435,33.680431657323375,33.98799469922157
Ocean,ph,0.9,0.08,0.2,369,110.20378199098789,0.10529385477409496,1,0.9801331435154356,35.40303946958852,34.38094264057642
Ocean,ph,0.9,0.08,0.2,370,118.08665101950663,0.100947906175407,1,0.965568697527998,36.86727621512658,30.514964318263665
Ocean,ph,0.9,0.08,0.2,371,121.11546251172719,0.10717718556547981,1,0.976953285025382,39.19111910687894,35.360253342562146
Ocean,ph,0.9,0.08,0.2,372,111.87968796201983,0.11267965400565165,1,1.023489847307579,37.9940656051976,35.170806894678975
Ocean,ph,0.9,0.08,0.2,373,107.66545217303872,0.09541761938078211,1,0.9922076906634533,33.12775088109744,37.38180976316049
Ocean,ph,0.9,0.08,0.2,374,109.3734300511385,0.11058483142078009,1,0.9898448410275974,36.186216254596566,34.33206417439148
Ocean,ph,0.9,0.08,0.2,375,130.67487110655816,0.09552813543538195,1,1.028081394883041,40.95165717089892,35.654672486433434
Ocean,ph,0.9,0.08,0.2,376,101.08169608242382,0.10303014662246983,1,1.0187490634732062,32.748264593445704,33.99513938179237
Ocean,ph,0.9,0.08,0.2,377,117.06392427896905,0.11501174056488526,1,1.014720676550547,39.99147492510006,33.48321119662728
Ocean,ph,0.9,0.08,0.2,378,113.58666558112158,0.10938069479131797,1,1.1786539753249237,40.78409710974651,41.355011006222284
Ocean,ph,0.9,0.08,0.2,379,101.40538333926253,0.11344674708946721,1,1.0869708235410878,35.60950842310122,33.87359211366602
Ocean,ph,0.9,0.08,0.2,380,128.26676596332877,0.09547664942837521,1,1.0308409790074688,40.24005513939686,34.77640485834152
Ocean,ph,0.9,0.08,0.2,381,135.25612294746972,0.10766203561845096,1,1.0592251333717364,45.6754007521082,42.40965823271561
Ocean,ph,0.9,0.08,0.2,382,111.02466714622526,0.10627273674138667,1,1.107101990881665,38.082392783276745,33.903420529663315
Ocean,ph,0.9,0.08,0.2,383,121.11064615737969,0.08222752254814823,1,1.0047047359708476,34.81049097230103,34.40436597822433
Ocean,ph,0.9,0.08,0.2,384,115.10104800941718,0.09591159011585686,1,1.0006630046858043,35.65814490422028,34.98150754022887
Ocean,ph,0.9,0.08,0.2,385,104.5875735355683,0.10610853635400193,1,0.921465799283347,32.703547096605895,35.81922963879348
Ocean,ph,0.9,0.08,0.2,386,113.92520297115514,0.09720682300614945,1,1.0887913236321174,37.06299503154505,34.802702532092304
Ocean,ph,0.9,0.08,0.2,387,102.05183868632363,0.08450661106661365,1,0.9855190930394476,29.450908608079313,35.06078080427258
Ocean,ph,0.9,0.08,0.2,388,119.8841191105567,0.10357237637309749,1,1.176795065073949,41.85371822705,36.63993287248505
Ocean,ph,0.9,0.08,0.2,389,104.23268061876264,0.10450396676869839,1,0.854567296149623,31.148951254272102,33.732096765728215
Ocean,ph,0.9,0.08,0.2,390,128.28455163990313,0.10725680505460548,1,1.0340545654584965,42.72268282254127,36.51731688185179
Ocean,ph,0.9,0.08,0.2,391,104.93257995667255,0.11499325659104401,1,0.9437932339784704,34.56885280280119,34.93394210501179
Ocean,ph,0.9,0.08,0.2,392,104.75698528758872,0.10874992244159315,1,0.9755473553180279,34.12099189864168,36.48268901063475
Ocean,ph,0.9,0.08,0.2,393,106.35612500011617,0.09986753958432663,1,1.028798327596894,34.09100510878331,33.61279656501932
Ocean,ph,0.9,0.08,0.2,394,117.83047562241252,0.10184892301329274,1,1.1442876533188104,40.22568581505061,38.923672166660296
Ocean,ph,0.9,0.08,0.2,395,100.76522993111908,0.10134558230587583,1,1.0832560992862588,33.387098846696325,36.18243627265108
Ocean,ph,0.9,0.08,0.2,396,99.22361223547462,0.09894242767237707,1,1.1320559729474102,33.207812234573474,33.630844689009784
Ocean,ph,0.9,0.08,0.2,397,107.04576910259021,0.10091379293613326,1,1.1282706993379388,36.12030648358724,31.20046160439768
Ocean,ph,0.9,0.08,0.2,398,106.60701803920118,0.08471203281421955,1,1.007848596307256,31.14985253611218,36.94256561793352
Ocean,ph,0.9,0.08,0.2,399,110.21452663273354,0.09275198683492396,1,1.0089042636628585,33.715175842522186,35.04848711152788
2D Turbulence,lambda_ci,0.85,0.055,0.2,0,0.8297140829217876,0.19971259133422387,1,0.8428241094140033,0.3404079232839488,0.5665609447290877
2D Turbulence,lambda_ci,0.85,0.055,0.2,1,0.8859541872150546,0.1755291384601043,1,0.9421172331515677,0.36027850308909865,0.5754807332928271
2D Turbulence,lambda_ci,0.85,0.055,0.2,2,0.9673965727953633,0.16443525235548573,1,0.9731248292886225,0.3869780090657585,0.2795160308588918
2D Turbulence,lambda_ci,0.85,0.055,0.2,3,0.7277967908326416,0.18558267126002836,1,0.9695811337717154,0.30872437867109825,0.84612493253333
2D Turbulence,lambda_ci,0.85,0.055,0.2,4,0.8778973496856359,0.21849899213081636,1,1.0676975770370989,0.42402609615452097,0.2375953280785847
2D Turbulence,lambda_ci,0.85,0.055,0.2,5,1.0110143455989151,0.18808322311531125,1,1.0730714106603871,0.45419950795172565,0.2949788694409461
2D Turbulence,lambda_ci,0.85,0.055,0.2,6,0.8049890059425789,0.1315185407781322,1,0.9492065101326868,0.28442239818883136,0.6947576390097656
2D Turbulence,lambda_ci,0.85,0.055,0.2,7,0.924877635653856,0.16535637114428828,1,1.1275175245464593,0.3993524882203685,0.8253727905011337
2D Turbulence,lambda_ci,0.85,0.055,0.2,8,1.0144545905858149,0.19667942582549325,1,0.9708681295698763,0.4432943540943181,0.18348628765688474
2D Turbulence,lambda_ci,0.85,0.055,0.2,9,1.0639681588103624,0.1674046321229171,1,1.074090116506241,0.45116222176717563,0.8975474105240744
2D Turbulence,lambda_ci,0.85,0.055,0.2,10,0.8588812029956084,0.16531288589302845,1,0.9960453490055828,0.34851863772146624,0.5834767348891554
2D Turbulence,lambda_ci,0.85,0.055,0.2,11,0.8936627647859546,0.1546874913755408,1,1.1428909478161533,0.3757540391666143,0.21561941073592483
2D Turbulence,lambda_ci,0.85,0.055,0.2,12,0.8908147534177108,0.15857111365089432,1,0.9375834442110328,0.3434823331299033,0.3121476238300571
2D Turbulence,lambda_ci,0.85,0.055,0.2,13,0.9155883162438815,0.19590755910100768,1,0.9575876709945718,0.39656566669855375,0.4466128887080876
2D Turbulence,lambda_ci,0.85,0.055,0.2,14,0.903212523193668,0.13386436407199298,1,0.9888512304271884,0.32861540545798007,0.42081933543557637
2D Turbulence,lambda_ci,0.85,0.055,0.2,15,0.8405438581076241,0.16512456587405136,1,0.8712071575977023,0.31880633370472916,0.7700643834870005
2D Turbulence,lambda_ci,0.85,0.055,0.2,16,0.9036320350024245,0.19210800762642988,1,0.9235305088582734,0.3806185726509924,0.7666048691995152
2D Turbulence,lambda_ci,0.85,0.055,0.2,17,0.8010206307672976,0.21128951835885643,1,0.9622165025503708,0.36117616209561926,0.7201945588303523
2D Turbulence,lambda_ci,0.85,0.055,0.2,18,0.9713157264912208,0.1781628874346786,1,1.0453332016481838,0.4191760047467402,0.7708194365260035
2D Turbulence,lambda_ci,0.85,0.055,0.2,19,0.7803989684894627,0.16210194461680194,1,1.0587012469975168,0.32329390080966797,0.9140710474099095
2D Turbulence,lambda_ci,0.85,0.055,0.2,20,0.9569127623567432,0.17784204901418488,1,0.9447223157059635,0.39223077008992197,0.36339312573308147
2D Turbulence,lambda_ci,0.85,0.055,0.2,21,1.1096414870054117,0.1785266320236298,1,1.0846786852107255,0.48829777417921466,0.13389268690126754
2D Turbulence,lambda_ci,0.85,0.055,0.2,22,0.9627058832819193,0.17477428770136733,1,1.0493035162994677,0.4122711648954184,-0.20542882363551762
2D Turbulence,lambda_ci,0.85,0.055,0.2,23,0.9151981233706532,0.1839936356598032,1,0.993242543926972,0.39124083599092113,0.38319223179444906
2D Turbulence,lambda_ci,0.85,0.055,0.2,24,0.988107890208544,0.17961768026984443,1,1.1362043003506543,0.4463824619983135,0.20367672644208856
2D Turbulence,lambda_ci,0.85,0.055,0.2,25,1.0964820400338284,0.22233302426902513,1,1.0085217121167653,0.5192136918535047,0.19682639672974853
2D Turbulence,lambda_ci,0.85,0.055,0.2,26,0.849545636726331,0.227159573779476,1,1.016470761523047,0.4082250789139708,0.5827821662576237
2D Turbulence,lambda_ci,0.85,0.055,0.2,27,0.8877139203647526,0.16523925289235436,1,0.8660237292569383,0.33581070577119554,0.3767379943190454
2D Turbulence,lambda_ci,0.85,0.055,0.2,28,0.8754275726276908,0.19202809574384108,1,1.1263539706856835,0.40713651600156164,0.5813235928530378
2D Turbulence,lambda_ci,0.85,0.055,0.2,29,0.8833715239592976,0.1950174275478263,1,1.0560410100618005,0.40088563926634846,0.15412860757662356
2D Turbulence,lambda_ci,0.85,0.055,0.2,30,0.8206258290550064,0.18211584799548364,1,1.0578499783288817,0.3601895370948909,0.8389136696413123
2D Turbulence,lambda_ci,0.85,0.055,0.2,31,0.8972705066755853,0.18516943072619108,1,1.1027719839777756,0.40546269300220533,0.18621005309782057
2D Turbulence,lambda_ci,0.85,0.055,0.2,32,0.9006679303883023,0.15805301037073338,1,1.0074797966805298,0.3594051188556125,0.4748542153246361
2D Turbulence,lambda_ci,0.85,0.055,0.2,33,1.073094084331841,0.18823737801321647,1,1.0625224746701316,0.47990999578120896,0.34506253229587736
2D Turbulence,lambda_ci,0.85,0.055,0.2,34,0.9335544222528317,0.19999129398577156,1,0.9353422713490129,0.40376667062959287,0.5589991326805647
2D Turbulence,lambda_ci,0.85,0.055,0.2,35,0.9099676610967554,0.17502912735169232,1,0.9198534769389866,0.3651240578165725,0.1565040334744449
2D Turbulence,lambda_ci,0.85,0.055,0.2,36,0.9024883164057881,0.20464072872261566,1,1.1143842727738063,0.4309780107063686,0.6928703561629691
2D Turbulence,lambda_ci,0.85,0.055,0.2,37,0.9849915935393017,0.17522691952150146,1,1.1110377617815368,0.43460763049285084,0.024873897638770848
2D Turbulence,lambda_ci,0.85,0.055,0.2,38,0.9771598134082045,0.19400415389422987,1,0.9542355472821088,0.42043504373393353,0.3817104629054914
2D Turbulence,lambda_ci,0.85,0.055,0.2,39,0.8415108944084982,0.21299835468105954,1,1.129665630093099,0.41278397131803746,0.3154496349748457
2D Turbulence,lambda_ci,0.85,0.055,0.2,40,0.8040570983401972,0.19007904278415425,1,0.9173463584091744,0.335753600879498,0.23531958169723477
2D Turbulence,lambda_ci,0.85,0.055,0.2,41,0.8846283414989946,0.1727117078000406,1,1.0023761023701196,0.36807565229676475,0.4593346879047016
2D Turbulence,lambda_ci,0.85,0.055,0.2,42,0.9920638405662462,0.1922619639200098,1,1.057373084191767,0.44730158091256095,0.17896938655836134
2D Turbulence,lambda_ci,0.85,0.055,0.2,43,0.8627485110450652,0.18308879407413636,1,1.0367217003737486,0.3758773835586477,0.4544550522664977
2D Turbulence,lambda_ci,0.85,0.055,0.2,44,0.9072565267886147,0.18881786986866805,1,1.0090311448959748,0.39600797664142245,0.141566009174839
2D Turbulence,lambda_ci,0.85,0.055,0.2,45,0.8930372657727798,0.16532271833537893,1,0.981304695831413,0.35969780646941946,0.6300088894497715
2D Turbulence,lambda_ci,0.85,0.055,0.2,46,1.0519925787036097,0.15682351500094313,1,1.1157694778507137,0.4400535273102739,-0.29623205646061446
2D Turbulence,lambda_ci,0.85,0.055,0.2,47,0.9144873852226743,0.16598118191349642,1,0.9881548798192076,0.37035623056263456,0.4414280501443965
2D Turbulence,lambda_ci,0.85,0.055,0.2,48,0.9983490145432116,0.18320298715588887,1,0.9990071801007102,0.42710334593343935,0.8999875132303504
2D Turbulence,lambda_ci,0.85,0.055,0.2,49,0.982614829932799,0.17081589370271577,1,0.9901801507371547,0.40411461872347193,0.6617245681081626
2D Turbulence,lambda_ci,0.85,0.055,0.2,50,0.818323759818209,0.18647314355953193,1,0.9228081696758098,0.33946032481439087,0.45017380562544473
2D Turbulence,lambda_ci,0.85,0.055,0.2,51,0.9346423741819361,0.1884617914599871,1,1.0194374337197116,0.40967306664119213,0.6288263084567425
2D Turbulence,lambda_ci,0.85,0.055,0.2,52,0.9013130538422688,0.1823909047540955,1,0.8440639591925374,0.3536428877373314,0.9434209085254229
2D Turbulence,lambda_ci,0.85,0.055,0.2,53,0.9898991175290628,0.19171808783609748,1,0.9123569003313701,0.4140043096382376,0.6248498720780666
2D Turbulence,lambda_ci,0.85,0.055,0.2,54,1.0454842625187741,0.18158413135873266,1,1.0906848318344853,0.4652711059189721,0.02318768714264338
2D Turbulence,lambda_ci,0.85,0.055,0.2,55,0.9394245231186893,0.19025725791327944,1,0.9234677989346083,0.3937706909880179,0.3912754854743233
2D Turbulence,lambda_ci,0.85,0.055,0.2,56,0.8908904589627686,0.18824108638126588,1,1.0888013763428532,0.4033256559043611,0.7663672394770576
2D Turbulence,lambda_ci,0.85,0.055,0.2,57,0.9005130062844506,0.20540492349794265,1,1.1244386363643908,0.43277612535537974,0.8988311581849129
2D Turbulence,lambda_ci,0.85,0.055,0.2,58,0.9185431208967036,0.15867293768455812,1,1.0864448941453666,0.38137729301702494,0.6477303028825683
2D Turbulence,lambda_ci,0.85,0.055,0.2,59,0.8499483781060999,0.19562378982059198,1,0.9632241397811488,0.36894961599478443,-0.026107910108811624
2D Turbulence,lambda_ci,0.85,0.055,0.2,60,0.7978864874680793,0.1716805188459318,1,1.0411977609385956,0.33734030363663176,0.9532142861976611
2D Turbulence,lambda_ci,0.85,0.055,0.2,61,0.9089950116798403,0.17860486178843404,1,1.0100594768596343,0.38608382935698543,0.24389948659967148
2D Turbulence,lambda_ci,0.85,0.055,0.2,62,0.8634903463818328,0.21061345088099448,1,1.0951384678626608,0.41470097438390235,0.23289755066726955
2D Turbulence,lambda_ci,0.85,0.055,0.2,63,0.9280741127765308,0.1713243106996955,1,1.0758060989150235,0.3984365366980681,0.3359417481009456
2D Turbulence,lambda_ci,0.85,0.055,0.2,64,1.0137462124902241,0.1846159406469992,1,0.9124987359869543,0.4160830067338051,0.9061783725687991
2D Turbulence,lambda_ci,0.85,0.055,0.2,65,1.1514049129029669,0.16384573233757907,1,0.9847231615473365,0.46249039916377205,0.14179086073082153
2D Turbulence,lambda_ci,0.85,0.055,0.2,66,0.9448447047895571,0.1646589070220269,1,1.1120172983056942,0.40430472718218086,0.23120553964072016
2D Turbulence,lambda_ci,0.85,0.055,0.2,67,0.8803637840835538,0.2241662458498253,1,1.0393978988258095,0.4249503537405328,0.2277886367691181
2D Turbulence,lambda_ci,0.85,0.055,0.2,68,0.8559178946074527,0.18333006931463727,1,1.048403500595809,0.3752435091985317,-0.04702068524879459
2D Turbulence,lambda_ci,0.85,0.055,0.2,69,0.9504244772277987,0.18838455408229673,1,0.8315068074159332,0.37616047733105057,0.5240583183633937
2D Turbulence,lambda_ci,0.85,0.055,0.2,70,0.9352000577017437,0.15646659200091967,1,1.1365929607791416,0.3943826652115879,0.2621350053493792
2D Turbulence,lambda_ci,0.85,0.055,0.2,71,0.9606746965810282,0.20006287997961875,1,0.8632005749732318,0.39922292338571197,-0.12046735181410313
2D Turbulence,lambda_ci,0.85,0.055,0.2,72,0.9002935740620753,0.1840128976724949,1,0.9115662402405196,0.36872484255081395,0.15710407114024685
2D Turbulence,lambda_ci,0.85,0.055,0.2,73,1.0206946141905637,0.20118931973206358,1,1.0701762866008142,0.47361554243618953,0.2437254070371082
2D Turbulence,lambda_ci,0.85,0.055,0.2,74,0.9864348294592592,0.16516294030795117,1,0.9198392419879903,0.3844861212210133,-0.08869221981837117
2D Turbulence,lambda_ci,0.85,0.055,0.2,75,0.9618506033412526,0.1429248252829039,1,1.0369129348228696,0.37028200166411845,0.5388448896723548
2D Turbulence,lambda_ci,0.85,0.055,0.2,76,0.8952748448171333,0.1818405496682725,1,0.9464027512963495,0.3713981591523601,0.43376041672950066
2D Turbulence,lambda_ci,0.85,0.055,0.2,77,0.7462375633994422,0.1724991879937597,1,0.8,0.27721429868614816,0.6611418494531832
2D Turbulence,lambda_ci,0.85,0.055,0.2,78,0.938828217175729,0.22563797612164133,1,0.9747159843387463,0.4402823501853026,0.49116157085505197
2D Turbulence,lambda_ci,0.85,0.055,0.2,79,0.8602760487697733,0.17549126245769403,1,1.163113836009783,0.3886661262450573,0.688731350546369
2D Turbulence,lambda_ci,0.85,0.055,0.2,80,0.957014082404536,0.19715373798661653,1,1.0980734188260075,0.44528342099626894,0.4360439570079053
2D Turbulence,lambda_ci,0.85,0.055,0.2,81,1.0777918798229287,0.1990722304449602,1,1.051166962298842,0.49303312613752126,0.8404822872653867
2D Turbulence,lambda_ci,0.85,0.055,0.2,82,0.9622285002278108,0.18330452835242642,1,1.003853534094148,0.4127622671484905,0.5189926966689885
2D Turbulence,lambda_ci,0.85,0.055,0.2,83,0.9254357750106869,0.1713660446050207,1,0.9614149846437104,0.37563332447620024,0.8727379210591374
2D Turbulence,lambda_ci,0.85,0.055,0.2,84,0.9679337322655872,0.16104727664686347,1,1.0445244345821478,0.39699187620489823,0.9087644085160629
2D Turbulence,lambda_ci,0.85,0.055,0.2,85,0.9775212779458766,0.16214721818026145,1,1.037538670711039,0.4009434443934206,0.49409939173178713
2D Turbulence,lambda_ci,0.85,0.055,0.2,86,1.1191677690668678,0.17165637023186045,1,1.0174271696825734,0.467710179619882,0.857405832394675
2D Turbulence,lambda_ci,0.85,0.055,0.2,87,0.9155216731558601,0.19268755982208197,1,1.0103968762352562,0.4039628855088539,0.8135639936962061
2D Turbulence,lambda_ci,0.85,0.055,0.2,88,0.9055120600826436,0.1927539428727385,1,1.0780440078101325,0.4127756966822693,-0.0801778071933462
2D Turbulence,lambda_ci,0.85,0.055,0.2,89,0.9337141292517507,0.19060837477137632,1,1.0587839500667333,0.4194581089183209,0.4978801755006145
2D Turbulence,lambda_ci,0.85,0.055,0.2,90,1.0432915045514963,0.16396461920578986,1,0.9882704651842993,0.41997037069797905,0.46218552846437616
2D Turbulence,lambda_ci,0.85,0.055,0.2,91,0.9828410266061783,0.16681048160817571,1,1.0094075796300581,0.4033000034898595,0.2516214581951822
2D Turbulence,lambda_ci,0.85,0.055,0.2,92,1.0300001425651422,0.18813560491426823,1,0.9473912868604211,0.4348479980290675,0.033990699082954934
2D Turbulence,lambda_ci,0.85,0.055,0.2,93,0.8001158891937286,0.16814727877681085,1,0.962765567443471,0.32192751072420994,0.7635602378615898
2D Turbulence,lambda_ci,0.85,0.055,0.2,94,0.8845842194862297,0.17214517245775662,1,1.1384117093333015,0.39159423416603195,-0.1140441484945128
2D Turbulence,lambda_ci,0.85,0.055,0.2,95,0.9426058126677598,0.1759424816586415,1,0.9452497160773106,0.38440475223580095,0.4548282761844772
2D Turbulence,lambda_ci,0.85,0.055,0.2,96,0.9391835720976975,0.2090846083881631,1,0.9870491722158705,0.42665900242958327,0.15765818206816667
2D Turbulence,lambda_ci,0.85,0.055,0.2,97,0.9096916274685841,0.17489509513718324,1,1.0355931904480298,0.38714852204113437,0.9541822291380478
2D Turbulence,lambda_ci,0.85,0.055,0.2,98,1.0987571320802652,0.20020629028905854,1,0.9492287082501939,0.47898950583296085,0.35878981786932107
2D Turbulence,lambda_ci,0.85,0.055,0.2,99,0.9292673137395836,0.19070033766439634,1,0.9081059636098116,0.38670933539531793,0.4707161633901858
2D Turbulence,lambda_ci,0.85,0.055,0.2,100,0.9296051932506455,0.2054427828333937,1,1.0358079552576855,0.4288284664403902,0.33846201667234
2D Turbulence,lambda_ci,0.85,0.055,0.2,101,0.8148214018896555,0.19247507699891994,1,1.0625315350863396,0.36848566107952024,0.32280579793411984
2D Turbulence,lambda_ci,0.85,0.055,0.2,102,0.9583817278901607,0.19016472524695377,1,1.136077730176139,0.44545878537288697,0.5107646866710779
2D Turbulence,lambda_ci,0.85,0.055,0.2,103,0.9245612978073913,0.18652430181721186,1,0.9577529440913789,0.39077805704437013,0.20785678097784877
2D Turbulence,lambda_ci,0.85,0.055,0.2,104,0.8813483846248561,0.1899476942601418,1,0.9486913183103372,0.3741339240803504,0.3854047012516976
2D Turbulence,lambda_ci,0.85,0.055,0.2,105,0.9579888374799848,0.21130389459544804,1,0.9443293209599701,0.4279331561530383,0.756505613915784
2D Turbulence,lambda_ci,0.85,0.055,0.2,106,0.9217934458309238,0.1702353351911235,1,0.9902188584581492,0.3784635576336373,0.753241981421367
2D Turbulence,lambda_ci,0.85,0.055,0.2,107,0.8755728728525922,0.1968504264120553,1,1.0491191712561052,0.39789903812281585,0.3332268049696357
2D Turbulence,lambda_ci,0.85,0.055,0.2,108,0.8651155918990832,0.16225648804455373,1,0.9813567590081672,0.34521418611837235,0.3101039003695969
2D Turbulence,lambda_ci,0.85,0.055,0.2,109,0.9454171888991949,0.1937523435183082,1,0.9470052826204054,0.40497030296917835,0.5788900345280342
2D Turbulence,lambda_ci,0.85,0.055,0.2,110,0.8505349444929117,0.18625373885856916,1,1.0434130016436614,0.374949503818423,0.6030130123174542
2D Turbulence,lambda_ci,0.85,0.055,0.2,111,0.9850984717822634,0.24788419706024112,1,0.965099772941324,0.4818259345819311,-0.08550389598765536
2D Turbulence,lambda_ci,0.85,0.055,0.2,112,0.9398951091060098,0.19315139734547065,1,0.8537773472497316,0.3816810785272907,0.465116470933369
2D Turbulence,lambda_ci,0.85,0.055,0.2,113,0.968501932415327,0.15426913013456417,1,0.9379333118799156,0.3684053999205674,0.49409909365172605
2D Turbulence,lambda_ci,0.85,0.055,0.2,114,0.9781601924557843,0.18278872403884014,1,0.995466114350185,0.4172515185128313,0.21931670040179502
2D Turbulence,lambda_ci,0.85,0.055,0.2,115,0.8153376809329355,0.19521753235297196,1,0.936963329729562,0.3487050365491723,0.5849076385995995
2D Turbulence,lambda_ci,0.85,0.055,0.2,116,0.9104979979264215,0.164236175682941,1,0.9492151641020091,0.3594973893037825,0.41585198830919295
2D Turbulence,lambda_ci,0.85,0.055,0.2,117,0.9334144809583561,0.19131058872589837,1,0.9311976415519596,0.3939716506014454,0.7126520417788007
2D Turbulence,lambda_ci,0.85,0.055,0.2,118,1.0123617370022606,0.1491724543286893,1,0.957122796321554,0.3825285638753808,0.46820549810023754
2D Turbulence,lambda_ci,0.85,0.055,0.2,119,0.958506286725157,0.23974389307843058,1,1.0147048769747504,0.4727577055857571,-0.17514448174889613
2D Turbulence,lambda_ci,0.85,0.055,0.2,120,0.9525639116130442,0.18452775435238272,1,1.0557065911698087,0.42043279874160355,0.2289181832160827
2D Turbulence,lambda_ci,0.85,0.055,0.2,121,0.896196140798758,0.16705106800188527,1,0.896976959992986,0.3469112162553562,0.7906135585211056
2D Turbulence,lambda_ci,0.85,0.055,0.2,122,1.0799284140093859,0.20727774703641966,1,0.9958697942161117,0.4906508864285923,0.6782562466797997
2D Turbulence,lambda_ci,0.85,0.055,0.2,123,0.9079129271478885,0.200549915585658,1,1.0065203958502478,0.4079122345895091,0.23600565081360836
2D Turbulence,lambda_ci,0.85,0.055,0.2,124,1.0038962258955808,0.17752736179781997,1,0.9537523512377676,0.41308486379479203,-0.21297968161921998
2D Turbulence,lambda_ci,0.85,0.055,0.2,125,0.9702184368233481,0.16547014604080107,1,1.0892760793242007,0.41190620241649084,0.12481575057345216
2D Turbulence,lambda_ci,0.85,0.055,0.2,126,0.8456060615125791,0.2075075860848919,1,1.052504340808514,0.3951818813299905,0.940953660928604
2D Turbulence,lambda_ci,0.85,0.055,0.2,127,0.8603621807431523,0.15733317348104184,1,0.9934665555706087,0.3401481308007237,0.7928699535154369
2D Turbulence,lambda_ci,0.85,0.055,0.2,128,0.9262471512488658,0.1770633243012105,1,1.0769147982241645,0.40446585513852146,0.4135845196952669
2D Turbulence,lambda_ci,0.85,0.055,0.2,129,0.9284677948134468,0.1861459682813556,1,0.9139291328515261,0.3829569204041202,0.08097696204525248
2D Turbulence,lambda_ci,0.85,0.055,0.2,130,0.8807738974720782,0.16804550030395426,1,0.9775595531623155,0.35698460831277173,0.2856162631568746
2D Turbulence,lambda_ci,0.85,0.055,0.2,131,0.9739542279495352,0.22901673745498724,1,0.8451041700652139,0.42847676980269545,0.22047017318235707
2D Turbulence,lambda_ci,0.85,0.055,0.2,132,0.8757328377307609,0.175838577829794,1,0.9898885555606342,0.36536073127123353,0.207335069940624
2D Turbulence,lambda_ci,0.85,0.055,0.2,133,0.9165835214678908,0.1909943044637168,1,0.9314392914032933,0.3865979354751014,0.9559968663033619
2D Turbulence,lambda_ci,0.85,0.055,0.2,134,0.8950272342356498,0.21263039563623368,1,0.9116901216663496,0.3940692511614321,0.4486318084746018
2D Turbulence,lambda_ci,0.85,0.055,0.2,135,0.8933146833951263,0.19676117830993242,1,1.073835255880736,0.4106227518228899,0.2703703065105771
2D Turbulence,lambda_ci,0.85,0.055,0.2,136,1.0327897734678346,0.14600477402126416,1,0.8,0.3529721584426044,0.0426265820016178
2D Turbulence,lambda_ci,0.85,0.055,0.2,137,0.9048983070333302,0.16018504061491728,1,0.943154114776742,0.35172406632427516,0.988969472489308
2D Turbulence,lambda_ci,0.85,0.055,0.2,138,1.144737242172317,0.1759216045154075,1,0.9364527071134809,0.4646311531583397,0.16209157886614842
2D Turbulence,lambda_ci,0.85,0.055,0.2,139,0.9621367076049917,0.20374434629298624,1,1.089887828148584,0.4533884669826502,0.34036674793009536
2D Turbulence,lambda_ci,0.85,0.055,0.2,140,0.9952824523672164,0.1732304069232911,1,0.9603711146760451,0.4059550558322648,-0.08839726341790877
2D Turbulence,lambda_ci,0.85,0.055,0.2,141,0.9629341441342582,0.21758382898936615,1,1.05617078932261,0.4616118721992201,-0.10979912599335417
2D Turbulence,lambda_ci,0.85,0.055,0.2,142,0.9274959832142385,0.17377682034465927,1,1.1210997279530641,0.40938326401280606,0.6557777840987231
2D Turbulence,lambda_ci,0.85,0.055,0.2,143,0.8750357813045919,0.26030192190828283,1,0.9657142454020614,0.4387213994789008,0.23720914775015442
2D Turbulence,lambda_ci,0.85,0.055,0.2,144,0.9711700993911929,0.16848885522420545,1,1.1226023513960688,0.42237078063651073,0.2373598115476928
2D Turbulence,lambda_ci,0.85,0.055,0.2,145,0.871880060459472,0.18052675552837616,1,0.9567181429472503,0.3623427191195369,0.3479050710724339
2D Turbulence,lambda_ci,0.85,0.055,0.2,146,0.8694147489801227,0.18587807108041549,1,1.004366263297223,0.3756532409471425,-0.049241195742672925
2D Turbulence,lambda_ci,0.85,0.055,0.2,147,0.9586406283515672,0.1922171699707105,1,1.0728750929221873,0.43533792404327804,-0.28106783876989394
2D Turbulence,lambda_ci,0.85,0.055,0.2,148,0.9501155473309022,0.20750067349513177,1,0.992239740564841,0.4311163450208474,-0.27022874383326134
2D Turbulence,lambda_ci,0.85,0.055,0.2,149,0.805418406574562,0.17991048574363502,1,0.8420516369400105,0.31348672211014506,0.6170263612168716
2D Turbulence,lambda_ci,0.85,0.055,0.2,150,0.984863060723907,0.1568528481776022,1,0.847421213185934,0.35906387950152374,0.6767331797743226
2D Turbulence,lambda_ci,0.85,0.055,0.2,151,0.9710423926206273,0.13586541394901122,1,1.2,0.3920877478071858,0.9450737474572678
2D Turbulence,lambda_ci,0.85,0.055,0.2,152,0.8149895411135808,0.16755758190823888,1,1.0563350954312845,0.3428742984410737,0.26013312353274576
2D Turbulence,lambda_ci,0.85,0.055,0.2,153,0.9275450256893745,0.1555469490477231,1,0.9329045745983896,0.35333312998560595,0.557138080128475
2D Turbulence,lambda_ci,0.85,0.055,0.2,154,0.9327119469562993,0.2021390595224921,1,1.0328572343837945,0.42617974761831684,0.552542918592601
2D Turbulence,lambda_ci,0.85,0.055,0.2,155,0.8281886638017651,0.20667413075160487,1,0.8597544409325586,0.34910780252018675,0.4964688100668357
2D Turbulence,lambda_ci,0.85,0.055,0.2,156,0.8819397531184665,0.1959321317898675,1,0.9964759739975795,0.3896952987482961,-0.01286260509126591
2D Turbulence,lambda_ci,0.85,0.055,0.2,157,0.8385402168681205,0.1777233334988696,1,1.1069143121978653,0.37192307438725386,0.4595463855714522
2D Turbulence,lambda_ci,0.85,0.055,0.2,158,0.9735575762084245,0.17249887125093374,1,1.0346319909725417,0.41128959339510524,0.3745097878551352
2D Turbulence,lambda_ci,0.85,0.055,0.2,159,0.8974325794601272,0.17252433929251698,1,1.1325839338053236,0.3967000145849982,0.38882552739227366
2D Turbulence,lambda_ci,0.85,0.055,0.2,160,1.0076907718684336,0.17413405742415647,1,1.1437290478400666,0.44970810701050246,0.11588303928273253
2D Turbulence,lambda_ci,0.85,0.055,0.2,161,0.8987473009277387,0.20273690235272757,1,1.0404434902185336,0.41277487167745736,0.6535205430646746
2D Turbulence,lambda_ci,0.85,0.055,0.2,162,0.9181113637193974,0.16349866386726192,1,1.1133887179862139,0.3917201164067435,0.7708364037157296
2D Turbulence,lambda_ci,0.85,0.055,0.2,163,1.0309362569250407,0.19822950528411015,1,1.0642734245344747,0.47352462736412476,-0.22542372228087168
2D Turbulence,lambda_ci,0.85,0.055,0.2,164,0.9025469165499271,0.20352867435445268,1,1.0146755198328983,0.4101532716546627,0.20527186927251612
2D Turbulence,lambda_ci,0.85,0.055,0.2,165,0.9090427422271016,0.20667967053239938,1,1.057795361492702,0.42504412058973473,0.863513358320013
2D Turbulence,lambda_ci,0.85,0.055,0.2,166,0.9950711718443735,0.18428242974993464,1,1.0789650806349533,0.4437106002423906,0.10682299892321331
2D Turbulence,lambda_ci,0.85,0.055,0.2,167,1.0130698955907873,0.1741451897043052,1,1.0363873664707444,0.4303840881809525,-0.18773426697116097
2D Turbulence,lambda_ci,0.85,0.055,0.2,168,0.9494556660188189,0.20407311506893797,1,1.0038489451639097,0.42973603350849765,0.30853918060388585
2D Turbulence,lambda_ci,0.85,0.055,0.2,169,0.8882003927907718,0.1778384349393058,1,1.02228711116909,0.37871300357613463,-0.05976758325147982
2D Turbulence,lambda_ci,0.85,0.055,0.2,170,0.9860735979130504,0.14980122726824321,1,1.0307802347320043,0.387480683912345,-0.0012559988060621627
2D Turbulence,lambda_ci,0.85,0.055,0.2,171,0.980189616492716,0.20682020775135607,1,0.9341486093717896,0.43083856270075016,0.437312456665115
2D Turbulence,lambda_ci,0.85,0.055,0.2,172,0.8164472195877907,0.1743667672733171,1,0.8737826834186051,0.3186850489783964,0.7569788232441788
2D Turbulence,lambda_ci,0.85,0.055,0.2,173,1.0531134960583757,0.1977240402353966,1,1.0683806455358913,0.48402514357497983,0.6929704448249104
2D Turbulence,lambda_ci,0.85,0.055,0.2,174,0.9101418906641068,0.17063360101639186,1,1.0095418604879522,0.37774919521589095,0.7695540158208372
2D Turbulence,lambda_ci,0.85,0.055,0.2,175,0.9610614602182371,0.15619155417775227,1,0.9805919174702016,0.37611797536660724,0.009630799264270934
2D Turbulence,lambda_ci,0.85,0.055,0.2,176,0.8161770960291422,0.16585694565381007,1,0.9699968981215328,0.3273681375445942,0.5156729528931211
2D Turbulence,lambda_ci,0.85,0.055,0.2,177,0.9510240487488673,0.17993501096909612,1,1.0653422524180725,0.4163838844924042,0.6794993657060419
2D Turbulence,lambda_ci,0.85,0.055,0.2,178,0.8882775007186289,0.151736100056145,1,1.1046005933679666,0.3636601862588582,0.7865398528826044
2D Turbulence,lambda_ci,0.85,0.055,0.2,179,0.8310602888784666,0.16922745950212256,1,0.9306437243575089,0.3298068522363602,0.5231064393151117
2D Turbulence,lambda_ci,0.85,0.055,0.2,180,0.9041783088076857,0.17282192893990542,1,0.9708064687219843,0.370356387211167,0.6769351380938189
2D Turbulence,lambda_ci,0.85,0.055,0.2,181,0.8966757314128835,0.18033997713894795,1,0.9287473605566292,0.3669697086750934,0.07234732633659376
2D Turbulence,lambda_ci,0.85,0.055,0.2,182,0.8709410990372645,0.1679062339980978,1,1.0337942911701585,0.36286013705643716,0.49699530541526815
2D Turbulence,lambda_ci,0.85,0.055,0.2,183,0.895439840092719,0.19876703281146374,1,1.0615423426268729,0.41131756059874897,0.1629220798329613
2D Turbulence,lambda_ci,0.85,0.055,0.2,184,0.9541263821616606,0.18704430968514899,1,0.963857519217267,0.40512083079918587,0.6683441889992542
2D Turbulence,lambda_ci,0.85,0.055,0.2,185,0.9413996899845949,0.16197595757524683,1,0.8898917828244817,0.3574110104275483,0.39007884746326427
2D Turbulence,lambda_ci,0.85,0.055,0.2,186,1.0298818376232968,0.1677648453785049,1,1.0854334930440612,0.4394803775280373,0.4731128290888852
2D Turbulence,lambda_ci,0.85,0.055,0.2,187,0.971372873570772,0.17072499135857744,1,0.9784074296054937,0.39700355152518324,-0.0059605511882351615
2D Turbulence,lambda_ci,0.85,0.055,0.2,188,0.961250602171529,0.1443818160243597,1,1.0184631487744744,0.3686086603527361,0.23132552665578537
2D Turbulence,lambda_ci,0.85,0.055,0.2,189,0.8256993088315788,0.1786205231865839,1,1.0731713726809815,0.36151151835276096,0.7264488642332063
2D Turbulence,lambda_ci,0.85,0.055,0.2,190,0.90100386095916,0.23204992784626197,1,0.9756226646605459,0.42870476561446125,0.24959492664745841
2D Turbulence,lambda_ci,0.85,0.055,0.2,191,1.0800980982736743,0.2362556546073769,1,0.9342891534034091,0.5074519909935977,-0.2270989254084021
2D Turbulence,lambda_ci,0.85,0.055,0.2,192,0.9220757224277312,0.17505605035000213,1,1.0168208390041436,0.38902487282801257,0.635490500271964
2D Turbulence,lambda_ci,0.85,0.055,0.2,193,1.0377855550767914,0.2024348452843963,1,1.0455825515954202,0.4774516737365674,0.3411383726256656
2D Turbulence,lambda_ci,0.85,0.055,0.2,194,0.9655208805548771,0.2014462967894237,1,1.026980167077395,0.43915956146456947,0.39638782988587484
2D Turbulence,lambda_ci,0.85,0.055,0.2,195,0.9639398280518984,0.20794187982193277,1,0.9060075188734895,0.4183953109129927,0.597897620281374
2D Turbulence,lambda_ci,0.85,0.055,0.2,196,1.0983608099610145,0.21337870102031986,1,1.0599757944868122,0.5223583436304593,0.4454444470565933
2D Turbulence,lambda_ci,0.85,0.055,0.2,197,0.8169707101396266,0.19861695690079575,1,1.0827044373171906,0.3788520195687484,0.4921674244793976
2D Turbulence,lambda_ci,0.85,0.055,0.2,198,0.9730758614565483,0.1478388800023454,1,1.0344390932766028,0.38053402409795506,0.9614181473766217
2D Turbulence,lambda_ci,0.85,0.055,0.2,199,0.9011846788441854,0.18445693661785867,1,0.9511950599415744,0.37748186194601646,0.4860111634432999
2D Turbulence,lambda_ci,0.85,0.055,0.2,200,0.9169781325680182,0.2012879803349189,1,0.969379198136955,0.40505570017740816,0.09134809993557591
2D Turbulence,lambda_ci,0.85,0.055,0.2,201,0.8698632025578703,0.17179987173614136,1,1.1568048304746923,0.38778626595522114,0.9334190603198607
2D Turbulence,lambda_ci,0.85,0.055,0.2,202,0.9365440901129146,0.14659599997109668,1,0.8978027430604975,0.3397658704803927,0.30810852257473376
2D Turbulence,lambda_ci,0.85,0.055,0.2,203,0.9526819619190517,0.19620015147909392,1,1.0894036969506273,0.4404453546890719,-0.2598781236549151
2D Turbulence,lambda_ci,0.85,0.055,0.2,204,0.8949897356469415,0.15774951798294076,1,0.9580145383264821,0.34792699398878624,0.157709716270285
2D Turbulence,lambda_ci,0.85,0.055,0.2,205,1.0141463817060887,0.17917468984901463,1,1.0163846906110727,0.4327808480714722,0.24705801312442804
2D Turbulence,lambda_ci,0.85,0.055,0.2,206,0.907709417818546,0.1968661238979028,1,1.0490179185031032,0.4124998452617077,-0.19555340105226773
2D Turbulence,lambda_ci,0.85,0.055,0.2,207,1.0314675098220967,0.17257875757699356,1,1.0876277762533548,0.44687840354573277,0.4016328638128356
2D Turbulence,lambda_ci,0.85,0.055,0.2,208,1.030767228271933,0.20111271706821857,1,1.1054674094495556,0.4860191044398661,0.8288474604701309
2D Turbulence,lambda_ci,0.85,0.055,0.2,209,0.8626173616478596,0.18071137213284674,1,1.054051028545524,0.3764798655640862,0.46843049653904256
2D Turbulence,lambda_ci,0.85,0.055,0.2,210,0.958899714821277,0.19758046357153503,1,0.9278640587740833,0.4105701446981613,0.4061842755737311
2D Turbulence,lambda_ci,0.85,0.055,0.2,211,0.9019599458218683,0.20758419066824946,1,1.197545724631347,0.4497078221985426,0.16468584274869744
2D Turbulence,lambda_ci,0.85,0.055,0.2,212,0.9642482436116416,0.16368742381724724,1,1.1009315181096557,0.4093329127513444,0.4645638614044403
2D Turbulence,lambda_ci,0.85,0.055,0.2,213,0.8052447580349319,0.14489014254495583,1,1.0800001894030324,0.3185365280021871,0.9446259115781204
2D Turbulence,lambda_ci,0.85,0.055,0.2,214,0.954983168012969,0.18410128117284794,1,1.0563885759083615,0.42114919064522804,0.7556785243073518
2D Turbulence,lambda_ci,0.85,0.055,0.2,215,1.020483977631245,0.19167812584977492,1,0.912197720043391,0.42671406578692933,0.08853064261906197
2D Turbulence,lambda_ci,0.85,0.055,0.2,216,0.9061261036241687,0.1722570436476068,1,0.9377546218683818,0.36418473911956123,0.827869088208924
2D Turbulence,lambda_ci,0.85,0.055,0.2,217,1.1228743303843056,0.21368786574678944,1,0.8191221207900276,0.469780960653087,0.02252667609551115
2D Turbulence,lambda_ci,0.85,0.055,0.2,218,0.9936542060160085,0.19167666079728357,1,1.0635577373293152,0.44864251689763013,-0.27966733686203105
2D Turbulence,lambda_ci,0.85,0.055,0.2,219,0.8807869800772469,0.17598050122275255,1,1.1594942445666823,0.3978665792495885,-0.024476945487823448
2D Turbulence,lambda_ci,0.85,0.055,0.2,220,0.9088212602659432,0.15369584903630856,1,0.9993189267517103,0.3561734997459994,0.3820197311627067
2D Turbulence,lambda_ci,0.85,0.055,0.2,221,0.8839243779078483,0.17136134695282848,1,0.9662532253228071,0.35968060780019107,0.3958853516196212
2D Turbulence,lambda_ci,0.85,0.055,0.2,222,0.8273911757516781,0.19877648197275274,1,1.1959885476831138,0.4034195079089395,0.20020907769105614
2D Turbulence,lambda_ci,0.85,0.055,0.2,223,1.1370302506368468,0.16852329335955768,1,1.0939256423834816,0.48819788026355054,0.18012727213304514
2D Turbulence,lambda_ci,0.85,0.055,0.2,224,0.9190439010904391,0.19859871130804252,1,0.9922911907234494,0.4079848517743492,0.7074780667828392
2D Turbulence,lambda_ci,0.85,0.055,0.2,225,0.7498224374476633,0.21668064319601044,1,0.931493060874935,0.3368668705252798,0.7452013042634754
2D Turbulence,lambda_ci,0.85,0.055,0.2,226,1.0467293335831362,0.15646199791517637,1,1.1070361690051032,0.43563196187242803,0.05913444281071564
2D Turbulence,lambda_ci,0.85,0.055,0.2,227,0.9564295409595258,0.2146628765190698,1,1.0413895675681408,0.4522078168370642,0.3670846228016004
2D Turbulence,lambda_ci,0.85,0.055,0.2,228,0.8780213855228121,0.17736540496837647,1,0.9618222134020068,0.36264939127577034,0.33450661421485767
2D Turbulence,lambda_ci,0.85,0.055,0.2,229,0.9743326065896749,0.18479218704521733,1,1.0145418622529712,0.4218752283720095,0.5863042278493416
2D Turbulence,lambda_ci,0.85,0.055,0.2,230,0.9498539229197379,0.16900840834205028,1,1.06812677919566,0.4035732556662411,0.1307146462954624
2D Turbulence,lambda_ci,0.85,0.055,0.2,231,0.9163857175542008,0.23099725456018358,1,0.9874220048479232,0.43765623666211606,0.1811573766481276
2D Turbulence,lambda_ci,0.85,0.055,0.2,232,0.9450058518913776,0.15932331503739847,1,0.9369302592771724,0.3651134212856874,0.23975940150718134
2D Turbulence,lambda_ci,0.85,0.055,0.2,233,0.9838494873797057,0.14453946092359823,1,1.0460179207715394,0.3825528497824216,0.30480077259971233
2D Turbulence,lambda_ci,0.85,0.055,0.2,234,1.0129578868990303,0.2127195264114806,1,1.0602804490543594,0.4810668661864037,-0.28478149086428217
2D Turbulence,lambda_ci,0.85,0.055,0.2,235,0.8999186782644494,0.16043288192319902,1,0.8083080891203993,0.3240696953869416,0.4531754996695631
2D Turbulence,lambda_ci,0.85,0.055,0.2,236,0.961753818187647,0.1678535302204291,1,1.0272473056962026,0.39936193171198126,0.331789404387929
2D Turbulence,lambda_ci,0.85,0.055,0.2,237,0.8045947262906326,0.15594406748593648,1,0.9556641302594125,0.31060915585259985,0.6997579418009441
2D Turbulence,lambda_ci,0.85,0.055,0.2,238,0.9228200623508103,0.1838580331607586,1,0.8810779010682704,0.3714201720577584,0.7742534081681078
2D Turbulence,lambda_ci,0.85,0.055,0.2,239,0.8185220179330961,0.18771385658345444,1,0.9916478010382952,0.3531484130861646,0.24209325291372957
2D Turbulence,lambda_ci,0.85,0.055,0.2,240,0.9046167763295317,0.1648770122393805,1,0.9730590090261917,0.3623383322010483,0.47668555397500767
2D Turbulence,lambda_ci,0.85,0.055,0.2,241,1.0138723344935205,0.15829208941311135,1,1.1188156645207605,0.4266700390934532,0.4993327996404047
2D Turbulence,lambda_ci,0.85,0.055,0.2,242,1.1080578220865305,0.16626999544623877,1,1.045972857834979,0.4620931959954277,-0.1474427850454711
2D Turbulence,lambda_ci,0.85,0.055,0.2,243,1.0301439932978196,0.19516026584389248,1,0.930702303338992,0.43903488445604416,0.28775957561456117
2D Turbulence,lambda_ci,0.85,0.055,0.2,244,1.0006175292567356,0.19363148927076007,1,0.871419739113833,0.41102647475086307,0.05651659654003923
2D Turbulence,lambda_ci,0.85,0.055,0.2,245,0.9835174301610101,0.1787335858436736,1,1.2,0.4554867712953037,0.17969166571135217
2D Turbulence,lambda_ci,0.85,0.055,0.2,246,0.892510693163612,0.18058110359708174,1,1.0196324981557752,0.3829758722968973,0.4147160189886418
2D Turbulence,lambda_ci,0.85,0.055,0.2,247,0.9678828876219182,0.1812467650770431,1,1.0201326367321832,0.4161848476552191,0.6486743016532465
2D Turbulence,lambda_ci,0.85,0.055,0.2,248,0.9391488322228368,0.176484302088124,1,0.9958527906773952,0.3937177876725947,0.22413078539054632
2D Turbulence,lambda_ci,0.85,0.055,0.2,249,0.8549612296991137,0.16011429242785188,1,1.1155947886650728,0.36133889298413774,0.9083741178547442
2D Turbulence,lambda_ci,0.85,0.055,0.2,250,1.2179097863349224,0.1892074002751374,1,1.0030327759246223,0.5305688414993326,0.6184482585033139
2D Turbulence,lambda_ci,0.85,0.055,0.2,251,0.9323748193542979,0.2026007995015539,1,0.9623967917057977,0.41170694843657607,0.4802592105913145
2D Turbulence,lambda_ci,0.85,0.055,0.2,252,0.9451851696391863,0.14237582310060384,1,1.0832657818824885,0.37119535682147636,0.5851077929174102
2D Turbulence,lambda_ci,0.85,0.055,0.2,253,0.8082724981492739,0.17140318856523923,1,0.8989600758734567,0.31727616874789477,0.818097925581402
2D Turbulence,lambda_ci,0.85,0.055,0.2,254,0.8849752256041817,0.1645839681062944,1,1.0552327202333232,0.36880686978255933,0.6988438449591508
2D Turbulence,lambda_ci,0.85,0.055,0.2,255,0.9004790571274525,0.2118409746843012,1,1.015636768597045,0.4176839691101873,0.822063134063196
2D Turbulence,lambda_ci,0.85,0.055,0.2,256,0.9453303902853598,0.19423175936760423,1,1.0287987083486734,0.4225800079244321,0.18388610034432154
2D Turbulence,lambda_ci,0.85,0.055,0.2,257,1.0216162756315839,0.1707031191047538,1,0.9878537642743825,0.4195221165013238,0.32396373664276346
2D Turbulence,lambda_ci,0.85,0.055,0.2,258,0.9599127066535162,0.24396227328204056,1,1.0348066985541002,0.48230603038389674,0.6662225308661764
2D Turbulence,lambda_ci,0.85,0.055,0.2,259,0.8296762189556526,0.17856008345365498,1,0.9876509669308627,0.34841960078898465,0.5080672781597833
2D Turbulence,lambda_ci,0.85,0.055,0.2,260,1.0580530279843838,0.16844571851123966,1,0.9208836759667091,0.4167156491279384,0.5470537272859036
2D Turbulence,lambda_ci,0.85,0.055,0.2,261,0.9254595211591466,0.2282924642432855,1,0.9724405695557777,0.4360484532802195,-0.24021836828454163
2D Turbulence,lambda_ci,0.85,0.055,0.2,262,0.9405120807099485,0.18915624716504284,1,0.9549310953969867,0.39972447487136864,0.20743810687343514
2D Turbulence,lambda_ci,0.85,0.055,0.2,263,0.965579033267611,0.19075138651680237,1,1.0499443808466569,0.4321204556483085,0.4688317332606617
2D Turbulence,lambda_ci,0.85,0.055,0.2,264,1.0574916882141563,0.19702730403357813,1,0.9768999588538247,0.4639436293968733,0.6929732694944598
2D Turbulence,lambda_ci,0.85,0.055,0.2,265,0.9401677072466639,0.1877858376124447,1,0.8178231225553232,0.3684397173897482,0.8140748036177973
2D Turbulence,lambda_ci,0.85,0.055,0.2,266,0.9166835955684095,0.18567740121347706,1,0.9910393551536726,0.39322800014883,0.10158361595839224
2D Turbulence,lambda_ci,0.85,0.055,0.2,267,0.8057725716125008,0.19441597674976782,1,1.009662727327071,0.35699868619395275,0.4344566367644969
2D Turbulence,lambda_ci,0.85,0.055,0.2,268,0.9798563276946525,0.19373588585063095,1,1.0443383617805422,0.44074566924274006,0.8958251991287782
2D Turbulence,lambda_ci,0.85,0.055,0.2,269,0.9340671548618127,0.16920408891421182,1,1.090028514421961,0.40114599201529166,0.9005927563086981
2D Turbulence,lambda_ci,0.85,0.055,0.2,270,0.891619393532329,0.1966524177562652,1,0.9627604394655237,0.38796117820478054,0.8007374759070218
2D Turbulence,lambda_ci,0.85,0.055,0.2,271,0.9289450326747092,0.14252867015154838,1,0.9072035122412522,0.33403616942644826,0.6938502047168975
2D Turbulence,lambda_ci,0.85,0.055,0.2,272,0.9387810088409828,0.18152559874973007,1,0.9447215511026696,0.3887631977194936,0.29779420221620123
2D Turbulence,lambda_ci,0.85,0.055,0.2,273,0.9140131158637591,0.161839916026989,1,0.8652763620668062,0.34203667020580186,0.6187464387337872
2D Turbulence,lambda_ci,0.85,0.055,0.2,274,0.8972797398561538,0.21142316603337086,1,1.0088075984133038,0.4143890969267815,0.27079236592337186
2D Turbulence,lambda_ci,0.85,0.055,0.2,275,0.8582333320150409,0.17959486506244957,1,1.0801383081476137,0.3780001914215743,0.9627091881893239
2D Turbulence,lambda_ci,0.85,0.055,0.2,276,0.9948022815615285,0.19337740683087543,1,1.0787861558894287,0.4543675641800892,0.4453071803481271
2D Turbulence,lambda_ci,0.85,0.055,0.2,277,0.9619048974730809,0.16183724242288827,1,1.026553779483139,0.39206874629898153,0.6635275318231939
2D Turbulence,lambda_ci,0.85,0.055,0.2,278,0.876884641269786,0.16611577325983853,1,0.9618030610122327,0.35050238458455873,0.14869424329030484
2D Turbulence,lambda_ci,0.85,0.055,0.2,279,0.8893702559382265,0.18794502933950535,1,1.0168790530823233,0.38880574513561583,0.2898977162044662
2D Turbulence,lambda_ci,0.85,0.055,0.2,280,0.9283165055901637,0.22159348781772736,1,0.8163823727782619,0.394840213799006,-0.1297222877854843
2D Turbulence,lambda_ci,0.85,0.055,0.2,281,0.8595265667113406,0.16504412433763566,1,1.0659694865084846,0.36052196136870523,0.6169534959107047
2D Turbulence,lambda_ci,0.85,0.055,0.2,282,0.9385510988705612,0.14385825444548397,1,0.9413888487836557,0.34539006448291854,0.04970660249271899
2D Turbulence,lambda_ci,0.85,0.055,0.2,283,0.8777922678807194,0.19168598750678326,1,1.0914197951371813,0.4014975018852279,0.26997154571456927
2D Turbulence,lambda_ci,0.85,0.055,0.2,284,0.954540406242006,0.1806947358808346,1,1.011959180561165,0.4081770331773725,0.493058395120665
2D Turbulence,lambda_ci,0.85,0.055,0.2,285,0.892821996066336,0.1741747922767203,1,1.0347536638031816,0.3790321232310051,0.4018426860503388
2D Turbulence,lambda_ci,0.85,0.055,0.2,286,0.8718571026811217,0.16722864225827128,1,0.9897044294622473,0.3546936379979035,0.294519654816565
2D Turbulence,lambda_ci,0.85,0.055,0.2,287,0.8640425253181327,0.19293896639740024,1,1.1203747654263614,0.40172304933213937,0.43932690769604144
2D Turbulence,lambda_ci,0.85,0.055,0.2,288,0.8372100563108686,0.20639427355022957,1,0.9429707466482247,0.3693451224196599,0.40545775071235335
2D Turbulence,lambda_ci,0.85,0.055,0.2,289,0.9415148383639446,0.1942997876494728,1,1.052154065239137,0.42569936334616093,-0.24914938625484365
2D Turbulence,lambda_ci,0.85,0.055,0.2,290,0.991594609795713,0.17752506346715036,1,0.887818747422911,0.3936644082101382,0.44609928958036493
2D Turbulence,lambda_ci,0.85,0.055,0.2,291,0.8671600407828643,0.17658028123891745,1,1.0317684756096215,0.37013613561470254,0.5175622765726754
2D Turbulence,lambda_ci,0.85,0.055,0.2,292,1.0135260057611604,0.2021209602917223,1,1.0458587310487073,0.465990524984572,0.4927773800373617
2D Turbulence,lambda_ci,0.85,0.055,0.2,293,0.8710780896216206,0.15660976349636102,1,0.9113461454021826,0.3290850759035947,0.6544174980888385
2D Turbulence,lambda_ci,0.85,0.055,0.2,294,1.053158973927519,0.17240549075634404,1,1.0166373640379291,0.4409126029725252,0.19988967054126136
2D Turbulence,lambda_ci,0.85,0.055,0.2,295,0.8404693130733727,0.1874442534365412,1,1.0091140905932023,0.3655342380745247,0.8333128310788026
2D Turbulence,lambda_ci,0.85,0.055,0.2,296,0.8742271126670852,0.17763188796996993,1,1.0861540160079897,0.38399930938959176,-0.08540696225581214
2D Turbulence,lambda_ci,0.85,0.055,0.2,297,0.7981613555373367,0.18575147661747735,1,0.9772161232038272,0.3400573343366282,0.9700064862893957
2D Turbulence,lambda_ci,0.85,0.055,0.2,298,1.135167203454592,0.183152085078478,1,1.1425690788239171,0.5192864640014664,0.5364704437657339
2D Turbulence,lambda_ci,0.85,0.055,0.2,299,0.9285032095453831,0.21964725207960537,1,0.9849181736332184,0.4318633725970199,-0.10986560936634285
2D Turbulence,lambda_ci,0.85,0.055,0.2,300,1.0376669455938834,0.17929975053124536,1,0.9702846262929867,0.4328101135739162,0.27891449937615465
2D Turbulence,lambda_ci,0.85,0.055,0.2,301,1.0187844536195425,0.17245633856202916,1,0.9403839528960998,0.41027447134487044,0.9004797010004372
2D Turbulence,lambda_ci,0.85,0.055,0.2,302,0.8481150424208885,0.17897361169239603,1,1.0366106594823914,0.36530624981807996,0.300119056973653
2D Turbulence,lambda_ci,0.85,0.055,0.2,303,0.8910210887206323,0.16554004138458042,1,0.9526975766173671,0.3538482426143021,0.7893552760792925
2D Turbulence,lambda_ci,0.85,0.055,0.2,304,0.879522020738204,0.21803445134905355,1,0.9274171384782797,0.39550031775868494,0.2263145463517614
2D Turbulence,lambda_ci,0.85,0.055,0.2,305,0.9240846288506083,0.2316918983630871,1,1.110957199974456,0.4688304752223105,0.3528353681561603
2D Turbulence,lambda_ci,0.85,0.055,0.2,306,1.0341981459301242,0.19780910228709278,1,0.9434970092963526,0.44678352965092943,0.6683195619130409
2D Turbulence,lambda_ci,0.85,0.055,0.2,307,0.8321939403013545,0.16651958591503527,1,1.1029877298820994,0.35665026482224194,0.793816468337572
2D Turbulence,lambda_ci,0.85,0.055,0.2,308,0.9151331583256255,0.12846327307583086,1,1.04162525350393,0.33475689686449117,0.5208119957076595
2D Turbulence,lambda_ci,0.85,0.055,0.2,309,0.935566630680193,0.1878610166607406,1,0.9329353016781589,0.3916686587495402,0.17550223836638007
2D Turbulence,lambda_ci,0.85,0.055,0.2,310,0.9036900208910632,0.15807853184582854,1,1.0645908662154222,0.37072109678741755,0.5888309123606685
2D Turbulence,lambda_ci,0.85,0.055,0.2,311,0.8290412326573183,0.1946966594463372,1,0.9681289447559484,0.35993326275753795,0.1434950946183745
2D Turbulence,lambda_ci,0.85,0.055,0.2,312,0.9103279715973855,0.18030788233413356,1,1.0050698280871548,0.3875282451689297,0.3700681499382558
2D Turbulence,lambda_ci,0.85,0.055,0.2,313,0.8203186006554471,0.19167414783344072,1,0.9878782378101068,0.356957111784644,0.10429624851454697
2D Turbulence,lambda_ci,0.85,0.055,0.2,314,0.8246549962280592,0.22431283064842572,1,0.9296762992861963,0.37658692049188086,0.596495779271635
2D Turbulence,lambda_ci,0.85,0.055,0.2,315,0.839155816329359,0.17893835015369908,1,1.0453940669846766,0.3629395855426168,0.9801265924457709
2D Turbulence,lambda_ci,0.85,0.055,0.2,316,0.9665047304395478,0.21427596491791978,1,0.9669453758095875,0.439938210693086,0.0863483517844032
2D Turbulence,lambda_ci,0.85,0.055,0.2,317,0.8850080998737604,0.18253940048462822,1,1.0781186722513465,0.3926077238638811,0.736647722678833
2D Turbulence,lambda_ci,0.85,0.055,0.2,318,1.0110657021660856,0.21902251826170552,1,1.005590495942528,0.474497952088184,0.8229010537054342
2D Turbulence,lambda_ci,0.85,0.055,0.2,319,1.0007552222691811,0.20423836379906474,1,0.9585266407243545,0.44279083210054054,0.46604695089311643
2D Turbulence,lambda_ci,0.85,0.055,0.2,320,0.804858076408313,0.18463404600906316,1,1.0507155333090008,0.35450125427955054,0.6127314434262634
2D Turbulence,lambda_ci,0.85,0.055,0.2,321,0.8527876787097657,0.19507762097151637,1,1.0759590404157218,0.39069919077081733,0.027606868335631675
2D Turbulence,lambda_ci,0.85,0.055,0.2,322,0.8704371816130886,0.16960162474066073,1,1.08538891324306,0.373460890854167,-0.04223665724936898
2D Turbulence,lambda_ci,0.85,0.055,0.2,323,0.9955103899802351,0.160671263888784,1,0.9478379562183836,0.3884918837345124,0.7298869418990794
2D Turbulence,lambda_ci,0.85,0.055,0.2,324,0.90855460870496,0.19583588838760058,1,1.0704774705827926,0.41599292334446175,0.22925895907604715
2D Turbulence,lambda_ci,0.85,0.055,0.2,325,0.9417459661649079,0.19152380847831735,1,0.9940050266901369,0.4109031243989547,0.538460576614736
2D Turbulence,lambda_ci,0.85,0.055,0.2,326,0.7901514953412592,0.15022486401145568,1,0.9875059305271019,0.30433446122298474,0.7887039204990657
2D Turbulence,lambda_ci,0.85,0.055,0.2,327,0.9312760611070657,0.19307766329345946,1,0.9918297177887412,0.40753321891697436,0.43323007597373664
2D Turbulence,lambda_ci,0.85,0.055,0.2,328,1.0318056440142986,0.21374256664531227,1,1.0004771236920644,0.4771412792576846,0.287968166480072
2D Turbulence,lambda_ci,0.85,0.055,0.2,329,0.8128788883402169,0.1755871230284904,1,1.1515135436593849,0.3655162598265135,0.3469016871429461
2D Turbulence,lambda_ci,0.85,0.055,0.2,330,0.917641356067147,0.15621479401003305,1,0.9476476857125772,0.35306731220997356,0.03245036178704458
2D Turbulence,lambda_ci,0.85,0.055,0.2,331,1.0250282566409503,0.1551271530952009,1,1.1632135376900625,0.4354211021569519,0.8451032253235768
2D Turbulence,lambda_ci,0.85,0.055,0.2,332,0.8350024517477117,0.19752197179308595,1,1.0314901552321452,0.3769016168495958,0.67079371025052
2D Turbulence,lambda_ci,0.85,0.055,0.2,333,0.8832233249384034,0.21750234005883384,1,1.1731283481120058,0.4461442102498962,0.5858965761998537
2D Turbulence,lambda_ci,0.85,0.055,0.2,334,0.9876513966898764,0.22300991005901605,1,0.9277727641873325,0.44924843521716473,0.17666156318677537
2D Turbulence,lambda_ci,0.85,0.055,0.2,335,0.9989326860367665,0.16891670917094104,1,0.959472271048008,0.4021506211913517,0.03867293665192177
2D Turbulence,lambda_ci,0.85,0.055,0.2,336,1.1181589048921847,0.17084027637376598,1,0.8986859866590102,0.43812964971166846,0.9000344870747724
2D Turbulence,lambda_ci,0.85,0.055,0.2,337,0.88823157341699,0.1790082890533305,1,1.0740315745149542,0.3894675710170532,0.5674127149275408
2D Turbulence,lambda_ci,0.85,0.055,0.2,338,0.8740360912133098,0.21645869922193317,1,0.884919014848923,0.3825327758016591,0.7269057606830592
2D Turbulence,lambda_ci,0.85,0.055,0.2,339,1.0344788324094314,0.18788130228744335,1,0.9686897649168339,0.44132216999380103,0.3182002714109432
2D Turbulence,lambda_ci,0.85,0.055,0.2,340,0.9689799659396223,0.1682132471447919,1,0.8809256502362626,0.37300488796762554,0.9149032599112612
2D Turbulence,lambda_ci,0.85,0.055,0.2,341,0.8926054834403867,0.1746732533506571,1,1.0296377102582308,0.37854278688091303,0.22935065278542738
2D Turbulence,lambda_ci,0.85,0.055,0.2,342,0.8045939874695617,0.22676610573004663,1,1.0058063345688548,0.38425810537674737,0.7662940327056859
2D Turbulence,lambda_ci,0.85,0.055,0.2,343,0.8750987340328669,0.17831657489282196,1,0.8987879872949412,0.3503333984237031,0.7886788294717892
2D Turbulence,lambda_ci,0.85,0.055,0.2,344,0.9264039429091382,0.21563179232620702,1,1.0286146190988819,0.43629791482081803,0.30217312529007884
2D Turbulence,lambda_ci,0.85,0.055,0.2,345,1.017586117859767,0.18466566678970422,1,1.0409958673892479,0.44615807283979686,0.7170255241608976
2D Turbulence,lambda_ci,0.85,0.055,0.2,346,0.9238258701630726,0.2005258169964431,1,0.9455299184785108,0.4022656087692635,-0.1634855828311153
2D Turbulence,lambda_ci,0.85,0.055,0.2,347,0.9048876704841043,0.16686154343245235,1,0.9558198433127255,0.3613772595950137,0.5981312456448001
2D Turbulence,lambda_ci,0.85,0.055,0.2,348,0.8927053546631215,0.2170061026733707,1,1.1346006286571706,0.4429611350714095,0.28508505839963116
2D Turbulence,lambda_ci,0.85,0.055,0.2,349,0.9799796531776135,0.19683217227607908,1,0.9235023058933491,0.41781506350205183,0.258358386506298
2D Turbulence,lambda_ci,0.85,0.055,0.2,350,1.0106387604268734,0.17706600301729675,1,0.811681454914718,0.38313899359127634,0.5279658066240888
2D Turbulence,lambda_ci,0.85,0.055,0.2,351,0.9772165718405885,0.16265726869179165,1,0.943181890921893,0.38275889118120643,0.518038235925166
2D Turbulence,lambda_ci,0.85,0.055,0.2,352,0.9687665489500045,0.17951036584501917,1,1.1037477480873383,0.4312199210038889,0.33251425646663446
2D Turbulence,lambda_ci,0.85,0.055,0.2,353,0.9069858251176796,0.23276098937659262,1,1.0380639722698952,0.4458283239202095,0.40255381936284973
2D Turbulence,lambda_ci,0.85,0.055,0.2,354,0.8956791055116363,0.2059922598795998,1,0.9530552356203078,0.3968596361631515,0.019717336956748065
2D Turbulence,lambda_ci,0.85,0.055,0.2,355,0.8813636095284809,0.17317017375816207,1,0.8950597625165837,0.3469905747702226,0.21155024901061834
2D Turbulence,lambda_ci,0.85,0.055,0.2,356,0.9557559196288609,0.19205381882613975,1,1.021428995640667,0.42331393115445687,0.15239690055438881
2D Turbulence,lambda_ci,0.85,0.055,0.2,357,0.9201489630468921,0.19448853421096698,1,0.9816576084406845,0.4020547164478665,0.5125963049610762
2D Turbulence,lambda_ci,0.85,0.055,0.2,358,0.981636527504038,0.17008028335297826,1,0.8333519235162135,0.3695659213236405,0.3804389607989086
2D Turbulence,lambda_ci,0.85,0.055,0.2,359,0.9138518165258706,0.21890157802172527,1,0.9704713265824736,0.421203120263034,0.3525319941522609
2D Turbulence,lambda_ci,0.85,0.055,0.2,360,0.8701624519709734,0.19392271638083775,1,1.11877689238894,0.40530916671720324,-0.08217540760529565
2D Turbulence,lambda_ci,0.85,0.055,0.2,361,0.928459285005824,0.17879988986352216,1,0.9663116178815423,0.3859269326666302,0.39307922189971767
2D Turbulence,lambda_ci,0.85,0.055,0.2,362,0.9509390291976764,0.19613739851962086,1,0.8977874495761727,0.39904295032844556,0.553581404037477
2D Turbulence,lambda_ci,0.85,0.055,0.2,363,0.8982228358174379,0.16268209774872583,1,1.0280997915603813,0.36734286562207397,0.3686943135493729
2D Turbulence,lambda_ci,0.85,0.055,0.2,364,0.8630702829816522,0.19157560039339927,1,1.025803686619121,0.3826030156359135,0.4100970683289654
2D Turbulence,lambda_ci,0.85,0.055,0.2,365,0.912018119204142,0.1917201394727861,1,0.8216226713656656,0.361970803597947,0.5182447112828413
2D Turbulence,lambda_ci,0.85,0.055,0.2,366,0.839930644602526,0.17308517796296186,1,1.0586561211403613,0.3595429873878756,0.1896983818954841
2D Turbulence,lambda_ci,0.85,0.055,0.2,367,0.8672191350004121,0.19585404309643045,1,1.0811599526696527,0.3990617455237013,0.8927065439374761
2D Turbulence,lambda_ci,0.85,0.055,0.2,368,0.9250900631007191,0.1994576058058834,1,1.0064463335282383,0.4144810007392249,0.5120342975541223
2D Turbulence,lambda_ci,0.85,0.055,0.2,369,1.0012265533087024,0.18036869516642906,1,1.0916909742162288,0.44428617617411764,0.8958687156998805
2D Turbulence,lambda_ci,0.85,0.055,0.2,370,0.9491377865915142,0.21573901493626163,1,0.9922513543493314,0.4391414783114723,0.383444585398526
2D Turbulence,lambda_ci,0.85,0.055,0.2,371,0.9315085477098001,0.17467523029301193,1,0.9363389782871786,0.3767203301548482,0.324721243350933
2D Turbulence,lambda_ci,0.85,0.055,0.2,372,0.8101649153045337,0.16115886249428552,1,1.022162148636142,0.3288216663709704,0.36723368285219504
2D Turbulence,lambda_ci,0.85,0.055,0.2,373,0.8823284814567921,0.21232731322209866,1,0.9197771456563212,0.38991912532971496,0.18183149757286227
2D Turbulence,lambda_ci,0.85,0.055,0.2,374,0.912513925341121,0.18914026581535354,1,1.0823507140483257,0.41287206765482964,0.19780196807822908
2D Turbulence,lambda_ci,0.85,0.055,0.2,375,0.9323859434038583,0.21133241985048445,1,0.975117661563129,0.4232600625085126,0.49893237358903564
2D Turbulence,lambda_ci,0.85,0.055,0.2,376,0.9312375001154755,0.16030633448741427,1,1.0070529256361356,0.37416395365276894,0.4975729299804147
2D Turbulence,lambda_ci,0.85,0.055,0.2,377,1.023453684125565,0.15196707405205687,1,1.0045016382246308,0.39986949040206304,0.38372171416851425
2D Turbulence,lambda_ci,0.85,0.055,0.2,378,0.9692000611650551,0.1680244137566132,1,1.0630426437724834,0.4096141686135701,0.34680224364839224
2D Turbulence,lambda_ci,0.85,0.055,0.2,379,1.0758366906306145,0.2031421386847432,1,0.8813105120684628,0.4552089967384995,0.6190051036533741
2D Turbulence,lambda_ci,0.85,0.055,0.2,380,0.8635758674054946,0.18862504846475306,1,0.9601139543940475,0.367503577042822,0.2885995131025134
2D Turbulence,lambda_ci,0.85,0.055,0.2,381,0.9753523402943898,0.2029040134188,1,0.8957255118592806,0.4158094172553649,0.6541096846951894
2D Turbulence,lambda_ci,0.85,0.055,0.2,382,1.0231548216663717,0.15428159476645872,1,1.0361111656952533,0.40907373105914563,0.2264344136624461
2D Turbulence,lambda_ci,0.85,0.055,0.2,383,0.9064194202399323,0.1745226637886958,1,0.9921505254682573,0.37717587084736637,0.4829714085825301
2D Turbulence,lambda_ci,0.85,0.055,0.2,384,0.9508685502020536,0.1966876810797593,1,0.9939737661565267,0.42043273659810815,-0.05454130661405726
2D Turbulence,lambda_ci,0.85,0.055,0.2,385,0.9818820350411968,0.19486290291573222,1,0.9711134242350954,0.42712882097453286,0.031523365157670624
2D Turbulence,lambda_ci,0.85,0.055,0.2,386,0.9048060917052589,0.1748341644709811,1,1.0927726481988926,0.3954882409575739,0.5565655115810403
2D Turbulence,lambda_ci,0.85,0.055,0.2,387,0.7834321158822636,0.1987918495161634,1,0.9960364222130128,0.348608737427112,0.29848155859015146
2D Turbulence,lambda_ci,0.85,0.055,0.2,388,0.942330882154864,0.1955581495077245,1,0.8400705794439722,0.3819436299553481,0.5160315175762845
2D Turbulence,lambda_ci,0.85,0.055,0.2,389,0.9336997534796675,0.1827952460948863,1,0.900653028212308,0.37885101000836485,0.3963251014810365
2D Turbulence,lambda_ci,0.85,0.055,0.2,390,0.9342094359448391,0.19853218233296424,1,0.9147339971882672,0.3981136955410942,0.7224964312293772
2D Turbulence,lambda_ci,0.85,0.055,0.2,391,1.0330967083817806,0.15151881054749103,1,0.9832967587319495,0.39876456380445435,0.11353033316586443
2D Turbulence,lambda_ci,0.85,0.055,0.2,392,0.94400352420268,0.17790261179205444,1,0.9961204617268705,0.3973934533240026,0.3672471551887855
2D Turbulence,lambda_ci,0.85,0.055,0.2,393,0.9671317485427113,0.17142895123683877,1,0.8491066637336159,0.36898511682679375,0.34320575216360705
2D Turbulence,lambda_ci,0.85,0.055,0.2,394,0.8641796966383024,0.20228235458249244,1,1.1318259897218845,0.4134975016166588,0.24881080975667746
2D Turbulence,lambda_ci,0.85,0.055,0.2,395,0.9993590577249446,0.18447021346779394,1,0.9827640886982464,0.425509555659036,0.2700557517552072
2D Turbulence,lambda_ci,0.85,0.055,0.2,396,0.994022046555385,0.17408560360520592,1,1.1421916695606502,0.4432481583151346,0.8965349020430056
2D Turbulence,lambda_ci,0.85,0.055,0.2,397,0.9052375859414161,0.2203166248077416,1,1.1507208301998362,0.4557967246183513,0.4337945860533672
2D Turbulence,lambda_ci,0.85,0.055,0.2,398,0.8405709850566201,0.16716917313017182,1,1.046255949411306,0.3515373401092746,0.48467820898551295
2D Turbulence,lambda_ci,0.85,0.055,0.2,399,1.0565731285230424,0.2136733651762644,1,0.9821963746644279,0.4840318274271028,0.0549404362574292
2D Turbulence,gamma2,0.85,0.055,0.2,0,0.9361334332868374,0.2140054278010004,1,0.9746213116464009,0.4275314838141113,0.3215536091395821
2D Turbulence,gamma2,0.85,0.055,0.2,1,0.8824349743512968,0.1810589176889672,1,1.0173557294370408,0.37872946133628327,0.09484719471346761
2D Turbulence,gamma2,0.85,0.055,0.2,2,0.9791660590218622,0.23869528280891963,1,0.946640290180035,0.46544756386148267,0.15546050334069117
2D Turbulence,gamma2,0.85,0.055,0.2,3,1.0279608834151963,0.1973808815506329,1,0.9649904032986077,0.44863239315276926,-0.1928231045090406
2D Turbulence,gamma2,0.85,0.055,0.2,4,0.8047750271407068,0.1793893231431533,1,1.0241005125567118,0.344940412794307,0.16795281678124477
2D Turbulence,gamma2,0.85,0.055,0.2,5,0.9635993704032756,0.2067165956559742,1,0.8,0.39185841105325747,-0.09516437895812917
2D Turbulence,gamma2,0.85,0.055,0.2,6,0.8909086960802463,0.1809006381865832,1,0.9866204760689671,0.3763815355823924,0.4245788675337576
2D Turbulence,gamma2,0.85,0.055,0.2,7,0.9882801022866446,0.2023238158138302,1,0.9498626305120542,0.4332453958354807,0.5901135469540045
2D Turbulence,gamma2,0.85,0.055,0.2,8,0.9459008134317117,0.18482624870669007,1,1.0028253781367704,0.40723029736263183,0.3213178093095849
2D Turbulence,gamma2,0.85,0.055,0.2,9,0.9589301796534818,0.21081313639053548,1,1.0607821304687852,0.4534703743074514,0.14283192136140205
2D Turbulence,gamma2,0.85,0.055,0.2,10,0.9265475659592604,0.18943231082772968,1,0.9945120712923696,0.40216083831927096,0.41910895225019806
2D Turbulence,gamma2,0.85,0.055,0.2,11,0.9419115875273341,0.18928061876389005,1,1.0656468384405957,0.42302873010098957,0.39285578620646006
2D Turbulence,gamma2,0.85,0.055,0.2,12,0.9195920325434993,0.25672415764085227,1,1.0333841124979943,0.4736520908460598,0.9192955237573825
2D Turbulence,gamma2,0.85,0.055,0.2,13,0.8860264537208452,0.17187872554247233,1,1.0180791084977279,0.3706367797021344,0.3220137902238641
2D Turbulence,gamma2,0.85,0.055,0.2,14,0.9275745598120194,0.1776784902832341,1,0.9538223466885741,0.381856337839764,0.42632750203731273
2D Turbulence,gamma2,0.85,0.055,0.2,15,1.0588431045692361,0.17727041694012194,1,0.922159705984079,0.42810748064655724,0.3590415589334518
2D Turbulence,gamma2,0.85,0.055,0.2,16,0.9644475328729001,0.1643440500134279,1,0.8950884464043171,0.36990361432206664,0.5347320155108526
2D Turbulence,gamma2,0.85,0.055,0.2,17,0.949226821522761,0.20119051686720296,1,1.0030864506192172,0.42642527329581625,0.25528284766286036
2D Turbulence,gamma2,0.85,0.055,0.2,18,0.7774100999242547,0.166322178308757,1,0.9591990061412766,0.31051288104125147,0.7499386773688154
2D Turbulence,gamma2,0.85,0.055,0.2,19,0.9086104571507808,0.2077529000052595,1,0.9869118163243963,0.4114247866310672,0.026022097447274475
2D Turbulence,gamma2,0.85,0.055,0.2,20,0.8564715947875028,0.23281450347667323,1,1.0183598803787497,0.41703126993295303,0.33857865560015776
2D Turbulence,gamma2,0.85,0.055,0.2,21,0.955141546167409,0.1557503287072199,1,1.1815018510474102,0.4097315676082758,0.29859590698762184
2D Turbulence,gamma2,0.85,0.055,0.2,22,0.8874163683531275,0.19202817901222521,1,0.8989788057919955,0.36870976800954763,0.2483082521248156
2D Turbulence,gamma2,0.85,0.055,0.2,23,0.8443637892586346,0.17025305567419607,1,1.0731332546518453,0.36091412930662525,0.6026306312994427
2D Turbulence,gamma2,0.85,0.055,0.2,24,0.9220366351382608,0.17932624890924576,1,1.057430792356465,0.4015097405747111,0.6212771917276895
2D Turbulence,gamma2,0.85,0.055,0.2,25,0.9894463617628022,0.15114953928655048,1,0.9698978641329411,0.3788424802826896,0.43392427401369893
2D Turbulence,gamma2,0.85,0.055,0.2,26,0.8954829365892804,0.19935399425493205,1,1.0223563420427282,0.4042694590035254,0.9397648939593525
2D Turbulence,gamma2,0.85,0.055,0.2,27,1.0210577903184166,0.19311482932319285,1,0.9689775728338195,0.44168738762688753,0.6218734507681092
2D Turbulence,gamma2,0.85,0.055,0.2,28,0.8914074910429021,0.17939923213724746,1,1.0240276960205914,0.38206954460032694,0.8253096367864023
2D Turbulence,gamma2,0.85,0.055,0.2,29,1.0575836370982092,0.14541988572868866,1,0.8149536607278649,0.36407686240040954,0.35699482909965796
2D Turbulence,gamma2,0.85,0.055,0.2,30,0.942239547989197,0.19569559468952652,1,1.0013513737205801,0.4171047179745859,-0.03305757709953479
2D Turbulence,gamma2,0.85,0.055,0.2,31,0.9984247894997386,0.14737188442065502,1,1.116770342705496,0.4050462445459605,0.4200382747559376
2D Turbulence,gamma2,0.85,0.055,0.2,32,0.8921582507789385,0.16109831051860143,1,1.041383669885662,0.3654203849303766,0.19694895260811218
2D Turbulence,gamma2,0.85,0.055,0.2,33,0.8636753048167521,0.20024115106155851,1,1.0878575505799557,0.4031003578517077,0.4939218269042077
2D Turbulence,gamma2,0.85,0.055,0.2,34,0.7995041469917799,0.15556454064256725,1,1.0659569416359944,0.32557110779588727,0.690925478911087
2D Turbulence,gamma2,0.85,0.055,0.2,35,1.0220023157117202,0.16206552080810596,1,1.077988410693142,0.42717343828840787,0.3660456652773607
2D Turbulence,gamma2,0.85,0.055,0.2,36,1.0402572675553574,0.22470749036108312,1,1.0808037815460838,0.512652360052676,0.35412809741097134
2D Turbulence,gamma2,0.85,0.055,0.2,37,0.9028132960536226,0.19962445257922007,1,0.9860689650808457,0.40055159064217205,0.2815726285370305
2D Turbulence,gamma2,0.85,0.055,0.2,38,0.9554151753683504,0.16423241416431766,1,0.9445731223834958,0.3763044598018565,0.7103683741999413
2D Turbulence,gamma2,0.85,0.055,0.2,39,0.9365510062735769,0.18664431494873068,1,1.0292322609049003,0.4104833189946569,0.5872077012179385
2D Turbulence,gamma2,0.85,0.055,0.2,40,1.0530232626232754,0.1596407213640128,1,0.9953245907022232,0.41975141918846076,-0.12208851584119068
2D Turbulence,gamma2,0.85,0.055,0.2,41,0.9549883489742351,0.125094632261397,1,0.9866887136631133,0.3355115619099506,0.5185523156826424
2D Turbulence,gamma2,0.85,0.055,0.2,42,0.9935834185860069,0.20184189422055376,1,0.8618706223179722,0.41441076710560587,0.39958400316308884
2D Turbulence,gamma2,0.85,0.055,0.2,43,0.8975291371597539,0.18603029124506226,1,0.8495899373585628,0.35681661530529324,0.2224145215112726
2D Turbulence,gamma2,0.85,0.055,0.2,44,0.8871191404105319,0.2048276210804877,1,0.9560810059126612,0.39257582797261725,0.29311063540008897
2D Turbulence,gamma2,0.85,0.055,0.2,45,0.9262762523436077,0.17394992544191995,1,1.1905226832554119,0.4215232078114815,0.4682619046026387
2D Turbulence,gamma2,0.85,0.055,0.2,46,1.0530336594006515,0.16314648419939803,1,0.9589622152114373,0.4165161646314857,0.21601411865917045
2D Turbulence,gamma2,0.85,0.055,0.2,47,0.8890185065513085,0.2008716670572307,1,1.0547690461642285,0.40921244379031546,-0.05540223966441499
2D Turbulence,gamma2,0.85,0.055,0.2,48,0.9317329334955357,0.19992153391332307,1,1.0737337861350438,0.4316875698444187,0.8429431147791304
2D Turbulence,gamma2,0.85,0.055,0.2,49,0.9935380434444724,0.1879936871531353,1,1.0134461352265332,0.43366709383762597,0.3745141129328784
2D Turbulence,gamma2,0.85,0.055,0.2,50,0.9408856930051598,0.16144649238132322,1,1.0033430774635608,0.37868308020275177,0.529459771754557
2D Turbulence,gamma2,0.85,0.055,0.2,51,0.9104811766031712,0.17291688617471573,1,0.9984184184426838,0.3783083845460341,-0.0742941864495729
2D Turbulence,gamma2,0.85,0.055,0.2,52,0.8287602830175674,0.1677765950226536,1,0.9852248177852441,0.33694753981497205,0.460770191151616
2D Turbulence,gamma2,0.85,0.055,0.2,53,0.8939086311387343,0.2192692736774505,1,1.0065748046690675,0.4199572153859847,0.3005507230251617
2D Turbulence,gamma2,0.85,0.055,0.2,54,0.8937565171782434,0.19601432011854925,1,0.9218512744863367,0.37992122084642177,0.15855703027659102
2D Turbulence,gamma2,0.85,0.055,0.2,55,0.9720984049119041,0.17517863849591808,1,1.1240757040430256,0.43136865502223626,0.12998974570064648
2D Turbulence,gamma2,0.85,0.055,0.2,56,1.0635138388123682,0.17249983414434064,1,1.0300820276348757,0.4483048025249306,-0.10240077476574798
2D Turbulence,gamma2,0.85,0.055,0.2,57,0.9009040519944698,0.17441559527681935,1,0.9983782158139298,0.3759401805652207,0.3984959971105666
2D Turbulence,gamma2,0.85,0.055,0.2,58,0.9225535769077544,0.16902456894535872,1,0.810842070932912,0.34153455685389483,0.402601831211343
2D Turbulence,gamma2,0.85,0.055,0.2,59,0.8863065830948677,0.17263896823054506,1,0.967411707235559,0.36220885244613893,0.9955231127041491
2D Turbulence,gamma2,0.85,0.055,0.2,60,0.9488697051311688,0.16557754241899467,1,1.0651553550497703,0.3984866484898724,0.23524294746948654
2D Turbulence,gamma2,0.85,0.055,0.2,61,0.955711692020633,0.18365999146311185,1,1.0048331490347877,0.4105642741778327,0.6858770920879881
2D Turbulence,gamma2,0.85,0.055,0.2,62,0.8928511244903853,0.19304864632098884,1,1.0492748874717162,0.40184361279203,0.7425498002859621
2D Turbulence,gamma2,0.85,0.055,0.2,63,0.9483639930799532,0.1492398067923277,1,0.9698411900575952,0.3608009797388241,0.25827728157291013
2D Turbulence,gamma2,0.85,0.055,0.2,64,1.0590682957298279,0.1980518524701537,1,0.8414423808009668,0.4323401936913088,0.6784664528346358
2D Turbulence,gamma2,0.85,0.055,0.2,65,1.0517885173896178,0.17517542522961163,1,1.1382447972033456,0.46965921983143655,-0.012781800430977347
2D Turbulence,gamma2,0.85,0.055,0.2,66,0.9061347891806891,0.2715636369672659,1,0.9908347861494532,0.47003395844629114,-0.0027039479830012203
2D Turbulence,gamma2,0.85,0.055,0.2,67,0.9371540554950756,0.18676090159398004,1,0.927780538328801,0.390100582643907,-0.12270518313067034
2D Turbulence,gamma2,0.85,0.055,0.2,68,0.96726903433543,0.17124940486748025,1,1.0397053761993416,0.4081473348795769,0.932527958187011
2D Turbulence,gamma2,0.85,0.055,0.2,69,0.9514362457143413,0.16784235409322648,1,1.057893848443239,0.40091427414462844,0.315840287941797
2D Turbulence,gamma2,0.85,0.055,0.2,70,0.9137069103685034,0.18218130242668867,1,0.9687664722179693,0.38385602420358894,0.22671282485545663
2D Turbulence,gamma2,0.85,0.055,0.2,71,0.9873704754471165,0.1613330678322319,1,0.9311408579673954,0.3826921243093597,0.3615442710672635
2D Turbulence,gamma2,0.85,0.055,0.2,72,0.9369723824024349,0.18279383409154099,1,1.0671005619080989,0.41381881763854106,-0.22832945920026332
2D Turbulence,gamma2,0.85,0.055,0.2,73,1.0281951899103796,0.2034740552616627,1,1.0581455204984365,0.47709271713104673,0.5453443004459705
2D Turbulence,gamma2,0.85,0.055,0.2,74,1.0247768615928943,0.17215610585907215,1,0.9446781848997384,0.41326865745739094,0.49530106618310044
2D Turbulence,gamma2,0.85,0.055,0.2,75,0.9586895428142026,0.22067487079959788,1,1.0436864470322134,0.4600864601654012,-0.2051543848233172
2D Turbulence,gamma2,0.85,0.055,0.2,76,0.9076092996616278,0.1536115103280698,1,1.0871529474330381,0.3708994083752368,0.7043588110713557
2D Turbulence,gamma2,0.85,0.055,0.2,77,0.785103292358225,0.13878047685961467,1,1.0690198512982945,0.3024014514165522,0.4711820526349604
2D Turbulence,gamma2,0.85,0.055,0.2,78,1.0499061064042132,0.19247098033567359,1,1.0308851712236695,0.4676686273836466,0.0429044100377412
2D Turbulence,gamma2,0.85,0.055,0.2,79,0.9483337358638481,0.16874913318282675,1,1.0174491479520458,0.3929509398958784,0.049133686248755894
2D Turbulence,gamma2,0.85,0.055,0.2,80,0.9460587246298129,0.14726181986819864,1,1.0697527917145508,0.37549563342476316,0.591723275484357
2D Turbulence,gamma2,0.85,0.055,0.2,81,1.050748984920545,0.16985221772302453,1,0.9948096162258019,0.43192125596610237,0.009309621541878213
2D Turbulence,gamma2,0.85,0.055,0.2,82,0.8878048485419161,0.2021055364418385,1,1.04896285655338,0.4087772079020506,0.7174369335328415
2D Turbulence,gamma2,0.85,0.055,0.2,83,1.0674447145553168,0.1905374950181287,1,1.0943357661765762,0.4874284940638578,0.17148784757796104
2D Turbulence,gamma2,0.85,0.055,0.2,84,0.9616467608909868,0.15333253341355704,1,1.0779418934385205,0.3909582699074821,0.5374059277779171
2D Turbulence,gamma2,0.85,0.055,0.2,85,0.913050914237135,0.1831203962903796,1,0.9398756235301899,0.3787900377075964,0.9641170203511028
2D Turbulence,gamma2,0.85,0.055,0.2,86,0.8776692409668043,0.20518008330857615,1,1.0330139410421768,0.4040653133731658,0.290543288916929
2D Turbulence,gamma2,0.85,0.055,0.2,87,1.0455011197236914,0.19709167801425576,1,0.986494355522455,0.4610053316361038,0.9376326868626654
2D Turbulence,gamma2,0.85,0.055,0.2,88,0.9646148742103129,0.21059185986970708,1,0.8824798238654094,0.4158408375808968,0.35003018378128825
2D Turbulence,gamma2,0.85,0.055,0.2,89,0.8347668275032922,0.17961521753026566,1,0.9933924657459099,0.3526120727994794,0.7369054491456618
2D Turbulence,gamma2,0.85,0.055,0.2,90,0.8592022890908521,0.18888900979798645,1,0.9710677240390231,0.36797941962181957,0.6693488830634486
2D Turbulence,gamma2,0.85,0.055,0.2,91,1.0192088636775445,0.20560233849475135,1,0.9950502737491704,0.46099872966684463,-0.34809449291726735
2D Turbulence,gamma2,0.85,0.055,0.2,92,0.9818591572275591,0.16080954085842072,1,1.0975972171064603,0.4125025137854681,0.34213326862826215
2D Turbulence,gamma2,0.85,0.055,0.2,93,0.8361697754781255,0.17104816830030573,1,1.1379745638494112,0.3689095997897791,0.3917040338614127
2D Turbulence,gamma2,0.85,0.055,0.2,94,1.0162101459472148,0.18301054860238433,1,0.8667557230622596,0.40473424031403543,-0.16532529493156667
2D Turbulence,gamma2,0.85,0.055,0.2,95,0.973421695631384,0.17185733196448252,1,1.0005673798645502,0.4036530368537201,0.7114951020673759
2D Turbulence,gamma2,0.85,0.055,0.2,96,0.9849314613220931,0.1734724723530771,1,1.0014186495967579,0.410515095631163,0.6632629639182642
2D Turbulence,gamma2,0.85,0.055,0.2,97,0.9260790891996273,0.25059541564860605,1,1.133028215376894,0.49346346213125325,0.8063210934348872
2D Turbulence,gamma2,0.85,0.055,0.2,98,1.0679294208678667,0.18750227969863056,1,0.9815628464730501,0.45814703799422224,0.37223410198172846
2D Turbulence,gamma2,0.85,0.055,0.2,99,0.9721539027834516,0.22009236695630577,1,1.060824103953086,0.4697417962026185,0.05550972545208899
2D Turbulence,gamma2,0.85,0.055,0.2,100,0.9185914238126968,0.18199647466438953,1,1.0193400964723471,0.3956520571675211,0.4735886148325997
2D Turbulence,gamma2,0.85,0.055,0.2,101,0.8234127255479701,0.16894851645247086,1,0.8924010782008391,0.3197236844120951,0.42471937893784073
2D Turbulence,gamma2,0.85,0.055,0.2,102,0.8473017150357897,0.1807512264207369,1,0.9338413602083113,0.3481090101898691,0.7059877384792109
2D Turbulence,gamma2,0.85,0.055,0.2,103,0.9612992577424492,0.2008954629052542,1,1.090684651237935,0.4499800628610562,0.8333716305520976
2D Turbulence,gamma2,0.85,0.055,0.2,104,0.9305056247517657,0.2010246478892697,1,1.0308123963074964,0.4235780767090107,0.14853942564943598
2D Turbulence,gamma2,0.85,0.055,0.2,105,1.035459753953907,0.22380912537496425,1,1.0095850157488762,0.4922022181873225,0.4505043035705867
2D Turbulence,gamma2,0.85,0.055,0.2,106,0.8669199554726812,0.1939147556040026,1,1.1278479649951494,0.4054242376602579,0.28437780131076523
2D Turbulence,gamma2,0.85,0.055,0.2,107,0.9768657977728119,0.19401898591310857,1,1.062664804502869,0.4435628526972015,0.0077495054621807835
2D Turbulence,gamma2,0.85,0.055,0.2,108,0.9518009547539182,0.19609823675827392,1,1.064323956799406,0.43483040031683606,0.22283840071306163
2D Turbulence,gamma2,0.85,0.055,0.2,109,0.8369163513798459,0.2081218856581732,1,1.0992089919176204,0.4002958293907826,0.7577521169330597
2D Turbulence,gamma2,0.85,0.055,0.2,110,0.9830560367912659,0.20804971280953827,1,0.9239438429135315,0.4310072967666555,0.20624942935998036
2D Turbulence,gamma2,0.85,0.055,0.2,111,0.9588221969003793,0.16851968462925263,1,0.8,0.3520532775077833,0.22879195168606936
2D Turbulence,gamma2,0.85,0.055,0.2,112,0.9659480471755708,0.18257637723226114,1,0.9499651079239972,0.40228134038049385,0.6253220109855085
2D Turbulence,gamma2,0.85,0.055,0.2,113,0.9583132112584324,0.17068351852437494,1,0.9876040291920949,0.39345466181182515,0.20770465001398988
2D Turbulence,gamma2,0.85,0.055,0.2,114,1.0859539545847767,0.1757865011679902,1,1.1738361672725333,0.49329636524891024,0.16453782538464262
2D Turbulence,gamma2,0.85,0.055,0.2,115,0.8665805399287023,0.19659818162129267,1,1.0788999307373923,0.3991069247690596,0.6067410218587234
2D Turbulence,gamma2,0.85,0.055,0.2,116,0.8115588204580128,0.2113369966713364,1,1.064452363771008,0.38492035998719887,0.7614532298588286
2D Turbulence,gamma2,0.85,0.055,0.2,117,1.0110336165973786,0.17823381821191106,1,0.9885745731820524,0.4243902222416216,0.5208802380700746
2D Turbulence,gamma2,0.85,0.055,0.2,118,0.9154963529209057,0.16692649653571537,1,0.9863570243778763,0.37148076279845044,0.19309125218283738
2D Turbulence,gamma2,0.85,0.055,0.2,119,0.9448213656251052,0.18120024215841582,1,0.9118092170525965,0.38404408579323945,0.29845330327953024
2D Turbulence,gamma2,0.85,0.055,0.2,120,0.9773061947712711,0.19751778174369158,1,1.1122905202276354,0.4580816228938731,0.12873455676297518
2D Turbulence,gamma2,0.85,0.055,0.2,121,0.9031934883999984,0.19234091032550307,1,0.9716341014241071,0.3904523183776575,0.9649943547210577
2D Turbulence,gamma2,0.85,0.055,0.2,122,0.9272714728740832,0.18314218685830513,1,1.0240544201112725,0.4015712524943496,0.05614973018381919
2D Turbulence,gamma2,0.85,0.055,0.2,123,0.9846526708596216,0.16524932112559793,1,0.9799227059747141,0.3962313331917396,-0.09355678295281908
2D Turbulence,gamma2,0.85,0.055,0.2,124,1.0558151175306065,0.2205925019298256,1,1.127413353215386,0.5265320798876981,0.1963592291211051
2D Turbulence,gamma2,0.85,0.055,0.2,125,0.9689556060856441,0.17120033987714453,1,1.0066408368739488,0.4022476016465449,-0.07013059896908838
2D Turbulence,gamma2,0.85,0.055,0.2,126,0.8216975513732881,0.20338836535240143,1,0.9668538945554637,0.36438078841917687,0.9395731925435148
2D Turbulence,gamma2,0.85,0.055,0.2,127,0.9999206462628969,0.1885021514245623,1,1.074637056406303,0.45004360768036317,-0.12270680694886846
2D Turbulence,gamma2,0.85,0.055,0.2,128,1.0768925041628976,0.19103511901355533,1,1.060592581228968,0.48473374355014887,-0.056291115911727085
2D Turbulence,gamma2,0.85,0.055,0.2,129,0.966535544603966,0.17424353289643432,1,1.0435714281900588,0.41215185045085456,-0.1494747515049006
2D Turbulence,gamma2,0.85,0.055,0.2,130,0.9214658798867884,0.16954350021428524,1,0.9484774993215332,0.36951608463473895,0.9764771707660513
2D Turbulence,gamma2,0.85,0.055,0.2,131,0.8574593038022195,0.15699948519664428,1,0.9232909405450679,0.3264614598016348,0.4477059732664338
2D Turbulence,gamma2,0.85,0.055,0.2,132,1.1227812262798154,0.1668589645727298,1,1.01099604149258,0.4611525792501848,0.19504828421690393
2D Turbulence,gamma2,0.85,0.055,0.2,133,1.033214524278191,0.17776124849568498,1,0.9945629712330043,0.4344353849094428,-0.1435814913962317
2D Turbulence,gamma2,0.85,0.055,0.2,134,0.9202818682659014,0.17530374478014682,1,1.1019165322708644,0.4044741878585975,0.293428380451071
2D Turbulence,gamma2,0.85,0.055,0.2,135,0.8555836374802238,0.14835079084861225,1,1.0186711297274718,0.33260165220832477,0.4792105148832567
2D Turbulence,gamma2,0.85,0.055,0.2,136,0.9140784607908408,0.19909934532710613,1,0.8513332351997973,0.37632943243309347,0.4056216477195872
2D Turbulence,gamma2,0.85,0.055,0.2,137,0.8323582900127977,0.19194614249397818,1,1.0186093638158702,0.36804746918917985,0.4110057855970481
2D Turbulence,gamma2,0.85,0.055,0.2,138,0.8505570697888004,0.19229682204143092,1,0.9142658561410464,0.35663647845890417,0.9987008119792524
2D Turbulence,gamma2,0.85,0.055,0.2,139,0.8579746522080807,0.20222593576900116,1,0.8707971735701728,0.3600405277160095,0.700436646948996
2D Turbulence,gamma2,0.85,0.055,0.2,140,0.8950127575359531,0.17252100374017895,1,1.028778822201199,0.3770606585503282,0.2152893142722866
2D Turbulence,gamma2,0.85,0.055,0.2,141,0.9357731967245947,0.16947447678035493,1,1.026409302148887,0.3902860621820595,0.9655682308608816
2D Turbulence,gamma2,0.85,0.055,0.2,142,0.9675788447175799,0.1949010278906449,1,1.1289219265395283,0.45386363095303744,0.3116691687493931
2D Turbulence,gamma2,0.85,0.055,0.2,143,0.9262910732736256,0.18937647533356472,1,1.01378890272212,0.4058674845240851,0.09168555094439235
2D Turbulence,gamma2,0.85,0.055,0.2,144,0.9577877252821532,0.15954067570000782,1,1.0734351766091665,0.39636280394470386,0.06629236117193264
2D Turbulence,gamma2,0.85,0.055,0.2,145,1.0853463925285256,0.19825831247121245,1,1.027786363680939,0.4899316491076433,0.7578934167180793
2D Turbulence,gamma2,0.85,0.055,0.2,146,0.8792542692766454,0.2104852538611905,1,0.976833854876637,0.3986903049373363,0.16726295994461549
2D Turbulence,gamma2,0.85,0.055,0.2,147,0.956598240118813,0.15041758344547293,1,0.9956626496247889,0.37019878494991865,0.5924519947621649
2D Turbulence,gamma2,0.85,0.055,0.2,148,0.8853183526492233,0.17071789023075223,1,1.0883490400907943,0.3816129324208874,0.44915516471382827
2D Turbulence,gamma2,0.85,0.055,0.2,149,0.8906626583520001,0.1789341194458617,1,1.0413627631942093,0.38446857404276835,0.8338867100706748
2D Turbulence,gamma2,0.85,0.055,0.2,150,0.8945017450044797,0.18687836009822592,1,0.9370370982380023,0.374316603980582,0.8668647237772329
2D Turbulence,gamma2,0.85,0.055,0.2,151,0.899334676901781,0.18680674933396335,1,0.909312493121992,0.37065870154454084,0.23844363409656272
2D Turbulence,gamma2,0.85,0.055,0.2,152,0.93316980742027,0.1543312073183462,1,1.0341316902826643,0.3727996355657591,0.7927883820155539
2D Turbulence,gamma2,0.85,0.055,0.2,153,1.0059660224163076,0.18189519010401808,1,0.8567914962990577,0.39712890056946104,0.7488927192513523
2D Turbulence,gamma2,0.85,0.055,0.2,154,0.789318684096383,0.1881006182737465,1,0.8419960506897711,0.314125014719709,0.41276017124684605
2D Turbulence,gamma2,0.85,0.055,0.2,155,0.9361107873205939,0.1864684710916256,1,1.0708345487904665,0.4183031568603844,-0.01790574851524715
2D Turbulence,gamma2,0.85,0.055,0.2,156,0.9919161741800029,0.162761452865086,1,0.8809176725285895,0.3755937978551794,0.5665094891398625
2D Turbulence,gamma2,0.85,0.055,0.2,157,0.9039024674785093,0.14153039282088758,1,1.0188839729531858,0.3432486148762694,0.5258739399696695
2D Turbulence,gamma2,0.85,0.055,0.2,158,0.9461804717530213,0.18758798001746915,1,0.9271656212215407,0.39459823989334036,0.24203575480327863
2D Turbulence,gamma2,0.85,0.055,0.2,159,1.0081652358459245,0.17962912454280427,1,1.1395152848498966,0.45612110930664895,-0.21532935338459325
2D Turbulence,gamma2,0.85,0.055,0.2,160,0.9237121851095372,0.16800222282557062,1,1.039433906010968,0.38600472980413614,-0.11039147019822013
2D Turbulence,gamma2,0.85,0.055,0.2,161,0.9920703087635565,0.18403172158550388,1,1.0875097178831743,0.443818467723989,0.8705878651050434
2D Turbulence,gamma2,0.85,0.055,0.2,162,0.8493136414868891,0.18491709103419962,1,0.9852228270962742,0.3625132283876743,0.7197335672148337
2D Turbulence,gamma2,0.85,0.055,0.2,163,0.9390855229976808,0.18290846895618595,1,1.0243174151323,0.4064801395353759,0.40882104342431513
2D Turbulence,gamma2,0.85,0.055,0.2,164,1.0077681219384858,0.19880778120538223,1,0.9814719924918751,0.44516013062516013,0.504830126691255
2D Turbulence,gamma2,0.85,0.055,0.2,165,0.9048017455947399,0.2048442049118104,1,1.091045409915423,0.42774671618361987,0.34972645365685606
2D Turbulence,gamma2,0.85,0.055,0.2,166,0.9750849192165597,0.17593432303289278,1,1.1216913166913773,0.43316604488021276,0.2923048431483277
2D Turbulence,gamma2,0.85,0.055,0.2,167,0.8975426025584055,0.17803302465489518,1,0.8947565965343366,0.35822658377451383,0.4215877091585848
2D Turbulence,gamma2,0.85,0.055,0.2,168,0.8399052404651061,0.1832576680328261,1,0.9927180908950659,0.3582402151674412,0.6784617483056745
2D Turbulence,gamma2,0.85,0.055,0.2,169,0.898924132424675,0.19114503017457307,1,1.077571962693843,0.40796949081221673,0.008231603213270135
2D Turbulence,gamma2,0.85,0.055,0.2,170,1.0156945486941245,0.18900028474609445,1,0.850210412314393,0.4071529262762011,-0.007358796946507137
2D Turbulence,gamma2,0.85,0.055,0.2,171,0.8418105218059546,0.16009600192925572,1,1.0492326662952074,0.3450169999805787,0.43552517741596997
2D Turbulence,gamma2,0.85,0.055,0.2,172,0.8480058642846067,0.210187791980757,1,0.9670161172264093,0.38231334331152855,-0.09629344080743785
2D Turbulence,gamma2,0.85,0.055,0.2,173,1.0174372511457048,0.18870990300197504,1,0.9698761356615134,0.4352743911320471,-0.07364855902968404
2D Turbulence,gamma2,0.85,0.055,0.2,174,0.907149455064261,0.20594720433482655,1,0.951922262304611,0.40165903110610607,0.8258389074332964
2D Turbulence,gamma2,0.85,0.055,0.2,175,0.9185151171499644,0.16558685321740962,1,0.8883441818491399,0.352281523671609,0.013772403631282737
2D Turbulence,gamma2,0.85,0.055,0.2,176,0.8642315546320981,0.21006631916633753,1,1.0094230409126903,0.3979650550966421,0.587125147015843
2D Turbulence,gamma2,0.85,0.055,0.2,177,0.8859380127796459,0.1785913270992506,1,1.0558937133633932,0.3847189870666715,0.154232686186426
2D Turbulence,gamma2,0.85,0.055,0.2,178,0.8895113911206451,0.14761007222054892,1,1.0090292189464547,0.3432901810119891,0.14161432395839374
2D Turbulence,gamma2,0.85,0.055,0.2,179,0.8002336579880704,0.18533641172839666,1,1.0025251486225175,0.34494100715541576,0.13809249936079201
2D Turbulence,gamma2,0.85,0.055,0.2,180,0.9749318445343277,0.17008467682843031,1,1.0033716076365784,0.40275204526461783,0.4699994300927665
2D Turbulence,gamma2,0.85,0.055,0.2,181,0.9079196281955959,0.20358535622365942,1,0.9106507497348277,0.39092783830613015,0.4617753316471259
2D Turbulence,gamma2,0.85,0.055,0.2,182,0.9012667639181792,0.16118452548749274,1,1.0513438321687074,0.3710115364058856,0.5579912260240396
2D Turbulence,gamma2,0.85,0.055,0.2,183,0.9510490128610556,0.17216020840541454,1,1.0900092241452761,0.4119878188752773,0.22708184329505576
2D Turbulence,gamma2,0.85,0.055,0.2,184,0.9391889915310883,0.210433680452063,1,0.9890144492667552,0.42846163157489925,0.7912144687315932
2D Turbulence,gamma2,0.85,0.055,0.2,185,0.9059915711717785,0.17055413925849924,1,1.008612180905892,0.37576592374426354,0.9891136328698363
2D Turbulence,gamma2,0.85,0.055,0.2,186,0.9632068413426448,0.16602907316400867,1,0.9401704249433882,0.3805528011701307,0.3432526189380901
2D Turbulence,gamma2,0.85,0.055,0.2,187,0.9781970018070909,0.19685435014645986,1,1.0249575564735038,0.43939162657590664,0.26759701544351266
2D Turbulence,gamma2,0.85,0.055,0.2,188,0.811997408353556,0.19224170498786516,1,0.9077105748330166,0.3391971115888246,0.45505146530205304
2D Turbulence,gamma2,0.85,0.055,0.2,189,0.8893421300560984,0.17643052985615273,1,1.0608723768629615,0.38475768776352454,0.40188804020444463
2D Turbulence,gamma2,0.85,0.055,0.2,190,0.91639206348292,0.16271195633500465,1,1.1283908678430927,0.3926637718529129,0.53649936643771
2D Turbulence,gamma2,0.85,0.055,0.2,191,0.8848110907585348,0.19391113706609883,1,1.0650382250662176,0.40210042471399526,0.7838946494002342
2D Turbulence,gamma2,0.85,0.055,0.2,192,0.8816983653825764,0.20745372761140882,1,0.9278591624790898,0.38683137137520374,0.2000382535008771
2D Turbulence,gamma2,0.85,0.055,0.2,193,0.9666109865959865,0.21350577208261012,1,1.0287023748882225,0.45300334469305703,0.273367072479197
2D Turbulence,gamma2,0.85,0.055,0.2,194,0.9916733513938417,0.14346392051319332,1,0.9893987283851268,0.37361617010410086,-0.01675006648680699
2D Turbulence,gamma2,0.85,0.055,0.2,195,0.8973707389768224,0.17189471463352982,1,1.0523089582446596,0.3816583774179108,0.31345087113577424
2D Turbulence,gamma2,0.85,0.055,0.2,196,0.7624180335938002,0.19154044023506217,1,1.0450944323754165,0.34111527538926334,0.3744466234600079
2D Turbulence,gamma2,0.85,0.055,0.2,197,0.9034560067975806,0.17610101628053926,1,1.0940485048715527,0.39655755601851234,0.9562881056578595
2D Turbulence,gamma2,0.85,0.055,0.2,198,1.035144026465568,0.190480885511623,1,1.003486202835447,0.45256627119516685,0.5066347680542688
2D Turbulence,gamma2,0.85,0.055,0.2,199,1.0564062280787436,0.17094153506144774,1,1.0252431258039882,0.4422503504993644,0.13026280434401086
2D Turbulence,gamma2,0.85,0.055,0.2,200,0.7889503331101209,0.21025442539747377,1,0.9679844654646625,0.3559233090769333,0.5874118066819406
2D Turbulence,gamma2,0.85,0.055,0.2,201,0.9730976752514633,0.16811144507694487,1,0.9111321329939136,0.3808428068585091,0.15723520962859097
2D Turbulence,gamma2,0.85,0.055,0.2,202,0.9903494260140256,0.1786700967123564,1,1.153186399742527,0.4495356578886263,-0.32217311381706226
2D Turbulence,gamma2,0.85,0.055,0.2,203,0.8567774156760398,0.16765301730447763,1,0.9896876413669272,0.34899786540458,0.4912430405528237
2D Turbulence,gamma2,0.85,0.055,0.2,204,0.9250307585831483,0.19453932318583858,1,0.9881842348201354,0.40558215149544985,0.6128170011359978
2D Turbulence,gamma2,0.85,0.055,0.2,205,0.9478200305022866,0.16310029056308117,1,1.0741098918731253,0.3967140739990779,0.6040114358702114
2D Turbulence,gamma2,0.85,0.055,0.2,206,1.0008604095263822,0.20157088144550106,1,1.1347780009572717,0.47867733212444297,0.2664047451759623
2D Turbulence,gamma2,0.85,0.055,0.2,207,0.9143686794814647,0.186556095832461,1,1.0684377331477988,0.4082260100774057,0.6889563551915749
2D Turbulence,gamma2,0.85,0.055,0.2,208,0.9016319034070083,0.19121456266267448,1,1.0186391805471047,0.39792382360137574,0.13001836193228894
2D Turbulence,gamma2,0.85,0.055,0.2,209,0.9798823876689632,0.18432033128337807,1,0.9175027608465108,0.4029621572068205,0.3931154696096966
2D Turbulence,gamma2,0.85,0.055,0.2,210,0.9011038841866309,0.1752009251088451,1,1.0475629766446861,0.38604073137108974,0.16386003720698333
2D Turbulence,gamma2,0.85,0.055,0.2,211,0.9679154755007278,0.1892603906548841,1,0.9480121359769933,0.4099909290971744,-0.21391649686601824
2D Turbulence,gamma2,0.85,0.055,0.2,212,0.8668325529635618,0.19815512534428575,1,1.15564950189314,0.4148116409849927,0.5722951850653981
2D Turbulence,gamma2,0.85,0.055,0.2,213,0.893426790118155,0.19398189558936094,1,0.955428129230891,0.3846259502125948,0.8434217902746748
2D Turbulence,gamma2,0.85,0.055,0.2,214,0.8332386825758163,0.18064214401467166,1,0.9825180528009293,0.3510340402282878,0.42854426411092683
2D Turbulence,gamma2,0.85,0.055,0.2,215,0.877531683698171,0.19732275131311192,1,0.9123945412357402,0.37234259921901386,0.7284995689673701
2D Turbulence,gamma2,0.85,0.055,0.2,216,0.8761566136251357,0.1757186820974106,1,1.1351403298547664,0.3913050827943651,0.05398713995087881
2D Turbulence,gamma2,0.85,0.055,0.2,217,1.0010640483256756,0.20600708300232665,1,0.9884108067670788,0.45172245892203555,0.5091682869468817
2D Turbulence,gamma2,0.85,0.055,0.2,218,1.0583048527367949,0.22850578090417417,1,1.129007639921524,0.5375363323335078,0.23263017820581416
2D Turbulence,gamma2,0.85,0.055,0.2,219,0.8871882257605075,0.1556228796607751,1,0.9203589848063763,0.3357616738817876,0.6368666467761249
2D Turbulence,gamma2,0.85,0.055,0.2,220,0.9984908969108991,0.19698137484480605,1,1.046907757053247,0.4534306787995749,0.41203968926678747
2D Turbulence,gamma2,0.85,0.055,0.2,221,1.009326960352292,0.2026519511084861,1,0.8468093555270804,0.41811918229192346,0.19960041378806592
2D Turbulence,gamma2,0.85,0.055,0.2,222,0.9368451552731835,0.2179591294493731,1,0.9959573949281727,0.43649143662322987,0.6042753437326198
2D Turbulence,gamma2,0.85,0.055,0.2,223,0.9038523262649332,0.17778375757508885,1,0.8707061732922977,0.35561439490435337,0.7878951145247457
2D Turbulence,gamma2,0.85,0.055,0.2,224,0.9158791979420494,0.18219124199889986,1,1.1401533425293282,0.41742992107509275,0.05634185179938048
2D Turbulence,gamma2,0.85,0.055,0.2,225,0.9658914535727345,0.17252148561292574,1,0.9005797673198519,0.38072466294120494,0.7292803678729878
2D Turbulence,gamma2,0.85,0.055,0.2,226,0.7500829494495973,0.17558946021543004,1,1.1085031685379634,0.3309230243007269,0.7612886151584239
2D Turbulence,gamma2,0.85,0.055,0.2,227,0.8351934844166383,0.1634632554510778,1,0.9965248860436096,0.33708641006561935,0.6370876820441903
2D Turbulence,gamma2,0.85,0.055,0.2,228,0.9238642478242495,0.21657539225457453,1,1.0119755268683308,0.4325115610255064,0.2645309561349427
2D Turbulence,gamma2,0.85,0.055,0.2,229,0.9468278371812452,0.180895772581729,1,0.8496197143323192,0.3711910681216687,0.29085122229613625
2D Turbulence,gamma2,0.85,0.055,0.2,230,0.8940600985050802,0.18029272107326283,1,1.04294980382488,0.38769260127781746,0.387437500857785
2D Turbulence,gamma2,0.85,0.055,0.2,231,1.057900171287585,0.17615689833206305,1,0.9921904301291702,0.4422746340546993,0.5475079605758812
2D Turbulence,gamma2,0.85,0.055,0.2,232,0.9278312176830705,0.1763509732265432,1,1.0359429290817834,0.3965754504844296,0.1954215871441891
2D Turbulence,gamma2,0.85,0.055,0.2,233,0.9228748930139716,0.18938001745916244,1,1.024776752078767,0.40655989867376247,0.11123646505206594
2D Turbulence,gamma2,0.85,0.055,0.2,234,0.8881281656582006,0.17517468770217978,1,0.9490126410648231,0.36211566939191603,0.13551248831574644
2D Turbulence,gamma2,0.85,0.055,0.2,235,0.8470206476795663,0.1611080797601548,1,1.0230638672108323,0.3438777140477771,0.9821356514370503
2D Turbulence,gamma2,0.85,0.055,0.2,236,0.877269058089427,0.18033770793862966,1,0.9866139461717693,0.3700408838260718,0.3165834636052415
2D Turbulence,gamma2,0.85,0.055,0.2,237,0.8884814200032125,0.18766692450666267,1,0.9630336863543779,0.3777138919256602,0.9821142745295018
2D Turbulence,gamma2,0.85,0.055,0.2,238,0.9037711856436453,0.19165163280517628,1,0.9069381444392786,0.37679366005770276,0.721212181968064
2D Turbulence,gamma2,0.85,0.055,0.2,239,0.9489269498604748,0.16238169868324678,1,0.982221367611954,0.37897102809236405,-0.08136133339882955
2D Turbulence,gamma2,0.85,0.055,0.2,240,1.0102418221846599,0.1636936945325185,1,0.9099682716426878,0.3899010850936857,0.1198653147693356
2D Turbulence,gamma2,0.85,0.055,0.2,241,0.8242712534405934,0.18492914917437986,1,1.0001408483224545,0.35448953804031297,0.3323532152233085
2D Turbulence,gamma2,0.85,0.055,0.2,242,0.876030536232985,0.2043896681338249,1,1.067390761871647,0.40917626520484524,0.7697571862700343
2D Turbulence,gamma2,0.85,0.055,0.2,243,0.9758541602241945,0.20755569206100205,1,0.9438339582564461,0.4319167448132773,0.42596356531604107
2D Turbulence,gamma2,0.85,0.055,0.2,244,0.9673016734546633,0.18472846652803387,1,0.9347170124582709,0.4019471237170716,0.05343284975425722
2D Turbulence,gamma2,0.85,0.055,0.2,245,0.9028328806603699,0.15574006870164142,1,0.9237864229286389,0.34244697635288623,0.12111136855724355
2D Turbulence,gamma2,0.85,0.055,0.2,246,0.8847446627650263,0.18467701931443464,1,1.067468947778647,0.39282761014754286,-0.13642177082519008
2D Turbulence,gamma2,0.85,0.055,0.2,247,1.0096664182621138,0.1940772054730304,1,0.9693379193609386,0.4379280646901659,0.924152613763352
2D Turbulence,gamma2,0.85,0.055,0.2,248,0.9425735819156653,0.14899416344510089,1,0.973751347550622,0.35902436873018,0.5791287252881713
2D Turbulence,gamma2,0.85,0.055,0.2,249,0.8922839811168917,0.16773918668833773,1,1.0733693489440428,0.3786125080898751,0.4990073816247421
2D Turbulence,gamma2,0.85,0.055,0.2,250,0.9510370576420886,0.19959530154534974,1,1.0254605824233052,0.4302610991038936,-0.2717747002075088
2D Turbulence,gamma2,0.85,0.055,0.2,251,0.9733769337802611,0.15763861106022206,1,0.94900775855783,0.3764846135570314,0.2557899104976691
2D Turbulence,gamma2,0.85,0.055,0.2,252,0.9225010290057396,0.1921032328463805,1,1.0347532282114984,0.41129420550856943,0.51378728344504
2D Turbulence,gamma2,0.85,0.055,0.2,253,0.9088101955124506,0.14015000173187908,1,0.941073262999736,0.3300513106211799,0.06519121617283975
2D Turbulence,gamma2,0.85,0.055,0.2,254,0.8517310450040184,0.1730904982830918,1,0.9252056911195434,0.34084602936007635,0.03871072540619136
2D Turbulence,gamma2,0.85,0.055,0.2,255,0.9377457887815023,0.172450745610644,1,1.033954571079408,0.39597556713343024,-0.00524829290163039
2D Turbulence,gamma2,0.85,0.055,0.2,256,1.0626481957347058,0.21478701064768813,1,0.9907421269750126,0.49020059146080025,0.1744201939211143
2D Turbulence,gamma2,0.85,0.055,0.2,257,1.0259941398998262,0.14990787558930427,1,1.0419367308346754,0.40548778801221225,0.34234482501938895
2D Turbulence,gamma2,0.85,0.055,0.2,258,0.952804813178392,0.18480483005949694,1,1.0626576824999348,0.42223797920837763,0.7225422988274661
2D Turbulence,gamma2,0.85,0.055,0.2,259,1.0485046074925366,0.18343287160708394,1,0.9608486113400605,0.4401861857820272,0.09916996569136302
2D Turbulence,gamma2,0.85,0.055,0.2,260,1.1194994034995516,0.19674240882514413,1,1.0178439817403924,0.5009720138630399,0.717493727735032
2D Turbulence,gamma2,0.85,0.055,0.2,261,0.963482202181708,0.18438878504693243,1,1.0076081816201963,0.41529508433971246,0.12485280419073343
2D Turbulence,gamma2,0.85,0.055,0.2,262,1.050510544092075,0.18059210014477398,1,0.863771798400206,0.41490560361457435,0.2415253839412712
2D Turbulence,gamma2,0.85,0.055,0.2,263,0.854812941181576,0.20817750662160156,1,0.9795106215945505,0.38600467503329744,0.6504013968794701
2D Turbulence,gamma2,0.85,0.055,0.2,264,0.9378780364939997,0.1748229913980487,1,1.0082762606126363,0.3937634578568548,0.9583440784622979
2D Turbulence,gamma2,0.85,0.055,0.2,265,0.9602431198401459,0.1722957018252312,1,0.9996934973833852,0.39852159465651815,0.07744873679294975
2D Turbulence,gamma2,0.85,0.055,0.2,266,0.927299984254511,0.15754770697655615,1,1.0622886762270523,0.37935653663859187,0.39155682172387307
2D Turbulence,gamma2,0.85,0.055,0.2,267,0.927097039344422,0.13983759616838173,1,1.032803780764847,0.35232712387200615,0.38141912055988514
2D Turbulence,gamma2,0.85,0.055,0.2,268,0.9348513593289417,0.16461922073110807,1,0.9309977739249554,0.36597983406193463,0.6477382479509304
2D Turbulence,gamma2,0.85,0.055,0.2,269,0.9839154259363327,0.20695129625075467,1,1.0409508841907673,0.4566747127107831,0.33205219647480955
2D Turbulence,gamma2,0.85,0.055,0.2,270,0.9349447888170376,0.18329219437804906,1,1.0367833209849486,0.40756975805266743,0.3843261835544607
2D Turbulence,gamma2,0.85,0.055,0.2,271,0.9504309903719136,0.19434091917922972,1,1.0762142395239973,0.4346624083443226,0.4243646170195016
2D Turbulence,gamma2,0.85,0.055,0.2,272,1.009901056759944,0.17473886293394394,1,1.11775676710388,0.4463209093337835,0.8748783518381495
2D Turbulence,gamma2,0.85,0.055,0.2,273,0.8293910965072515,0.17439180958417444,1,0.9329882945228837,0.3345495950360971,0.7641292389112777
2D Turbulence,gamma2,0.85,0.055,0.2,274,1.016315485368829,0.1571401132101879,1,0.9165292329993664,0.38569608843905684,0.5455155400037437
2D Turbulence,gamma2,0.85,0.055,0.2,275,0.8946458277410172,0.17660782913876502,1,1.1390462876513974,0.401260863577292,0.5942519837185157
2D Turbulence,gamma2,0.85,0.055,0.2,276,0.9602300980061288,0.1836318215333649,1,1.0827988835899436,0.42817685252352655,0.007488129445318889
2D Turbulence,gamma2,0.85,0.055,0.2,277,0.9991570839815702,0.17861560786030245,1,1.0899128547816186,0.4408484947059042,0.37353617511035087
2D Turbulence,gamma2,0.85,0.055,0.2,278,0.8980872966249922,0.20746968934191723,1,1.1087812326816742,0.4307435816508293,-0.23446313898684618
2D Turbulence,gamma2,0.85,0.055,0.2,279,0.8711669874414153,0.15488048709407953,1,1.1069929616801002,0.36072163629849224,0.25890715088401905
2D Turbulence,gamma2,0.85,0.055,0.2,280,0.9376671421130313,0.15191470336652696,1,0.9653420357823392,0.35907834231919883,0.9565184615264479
2D Turbulence,gamma2,0.85,0.055,0.2,281,0.9031176212660021,0.18260723807563856,1,0.9685172720162514,0.37980177940083365,0.4652894097406712
2D Turbulence,gamma2,0.85,0.055,0.2,282,0.928804999055705,0.19043138003514146,1,1.027648992256527,0.41088113517508107,0.1717635670590767
2D Turbulence,gamma2,0.85,0.055,0.2,283,0.9654074758251977,0.21816915252764504,1,1.092969849353623,0.47142370929527755,0.5115310233096115
2D Turbulence,gamma2,0.85,0.055,0.2,284,0.971466209364724,0.1566966200864176,1,1.0523479307293377,0.3944910814620385,0.6735920226194116
2D Turbulence,gamma2,0.85,0.055,0.2,285,0.8577793164012842,0.1609120008579571,1,1.0731789995976535,0.3564559515359112,0.004344059279556306
2D Turbulence,gamma2,0.85,0.055,0.2,286,0.9197411934481536,0.1607661689360586,1,0.9611628683852671,0.3615442524581668,0.2969956665740833
2D Turbulence,gamma2,0.85,0.055,0.2,287,0.952892158165184,0.1707621053832794,1,0.9115495790579841,0.3759496204615035,0.33503650137377966
2D Turbulence,gamma2,0.85,0.055,0.2,288,1.0034075056085734,0.2004374163021386,1,1.0126859746767802,0.45206838993749165,-0.07742592379837313
2D Turbulence,gamma2,0.85,0.055,0.2,289,0.8439304803865795,0.1935161561338654,1,1.0482072823691446,0.38009212651750435,0.9113237721698084
2D Turbulence,gamma2,0.85,0.055,0.2,290,0.9492064954376432,0.161281647512617,1,1.0310846404791265,0.38707964648881554,0.3002355421751136
2D Turbulence,gamma2,0.85,0.055,0.2,291,1.0812466584996407,0.1900349528993923,1,1.0528029902338707,0.48363205381193675,0.7430280993441678
2D Turbulence,gamma2,0.85,0.055,0.2,292,0.99610826784301,0.20810873651684947,1,0.9338938850531491,0.43913744117702924,0.20647360145560553
2D Turbulence,gamma2,0.85,0.055,0.2,293,0.9427589933908841,0.16890396956556014,1,0.9580818245671266,0.379246789474444,0.2403115594919954
2D Turbulence,gamma2,0.85,0.055,0.2,294,0.9589264829566596,0.18851686149419838,1,1.1110835739759821,0.4388678598754592,-0.2994827446701271
2D Turbulence,gamma2,0.85,0.055,0.2,295,0.8998418886984494,0.2091136914494614,1,0.8828982477767257,0.38664532907039684,0.14620231660155555
2D Turbulence,gamma2,0.85,0.055,0.2,296,0.9319922322975602,0.1768757902828105,1,0.9131701190135532,0.37456080985866164,0.4081858247116922
2D Turbulence,gamma2,0.85,0.055,0.2,297,0.9227846018132096,0.19242424623476576,1,0.9258153100868824,0.3894865053852737,0.6373308663175193
2D Turbulence,gamma2,0.85,0.055,0.2,298,0.8991760602213753,0.218553139321191,1,1.0683146799044836,0.4344830698428078,-0.07112008790536187
2D Turbulence,gamma2,0.85,0.055,0.2,299,0.9136615926683432,0.2415550250307006,1,1.014359937880686,0.4522613256979591,0.6542454508739151
2D Turbulence,gamma2,0.85,0.055,0.2,300,1.049189695874272,0.24067776144151157,1,1.1013524758690203,0.5401758508257731,-0.07559641398557677
2D Turbulence,gamma2,0.85,0.055,0.2,301,0.8741462172214025,0.19275908032587016,1,1.0204074320722565,0.38768438755763884,0.5528756588017211
2D Turbulence,gamma2,0.85,0.055,0.2,302,1.0727893429812287,0.1994116923678808,1,0.9897779619261929,0.4766050614054848,0.18981329633484842
2D Turbulence,gamma2,0.85,0.055,0.2,303,0.9376740038660769,0.18307389884342506,1,0.8051188855171745,0.35999386370096575,-0.0038603688602933395
2D Turbulence,gamma2,0.85,0.055,0.2,304,0.9082746682088052,0.13506200884452907,1,0.9990149154619409,0.33363360680892384,0.21833370982073716
2D Turbulence,gamma2,0.85,0.055,0.2,305,1.0047290039044354,0.19279281460413433,1,1.0141583002992727,0.4442702538210055,0.4006230748974413
2D Turbulence,gamma2,0.85,0.055,0.2,306,0.8946254113025081,0.20534359325333956,1,1.0142198693109319,0.40827037320293064,-0.131035961102987
2D Turbulence,gamma2,0.85,0.055,0.2,307,0.9834814276180558,0.2087014472815293,1,1.0099822182955773,0.45152911287433745,0.43096301106933793
2D Turbulence,gamma2,0.85,0.055,0.2,308,0.9455814384346054,0.20839535359632408,1,1.1004376289467102,0.4528200731952565,0.3271971555369734
2D Turbulence,gamma2,0.85,0.055,0.2,309,1.0120419438393986,0.17169156173361896,1,0.8463827571169155,0.3857948191635691,0.8896438230100737
2D Turbulence,gamma2,0.85,0.055,0.2,310,1.0217448229737909,0.19458535589464887,1,0.9042479075089989,0.4285892548158881,0.3922344949590429
2D Turbulence,gamma2,0.85,0.055,0.2,311,0.999640326101845,0.1596372263037216,1,0.876778317239543,0.373986352946982,0.0872096578779571
2D Turbulence,gamma2,0.85,0.055,0.2,312,1.0204074399943417,0.17047777190176974,1,1.0003732215710637,0.4213941727849109,0.3143512104477869
2D Turbulence,gamma2,0.85,0.055,0.2,313,0.9827351715221848,0.16274546470395074,1,1.037152328272657,0.4037497069873491,0.05138857320147821
2D Turbulence,gamma2,0.85,0.055,0.2,314,0.895276694731534,0.1876163313453196,1,0.93839005385449,0.3756507818684854,0.30287498497883447
2D Turbulence,gamma2,0.85,0.055,0.2,315,0.9553651386028204,0.17785597656371946,1,1.0066022106670842,0.4042337415875264,0.6677234712447858
2D Turbulence,gamma2,0.85,0.055,0.2,316,0.9384477971281143,0.16236884787814013,1,0.9072027806552025,0.36017507898971707,0.9528927174493622
2D Turbulence,gamma2,0.85,0.055,0.2,317,1.0105438220094929,0.1941221916597779,1,0.8953494018329632,0.4212976321105193,0.24106374727802854
2D Turbulence,gamma2,0.85,0.055,0.2,318,1.011712269327797,0.1837055750112723,1,0.9791009636824798,0.429073728302853,-0.14805527249922293
2D Turbulence,gamma2,0.85,0.055,0.2,319,0.8778458675263241,0.17637018790157588,1,0.9590835695849828,0.36104312813524797,0.7527053170310024
2D Turbulence,gamma2,0.85,0.055,0.2,320,0.8396044932700796,0.16610156339889304,1,0.9335896035012015,0.33062799051507574,0.9272402053796862
2D Turbulence,gamma2,0.85,0.055,0.2,321,0.9288894594942966,0.16315124677567092,1,0.9346752769753748,0.3627351241253547,0.5789824238025194
2D Turbulence,gamma2,0.85,0.055,0.2,322,0.9254692610971486,0.20534170146638314,1,0.9872789105782476,0.4166971275161151,0.3107354161967679
2D Turbulence,gamma2,0.85,0.055,0.2,323,0.9864182200635183,0.1496711662972166,1,1.0747390192265662,0.3956231214558284,0.6852412437509454
2D Turbulence,gamma2,0.85,0.055,0.2,324,0.9062095207451188,0.18760848066018268,1,1.0673726193996238,0.4055205644930971,0.1658722494692893
2D Turbulence,gamma2,0.85,0.055,0.2,325,0.8069124278281287,0.20093467341863608,1,0.9004121919948366,0.34322153598068406,0.9319134237546725
2D Turbulence,gamma2,0.85,0.055,0.2,326,0.8055799525243227,0.18196193553195228,1,0.9900800644556543,0.34192754003569814,0.06309624761417953
2D Turbulence,gamma2,0.85,0.055,0.2,327,0.9492070344034855,0.17959897460379773,1,0.9339025849059955,0.3887439678833015,0.47522076749478787
2D Turbulence,gamma2,0.85,0.055,0.2,328,0.8516235514139854,0.2044162658785611,1,1.1364801310384773,0.4104746226233013,0.38832709346848937
2D Turbulence,gamma2,0.85,0.055,0.2,329,0.9562154301235334,0.20579906079423899,1,1.0591297587858417,0.44642861810622425,0.49709423932762864
2D Turbulence,gamma2,0.85,0.055,0.2,330,0.9174857003426289,0.1700201449340544,1,0.9747068947850521,0.3734964809556388,0.23446198008957858
2D Turbulence,gamma2,0.85,0.055,0.2,331,0.8973061367064797,0.2301671420344428,1,1.0029263490621003,0.4311186604314516,0.004763267212260419
2D Turbulence,gamma2,0.85,0.055,0.2,332,0.7914043162095937,0.1819771199705071,1,1.0569851048306576,0.34708931304641,0.465898417609627
2D Turbulence,gamma2,0.85,0.055,0.2,333,1.0052178848593734,0.1964821011549927,1,1.0271081793382286,0.4515749034209176,0.6652238625123567
2D Turbulence,gamma2,0.85,0.055,0.2,334,0.9036045113793367,0.18756740678723435,1,1.0569285768913066,0.4023276659875299,0.32567788236537304
2D Turbulence,gamma2,0.85,0.055,0.2,335,0.9257639995204403,0.19020376240641607,1,0.9485029577323014,0.39321419251280404,0.5797914147961842
2D Turbulence,gamma2,0.85,0.055,0.2,336,0.9309546315514665,0.16485795399783595,1,1.0005426173934084,0.3780952885516594,0.542955181944574
2D Turbulence,gamma2,0.85,0.055,0.2,337,0.8894946869238254,0.19275613720911644,1,1.0761671426869786,0.4051234007720685,0.20084956625820122
2D Turbulence,gamma2,0.85,0.055,0.2,338,0.8553520623049551,0.17407791082859622,1,1.2,0.39093752830240774,0.8610377310111892
2D Turbulence,gamma2,0.85,0.055,0.2,339,0.8714351954921674,0.19413379481536497,1,1.0299966932154274,0.3896759325534007,0.2673567853918836
2D Turbulence,gamma2,0.85,0.055,0.2,340,0.9234584459166297,0.1328102791109541,1,0.9963306528605228,0.3359192935950212,0.6441913414433258
2D Turbulence,gamma2,0.85,0.055,0.2,341,1.0693130417001095,0.18200992622498907,1,0.9873582108997987,0.45330422983924085,0.9298780392631649
2D Turbulence,gamma2,0.85,0.055,0.2,342,0.8871503078002997,0.21607997006117483,1,1.1976970035466328,0.45131310505268346,0.05164293832180453
2D Turbulence,gamma2,0.85,0.055,0.2,343,1.0173519146448748,0.14418267304899018,1,0.894669059337925,0.36539193077722126,0.09571263870907443
2D Turbulence,gamma2,0.85,0.055,0.2,344,0.9318978077254847,0.18100093656466065,1,1.115303555795124,0.41870220162271016,0.1214492494459415
2D Turbulence,gamma2,0.85,0.055,0.2,345,0.7954482041484091,0.22988115648940602,1,1.0976583350243898,0.3995739640110308,0.3322405158594254
2D Turbulence,gamma2,0.85,0.055,0.2,346,0.8095701715173997,0.1624255875061613,1,1.141786698801259,0.3486375902746942,0.6246087372662218
2D Turbulence,gamma2,0.85,0.055,0.2,347,1.0627478073776053,0.16020622227692882,1,1.0383137112948826,0.4334452040902141,-0.2159974672863001
2D Turbulence,gamma2,0.85,0.055,0.2,348,0.8586264340785573,0.17238340927482318,1,0.8330128755364474,0.3253702527233636,0.2944402627135489
2D Turbulence,gamma2,0.85,0.055,0.2,349,0.874762091038171,0.19755147400846584,1,1.0085030697128323,0.3904529456019181,-0.12576100453749392
2D Turbulence,gamma2,0.85,0.055,0.2,350,0.9604775453248049,0.1755124520910093,1,1.1276118638712185,0.4272883001289153,-0.2618494977186046
2D Turbulence,gamma2,0.85,0.055,0.2,351,1.091469787756881,0.21465673003851984,1,1.068140587239744,0.5226346292827839,0.6237603120905694
2D Turbulence,gamma2,0.85,0.055,0.2,352,0.860586833595494,0.2213762941989106,1,1.1139743630526018,0.427363917790287,0.5020754874570911
2D Turbulence,gamma2,0.85,0.055,0.2,353,0.9801131759124436,0.1950181866121458,1,0.9742269168643237,0.4272123970072002,-0.038459953612883804
2D Turbulence,gamma2,0.85,0.055,0.2,354,0.8733106746778904,0.1974101851756016,1,1.0229409459009187,0.3924450250481111,0.5947190581584607
2D Turbulence,gamma2,0.85,0.055,0.2,355,0.8956628426235924,0.17789590818248113,1,0.9722103778135318,0.37248403502070854,0.8025180528808376
2D Turbulence,gamma2,0.85,0.055,0.2,356,0.8752152973788758,0.17415350577607952,1,1.0160946229032983,0.36816973684026505,0.9981368520967449
2D Turbulence,gamma2,0.85,0.055,0.2,357,0.9126636213487352,0.17936009883508783,1,0.8865433656060515,0.36393485349212956,0.9451648581073242
2D Turbulence,gamma2,0.85,0.055,0.2,358,0.9092885397104855,0.1558991209312833,1,1.0082100941994725,0.360494855364161,0.7252561415380271
2D Turbulence,gamma2,0.85,0.055,0.2,359,1.0687241145980915,0.16805781211571996,1,0.9885272884610423,0.435601426030011,0.3135939038112891
2D Turbulence,gamma2,0.85,0.055,0.2,360,0.9084345387031596,0.18042541459225567,1,0.9451593698873508,0.3751414180706646,0.051906635203255294
2D Turbulence,gamma2,0.85,0.055,0.2,361,0.9237943197394546,0.16193346629737315,1,1.2,0.4072247981558889,0.5843193316346103
2D Turbulence,gamma2,0.85,0.055,0.2,362,0.9131735853495008,0.22065551864591026,1,1.0092919275588483,0.43094231191898486,0.21542322352116794
2D Turbulence,gamma2,0.85,0.055,0.2,363,0.9645306796675812,0.17692728027480778,1,0.8753735262841096,0.3795859692387626,0.662322837450197
2D Turbulence,gamma2,0.85,0.055,0.2,364,0.9014681876879663,0.21883626758524452,1,1.0731229138712446,0.4368524632869534,0.511556701455552
2D Turbulence,gamma2,0.85,0.055,0.2,365,0.9636923612654817,0.17514507686249314,1,0.9894481678223038,0.40117504316499925,0.1970028094207996
2D Turbulence,gamma2,0.85,0.055,0.2,366,1.0374325104813844,0.16408886290960947,1,1.1088073381809025,0.4425144450887499,0.09652885827299054
2D Turbulence,gamma2,0.85,0.055,0.2,367,0.9551736955585198,0.17957617566370543,1,0.9691652287521264,0.3984791710923426,-0.013837846102208657
2D Turbulence,gamma2,0.85,0.055,0.2,368,0.9188084679592501,0.17557992345877035,1,1.0043231364337655,0.38583280526619895,0.2984592290429517
2D Turbulence,gamma2,0.85,0.055,0.2,369,1.0827698096671654,0.19980100121037436,1,1.0429466313786335,0.49427200246360853,0.00016453147444348004
2D Turbulence,gamma2,0.85,0.055,0.2,370,0.9920700910169727,0.1803101808409664,1,1.0746159669156004,0.43669591131820673,0.7834729862179182
2D Turbulence,gamma2,0.85,0.055,0.2,371,0.8310446568915836,0.19277854839770084,1,1.0077694457443476,0.3662977980426638,0.9965689975714778
2D Turbulence,gamma2,0.85,0.055,0.2,372,0.8167497104401183,0.20052466369107794,1,0.9464586917104197,0.355814563207375,0.312829497498897
2D Turbulence,gamma2,0.85,0.055,0.2,373,1.0697443986760622,0.1745126764972279,1,0.9939247033704516,0.44552312715291575,-0.31572525418749664
2D Turbulence,gamma2,0.85,0.055,0.2,374,1.1484588150670239,0.15826622858207098,1,1.1285331899048192,0.48536306038242477,0.6840765992553635
2D Turbulence,gamma2,0.85,0.055,0.2,375,0.9668215169348157,0.18510545618495555,1,0.8295996092412414,0.3788699727594414,0.022312591676746478
2D Turbulence,gamma2,0.85,0.055,0.2,376,0.8281036447093989,0.1943642207533437,1,1.062842746170386,0.37638071528823525,0.45289214126776767
2D Turbulence,gamma2,0.85,0.055,0.2,377,0.9449757709805365,0.17704773804573332,1,1.1355019683043577,0.4237013135577782,0.31225784601401946
2D Turbulence,gamma2,0.85,0.055,0.2,378,0.8191513114165099,0.15227620785920062,1,1.0430712481274433,0.32646538846663886,0.9682272083327175
2D Turbulence,gamma2,0.85,0.055,0.2,379,0.8345169909124963,0.17952888265641592,1,1.0859229738520921,0.36846976552093486,0.8511034376657934
2D Turbulence,gamma2,0.85,0.055,0.2,380,0.808134216970259,0.16896238814200942,1,1.1830461794253884,0.361309485923229,0.80407237014222
2D Turbulence,gamma2,0.85,0.055,0.2,381,0.8677313020842923,0.17667620137872556,1,1.071415073591187,0.3775314767729734,0.9115166455845197
2D Turbulence,gamma2,0.85,0.055,0.2,382,0.8323702046882845,0.17825595300864852,1,0.9620290881043915,0.34469314688803127,0.9895330812703063
2D Turbulence,gamma2,0.85,0.055,0.2,383,0.9224490501520123,0.16042208040287123,1,0.8613856112175744,0.3429045647773887,0.7319952266821446
2D Turbulence,gamma2,0.85,0.055,0.2,384,1.0265639744032184,0.16049422369191238,1,1.0452687943593506,0.42046486894689755,-0.15642434114359316
2D Turbulence,gamma2,0.85,0.055,0.2,385,0.9399887545914426,0.20161703037811568,1,1.0001529181164872,0.42210400037920054,0.6291202931816798
2D Turbulence,gamma2,0.85,0.055,0.2,386,0.9019761616542846,0.19905198659759477,1,0.9769606799240769,0.39775611061673544,0.9552706926387632
2D Turbulence,gamma2,0.85,0.055,0.2,387,1.082135855448288,0.1786700890862218,1,0.9835511503718821,0.45363461824205714,0.8860541858556217
2D Turbulence,gamma2,0.85,0.055,0.2,388,0.9118247301466611,0.18696912159469092,1,0.9115564142617019,0.3764333445031614,0.6261565191392539
2D Turbulence,gamma2,0.85,0.055,0.2,389,0.9486675514872299,0.16337273253625845,1,1.0638254371133409,0.3954931973629887,0.08940443844593039
2D Turbulence,gamma2,0.85,0.055,0.2,390,1.0076161347935604,0.17458047083084216,1,0.91071486457298,0.4017761528694771,0.5336533586743291
2D Turbulence,gamma2,0.85,0.055,0.2,391,0.9140830753698066,0.15439840280997,1,0.970776131108664,0.35388863396295067,0.5130540634867718
2D Turbulence,gamma2,0.85,0.055,0.2,392,0.8564468221310816,0.1937428205577386,1,0.9659402239520691,0.37050010635271197,0.5235711367452394
2D Turbulence,gamma2,0.85,0.055,0.2,393,0.8522290935659329,0.17209991562394397,1,0.9881506130607115,0.35144571864964763,0.18263534959563732
2D Turbulence,gamma2,0.85,0.055,0.2,394,0.9090265101468542,0.16582059650404923,1,1.0085538832107643,0.3717451732342434,-0.04545014700427605
2D Turbulence,gamma2,0.85,0.055,0.2,395,0.8974283307641244,0.21322727015367635,1,0.9746160088821778,0.40910795036083847,0.9309405527074236
2D Turbulence,gamma2,0.85,0.055,0.2,396,1.1160989165302269,0.18341756620851776,1,0.9605701853274299,0.4684763820483916,0.23324147942103143
2D Turbulence,gamma2,0.85,0.055,0.2,397,0.9300031529062678,0.16308786081215512,1,1.0811357187352002,0.3905128660507982,0.1795605416684386
2D Turbulence,gamma2,0.85,0.055,0.2,398,0.9945562645855925,0.18671968273957926,1,1.0676422773671108,0.4440555364630171,0.08949843198107307
2D Turbulence,gamma2,0.85,0.055,0.2,399,0.7790591297697558,0.18296341620482734,1,0.9217161359596784,0.3199271866598784,0.2285387059185918
2D Turbulence,ph,0.85,0.055,0.2,0,0.9989861954381734,0.23131365147888297,1,0.9991004769981362,0.48024704608919344,0.2672298319826867
2D Turbulence,ph,0.85,0.055,0.2,1,0.8826438964313188,0.19083983995183842,1,1.0649617405657437,0.3979120096460946,0.22579680448244233
2D Turbulence,ph,0.85,0.055,0.2,2,0.9514004830685328,0.21832891227006804,1,0.8701925085822484,0.4146929605351265,-0.09442608796947147
2D Turbulence,ph,0.85,0.055,0.2,3,0.9153000240345444,0.14577888518388452,1,0.9906175239000305,0.3478273990857912,0.6070095029432816
2D Turbulence,ph,0.85,0.055,0.2,4,1.0092620266933483,0.1886735203769294,1,1.0356012353860717,0.4461241049464592,-0.02031817381510742
2D Turbulence,ph,0.85,0.055,0.2,5,0.9601703573488971,0.18506505527970432,1,0.9158855160184964,0.39530390119266484,0.5537498864301847
2D Turbulence,ph,0.85,0.055,0.2,6,0.9089773006985625,0.15370612763570848,1,0.929434089489062,0.343564219076062,0.42288541244683403
2D Turbulence,ph,0.85,0.055,0.2,7,0.9085443604998936,0.19178855234670872,1,1.0384187098386743,0.40545599830369927,0.06039202310166896
2D Turbulence,ph,0.85,0.055,0.2,8,0.9515533712347488,0.16282318512422456,1,0.9641705134687873,0.37702330670686873,0.18148065755714946
2D Turbulence,ph,0.85,0.055,0.2,9,1.0482963711140976,0.16276770177243588,1,1.0713410884543733,0.4377559712616317,0.3494868808715899
2D Turbulence,ph,0.85,0.055,0.2,10,0.9157117294056321,0.17416001416657334,1,1.1020638436537704,0.4011773266267428,0.6014584293783807
2D Turbulence,ph,0.85,0.055,0.2,11,1.1263362460109194,0.15226789465949533,1,0.9188597213714985,0.42130521878631244,0.896287881943062
2D Turbulence,ph,0.85,0.055,0.2,12,0.8404870498811992,0.17392107446830968,1,1.023277040851009,0.3545714359398848,0.5142415520011884
2D Turbulence,ph,0.85,0.055,0.2,13,0.9518000625801737,0.16529165977192972,1,0.9902863285745743,0.3850805567562653,0.41705626582057803
2D Turbulence,ph,0.85,0.055,0.2,14,1.139803243832512,0.20380679876553495,1,0.907968965511117,0.4903144863071044,0.27982130479068357
2D Turbulence,ph,0.85,0.055,0.2,15,0.9480528377261395,0.18827570564944304,1,0.9346154998550584,0.3976913766787855,0.6678718915431334
2D Turbulence,ph,0.85,0.055,0.2,16,0.9540492815755836,0.15909399046825562,1,0.9118418235252647,0.3633770128636257,0.34213491740867424
2D Turbulence,ph,0.85,0.055,0.2,17,0.9113055925096322,0.21689944979723977,1,0.9951210393236669,0.4233808542388367,0.5836702071105987
2D Turbulence,ph,0.85,0.055,0.2,18,0.904663760458862,0.1627098696717241,1,0.9957586813828542,0.3641423518108573,0.31112018515541595
2D Turbulence,ph,0.85,0.055,0.2,19,0.8880156366096343,0.15665470811012283,1,1.0236757685110482,0.3556096605524601,0.3527752225001043
2D Turbulence,ph,0.85,0.055,0.2,20,0.9480885591696233,0.22102199274698178,1,1.1380860081561532,0.4755040201254674,0.3873470438106372
2D Turbulence,ph,0.85,0.055,0.2,21,1.004222492223036,0.18560810810117623,1,1.0753210900332024,0.44863948986938423,-0.032720178500907
2D Turbulence,ph,0.85,0.055,0.2,22,0.8619824614628533,0.18593230510987366,1,1.1474962531518182,0.3981543768925015,0.3168415418182865
2D Turbulence,ph,0.85,0.055,0.2,23,0.8365106335858729,0.17174399064898585,1,1.0839011173728479,0.3609167791138089,1.0425709392166569
2D Turbulence,ph,0.85,0.055,0.2,24,0.8438421053279921,0.1768889122463051,1,1.0480521763810953,0.3633314143030542,0.34405628496601237
2D Turbulence,ph,0.85,0.055,0.2,25,0.8657429917067232,0.1939609285498702,1,1.1093494174735297,0.40158759744141526,0.34327968646182455
2D Turbulence,ph,0.85,0.055,0.2,26,0.944562196844035,0.17127422654251837,1,0.9664590916090097,0.3842981605688583,0.5477218986880034
2D Turbulence,ph,0.85,0.055,0.2,27,0.9347010249156092,0.16399852047775298,1,0.9317124966589806,0.3653706385460978,0.5778682952394105
2D Turbulence,ph,0.85,0.055,0.2,28,0.8428500974498273,0.214338692441924,1,0.977485689497551,0.3857943240576452,0.537653323595533
2D Turbulence,ph,0.85,0.055,0.2,29,0.9650156999459426,0.17107217695399934,1,1.135690959618945,0.4253575583099907,0.43382442602439114
2D Turbulence,ph,0.85,0.055,0.2,30,0.8672479740118539,0.15371225059827537,1,0.9670389305760229,0.33436400124355464,0.13060741087580577
2D Turbulence,ph,0.85,0.055,0.2,31,0.9846971738824088,0.2086560575867139,1,1.030824883882415,0.45667857484326413,0.5449289502787715
2D Turbulence,ph,0.85,0.055,0.2,32,1.1167248362565796,0.15114452223870076,1,0.9491238555857833,0.42296441020364367,0.08806239513002538
2D Turbulence,ph,0.85,0.055,0.2,33,0.8242061339744692,0.2247714663826953,1,0.9975098662520293,0.3902698771931222,0.40987763505456964
2D Turbulence,ph,0.85,0.055,0.2,34,0.8914015494789342,0.2086429638155514,1,0.9781586571350891,0.40269840347445746,0.9345075078435048
2D Turbulence,ph,0.85,0.055,0.2,35,0.942946721760409,0.16637760018472997,1,1.1831963793035316,0.41837237346580486,0.5556642118485103
2D Turbulence,ph,0.85,0.055,0.2,36,0.9987914705870599,0.1949024824057761,1,0.9921049014203214,0.43919997615275647,0.3393146746830564
2D Turbulence,ph,0.85,0.055,0.2,37,0.9188309617802906,0.2253860269541352,1,0.908589232240269,0.41579849014864567,-0.180801690478555
2D Turbulence,ph,0.85,0.055,0.2,38,0.881855819289587,0.15938944174111025,1,1.0051872088592229,0.35298059971348883,0.7186884538693767
2D Turbulence,ph,0.85,0.055,0.2,39,0.9306425730817971,0.186029680851289,1,1.0030609844984015,0.4020107860395554,0.1558418917916021
2D Turbulence,ph,0.85,0.055,0.2,40,0.8823057834188258,0.21160039421685956,1,1.036065805909107,0.4131150649045847,0.2506021171074797
2D Turbulence,ph,0.85,0.055,0.2,41,0.8395923324819718,0.18894760991167237,1,0.9743863876125802,0.36025064676289736,0.25336451474727173
2D Turbulence,ph,0.85,0.055,0.2,42,0.9109752615023997,0.15432187694314928,1,0.9434983707003203,0.3476089173623548,0.16934178499595412
2D Turbulence,ph,0.85,0.055,0.2,43,1.0158442469778581,0.16211241462454518,1,1.044374653619665,0.417987625089971,0.4430098458699566
2D Turbulence,ph,0.85,0.055,0.2,44,0.9223064180516117,0.2024260089411491,1,0.9178373375677567,0.39754953284470973,-0.07468020538050175
2D Turbulence,ph,0.85,0.055,0.2,45,0.9903077150336471,0.17149367555707878,1,1.0637413885320859,0.4229726102234738,0.1552089712214763
2D Turbulence,ph,0.85,0.055,0.2,46,1.002908016146445,0.14129719323312598,1,1.006501942726271,0.3782118908917349,0.3640988211431269
2D Turbulence,ph,0.85,0.055,0.2,47,0.9042026486539227,0.17302806357008133,1,1.0394749290479286,0.3834697039160331,0.7114376301257992
2D Turbulence,ph,0.85,0.055,0.2,48,0.7837907258828845,0.21451257367053658,1,0.9876195044197766,0.3607624488617766,0.5254350021901414
2D Turbulence,ph,0.85,0.055,0.2,49,0.8201332287327848,0.1973850555846256,1,0.8004484011449764,0.3259929538314429,0.6256170886529416
2D Turbulence,ph,0.85,0.055,0.2,50,0.9243424614171651,0.188191044252891,1,0.9873861321672056,0.39845189013117943,0.011223251729994735
2D Turbulence,ph,0.85,0.055,0.2,51,1.0153610663036345,0.17867238848746075,1,1.065704990658148,0.44306528934152817,0.4382873710892462
2D Turbulence,ph,0.85,0.055,0.2,52,0.8402783979218641,0.1505343470163396,1,1.0278898650357933,0.3305325942162727,0.7612172744063628
2D Turbulence,ph,0.85,0.055,0.2,53,0.9669450049615765,0.18454401830170764,1,1.1285964950186584,0.44128697523934385,-0.09801468144878318
2D Turbulence,ph,0.85,0.055,0.2,54,0.8796401236827128,0.17092590951262068,1,1.023780279047384,0.36796995565950963,0.2689209297795146
2D Turbulence,ph,0.85,0.055,0.2,55,0.9131206114887014,0.16300544153892688,1,1.0488752609578156,0.377564469383465,0.4490074618198935
2D Turbulence,ph,0.85,0.055,0.2,56,0.872505661544927,0.18355394554954682,1,0.971644506101377,0.36847142637014935,0.67242179034645
2D Turbulence,ph,0.85,0.055,0.2,57,0.8848402691488819,0.18495570047281665,1,1.0630794568192796,0.3923571783859989,0.3389605773531419
2D Turbulence,ph,0.85,0.055,0.2,58,0.9936075171653845,0.1807163670880374,1,0.9749174547850556,0.4170590361763691,0.4317458634510716
2D Turbulence,ph,0.85,0.055,0.2,59,0.8399969175055286,0.2219798195715922,1,1.0411493769362623,0.40382291662172004,0.5966903334579199
2D Turbulence,ph,0.85,0.055,0.2,60,0.8333189049887644,0.19561135316834105,1,0.9534612106296655,0.35988171210817665,0.5531683519461368
2D Turbulence,ph,0.85,0.055,0.2,61,0.8674898843500375,0.14876136033834966,1,1.1012885710161646,0.3511236285502393,0.5942903868999236
2D Turbulence,ph,0.85,0.055,0.2,62,0.820703501050385,0.19211769068575882,1,1.1540524996201498,0.3864406001516584,0.16609658862838117
2D Turbulence,ph,0.85,0.055,0.2,63,0.8470098167744865,0.18994119229890188,1,0.9588902498179588,0.36147850298703194,0.44850686491064196
2D Turbulence,ph,0.85,0.055,0.2,64,0.9016020697470019,0.1591146355745762,1,0.8212326519366236,0.3259140390263927,0.6085161516127846
2D Turbulence,ph,0.85,0.055,0.2,65,0.8965567411924165,0.1679289418054368,1,0.986040030116851,0.364827720068819,0.4058090241494534
2D Turbulence,ph,0.85,0.055,0.2,66,0.9527337195529824,0.16569839759310123,1,1.0148588310804925,0.39069109105014027,0.21959155836256325
2D Turbulence,ph,0.85,0.055,0.2,67,0.8347082650271926,0.1587149295078736,1,1.002353622366052,0.3329308857100437,0.6860424096391264
2D Turbulence,ph,0.85,0.055,0.2,68,0.9176885655198205,0.18287388824381925,1,0.9483023735427323,0.3821594371422004,0.21303557585706195
2D Turbulence,ph,0.85,0.055,0.2,69,0.8536158773085286,0.21654811499323656,1,0.966728661219172,0.39056379814461484,0.25599316790895565
2D Turbulence,ph,0.85,0.055,0.2,70,0.9114237197196923,0.19907734787880346,1,1.005558089862119,0.4077883667707151,-0.22750317764267372
2D Turbulence,ph,0.85,0.055,0.2,71,1.0730253564260879,0.20794831022941668,1,1.0495911478992233,0.5013000665604402,0.16068678566412
2D Turbulence,ph,0.85,0.055,0.2,72,0.9180752200568512,0.166998220099488,1,1.079696517006293,0.3898387778033749,0.42362164738087116
2D Turbulence,ph,0.85,0.055,0.2,73,0.8788134048028521,0.19219899737248483,1,1.1000586736370028,0.40409191054225296,0.8277510984021018
2D Turbulence,ph,0.85,0.055,0.2,74,0.8456837481732915,0.19949934493287472,1,0.8567519951590976,0.34962806280888903,0.8203310862976991
2D Turbulence,ph,0.85,0.055,0.2,75,0.9315895240056602,0.20857663448246988,1,0.8953462723087245,0.4025806890009445,-0.13856758139198305
2D Turbulence,ph,0.85,0.055,0.2,76,0.9004378913063107,0.2272210175558737,1,1.0377901218798313,0.43725298074473445,0.1971267668064699
2D Turbulence,ph,0.85,0.055,0.2,77,0.9580110992788204,0.16402375958896076,1,0.868341735657758,0.36155074390803876,0.7047735918368787
2D Turbulence,ph,0.85,0.055,0.2,78,0.9118506726812233,0.15802177139974136,1,1.0049168654042582,0.3633684808762262,0.3170407926362747
2D Turbulence,ph,0.85,0.055,0.2,79,0.9028645646959317,0.19723153670788057,1,1.0491162841675035,0.4106980129324563,0.5946519972138072
2D Turbulence,ph,0.85,0.055,0.2,80,0.9169305034285148,0.22329487176086021,1,0.9683604403748068,0.4263775352716477,0.23649146895679737
2D Turbulence,ph,0.85,0.055,0.2,81,0.8453092846954842,0.20615245315772535,1,0.9555476533959901,0.37517688041018393,0.45285039053273834
2D Turbulence,ph,0.85,0.055,0.2,82,0.8902440892351173,0.15154810089910115,1,1.1295946685772114,0.3683372701153382,0.6997280568494963
2D Turbulence,ph,0.85,0.055,0.2,83,0.9968777766685031,0.17010266504842006,1,1.062362383267164,0.4237735198218102,0.3968005814761022
2D Turbulence,ph,0.85,0.055,0.2,84,1.0114369477880265,0.19234489203284216,1,0.9678331907289638,0.43639463117742994,0.21536298444391916
2D Turbulence,ph,0.85,0.055,0.2,85,0.9483280842270868,0.16243241334407024,1,0.9795608471670544,0.3782776389327347,0.647744971855386
2D Turbulence,ph,0.85,0.055,0.2,86,1.018832836547089,0.18693617720379035,1,1.0133280224471815,0.4434295578079401,0.45056838158677254
2D Turbulence,ph,0.85,0.055,0.2,87,0.9189459024815708,0.19397000044565982,1,1.1553160308467827,0.43501840205765563,0.4017811805682304
2D Turbulence,ph,0.85,0.055,0.2,88,1.0383455027799597,0.18468264937782972,1,0.9291674409955951,0.4301321708642903,0.4986682275173141
2D Turbulence,ph,0.85,0.055,0.2,89,0.9790094485007914,0.17401310993925537,1,1.0738666470014522,0.4232071969322038,0.23329337668719285
2D Turbulence,ph,0.85,0.055,0.2,90,0.8938493619277019,0.22901400002991004,1,1.079468908040143,0.4444269836925035,0.4333197923050526
2D Turbulence,ph,0.85,0.055,0.2,91,1.0173359659962022,0.18256436998810663,1,0.9904949897887153,0.4326119894669459,0.3997969509243281
2D Turbulence,ph,0.85,0.055,0.2,92,0.9253803343814442,0.16173386238974607,1,1.0590082913971015,0.38297500027697123,0.645634397337111
2D Turbulence,ph,0.85,0.055,0.2,93,0.8178008766048815,0.1915108046365007,1,1.0112845082471495,0.3598992067424418,0.24979090308042529
2D Turbulence,ph,0.85,0.055,0.2,94,0.8143910908636398,0.1672036368349455,1,1.1120698552875528,0.35117363906184,-0.01906117923654746
2D Turbulence,ph,0.85,0.055,0.2,95,0.9071114951402011,0.1804299359723915,1,0.9551170915995644,0.3765678825703022,0.5084140949644961
2D Turbulence,ph,0.85,0.055,0.2,96,0.95544594502963,0.1923493254372095,1,1.2,0.45903106598759225,0.32686631427882884
2D Turbulence,ph,0.85,0.055,0.2,97,0.9492833736050514,0.1567304169228343,1,1.0978891889470104,0.3937782940088842,0.40996205189134566
2D Turbulence,ph,0.85,0.055,0.2,98,0.9471878908865013,0.1743778475355903,1,0.9721311934911533,0.3899817043845704,0.6664979350540814
2D Turbulence,ph,0.85,0.055,0.2,99,0.9556974885467874,0.21080508312129276,1,1.0049335862332536,0.43987538981052704,-0.2571427141425593
2D Turbulence,ph,0.85,0.055,0.2,100,1.0393784686088348,0.16236764371590254,1,0.9727022034678998,0.41306025598798196,0.013042598505636535
2D Turbulence,ph,0.85,0.055,0.2,101,0.9061197765029998,0.15338775422071957,1,1.0491982604014043,0.36350445229053324,0.4282129067781465
2D Turbulence,ph,0.85,0.055,0.2,102,0.8644846668024152,0.18458715288041103,1,1.1923092444583754,0.4055575454257354,0.1719463199882968
2D Turbulence,ph,0.85,0.055,0.2,103,0.8532164051081991,0.15813160263218554,1,0.9090058882947352,0.32348331248472983,0.3578590378057336
2D Turbulence,ph,0.85,0.055,0.2,104,0.8864685261508488,0.2057562588375256,1,1.0018860575697313,0.4024843651893725,0.3263564064898
2D Turbulence,ph,0.85,0.055,0.2,105,0.9174366708503919,0.21264683114824842,1,1.150299530433849,0.4537441347138311,0.9652888152966903
2D Turbulence,ph,0.85,0.055,0.2,106,0.9241631706177054,0.18121934881813007,1,1.0409714909596475,0.4013935206671632,0.6797318468173109
2D Turbulence,ph,0.85,0.055,0.2,107,0.9456058306371089,0.19927531840266663,1,0.9807340184459472,0.4180348773335182,-0.2755647765060991
2D Turbulence,ph,0.85,0.055,0.2,108,0.9621145436474944,0.18975775967404343,1,0.972040847789077,0.413208084103741,0.647201080891535
2D Turbulence,ph,0.85,0.055,0.2,109,0.858049048510629,0.1439026841901721,1,0.9012605413597714,0.30900943513940876,0.29748170756949666
2D Turbulence,ph,0.85,0.055,0.2,110,0.8162450885896843,0.1796052983256468,1,1.0361670327755763,0.3521235230514362,0.10199590528985131
2D Turbulence,ph,0.85,0.055,0.2,111,0.9056025233639464,0.17709545252077766,1,1.1927571401797974,0.41621462958214167,-0.17732771099732514
2D Turbulence,ph,0.85,0.055,0.2,112,0.8926739748274753,0.14921621363954993,1,0.9941476685167107,0.3438161955756874,0.3901724664220425
2D Turbulence,ph,0.85,0.055,0.2,113,1.0484856985961575,0.15882172531926517,1,0.956364461886065,0.40862899599552577,0.5069640997902997
2D Turbulence,ph,0.85,0.055,0.2,114,0.9195291978287596,0.16216917382118928,1,1.0100001473162898,0.372143462953985,0.6006301764772394
2D Turbulence,ph,0.85,0.055,0.2,115,0.9977258118878934,0.18881973480482472,1,0.9877397089128443,0.43087982165889965,0.447593182243441
2D Turbulence,ph,0.85,0.055,0.2,116,1.0950533777089981,0.2179492482359962,1,1.0090009086549039,0.5135216468658754,0.4512073035353872
2D Turbulence,ph,0.85,0.055,0.2,117,0.8742276297362453,0.15855560324378315,1,1.0361882458715916,0.3543518104830585,0.633097240494402
2D Turbulence,ph,0.85,0.055,0.2,118,1.142490405811569,0.18953451067014657,1,0.9850128905153424,0.49364832517399226,0.07850758373948508
2D Turbulence,ph,0.85,0.055,0.2,119,0.8599388168135287,0.19364363958548644,1,0.9642353333285064,0.37158715441149426,0.43075700908755543
2D Turbulence,ph,0.85,0.055,0.2,120,1.058317888092814,0.17963470820185054,1,1.0321565749966513,0.45570527412618733,-0.1907395825681906
2D Turbulence,ph,0.85,0.055,0.2,121,0.9084736128213026,0.17533464045975344,1,0.9628849980317291,0.3732788566528695,0.14659049698222493
2D Turbulence,ph,0.85,0.055,0.2,122,0.8523033312375408,0.16922357069038318,1,1.15703666757273,0.3771361596621153,0.6030764942297574
2D Turbulence,ph,0.85,0.055,0.2,123,0.911940477115009,0.14824423501654913,1,1.1522450146296266,0.37690145858805696,0.5635405362504557
2D Turbulence,ph,0.85,0.055,0.2,124,0.8877565236462412,0.16969440729148283,1,0.9199827615083431,0.3507659932190443,0.11938507710669176
2D Turbulence,ph,0.85,0.055,0.2,125,0.9567978865643322,0.1801764914322319,1,0.9102668795597766,0.3874838807884772,0.24719513953816893
2D Turbulence,ph,0.85,0.055,0.2,126,1.0751309597297234,0.17824032367565779,1,1.0519347186061525,0.46554186671840947,0.8968796248210165
2D Turbulence,ph,0.85,0.055,0.2,127,0.8913980153875931,0.14742702392387752,1,0.9834684897665513,0.33942235080091937,0.6077047611301292
2D Turbulence,ph,0.85,0.055,0.2,128,1.0373991211210924,0.22097338405917533,1,0.9842476318179353,0.48380243328228417,-0.1318840103610029
2D Turbulence,ph,0.85,0.055,0.2,129,1.004205411396382,0.1933978882738453,1,0.9797608808677486,0.4371278419224934,0.3318825499366781
2D Turbulence,ph,0.85,0.055,0.2,130,0.867622368973892,0.1944050533968863,1,0.8912738580671223,0.3611520626379834,0.6032913702168079
2D Turbulence,ph,0.85,0.055,0.2,131,0.9181636312028676,0.20203310078744302,1,1.0862646011949246,0.4301294358708765,0.35268572112372376
2D Turbulence,ph,0.85,0.055,0.2,132,1.0018878458549307,0.2023985517777856,1,0.9373749340673156,0.4363947090601674,-0.19663732528575856
2D Turbulence,ph,0.85,0.055,0.2,133,0.9383064235736231,0.19130202182224684,1,0.9670948134086033,0.4035886986483029,0.23308800724858467
2D Turbulence,ph,0.85,0.055,0.2,134,0.8399091287038196,0.18486160998537463,1,0.831540930385673,0.3293043613118163,0.7707988365118135
2D Turbulence,ph,0.85,0.055,0.2,135,0.9555636566971608,0.17702756758249955,1,0.9846890918138015,0.39896025996128504,0.3324080884823633
2D Turbulence,ph,0.85,0.055,0.2,136,0.8838976901678759,0.16506406464196383,1,0.8781167065548758,0.33651496829416255,0.5697196601087147
2D Turbulence,ph,0.85,0.055,0.2,137,0.8009221466196014,0.17899545612056886,1,0.9830147000977987,0.33596289276596963,0.24844575790018908
2D Turbulence,ph,0.85,0.055,0.2,138,0.902978501378453,0.17167781764583384,1,0.9978449425277476,0.37373694625734444,0.7488657662218727
2D Turbulence,ph,0.85,0.055,0.2,139,0.8729511257199983,0.21682311080867783,1,0.8492317598397603,0.37458969759175526,0.5232889297790407
2D Turbulence,ph,0.85,0.055,0.2,140,0.9257829559944752,0.1741960464107087,1,0.9384473426558457,0.3743115967325917,0.4900976308192014
2D Turbulence,ph,0.85,0.055,0.2,141,0.9497313356577056,0.2183034891642857,1,0.9230496504148986,0.426327784327761,0.4527200636719111
2D Turbulence,ph,0.85,0.055,0.2,142,0.9279281608288563,0.1733813104148481,1,0.9754815233559241,0.3816146329848749,0.22056505553489503
2D Turbulence,ph,0.85,0.055,0.2,143,0.8848471292027474,0.1923002031048113,1,0.9848295020145635,0.38506907586517297,0.35736714890399096
2D Turbulence,ph,0.85,0.055,0.2,144,0.918881939490095,0.15537364969096507,1,0.9725642781476903,0.3571967973445525,0.18306638869275538
2D Turbulence,ph,0.85,0.055,0.2,145,0.8159587259505702,0.23488695350429725,1,0.9421219228049621,0.38384085111859306,0.8889044920767813
2D Turbulence,ph,0.85,0.055,0.2,146,0.7915778473949924,0.18170415151631836,1,0.9307733296504267,0.32553524988456173,0.46949971890703546
2D Turbulence,ph,0.85,0.055,0.2,147,0.9563778978665577,0.15743491561951387,1,0.9765562865280045,0.37499778183343324,0.5191106530347214
2D Turbulence,ph,0.85,0.055,0.2,148,1.0407902574654604,0.20173439464923837,1,1.0407840805209374,0.47690679834526495,0.2288857012245985
2D Turbulence,ph,0.85,0.055,0.2,149,1.0224766974724289,0.16271126061561872,1,0.9400168354331412,0.3998803282053776,-0.1577279733624944
2D Turbulence,ph,0.85,0.055,0.2,150,0.945529314008089,0.24979524429124217,1,1.0556184842405958,0.48553503586620905,-0.02996737440196795
2D Turbulence,ph,0.85,0.055,0.2,151,0.958795526084608,0.1695068797551898,1,0.971154150378931,0.38901267227847763,0.40400808118524395
2D Turbulence,ph,0.85,0.055,0.2,152,1.0393393743037358,0.163051704946837,1,1.100044881291464,0.4401748803332691,0.16830014316065062
2D Turbulence,ph,0.85,0.055,0.2,153,0.9260059359740456,0.18022663726545798,1,1.0621586653260542,0.40515197348756665,0.21186730753537564
2D Turbulence,ph,0.85,0.055,0.2,154,0.9365639865267824,0.18664723705900715,1,1.0644187614672873,0.41745003046262097,0.9015221019272011
2D Turbulence,ph,0.85,0.055,0.2,155,0.8887295006434581,0.2188466752804314,1,0.9812114061280475,0.41183273786277025,0.564768465131957
2D Turbulence,ph,0.85,0.055,0.2,156,0.907613236403886,0.22588115225152824,1,0.9951495514885469,0.430313522539576,-0.043337382809903555
2D Turbulence,ph,0.85,0.055,0.2,157,0.8553278668531048,0.24256383070279133,1,0.8874427140486234,0.3968403345742049,0.48088325506144497
2D Turbulence,ph,0.85,0.055,0.2,158,0.9945140542347259,0.26645822745738323,1,1.0544641359667821,0.5271587247990944,0.677293702373919
2D Turbulence,ph,0.85,0.055,0.2,159,0.7866098602209997,0.173994904876688,1,0.983241764146192,0.3253552433935018,0.16978950416749394
2D Turbulence,ph,0.85,0.055,0.2,160,0.9446080588816559,0.1682933935240878,1,1.0589895666788611,0.3987778439918782,0.056862330989571996
2D Turbulence,ph,0.85,0.055,0.2,161,0.8882687287013961,0.2124211311521426,1,0.8875879116767197,0.38569936256570103,0.20052621682500082
2D Turbulence,ph,0.85,0.055,0.2,162,1.0311044431325367,0.18465622701485812,1,0.9502914160953001,0.4319296727176821,0.6218092969276402
2D Turbulence,ph,0.85,0.055,0.2,163,0.8271549467423498,0.19100365819935186,1,1.069587323564088,0.37386588466990284,0.8617921658712282
2D Turbulence,ph,0.85,0.055,0.2,164,0.8761185821318127,0.16473448780103264,1,0.9554473459511558,0.3475830067918589,0.18189285903499275
2D Turbulence,ph,0.85,0.055,0.2,165,0.8143159646411902,0.1850664025797506,1,0.8,0.31332982360072054,0.7069508957438502
2D Turbulence,ph,0.85,0.055,0.2,166,0.8289461100990432,0.17746047201805265,1,1.0114920738703155,0.3512031124458158,0.888480011989059
2D Turbulence,ph,0.85,0.055,0.2,167,0.9104949537209633,0.25146581126633955,1,1.0958227275889205,0.47795517556066014,0.4917045154494978
2D Turbulence,ph,0.85,0.055,0.2,168,0.9576825582506879,0.19083981643258,1,0.9621595627202876,0.41037379763427284,0.2746213521478696
2D Turbulence,ph,0.85,0.055,0.2,169,0.9129290154015258,0.2365230472236147,1,0.9516553030794068,0.43312532633593803,0.5268545514106767
2D Turbulence,ph,0.85,0.055,0.2,170,1.0208990531320286,0.18350906077729687,1,1.0914900760307287,0.4569003102327983,0.188759206132868
2D Turbulence,ph,0.85,0.055,0.2,171,0.7708389249711773,0.21663884200110997,1,1.0153287686716996,0.3615223453213473,0.4104696691408161
2D Turbulence,ph,0.85,0.055,0.2,172,0.9575160778002462,0.18865518062846726,1,1.003399988092972,0.4165982954609166,0.7955048506632842
2D Turbulence,ph,0.85,0.055,0.2,173,0.8920814870174625,0.18374894597281236,1,0.8171893195800081,0.3456832177984739,1.0224971936996294
2D Turbulence,ph,0.85,0.055,0.2,174,0.88785004707927,0.22788522909552358,1,1.0639224274869017,0.4371723560392601,0.1861748014715015
2D Turbulence,ph,0.85,0.055,0.2,175,0.9571568550174431,0.1431610328888126,1,1.0148166803505105,0.3648289759066743,-0.05676888303281638
2D Turbulence,ph,0.85,0.055,0.2,176,1.0896490252637634,0.22028503914332437,1,1.0289548053634519,0.5187729057827429,0.2036279155807387
2D Turbulence,ph,0.85,0.055,0.2,177,0.9512457573645973,0.20917242506901848,1,1.050227507073914,0.4458478154146269,0.2458170402804542
2D Turbulence,ph,0.85,0.055,0.2,178,0.9657332520377211,0.1710439533344197,1,0.8891906157232752,0.37662442659170403,0.831305574592621
2D Turbulence,ph,0.85,0.055,0.2,179,0.8436507873934834,0.14417437281564158,1,0.866382673521015,0.29816841094255525,0.5597350316933865
2D Turbulence,ph,0.85,0.055,0.2,180,0.9470977298425313,0.16867040620401208,1,1.047420631863034,0.3980840739167142,-0.13966579898256917
2D Turbulence,ph,0.85,0.055,0.2,181,0.9703061414504575,0.1573417820094993,1,0.9096445733230101,0.3670850341996878,0.4497251771710286
2D Turbulence,ph,0.85,0.055,0.2,182,1.0261651921100812,0.17676474320051844,1,0.8575129920454116,0.39951717749187715,0.1674493511420691
2D Turbulence,ph,0.85,0.055,0.2,183,0.9945086959683683,0.1661755041089982,1,0.9906022410899464,0.4034983289652153,0.9799471926151869
2D Turbulence,ph,0.85,0.055,0.2,184,0.9418628508560655,0.15240933735594925,1,0.9435957180114778,0.35717942668569647,0.9724742041876252
2D Turbulence,ph,0.85,0.055,0.2,185,1.0248139655075776,0.1688329843936604,1,0.9582902056817083,0.41221349775606253,-0.17684475324629453
2D Turbulence,ph,0.85,0.055,0.2,186,0.9930956778838104,0.17179234058315937,1,1.109181304558337,0.43350514936810164,0.26606951112700905
2D Turbulence,ph,0.85,0.055,0.2,187,1.0735394300565293,0.1867622646289971,1,1.030649203225934,0.47099684925900376,0.5140616737619788
2D Turbulence,ph,0.85,0.055,0.2,188,0.9213045970924739,0.15062779512273825,1,1.1435465001143064,0.38236903253837956,0.30302321343975536
2D Turbulence,ph,0.85,0.055,0.2,189,0.9842498676444039,0.20124918879461332,1,0.9658087600539655,0.43392832943984305,0.7806790727602801
2D Turbulence,ph,0.85,0.055,0.2,190,0.8466823422391784,0.17213344606304598,1,0.9977019664838875,0.3508759070245885,0.42889940818733796
2D Turbulence,ph,0.85,0.055,0.2,191,0.9840772401131164,0.23659560718814288,1,0.9820229229624056,0.47434392043423235,0.584250221316089
2D Turbulence,ph,0.85,0.055,0.2,192,0.936778724510893,0.19273975047550984,1,1.083061252756657,0.4280053271167607,0.39151283494924316
2D Turbulence,ph,0.85,0.055,0.2,193,0.9987787747717075,0.17189747229374885,1,0.9430459672071174,0.40213371027098,0.13537769559830534
2D Turbulence,ph,0.85,0.055,0.2,194,0.9768690800501626,0.17727724357071073,1,0.9643568634122633,0.4039073410278285,0.19865487699643047
2D Turbulence,ph,0.85,0.055,0.2,195,0.8871799711028973,0.20148636220016444,1,1.0437321572048337,0.40684509898034255,-0.2617980613623576
2D Turbulence,ph,0.85,0.055,0.2,196,0.9403195754162433,0.15867192367836486,1,0.9854673530744165,0.37183189629456126,0.4538512922539949
2D Turbulence,ph,0.85,0.055,0.2,197,1.0705648529006422,0.16069462739945461,1,1.0166439191761625,0.4327111572095978,0.31331552201694
2D Turbulence,ph,0.85,0.055,0.2,198,0.9714762911942142,0.17217968903318773,1,1.0038513108172615,0.4038851272497502,0.11990403668956477
2D Turbulence,ph,0.85,0.055,0.2,199,0.9323781090632145,0.18686896037511705,1,1.154962247348322,0.4331562122238008,0.3844821074212029
2D Turbulence,ph,0.85,0.055,0.2,200,0.97181306739705,0.17643883303608301,1,1.052814698008113,0.4188473697142804,0.0007978276113108501
2D Turbulence,ph,0.85,0.055,0.2,201,0.9675437988396904,0.17452600328857987,1,0.9956324421153864,0.4033204333588065,0.33247522766735244
2D Turbulence,ph,0.85,0.055,0.2,202,0.9595936031891963,0.15858285220454948,1,1.0254186951291497,0.38695999795942804,0.6208094705415796
2D Turbulence,ph,0.85,0.055,0.2,203,0.9242681002912764,0.19239122111890106,1,1.0781522853949848,0.420950125915237,-0.024675782797704063
2D Turbulence,ph,0.85,0.055,0.2,204,0.7412174534455618,0.15817648223185224,1,1.0554367016635469,0.30285356454529677,0.7278825717479039
2D Turbulence,ph,0.85,0.055,0.2,205,0.9706612297846392,0.16537587753636365,1,1.0302977717929664,0.4006684486585779,0.07451082475672983
2D Turbulence,ph,0.85,0.055,0.2,206,0.8887816679689657,0.1684289393461114,1,0.914612533898565,0.3488365795728855,0.6010883270034573
2D Turbulence,ph,0.85,0.055,0.2,207,0.8912953676467588,0.16938770228648334,1,0.914109797312084,0.3507209991157715,0.984107309066498
2D Turbulence,ph,0.85,0.055,0.2,208,0.9280978964844541,0.18874541070219172,1,0.9545348380941439,0.3939380043778392,0.4902156569894805
2D Turbulence,ph,0.85,0.055,0.2,209,0.8570257406599605,0.17161609204686082,1,0.8555477154829031,0.3283938295238911,0.5987345367118159
2D Turbulence,ph,0.85,0.055,0.2,210,0.9763434730511366,0.18820776709591602,1,0.9918094271334656,0.42182810736727877,0.8562578972550654
2D Turbulence,ph,0.85,0.055,0.2,211,0.9901163097703778,0.1895808068894392,1,1.03459670650905,0.43849933995452256,0.3710317180042776
2D Turbulence,ph,0.85,0.055,0.2,212,1.0238904528720614,0.19310649759577372,1,1.1226837795679998,0.476738977902926,0.5879932090293245
2D Turbulence,ph,0.85,0.055,0.2,213,1.0537128582794788,0.16146465642142388,1,1.0209964606729145,0.42783187152002944,0.08265881220269736
2D Turbulence,ph,0.85,0.055,0.2,214,0.8447502331214253,0.21769051037873144,1,1.013404240618474,0.3967705483833972,0.03354067647228037
2D Turbulence,ph,0.85,0.055,0.2,215,0.7497648900789532,0.19234076776325645,1,1.0849908814684763,0.34251044201655156,0.5024263316120925
2D Turbulence,ph,0.85,0.055,0.2,216,0.8994059996117305,0.1856712820091562,1,1.0340943595148782,0.3941016316728513,0.5956398398074547
2D Turbulence,ph,0.85,0.055,0.2,217,1.006318312905796,0.15191298661552413,1,0.9763684993031114,0.38756067773318253,0.3842413161280509
2D Turbulence,ph,0.85,0.055,0.2,218,0.9134250677847746,0.18028647444809737,1,1.1193954399780228,0.4103422786957686,0.49939008901262805
2D Turbulence,ph,0.85,0.055,0.2,219,0.9404881894568224,0.1759425330657604,1,0.9870746881709351,0.39193475268886174,0.30885560793448985
2D Turbulence,ph,0.85,0.055,0.2,220,0.868634260795058,0.1471257760292223,1,0.9355223240608359,0.3222614937825045,0.7022141538935189
2D Turbulence,ph,0.85,0.055,0.2,221,0.9397416057711548,0.2025630778469091,1,1.1178663167211726,0.44718119673167345,0.5227459929776205
2D Turbulence,ph,0.85,0.055,0.2,222,0.911610893920331,0.15295889954590106,1,0.9997671393608485,0.3564891453995623,0.29383685085057487
2D Turbulence,ph,0.85,0.055,0.2,223,0.9233924166513892,0.19900622464612852,1,1.0312562379500099,0.4183145091531266,0.8394551258800715
2D Turbulence,ph,0.85,0.055,0.2,224,1.0467553332596695,0.17096620094386952,1,0.9297330698270471,0.41732985297141906,0.21098503242063665
2D Turbulence,ph,0.85,0.055,0.2,225,0.8992750621539911,0.2333199294907986,1,0.987602963379934,0.4316777462557345,0.6080581881978343
2D Turbulence,ph,0.85,0.055,0.2,226,1.037622766157699,0.18481445814453915,1,0.9338147448909058,0.4310601017882537,0.38663751893588316
2D Turbulence,ph,0.85,0.055,0.2,227,0.9812020213250576,0.2004644016878383,1,1.07366212747556,0.4552090443409174,-0.0843734574573647
2D Turbulence,ph,0.85,0.055,0.2,228,0.926473410012887,0.15757941253558133,1,1.0119524527701673,0.3699667987419541,0.5467072615946155
2D Turbulence,ph,0.85,0.055,0.2,229,0.9389497805352739,0.16874764082932744,1,0.8919063604750321,0.3642678565432616,0.9834419649150721
2D Turbulence,ph,0.85,0.055,0.2,230,0.8947558404008215,0.1830449736877977,1,1.0132126671213713,0.38533082397885876,0.3380234989634563
2D Turbulence,ph,0.85,0.055,0.2,231,0.992631729875708,0.16651098573153103,1,0.982906001377598,0.40157400574999946,-0.03174313420568517
2D Turbulence,ph,0.85,0.055,0.2,232,0.8684521019771583,0.17160118045496578,1,1.032085821410324,0.36548024898852516,0.31655232866642197
2D Turbulence,ph,0.85,0.055,0.2,233,1.0020451666632,0.1942768470351549,1,0.9085478468650829,0.4209899444416068,0.17198047691565166
2D Turbulence,ph,0.85,0.055,0.2,234,0.787100531829911,0.2249538493187717,1,1.0096936759798594,0.3751213117755544,0.7840748461770585
2D Turbulence,ph,0.85,0.055,0.2,235,0.9509144159479217,0.2258807856401682,1,0.8,0.40422769919747936,-0.09776518471272991
2D Turbulence,ph,0.85,0.055,0.2,236,0.9357413959630012,0.1886470778519939,1,1.0445211930352045,0.41537419417016297,0.7356810665609402
2D Turbulence,ph,0.85,0.055,0.2,237,0.8841366787568448,0.19226515018887264,1,1.0775306016266832,0.4024245805205779,0.5549127767880723
2D Turbulence,ph,0.85,0.055,0.2,238,0.9830249551915322,0.23636201578483795,1,0.910293467215975,0.455978219691698,0.7563017792299043
2D Turbulence,ph,0.85,0.055,0.2,239,0.904272914996505,0.1889269812104607,1,0.9512432295882026,0.3833472083215457,0.4660859025680551
2D Turbulence,ph,0.85,0.055,0.2,240,1.0593486817328035,0.213745641077186,1,0.9093072880955557,0.46702797964015363,0.15353345610509658
2D Turbulence,ph,0.85,0.055,0.2,241,0.8878222116671881,0.18365330249200668,1,0.9811633302041959,0.3768738736578057,0.8427936793128833
2D Turbulence,ph,0.85,0.055,0.2,242,0.9599013927840703,0.20910208663170138,1,0.9223137566541895,0.42154617048673565,0.35177169788488016
2D Turbulence,ph,0.85,0.055,0.2,243,0.8828412046992741,0.16561017197365252,1,0.9039362265959291,0.34158201385751213,0.4006066470219244
2D Turbulence,ph,0.85,0.055,0.2,244,0.9511824023921651,0.1958105297752932,1,1.0137716646075614,0.4237911686829649,-0.19198583802658592
2D Turbulence,ph,0.85,0.055,0.2,245,0.9121393682143919,0.18801198424593477,1,0.942323508945029,0.38393170704025975,-0.0947000303782774
2D Turbulence,ph,0.85,0.055,0.2,246,1.0975249715163822,0.1625054174367037,1,1.0990495099676905,0.46382799828165905,-0.02115840565924551
2D Turbulence,ph,0.85,0.055,0.2,247,1.0114056009868715,0.18551099459048043,1,0.9781108026795943,0.4308282858681971,0.3358466006529887
2D Turbulence,ph,0.85,0.055,0.2,248,0.8969969303420636,0.23585570530467562,1,0.9684754826358147,0.42870491769671487,0.30214186967616485
2D Turbulence,ph,0.85,0.055,0.2,249,0.8739491767766255,0.2108994279479288,1,0.9615952629040362,0.3935682322279118,0.5993281761245529
2D Turbulence,ph,0.85,0.055,0.2,250,0.966057215514813,0.2109111855696735,1,0.9427834766294456,0.4307830792543298,0.374157241283967
2D Turbulence,ph,0.85,0.055,0.2,251,0.8398135610645219,0.1884120842752043,1,1.088163096075324,0.3802631633935106,0.03593896364315555
2D Turbulence,ph,0.85,0.055,0.2,252,0.8517504625619283,0.20706681902506002,1,1.0574319577477669,0.3985601281230702,0.9006197712200219
2D Turbulence,ph,0.85,0.055,0.2,253,0.9293741303670906,0.15014714653803035,1,0.9561616083445844,0.3521395233355836,0.39157250222713813
2D Turbulence,ph,0.85,0.055,0.2,254,0.8693436066576763,0.18623678611511016,1,1.1522694032101441,0.4027181598569621,0.5847883618645071
2D Turbulence,ph,0.85,0.055,0.2,255,0.8806988665629972,0.2052835587799304,1,0.9839165471390179,0.39580716680603917,0.07736417664292052
2D Turbulence,ph,0.85,0.055,0.2,256,1.0545108875442306,0.19006966090899474,1,0.9485275672497361,0.44774675469644687,0.5307849228069907
2D Turbulence,ph,0.85,0.055,0.2,257,0.9431059421574529,0.1764411416562902,1,1.0112059258310018,0.398364118584597,0.23157965356049956
2D Turbulence,ph,0.85,0.055,0.2,258,0.9626623312253415,0.1858615916072165,1,1.0161791871971997,0.41836365842538825,0.08576045601128084
2D Turbulence,ph,0.85,0.055,0.2,259,0.909485643921877,0.17467282121238026,1,0.944129981062851,0.36933835458535025,0.7776779200150736
2D Turbulence,ph,0.85,0.055,0.2,260,0.8977443687569955,0.19463117799385796,1,0.973058264356094,0.39068642206401216,0.9371691898444892
2D Turbulence,ph,0.85,0.055,0.2,261,0.9416811705913328,0.15712588471524716,1,0.9198902775890078,0.3580105039812532,0.8276215799330938
2D Turbulence,ph,0.85,0.055,0.2,262,0.7471569411918354,0.19918763956455435,1,0.9286923596346086,0.32135048841834335,0.56422243798982
2D Turbulence,ph,0.85,0.055,0.2,263,1.0280338455831184,0.2131416356127684,1,1.0911685028939024,0.4957782506961434,-0.46321781851842536
2D Turbulence,ph,0.85,0.055,0.2,264,1.085209480533685,0.17696179888246816,1,0.972376612692192,0.45016382648604364,0.3727771529192704
2D Turbulence,ph,0.85,0.055,0.2,265,0.9435386774414507,0.19517780218335956,1,0.8711221020432569,0.3890580766185991,0.765108683281685
2D Turbulence,ph,0.85,0.055,0.2,266,0.9613785446205185,0.21907331180759596,1,1.111573393376701,0.47441480543347486,0.2395949079588435
2D Turbulence,ph,0.85,0.055,0.2,267,0.8332875379586039,0.15388761653846247,1,0.8883720038453182,0.30810174309221594,0.5549888127699807
2D Turbulence,ph,0.85,0.055,0.2,268,0.8329229219632038,0.2111458191721965,1,0.8701128631057913,0.3570128530859454,0.7863539630548237
2D Turbulence,ph,0.85,0.055,0.2,269,1.0971237691106288,0.17606823485677334,1,0.826823461914828,0.4186031818156361,0.4001739875186655
2D Turbulence,ph,0.85,0.055,0.2,270,0.9266214707679536,0.20474812565589307,1,1.0175740624113843,0.4229561465124225,0.41578585675705765
2D Turbulence,ph,0.85,0.055,0.2,271,0.9674923118083668,0.18032591917836666,1,0.9322629701241725,0.39668503501862923,0.5269021086832424
2D Turbulence,ph,0.85,0.055,0.2,272,1.0373192979750447,0.1735440323317082,1,1.078586972501308,0.4487917705991667,0.005362559059695182
2D Turbulence,ph,0.85,0.055,0.2,273,0.9917345816184604,0.17784485608821252,1,0.8194543185356199,0.3785981483684034,0.45632032274752066
2D Turbulence,ph,0.85,0.055,0.2,274,0.8444617845123382,0.16362621093705795,1,1.0539711182012401,0.3506879090030775,0.1033544233424545
2D Turbulence,ph,0.85,0.055,0.2,275,0.8915297861749468,0.1828625151363675,1,0.9518660298287844,0.37195133006787917,0.30672954773473105
2D Turbulence,ph,0.85,0.055,0.2,276,0.8918958613907616,0.19210286903919116,1,0.9674608399054941,0.38450126392383055,0.7666338001653977
2D Turbulence,ph,0.85,0.055,0.2,277,0.978274037620371,0.181297295740464,1,0.9282550419212433,0.4013191183047996,0.3868956711998798
2D Turbulence,ph,0.85,0.055,0.2,278,0.8131759671679815,0.1686039493450804,1,0.9877864020300312,0.33185619410581574,0.8224431047059259
2D Turbulence,ph,0.85,0.055,0.2,279,0.9708232648382176,0.14182116632682187,1,1.095355910804801,0.38263820419911093,0.8338704849647894
2D Turbulence,ph,0.85,0.055,0.2,280,0.8857181817982579,0.18107426306913152,1,0.8623162699057523,0.34999127123951795,1.0043309099582742
2D Turbulence,ph,0.85,0.055,0.2,281,0.8131142339649828,0.1575846605161686,1,1.1964494016758336,0.3530658414632692,0.45470775476105874
2D Turbulence,ph,0.85,0.055,0.2,282,1.059829323556665,0.20300876136578708,1,0.9941240033829155,0.47611690547108254,0.3805918330262683
2D Turbulence,ph,0.85,0.055,0.2,283,1.0161903495092026,0.16888099980679744,1,0.9705819814532827,0.41141637584375784,0.05933184560971158
2D Turbulence,ph,0.85,0.055,0.2,284,0.9213382628345349,0.13937795530071415,1,1.0104485653779611,0.3457588124973179,0.5528163076977359
2D Turbulence,ph,0.85,0.055,0.2,285,0.8537861936044778,0.2245511147067739,1,0.9105483762573119,0.38606305891162823,0.518920491326537
2D Turbulence,ph,0.85,0.055,0.2,286,0.9340954156033453,0.1613068851853009,1,1.052759715465168,0.384930498568575,0.5161103129543503
2D Turbulence,ph,0.85,0.055,0.2,287,1.0136685542248332,0.23491055168549596,1,0.8894172707350829,0.4633402361747533,0.4453703892095535
2D Turbulence,ph,0.85,0.055,0.2,288,0.9841596516401375,0.1903895723740264,1,1.0723014976834413,0.44467794650204595,0.3382303019989529
2D Turbulence,ph,0.85,0.055,0.2,289,0.9353703500409627,0.22714409983809375,1,1.1051794188884931,0.4686522687199088,0.16994671999476577
2D Turbulence,ph,0.85,0.055,0.2,290,1.054307426208256,0.15782064944806853,1,1.0664908081202564,0.4325414552126785,0.14650754540011493
2D Turbulence,ph,0.85,0.055,0.2,291,1.0829381365924773,0.20177897759743477,1,0.9681987233798133,0.47865638821915857,0.4943310759891355
2D Turbulence,ph,0.85,0.055,0.2,292,0.9204978211404616,0.19354218579375998,1,1.1577012544263463,0.4357213469819474,0.21560647118170267
2D Turbulence,ph,0.85,0.055,0.2,293,0.9023174245493625,0.17177609642747366,1,1.0647437563198396,0.38588976485588816,0.46668732507503324
2D Turbulence,ph,0.85,0.055,0.2,294,0.8953058176438623,0.15894360430588494,1,1.1735108977862465,0.38666645662785487,0.8184918844516335
2D Turbulence,ph,0.85,0.055,0.2,295,0.7814137330829531,0.16982345599635584,1,1.0374744517698502,0.32799602637755954,0.487703625022534
2D Turbulence,ph,0.85,0.055,0.2,296,0.9341585324326283,0.16801619171000973,1,0.9896154663763521,0.3809161536360557,0.6207531921792018
2D Turbulence,ph,0.85,0.055,0.2,297,0.8936772565184399,0.22930809792906914,1,0.9281922819686143,0.41229624359643424,0.8738595296019105
2D Turbulence,ph,0.85,0.055,0.2,298,1.0933645615952805,0.17267444801351242,1,1.0322406594594358,0.46160394563954216,0.5420682492633577
2D Turbulence,ph,0.85,0.055,0.2,299,0.984253607240082,0.18247685740887296,1,0.9727182880041335,0.41467175249646815,-0.2901080271721117
2D Turbulence,ph,0.85,0.055,0.2,300,0.9196321989631352,0.19004282327409247,1,1.0584972625119844,0.41246279005862035,0.4313417595585652
2D Turbulence,ph,0.85,0.055,0.2,301,0.9428240617026906,0.17542864954058943,1,1.053261698703984,0.4052742991744215,0.6819735873112116
2D Turbulence,ph,0.85,0.055,0.2,302,0.9224465610680408,0.17394121038402233,1,0.9414867562695591,0.3732927606711658,0.5201164907798217
2D Turbulence,ph,0.85,0.055,0.2,303,0.9576502726033006,0.17292277457206592,1,1.0564204341171537,0.4093091287875406,0.011207618928490377
2D Turbulence,ph,0.85,0.055,0.2,304,0.971739945799279,0.15085439458608804,1,1.0595078667472653,0.38849115177662114,0.7011950541991695
2D Turbulence,ph,0.85,0.055,0.2,305,0.9209712776483265,0.17535854039101537,1,0.9214028662097465,0.37019822019916293,0.341776003960526
2D Turbulence,ph,0.85,0.055,0.2,306,1.0135350217536854,0.16440315565571012,1,1.027353003245286,0.4165370932574733,0.8636392532352745
2D Turbulence,ph,0.85,0.055,0.2,307,0.9378961497306564,0.18508197575995425,1,1.0207165365376472,0.4076518258738676,0.38722027875395615
2D Turbulence,ph,0.85,0.055,0.2,308,0.8021505943988906,0.18385385452882996,1,1.0326542763674151,0.34951816631563315,0.1261503825032349
2D Turbulence,ph,0.85,0.055,0.2,309,0.9420126846831957,0.1683972396296756,1,1.0786991681613556,0.40148969880214735,0.40403688692898565
2D Turbulence,ph,0.85,0.055,0.2,310,0.8746349529854781,0.16914647331705665,1,1.105860566871549,0.378275739294767,0.5490280242087979
2D Turbulence,ph,0.85,0.055,0.2,311,0.8508999953570762,0.15839446621214343,1,0.956615532840264,0.331220522403255,0.27786251279647567
2D Turbulence,ph,0.85,0.055,0.2,312,1.0223003201881409,0.1886547537028335,1,1.0440196519961857,0.45369783841259265,0.19719222281874446
2D Turbulence,ph,0.85,0.055,0.2,313,1.1846734764675457,0.18132246881907857,1,0.970406434517323,0.4969369736266167,-0.026108747819818062
2D Turbulence,ph,0.85,0.055,0.2,314,0.8851233757539071,0.18253043107399536,1,1.0608442262524131,0.38949084918870935,0.5029816158569065
2D Turbulence,ph,0.85,0.055,0.2,315,0.8446054593271844,0.16903362882273887,1,0.8246001337873207,0.31532771392150305,0.4212587168196419
2D Turbulence,ph,0.85,0.055,0.2,316,0.9448035181982325,0.15315225744083824,1,1.0474561709432917,0.37841743092537383,0.33155832099754373
2D Turbulence,ph,0.85,0.055,0.2,317,0.8944998768611854,0.18362050374997263,1,0.8540362628617311,0.3542248524851437,0.5978905699562256
2D Turbulence,ph,0.85,0.055,0.2,318,0.946992427683238,0.18426644222462663,1,1.023742317037323,0.4113059190238276,0.2997188060314597
2D Turbulence,ph,0.85,0.055,0.2,319,0.9378252917100814,0.1982226537611911,1,0.9301105021835784,0.40268537596964293,-0.08493003096785852
2D Turbulence,ph,0.85,0.055,0.2,320,0.9003507930020815,0.18672821940392886,1,1.005854329809444,0.3901973128454011,-0.05041279481051668
2D Turbulence,ph,0.85,0.055,0.2,321,0.8896352185894542,0.1624717330836759,1,0.928171222710334,0.34547364607708897,0.3554994517597432
2D Turbulence,ph,0.85,0.055,0.2,322,0.9447438556725225,0.1589007136613417,1,1.0938807767496368,0.3938782458625209,0.48864648311912984
2D Turbulence,ph,0.85,0.055,0.2,323,0.9501145479665967,0.18533756415920125,1,1.0909687480689323,0.4272320729736401,0.17797784288487886
2D Turbulence,ph,0.85,0.055,0.2,324,0.9282315851534712,0.20723296457386634,1,0.9237084830021767,0.40611892517460285,0.3963981504337335
2D Turbulence,ph,0.85,0.055,0.2,325,0.9829508348654612,0.22585944047939627,1,1.0581525408329409,0.480535037829774,0.5603277708793266
2D Turbulence,ph,0.85,0.055,0.2,326,0.9612959703594502,0.2018337208970981,1,0.9203657425100153,0.4143183874672146,0.10182717055426097
2D Turbulence,ph,0.85,0.055,0.2,327,0.8877161373013155,0.18974665554967554,1,0.9990367868579424,0.38650215504613744,0.25092878605130775
2D Turbulence,ph,0.85,0.055,0.2,328,0.9058142545393143,0.15776254803922812,1,1.1391776991280465,0.3840049688821993,0.2520612511328769
2D Turbulence,ph,0.85,0.055,0.2,329,0.9483119086798208,0.19611375164938724,1,0.9648211812684966,0.4125044546490165,0.2048338337322374
2D Turbulence,ph,0.85,0.055,0.2,330,0.9296002432298777,0.18624729998348927,1,1.0933899636434221,0.41949690693768327,0.3901123798338717
2D Turbulence,ph,0.85,0.055,0.2,331,0.872819072742961,0.1938180118189299,1,1.1458110734359896,0.41131808248818025,0.7935084120598457
2D Turbulence,ph,0.85,0.055,0.2,332,0.8723265930790367,0.16976787079397926,1,0.849293310502226,0.33123461445948515,0.4595356274513964
2D Turbulence,ph,0.85,0.055,0.2,333,0.9453355366585222,0.17361902688763936,1,0.9341596485445931,0.38071079801347746,0.6834599962909268
2D Turbulence,ph,0.85,0.055,0.2,334,0.9262234142975423,0.22653366231617048,1,1.0502602954784126,0.451783746245627,0.3584575119845066
2D Turbulence,ph,0.85,0.055,0.2,335,0.8840129406460373,0.2100464893911626,1,0.9263118940142105,0.38993745820454057,0.4127015227648757
2D Turbulence,ph,0.85,0.055,0.2,336,0.8754666445041476,0.14246548207894966,1,0.9578265621320293,0.32339840102771494,0.8960906197737366
2D Turbulence,ph,0.85,0.055,0.2,337,0.9018994802200426,0.20056090174253857,1,0.9413143581999855,0.39187595362052435,0.49975357187476105
2D Turbulence,ph,0.85,0.055,0.2,338,1.0357990659162,0.20444121504589363,1,1.0222433442944456,0.47351843056929815,0.43265732846032623
2D Turbulence,ph,0.85,0.055,0.2,339,0.9569975287657506,0.17752138208857138,1,1.2,0.4416993646356531,0.5976728506919637
2D Turbulence,ph,0.85,0.055,0.2,340,0.9388926745510789,0.1672886318062844,1,0.9472367937010688,0.3737476277385525,0.4975645224062217
2D Turbulence,ph,0.85,0.055,0.2,341,1.016026858705102,0.1837463480808983,1,0.9993098570624828,0.43537614786776246,0.589478813763623
2D Turbulence,ph,0.85,0.055,0.2,342,0.8197299079289655,0.18642192106954744,1,1.1139122581095116,0.3735465775791886,0.4667276857649237
2D Turbulence,ph,0.85,0.055,0.2,343,0.8151390071026386,0.20786681873512453,1,0.9617788158992084,0.3644700651115058,0.3626707522271879
2D Turbulence,ph,0.85,0.055,0.2,344,1.0102978483329201,0.16910930761172166,1,1.0021987576005325,0.4159202962567376,0.4887236916422609
2D Turbulence,ph,0.85,0.055,0.2,345,0.8682472115407504,0.20206668947032502,1,0.9805947765055628,0.3864875852827642,0.596077239819512
2D Turbulence,ph,0.85,0.055,0.2,346,1.0050635123446672,0.1974516799084778,1,0.9787828946297221,0.44184211461633893,0.7578473483555391
2D Turbulence,ph,0.85,0.055,0.2,347,0.8278281456677644,0.15685816306888611,1,0.9799557597656792,0.32456148770000104,0.23833761147559396
2D Turbulence,ph,0.85,0.055,0.2,348,0.8866923332695423,0.2002808781095047,1,1.0133605731554336,0.39946128837396405,0.178658673844816
2D Turbulence,ph,0.85,0.055,0.2,349,0.8531670841752714,0.14728453856785284,1,1.007614168985141,0.32866980252470346,0.9234084149861151
2D Turbulence,ph,0.85,0.055,0.2,350,0.8732976121532935,0.17404757582823036,1,1.1294335744003106,0.38719220808187677,1.0061639760600902
2D Turbulence,ph,0.85,0.055,0.2,351,0.7954692273413223,0.17819520397735855,1,1.1855001605856186,0.3656134784636486,-0.07725866677143223
2D Turbulence,ph,0.85,0.055,0.2,352,0.7690914393843161,0.1772280346126946,1,0.9364387584154642,0.3133169413572645,0.4595810091847531
2D Turbulence,ph,0.85,0.055,0.2,353,1.009027782621527,0.13115705208043846,1,1.011366315643561,0.3674964855547946,0.31997788925400666
2D Turbulence,ph,0.85,0.055,0.2,354,0.8768414741724193,0.19982353146586349,1,0.9582109347573255,0.38368512264949883,0.5841882922203608
2D Turbulence,ph,0.85,0.055,0.2,355,1.0005046238542832,0.18101335772248947,1,0.8995590142684838,0.40372834570917293,0.5505001730644177
2D Turbulence,ph,0.85,0.055,0.2,356,0.905301268823406,0.16970033887497504,1,0.974743659959333,0.3681965317953423,0.23858237599895943
2D Turbulence,ph,0.85,0.055,0.2,357,1.096929681581532,0.22850022502002212,1,1.1235857109681455,0.5558085303772272,0.8430598736942115
2D Turbulence,ph,0.85,0.055,0.2,358,0.9573442638910582,0.18352969627102406,1,1.001843378526862,0.41050762512065003,0.06030666877194085
2D Turbulence,ph,0.85,0.055,0.2,359,0.8727017042049049,0.18759762332449356,1,0.8587094917079083,0.3502697414115612,0.6223415819668116
2D Turbulence,ph,0.85,0.055,0.2,360,0.8239028556879328,0.17313919011619475,1,0.8455666422798123,0.3152445737192213,0.6761254328130969
2D Turbulence,ph,0.85,0.055,0.2,361,0.8531358684227797,0.192474310523176,1,0.8839334577782058,0.3518960354894708,0.4815684724035821
2D Turbulence,ph,0.85,0.055,0.2,362,0.8156279360269323,0.19503737824562578,1,0.8772681457938679,0.33737834044016235,1.0373479688322245
2D Turbulence,ph,0.85,0.055,0.2,363,0.9128931261091155,0.15808767621130995,1,0.9631430664049864,0.35621675743269193,0.2031321528144075
2D Turbulence,ph,0.85,0.055,0.2,364,0.9696421404323068,0.2073578879630844,1,0.9532708585333503,0.431101883554382,-0.013228869660807926
2D Turbulence,ph,0.85,0.055,0.2,365,0.8990984096279769,0.17034827692840715,1,0.9031654198062556,0.35266288218138403,0.31686636706039106
2D Turbulence,ph,0.85,0.055,0.2,366,0.9906888878853131,0.20015898306870403,1,1.0299504731108782,0.44981403842881323,0.7437942076037511
2D Turbulence,ph,0.85,0.055,0.2,367,1.052482266452837,0.22240609185349028,1,1.0781199387640599,0.5153730034454392,0.3847821229734517
2D Turbulence,ph,0.85,0.055,0.2,368,1.0209500209455686,0.17561676725129294,1,1.0564511943846953,0.439756422402493,0.17574193176257527
2D Turbulence,ph,0.85,0.055,0.2,369,0.853623842888231,0.16566047748463233,1,1.078426555216089,0.36080394557652706,0.46998924646868845
2D Turbulence,ph,0.85,0.055,0.2,370,1.014170875560535,0.20905221152841733,1,1.0082267758002836,0.46560499539903966,0.30583735713126814
2D Turbulence,ph,0.85,0.055,0.2,371,0.9685018550992277,0.16549931602179827,1,0.9075410769819269,0.37534592401678607,0.375152264099673
2D Turbulence,ph,0.85,0.055,0.2,372,0.8420562211336166,0.17447215699146812,1,1.064854426680475,0.362952067159833,0.442392212119216
2D Turbulence,ph,0.85,0.055,0.2,373,0.9678121827705704,0.20009171967227768,1,1.0612602976201269,0.4459812513185433,0.7622338542342797
2D Turbulence,ph,0.85,0.055,0.2,374,0.9164917353552556,0.17151335316971533,1,1.0147660984106628,0.38234947368197847,0.3813747714533637
2D Turbulence,ph,0.85,0.055,0.2,375,0.8951247895057591,0.17460203882202946,1,0.9154887195976804,0.3578777832840506,0.664885218490012
2D Turbulence,ph,0.85,0.055,0.2,376,0.8293820138640067,0.1896560979327346,1,1.0219840073838398,0.3651405524389178,0.297735494326118
2D Turbulence,ph,0.85,0.055,0.2,377,0.9344394089038011,0.20052302552534795,1,0.9727831389768407,0.4127064797320803,0.607120651926515
2D Turbulence,ph,0.85,0.055,0.2,378,0.9835390368000569,0.1875884181120065,1,1.0683870221785714,0.44031037045046867,0.2877968406090892
2D Turbulence,ph,0.85,0.055,0.2,379,0.8451120915013309,0.21923939072508905,1,0.9699628338949592,0.3897186195562776,-0.1779502962998566
2D Turbulence,ph,0.85,0.055,0.2,380,0.9488099306705069,0.15801684767377153,1,1.0007813565855508,0.3773119165004228,0.9972543336772642
2D Turbulence,ph,0.85,0.055,0.2,381,0.9453321348357694,0.22308117667005467,1,1.0634343261180834,0.46043806675545074,0.06737978082712773
2D Turbulence,ph,0.85,0.055,0.2,382,0.9377503562592021,0.19482436209497478,1,0.9506130458359534,0.40356245406615826,0.1318719759520998
2D Turbulence,ph,0.85,0.055,0.2,383,0.9268278705581252,0.1848369554471676,1,1.1029263039911275,0.41847231870308355,0.6036608794777911
2D Turbulence,ph,0.85,0.055,0.2,384,0.8550863778149942,0.21293590723022063,1,0.8898341416562787,0.3722108009785466,0.43092835151527
2D Turbulence,ph,0.85,0.055,0.2,385,0.9693136674530333,0.14868446161812418,1,0.9370853680555487,0.3618151160824943,0.15779926094857927
2D Turbulence,ph,0.85,0.055,0.2,386,0.8592032851918744,0.18518773440242234,1,1.0348691079089876,0.37613586823781253,0.5465384482156721
2D Turbulence,ph,0.85,0.055,0.2,387,0.9142653197829651,0.18989054012799156,1,1.0159987193845137,0.4015785353832537,0.7443003713344796
2D Turbulence,ph,0.85,0.055,0.2,388,0.8960359567698276,0.21706295399382014,1,0.9334426862066871,0.40333148075474956,0.7102548865273155
2D Turbulence,ph,0.85,0.055,0.2,389,0.8428117318736114,0.17682551665032603,1,0.9956697726923899,0.3536394459668479,1.0440997912579917
2D Turbulence,ph,0.85,0.055,0.2,390,0.869383856904512,0.15854651389341595,1,1.1003759650556872,0.363128610848155,0.3957295185984975
2D Turbulence,ph,0.85,0.055,0.2,391,0.9359767247176399,0.150021778831706,1,0.9009518370390409,0.34410659167672764,0.23542347368749017
2D Turbulence,ph,0.85,0.055,0.2,392,0.987444954947827,0.12109152186518983,1,1.0910906328663388,0.35892208143590276,0.47655247945078477
2D Turbulence,ph,0.85,0.055,0.2,393,0.829240564887746,0.19727097154778075,1,1.0069022300067823,0.3695777200018496,0.2774507376751404
2D Turbulence,ph,0.85,0.055,0.2,394,0.9451521813825339,0.1787340141344432,1,0.9076313935442426,0.38068003459937916,0.309274629805461
2D Turbulence,ph,0.85,0.055,0.2,395,0.9566739163198197,0.19062174754103398,1,1.0636967492195224,0.43078351186276703,0.22835691144337322
2D Turbulence,ph,0.85,0.055,0.2,396,0.8885769273908675,0.20023557801989061,1,1.1108931801806765,0.4190846996296979,0.495355485785679
2D Turbulence,ph,0.85,0.055,0.2,397,0.9199320960226581,0.19362771841761187,1,0.9658897901661211,0.3978353070287918,0.20830140101621458
2D Turbulence,ph,0.85,0.055,0.2,398,0.8897570118323538,0.21505883470321585,1,1.0388465989632838,0.4205578797096952,0.1535066005073381
2D Turbulence,ph,0.85,0.055,0.2,399,1.097631811699422,0.19539796591885994,1,1.1078739892784286,0.5106953312608458,0.5487159281621261
TC MultiVortex (strong),lambda_ci,0.85,0.08,0.2,0,11.328034445536101,0.12552235464999384,2,1.1254259943296407,3.010638234814521,3.087263141572827
TC MultiVortex (strong),lambda_ci,0.85,0.08,0.2,1,11.579522503845432,0.0916186593169175,2,0.9599551966009947,2.428248344889635,2.1578989118070218
TC MultiVortex (strong),lambda_ci,0.85,0.08,0.2,2,12.127748011180461,0.12620558914639693,2,1.0920321952235528,3.183627022302854,1.6075695144878597
TC MultiVortex (strong),lambda_ci,0.85,0.08,0.2,3,11.53092376135436,0.0986190233708597,2,0.8412878867023431,2.348560592937862,3.3681011947488657
TC MultiVortex (strong),lambda_ci,0.85,0.08,0.2,4,14.313251118148086,0.11446194260379132,2,1.08252269764031,3.562643404366458,1.6325583634397316
TC MultiVortex (strong),lambda_ci,0.85,0.08,0.2,5,13.700851038218941,0.11689816989115698,2,0.9829826892401481,3.2840468008471557,1.8492921594895784
TC MultiVortex (strong),lambda_ci,0.85,0.08,0.2,6,12.343753899857589,0.13990397098528304,2,0.9978225744547903,3.2611737654861654,2.7866370326306744
TC MultiVortex (strong),lambda_ci,0.85,0.08,0.2,7,15.113380879781856,0.08904626696669844,2,1.0016303715384296,3.191598341154618,3.6180619737552027
TC MultiVortex (strong),lambda_ci,0.85,0.08,0.2,8,12.16312545416958,0.08857780796119905,2,0.9113665691647508,2.4436511072567595,2.333161846990667
TC MultiVortex (strong),lambda_ci,0.85,0.08,0.2,9,12.448024328903845,0.10184109627439648,2,0.9843408733725584,2.7868893306896925,2.809997969734601
TC MultiVortex (strong),lambda_ci,0.85,0.08,0.2,10,13.969450498979016,0.10123880676265554,2,1.1364687157919433,3.3505536526218,1.9002785168710339
TC MultiVortex (strong),lambda_ci,0.85,0.08,0.2,11,12.863359755175704,0.0955583876505181,2,1.0378913565698313,2.8645062380188344,2.7144597883961405
TC MultiVortex (strong),lambda_ci,0.85,0.08,0.2,12,13.253828671670481,0.09798769449833195,2,1.0111474514616345,2.9499820269346806,2.0637958797044047
TC MultiVortex (strong),lambda_ci,0.85,0.08,0.2,13,12.9947776368701,0.12040723840463882,2,1.0612022573792688,3.28457539320913,2.823994928734178
TC MultiVortex (strong),lambda_ci,0.85,0.08,0.2,14,12.966432154705211,0.09973932574165835,2,0.9589348233894468,2.8355235149247964,3.9940207050271797
TC MultiVortex (strong),lambda_ci,0.85,0.08,0.2,15,13.138212299217278,0.1013127356549366,2,1.108354032877731,3.1130962735418746,3.438683767441258
TC MultiVortex (strong),lambda_ci,0.85,0.08,0.2,16,12.645537891110878,0.08020273601311309,2,1.0531013041143156,2.5986750494149984,2.806619545038211
TC MultiVortex (strong),lambda_ci,0.85,0.08,0.2,17,12.588571575897166,0.12054594195114696,2,1.0079623697072948,3.102843794686584,3.207764227029872
TC MultiVortex (strong),lambda_ci,0.85,0.08,0.2,18,12.574791228711055,0.09959602911434066,2,0.9557921666135485,2.743396187786588,2.0425416686505096
TC MultiVortex (strong),lambda_ci,0.85,0.08,0.2,19,12.630218909491761,0.10553905430964505,2,0.9166423229509766,2.7778093281556684,2.5782891541385027
TC MultiVortex (strong),lambda_ci,0.85,0.08,0.2,20,12.411030268208497,0.11070319755124473,2,1.0060395737910954,2.9287375257628363,1.8442750742737595
TC MultiVortex (strong),lambda_ci,0.85,0.08,0.2,21,13.53412312774318,0.09608143573558768,2,1.0834090201861615,3.0876715126342145,2.7996785558890354
TC MultiVortex (strong),lambda_ci,0.85,0.08,0.2,22,12.904437764913052,0.10289948420627142,2,1.0886799570928074,3.0540827658893357,2.9336898867875427
TC MultiVortex (strong),lambda_ci,0.85,0.08,0.2,23,11.91529169193658,0.12028956354774517,2,1.0808119238641565,3.0379366894418993,2.9133133432004574
TC MultiVortex (strong),lambda_ci,0.85,0.08,0.2,24,14.47819047363274,0.09996891218829386,2,1.0333038143973052,3.29037796022892,2.6085601787068633
TC MultiVortex (strong),lambda_ci,0.85,0.08,0.2,25,13.056183569724253,0.11252116950700536,2,1.0779376328644479,3.2152532480519675,2.262171195901784
TC MultiVortex (strong),lambda_ci,0.85,0.08,0.2,26,11.030425810839953,0.07905902366762214,2,1.12178928264651,2.3227830423639504,2.0202705998639523
TC MultiVortex (strong),lambda_ci,0.85,0.08,0.2,27,12.854147849714355,0.08034325045062012,2,1.087632411374563,2.6868539660230795,3.3451592856192023
TC MultiVortex (strong),lambda_ci,0.85,0.08,0.2,28,13.450104315290476,0.10999382515241088,2,0.989708719203348,3.1379679651143877,3.4362712933876156
TC MultiVortex (strong),lambda_ci,0.85,0.08,0.2,29,13.170314317781983,0.09620325084731651,2,0.9806233052047785,2.860402315950865,3.805889504121131
TC MultiVortex (strong),lambda_ci,0.85,0.08,0.2,30,11.236213164232966,0.09105307522649272,2,0.8671726207491071,2.2325698717131854,3.1746402480880054
TC MultiVortex (strong),lambda_ci,0.85,0.08,0.2,31,14.124690340750071,0.12400425814181248,2,1.1950974689851122,3.844889829832006,3.420466538162411
TC MultiVortex (strong),lambda_ci,0.85,0.08,0.2,32,12.196727524940066,0.12125259315725122,2,1.1320144891792059,3.1952131467943063,1.9493002376467161
TC MultiVortex (strong),lambda_ci,0.85,0.08,0.2,33,13.74594067152728,0.09058967135140476,2,0.8527533910614505,2.7015346170542918,3.6706948644268595
TC MultiVortex (strong),lambda_ci,0.85,0.08,0.2,34,11.743228815766276,0.10734128003929387,2,1.047806309926427,2.784815419771334,3.562594739115857
TC MultiVortex (strong),lambda_ci,0.85,0.08,0.2,35,14.860424101345254,0.1089528791992619,2,1.0840743546827136,3.611312716395035,3.380912851853036
TC MultiVortex (strong),lambda_ci,0.85,0.08,0.2,36,13.352194158869763,0.10108135452637497,2,1.1013617397516613,3.1502002404980898,3.4660152501360124
TC MultiVortex (strong),lambda_ci,0.85,0.08,0.2,37,12.213100282476855,0.0856971064840822,2,0.9400809293135756,2.4511880224886693,3.773466771070112
TC MultiVortex (strong),lambda_ci,0.85,0.08,0.2,38,13.532339961075165,0.09790377677794272,2,0.9865733883600973,2.9738723499957453,2.12739427725008
TC MultiVortex (strong),lambda_ci,0.85,0.08,0.2,39,11.118685004760462,0.10587564975425529,2,1.0962828608417226,2.678537835940422,1.961588656440913
TC MultiVortex (strong),lambda_ci,0.85,0.08,0.2,40,12.403143202053284,0.0732758513616715,2,1.0651301009784813,2.450183019249577,3.241905944174555
TC MultiVortex (strong),lambda_ci,0.85,0.08,0.2,41,13.112176531909796,0.11661572527576838,2,1.0261250027634137,3.2072918708932314,2.8968335090731796
TC MultiVortex (strong),lambda_ci,0.85,0.08,0.2,42,11.881956063063642,0.0906574325389519,2,0.8551482426643047,2.339350821532775,3.4838875560006834
TC MultiVortex (strong),lambda_ci,0.85,0.08,0.2,43,13.358956339206982,0.10502488326860607,2,0.9997667943590003,3.0609271287946416,3.9736970151657744
TC MultiVortex (strong),lambda_ci,0.85,0.08,0.2,44,14.392864134136127,0.09765413355786401,2,1.0641841089857405,3.280846625063271,2.714264424776579
TC MultiVortex (strong),lambda_ci,0.85,0.08,0.2,45,11.97460969894126,0.10864757644042734,2,1.0260792577318916,2.8271369374568582,1.8553683184611518
TC MultiVortex (strong),lambda_ci,0.85,0.08,0.2,46,12.553644516940993,0.09161866766762398,2,0.9965630688022519,2.6822497225774344,2.446612960307582
TC MultiVortex (strong),lambda_ci,0.85,0.08,0.2,47,13.00319898457993,0.11554153511794821,2,1.0180627884299362,3.15349073383949,1.8987644160027206
TC MultiVortex (strong),lambda_ci,0.85,0.08,0.2,48,10.948331808493023,0.09276526817553474,2,1.0738681394830902,2.4434369335702653,2.478468604964747
TC MultiVortex (strong),lambda_ci,0.85,0.08,0.2,49,14.535582051030797,0.12564070708857672,2,1.0547600383637057,3.741618022237111,4.296717273990815
TC MultiVortex (strong),lambda_ci,0.85,0.08,0.2,50,13.086332484350738,0.10014990078961092,2,0.8773787800710673,2.7429745450946905,3.7373955106336734
TC MultiVortex (strong),lambda_ci,0.85,0.08,0.2,51,13.196695077411265,0.088818683952138,2,0.9823473949374171,2.7563534066325537,2.7080646523523737
TC MultiVortex (strong),lambda_ci,0.85,0.08,0.2,52,12.047713752954813,0.08512866658852367,2,1.1222848557623315,2.6331712779609098,3.6533845850702584
TC MultiVortex (strong),lambda_ci,0.85,0.08,0.2,53,12.511691247519769,0.08695706688797833,2,0.9640549100997297,2.56155890638922,2.342970041213075
TC MultiVortex (strong),lambda_ci,0.85,0.08,0.2,54,14.434740010899874,0.11310723570384339,2,1.0410802081506296,3.5025251110874924,2.872388675158734
TC MultiVortex (strong),lambda_ci,0.85,0.08,0.2,55,14.72155047416041,0.09307481538441877,2,1.1540580804388594,3.4116814904878727,1.878987504851514
TC MultiVortex (strong),lambda_ci,0.85,0.08,0.2,56,13.040508535490833,0.08401427133912247,2,1.1204234669572504,2.8290925864631484,3.612575388966517
TC MultiVortex (strong),lambda_ci,0.85,0.08,0.2,57,12.898255737684485,0.1017977947098358,2,0.9021052685891064,2.7638456152448105,2.2836461777764683
TC MultiVortex (strong),lambda_ci,0.85,0.08,0.2,58,12.827402150207496,0.09531043451173833,2,1.0135781095535135,2.819178330621487,2.8434597920544182
TC MultiVortex (strong),lambda_ci,0.85,0.08,0.2,59,12.297977203720265,0.11487241224834982,2,1.0945328891822659,3.0834787826405816,3.3031842968963403
TC MultiVortex (strong),lambda_ci,0.85,0.08,0.2,60,11.966420177556076,0.09576648919303193,2,0.9907595928740044,2.606394656375255,2.4186644619624533
TC MultiVortex (strong),lambda_ci,0.85,0.08,0.2,61,11.858537260517974,0.1151103958206785,2,1.047997200339706,2.9124163438795336,2.2527497816679336
TC MultiVortex (strong),lambda_ci,0.85,0.08,0.2,62,13.608905937864309,0.11035966207184543,2,0.8,2.8592912087605877,1.964237222633763
TC MultiVortex (strong),lambda_ci,0.85,0.08,0.2,63,14.484023194271359,0.10093234287395798,2,1.1011481580233309,3.41438326617368,3.958638849293943
TC MultiVortex (strong),lambda_ci,0.85,0.08,0.2,64,11.253006526634325,0.1005404266242013,2,0.9141010979273606,2.412242973729304,3.6399322450252383
TC MultiVortex (strong),lambda_ci,0.85,0.08,0.2,65,13.99406945623605,0.10297915460166378,2,1.0751131141154189,3.2925377884044225,3.625762201855148
TC MultiVortex (strong),lambda_ci,0.85,0.08,0.2,66,12.375929411366553,0.10328682376803111,2,1.0168814675000486,2.8360929037054423,2.072562918681626
TC MultiVortex (strong),lambda_ci,0.85,0.08,0.2,67,12.840094956582726,0.09166483845907711,2,0.8564255271680632,2.543896443819366,2.9534486671184887
TC MultiVortex (strong),lambda_ci,0.85,0.08,0.2,68,11.774435299538826,0.11011642747514183,2,0.9753105136715066,2.728491462586543,2.7246907460579513
TC MultiVortex (strong),lambda_ci,0.85,0.08,0.2,69,12.848260100969211,0.09951407353764868,2,1.0491898191515616,2.9356116870849345,1.9386969357195614
TC MultiVortex (strong),lambda_ci,0.85,0.08,0.2,70,11.78752395460105,0.09618364435356587,2,1.0709027548354175,2.675058121770134,3.7464765686015116
TC MultiVortex (strong),lambda_ci,0.85,0.08,0.2,71,13.748225074064264,0.11485622812063571,2,0.912196446891464,3.146683759646545,3.1817757174019694
TC MultiVortex (strong),lambda_ci,0.85,0.08,0.2,72,12.777647271346972,0.10272532959965973,2,0.9709222425940853,2.853427840230984,3.6630228506746705
TC MultiVortex (strong),lambda_ci,0.85,0.08,0.2,73,14.701412325437406,0.1033048918159588,2,0.9694387264306727,3.2897635649068184,2.122333592568192
TC MultiVortex (strong),lambda_ci,0.85,0.08,0.2,74,12.254075605980141,0.12068427859383454,2,1.0039381165487404,3.016090569895376,3.6991511756529563
TC MultiVortex (strong),lambda_ci,0.85,0.08,0.2,75,14.654269070006166,0.07330797790752727,2,1.0273400769101602,2.8436876965332742,3.3237308576494495
TC MultiVortex (strong),lambda_ci,0.85,0.08,0.2,76,13.32720124359877,0.10848902794772226,2,1.1380632968281266,3.3113117907117475,2.5687912954919554
TC MultiVortex (strong),lambda_ci,0.85,0.08,0.2,77,12.342469616917423,0.11481687337072778,2,1.0705372639906299,3.0597843686312802,2.5461221897344832
TC MultiVortex (strong),lambda_ci,0.85,0.08,0.2,78,12.873511552437737,0.09790210914858608,2,0.9688464007194142,2.8035320052748887,2.948942975394663
TC MultiVortex (strong),lambda_ci,0.85,0.08,0.2,79,12.486792364612363,0.09098928424772477,2,1.0384138297821104,2.7140400272809324,2.599565515349495
TC MultiVortex (strong),lambda_ci,0.85,0.08,0.2,80,13.659242548926718,0.09819534890417522,2,1.0412731079572946,3.088441674645923,1.644686307314883
TC MultiVortex (strong),lambda_ci,0.85,0.08,0.2,81,12.152415908616355,0.09611888446525375,2,1.0969277765130434,2.7902364294158346,3.3113068250535687
TC MultiVortex (strong),lambda_ci,0.85,0.08,0.2,82,12.6355643245263,0.11711693398345578,2,0.9996427396448291,3.057115875915017,3.4753668955197603
TC MultiVortex (strong),lambda_ci,0.85,0.08,0.2,83,10.663130362258292,0.10478181867099336,2,1.1028090723627144,2.5630840736910847,2.6365325685809258
TC MultiVortex (strong),lambda_ci,0.85,0.08,0.2,84,13.736619406557258,0.09807576005950586,2,1.0756988499241462,3.1549396866184694,3.336616066988471
TC MultiVortex (strong),lambda_ci,0.85,0.08,0.2,85,12.485917444902611,0.10070946029821584,2,1.1143622396949058,2.957697739048077,3.322698846150394
TC MultiVortex (strong),lambda_ci,0.85,0.08,0.2,86,13.606599343490952,0.09756718042358543,2,0.95843094179081,2.942164081829323,2.1602197073231237
TC MultiVortex (strong),lambda_ci,0.85,0.08,0.2,87,12.017567208450528,0.0846952180480997,2,0.9092001964650642,2.358092122365149,2.6132584434282013
TC MultiVortex (strong),lambda_ci,0.85,0.08,0.2,88,12.077566820261978,0.10282586522235065,2,1.077607956212199,2.8427982013297206,1.8380226038546053
TC MultiVortex (strong),lambda_ci,0.85,0.08,0.2,89,13.294366988543143,0.08970196951975704,2,1.0798052543452439,2.925676968830147,3.785317048711316
TC MultiVortex (strong),lambda_ci,0.85,0.08,0.2,90,12.696620058221939,0.10992469386480694,2,1.1733476359632613,3.224290098394177,2.2063051450082645
TC MultiVortex (strong),lambda_ci,0.85,0.08,0.2,91,12.798531601344767,0.12708417970164,2,0.8934408370018528,3.0494659739748897,1.6967293824939744
TC MultiVortex (strong),lambda_ci,0.85,0.08,0.2,92,11.805599911468143,0.12479363197281769,2,1.171773875513655,3.1922079958230105,2.1475481310048474
TC MultiVortex (strong),lambda_ci,0.85,0.08,0.2,93,13.59080240551406,0.1008938176578881,2,0.8932671768648229,2.885048153779575,3.9291175630825093
TC MultiVortex (strong),lambda_ci,0.85,0.08,0.2,94,13.05208128963569,0.109917325645217,2,0.8488107777822852,2.8190533274771323,1.965119269722417
TC MultiVortex (strong),lambda_ci,0.85,0.08,0.2,95,12.00782134342179,0.11096978802730677,2,1.026955383302313,2.8663378990255963,3.351588272589877
TC MultiVortex (strong),lambda_ci,0.85,0.08,0.2,96,13.76756430376039,0.11055187099659976,2,1.0090775389675877,3.2515275189177912,4.034795079272017
TC MultiVortex (strong),lambda_ci,0.85,0.08,0.2,97,12.46372336351105,0.10072154708539738,2,1.0025897607221785,2.800629310688399,3.014966218973002
TC MultiVortex (strong),lambda_ci,0.85,0.08,0.2,98,15.2298716803616,0.09797906415151922,2,1.0546460131422104,3.461794212005354,3.866647480167832
TC MultiVortex (strong),lambda_ci,0.85,0.08,0.2,99,14.087777140638593,0.13087772281444626,2,0.9052496918050377,3.428818782705754,3.296319666446517
TC MultiVortex (strong),lambda_ci,0.85,0.08,0.2,100,14.363446350711754,0.11559551150566477,2,0.9101906961593144,3.2944304257928185,3.634172065715536
TC MultiVortex (strong),lambda_ci,0.85,0.08,0.2,101,12.872697318545235,0.10470969392509055,2,0.9301269955727098,2.8406591731425808,3.1316136264122214
TC MultiVortex (strong),lambda_ci,0.85,0.08,0.2,102,13.575882211998236,0.0894972918163546,2,0.9501421332322705,2.7993184000633407,3.647340984704355
TC MultiVortex (strong),lambda_ci,0.85,0.08,0.2,103,13.461177132686881,0.13105317475156802,2,1.0919956851959784,3.600827158286864,3.002849384815906
TC MultiVortex (strong),lambda_ci,0.85,0.08,0.2,104,11.721652175138168,0.10167929407005451,2,0.8888798615695597,2.4917910806447745,2.9092362150674247
TC MultiVortex (strong),lambda_ci,0.85,0.08,0.2,105,11.08961785443394,0.1084394441777361,2,1.042818229910957,2.6369356497104923,3.2403063418956943
TC MultiVortex (strong),lambda_ci,0.85,0.08,0.2,106,10.531179450917938,0.11951338704045397,2,1.045929152530428,2.632821565697671,3.205745524801842
TC MultiVortex (strong),lambda_ci,0.85,0.08,0.2,107,12.82157815550029,0.10009619792433039,2,1.0551972482188838,2.9464705310507076,3.036258038049546
TC MultiVortex (strong),lambda_ci,0.85,0.08,0.2,108,12.739611636733045,0.1276612201652608,2,1.0408095651054696,3.2836459466196013,1.7206570278324191
TC MultiVortex (strong),lambda_ci,0.85,0.08,0.2,109,12.513774567742837,0.11236175329786816,2,0.9833122660215354,2.9412254227678676,3.2244876644112845
TC MultiVortex (strong),lambda_ci,0.85,0.08,0.2,110,12.963289609706475,0.10680272161741146,2,0.9602917789103026,2.9355737199008503,3.168793216784677
TC MultiVortex (strong),lambda_ci,0.85,0.08,0.2,111,13.868060653082184,0.1127429541291034,2,1.0746437527342987,3.4133254495404377,3.0880691934399582
TC MultiVortex (strong),lambda_ci,0.85,0.08,0.2,112,13.092310820994923,0.1018527724758131,2,0.96842802197512,2.907511296286029,2.909308517057286
TC MultiVortex (strong),lambda_ci,0.85,0.08,0.2,113,11.809882066883356,0.10714748964942401,2,0.9416833001616479,2.652613634150968,3.1809718777903853
TC MultiVortex (strong),lambda_ci,0.85,0.08,0.2,114,13.80899307507578,0.07239961437435401,2,1.0125357145290597,2.6437495808637466,3.061688037256432
TC MultiVortex (strong),lambda_ci,0.85,0.08,0.2,115,13.76616181255233,0.08309966940805032,2,1.1720942899867293,3.0379372244450615,3.215808793215516
TC MultiVortex (strong),lambda_ci,0.85,0.08,0.2,116,13.94272382239497,0.12206708917154079,2,0.9278266573533775,3.317915676194419,2.7515524374034306
TC MultiVortex (strong),lambda_ci,0.85,0.08,0.2,117,12.71632963328096,0.11077519654181814,2,1.041939814633782,3.054846275647102,1.9217675109889913
TC MultiVortex (strong),lambda_ci,0.85,0.08,0.2,118,13.26320856874411,0.10444153172810695,2,0.9863286448131513,3.01010080961889,2.3801406928365783
TC MultiVortex (strong),lambda_ci,0.85,0.08,0.2,119,12.138435233094475,0.09495732225137625,2,0.9791752533521483,2.617231578614959,3.5423790426340895
TC MultiVortex (strong),lambda_ci,0.85,0.08,0.2,120,10.68404646679525,0.11510392845606535,2,0.9602733813720773,2.5116741083181813,3.080973106338674
TC MultiVortex (strong),lambda_ci,0.85,0.08,0.2,121,13.665817604966316,0.1073674255588067,2,0.9270206434475871,3.0486080686597066,3.1716904984891925
TC MultiVortex (strong),lambda_ci,0.85,0.08,0.2,122,13.182467376529539,0.09178774319018496,2,0.8764150618119928,2.6438022608695104,1.9791127114973248
TC MultiVortex (strong),lambda_ci,0.85,0.08,0.2,123,13.966504986963447,0.08904726741219587,2,0.8862462017105407,2.774343521749543,3.2605526411169308
TC MultiVortex (strong),lambda_ci,0.85,0.08,0.2,124,11.101277156997217,0.10842139704555019,2,1.0021885190406024,2.587558390208121,3.772950734767856
TC MultiVortex (strong),lambda_ci,0.85,0.08,0.2,125,15.19665820757162,0.07898105836114319,2,0.9968282725945506,3.0151210035356457,2.9312735128754586
TC MultiVortex (strong),lambda_ci,0.85,0.08,0.2,126,13.424463930599218,0.1054302593613472,2,0.9623105267538469,3.0235851957624202,3.120949867412454
TC MultiVortex (strong),lambda_ci,0.85,0.08,0.2,127,14.225740606691371,0.10112651618484285,2,1.0565952054685557,3.288112956814382,3.352172423762851
TC MultiVortex (strong),lambda_ci,0.85,0.08,0.2,128,13.177584486433595,0.11413548060495252,2,1.087276211169921,3.2824724557716127,3.883120184028913
TC MultiVortex (strong),lambda_ci,0.85,0.08,0.2,129,11.910365851995513,0.10142167973474898,2,1.0739800808484457,2.779544407234454,2.841216516149038
TC MultiVortex (strong),lambda_ci,0.85,0.08,0.2,130,12.28299343692823,0.10794859054136334,2,1.0370336531775377,2.9059901313545895,3.460288807811762
TC MultiVortex (strong),lambda_ci,0.85,0.08,0.2,131,13.018579378052976,0.09023305407869495,2,0.890247462526807,2.609076411328227,3.825817217726722
TC MultiVortex (strong),lambda_ci,0.85,0.08,0.2,132,12.525089405507712,0.0909748809299354,2,0.9951837530344728,2.664883472304298,2.7742479154427984
TC MultiVortex (strong),lambda_ci,0.85,0.08,0.2,133,10.685166813455874,0.08986160138335186,2,0.9734200819606446,2.2346192541192202,2.2959070890818394
TC MultiVortex (strong),lambda_ci,0.85,0.08,0.2,134,11.874417176383105,0.11581109251953145,2,0.9968557325423769,2.8529130753829306,3.141050552802709
TC MultiVortex (strong),lambda_ci,0.85,0.08,0.2,135,12.349972345837111,0.11051562833528361,2,0.9829918280796156,2.8783114783369315,3.590521865396717
TC MultiVortex (strong),lambda_ci,0.85,0.08,0.2,136,11.392430145586621,0.10304450819384707,2,0.9216459396657486,2.4825377372094066,3.164559739743387
TC MultiVortex (strong),lambda_ci,0.85,0.08,0.2,137,12.977308261309311,0.10527795858907725,2,0.9571049825117534,2.9128501233881403,1.9889631679855537
TC MultiVortex (strong),lambda_ci,0.85,0.08,0.2,138,12.062721646198476,0.10720570451706843,2,1.0766863711774153,2.8979031302946954,3.133636654738826
TC MultiVortex (strong),lambda_ci,0.85,0.08,0.2,139,11.64844876088994,0.10734078843765527,2,0.8254985901715916,2.451848627933479,3.781826657935406
TC MultiVortex (strong),lambda_ci,0.85,0.08,0.2,140,12.310126928590092,0.0970888504854674,2,1.0282081964976917,2.7502536103024093,2.6001039431593047
TC MultiVortex (strong),lambda_ci,0.85,0.08,0.2,141,13.389339354801471,0.09680850460825863,2,1.1651789699297639,3.179781115202928,2.6485841623651827
TC MultiVortex (strong),lambda_ci,0.85,0.08,0.2,142,12.6575442276048,0.1003729015778217,2,0.9938956108262677,2.8269171562665987,2.813784431967486
TC MultiVortex (strong),lambda_ci,0.85,0.08,0.2,143,11.724611052358515,0.10573371172503014,2,0.9195520366339525,2.585105913091956,3.39210938339095
TC MultiVortex (strong),lambda_ci,0.85,0.08,0.2,144,13.020604626800422,0.07978050032141626,2,1.0122443729532558,2.6164185358984327,3.4140807223306875
TC MultiVortex (strong),lambda_ci,0.85,0.08,0.2,145,13.427409080593751,0.12210686682291404,2,0.9557658787001759,3.243568150847444,2.8306021736125766
TC MultiVortex (strong),lambda_ci,0.85,0.08,0.2,146,13.761935676725018,0.1149798517101544,2,0.9733175012259093,3.255387294525296,3.852350379801271
TC MultiVortex (strong),lambda_ci,0.85,0.08,0.2,147,15.115658895376914,0.09147260064448634,2,0.9104908760415991,3.084575448151727,2.287876371136422
TC MultiVortex (strong),lambda_ci,0.85,0.08,0.2,148,14.259202196354623,0.10358322292434814,2,1.0036906250235105,3.2510591653914913,4.040167759318457
TC MultiVortex (strong),lambda_ci,0.85,0.08,0.2,149,14.375795575549061,0.07915489569108203,2,0.924693954449312,2.7501399203289103,2.7384424979778537
TC MultiVortex (strong),lambda_ci,0.85,0.08,0.2,150,13.438686966091815,0.09973192767654503,2,1.0656114559126333,3.0978357480201058,2.3452756082422854
TC MultiVortex (strong),lambda_ci,0.85,0.08,0.2,151,12.039733244703372,0.09842494162558929,2,0.9614314857074887,2.6188680668818507,3.215979569707103
TC MultiVortex (strong),lambda_ci,0.85,0.08,0.2,152,13.149423561095466,0.09202517128232902,2,0.8096923272789192,2.538078476256276,3.4574285691459012
TC MultiVortex (strong),lambda_ci,0.85,0.08,0.2,153,13.601321974370356,0.1153520343432579,2,0.8581948451640931,3.026019368697274,3.624744765922929
TC MultiVortex (strong),lambda_ci,0.85,0.08,0.2,154,14.085029659085066,0.09435786183389129,2,0.8927278216647871,2.890622297554903,3.595359666152596
TC MultiVortex (strong),lambda_ci,0.85,0.08,0.2,155,12.646446342798308,0.09021025370671455,2,1.1479601818915288,2.877695728750501,2.611406160999573
TC MultiVortex (strong),lambda_ci,0.85,0.08,0.2,156,12.512162349525713,0.0837226814931903,2,0.827002222505407,2.3280498534948273,2.955873717349073
TC MultiVortex (strong),lambda_ci,0.85,0.08,0.2,157,14.237286508301533,0.1018927403880705,2,1.0411633257867774,3.2790140631250075,2.842905686054617
TC MultiVortex (strong),lambda_ci,0.85,0.08,0.2,158,14.031966554670605,0.09472147381630877,2,0.9903121291737126,3.038881852076519,2.5292422132362584
TC MultiVortex (strong),lambda_ci,0.85,0.08,0.2,159,13.452937536367344,0.10278132359353147,2,1.0444434850605409,3.116748101192871,3.3559756335097384
TC MultiVortex (strong),lambda_ci,0.85,0.08,0.2,160,12.326743890167217,0.09832581142040185,2,1.0828871839189287,2.844190958196756,2.610043868710256
TC MultiVortex (strong),lambda_ci,0.85,0.08,0.2,161,11.60123453970334,0.10014065566172765,2,1.0512423453374953,2.661618751981621,3.0093263655162166
TC MultiVortex (strong),lambda_ci,0.85,0.08,0.2,162,12.476704640465057,0.11462887258784855,2,0.9290132084622892,2.8790078645357386,2.2612713073364454
TC MultiVortex (strong),lambda_ci,0.85,0.08,0.2,163,12.820748909601242,0.11008395853368573,2,1.0403734942708245,3.0679978822145335,2.4284056760290715
TC MultiVortex (strong),lambda_ci,0.85,0.08,0.2,164,12.544171292967361,0.10115435875168015,2,0.9202084036941409,2.7062154935003093,2.506948621279849
TC MultiVortex (strong),lambda_ci,0.85,0.08,0.2,165,14.550581485507635,0.09733191065056691,2,1.0800463129210052,3.335908771359763,2.107814714769171
TC MultiVortex (strong),lambda_ci,0.85,0.08,0.2,166,12.287801943258238,0.08751818912678504,2,0.9644925112401486,2.524397819156306,2.88390669559375
TC MultiVortex (strong),lambda_ci,0.85,0.08,0.2,167,11.53867618889834,0.10316595306321144,2,1.0270959283766452,2.655918164127917,3.9781684396346275
TC MultiVortex (strong),lambda_ci,0.85,0.08,0.2,168,12.27027750113722,0.1040179683995524,2,0.99823958958873,2.795831317716777,3.1673700472408335
TC MultiVortex (strong),lambda_ci,0.85,0.08,0.2,169,13.791284293807925,0.09061225738602491,2,0.8877912805942432,2.7659137029249843,2.2742927704779556
TC MultiVortex (strong),lambda_ci,0.85,0.08,0.2,170,13.85613442546598,0.09912094790855096,2,1.0820138044641712,3.2086785739499604,2.420147422194782
TC MultiVortex (strong),lambda_ci,0.85,0.08,0.2,171,14.617533019822185,0.09846699897100564,2,1.0880590659671623,3.3832233743229527,4.123031783950881
TC MultiVortex (strong),lambda_ci,0.85,0.08,0.2,172,13.166550860950071,0.08122076470195849,2,1.0149885350640693,2.6731364549690997,1.9672580624410627
TC MultiVortex (strong),lambda_ci,0.85,0.08,0.2,173,13.367563664584615,0.11276981134356018,2,1.0491363782701768,3.251244745974304,2.7871294427337796
TC MultiVortex (strong),lambda_ci,0.85,0.08,0.2,174,12.186375058318148,0.11842115920305445,2,1.0758175343497776,3.0756966922413196,1.654817681258868
TC MultiVortex (strong),lambda_ci,0.85,0.08,0.2,175,14.543920853954946,0.08694335894765454,2,1.0428064152606493,3.0966103363070543,2.520663856974829
TC MultiVortex (strong),lambda_ci,0.85,0.08,0.2,176,14.21352259215036,0.09415236466408672,2,1.1048530891734258,3.2415640663297602,2.2446175906783843
TC MultiVortex (strong),lambda_ci,0.85,0.08,0.2,177,12.43734615006393,0.0884709359664675,2,0.9615727378032043,2.5650988477516665,2.4544607722654517
TC MultiVortex (strong),lambda_ci,0.85,0.08,0.2,178,13.071708901645044,0.1019414728070549,2,1.2,3.2328342974841973,3.7190067671042706
TC MultiVortex (strong),lambda_ci,0.85,0.08,0.2,179,13.21749511866599,0.10334753228963299,2,1.1116146681730428,3.1678262323090607,2.211137642406759
TC MultiVortex (strong),lambda_ci,0.85,0.08,0.2,180,13.927047914146167,0.10449656615683003,2,1.1173443992436713,3.3650274383773313,1.5578504001189841
TC MultiVortex (strong),lambda_ci,0.85,0.08,0.2,181,12.618292227604151,0.11228342443545775,2,1.1109338962265818,3.1512837998292125,2.9032611287258683
TC MultiVortex (strong),lambda_ci,0.85,0.08,0.2,182,12.223513586206117,0.10175304897488281,2,1.1548563140335402,2.9629120078525872,3.96799249620353
TC MultiVortex (strong),lambda_ci,0.85,0.08,0.2,183,13.342622036800712,0.11319925659076766,2,1.1008654776514768,3.3305434181164117,1.8806878778293514
TC MultiVortex (strong),lambda_ci,0.85,0.08,0.2,184,12.239344324677557,0.12064187012816485,2,1.0105653034457236,3.021860257017762,3.3042154109862216
TC MultiVortex (strong),lambda_ci,0.85,0.08,0.2,185,11.743732011329723,0.12577204567301803,2,0.9480767717407298,2.867510058062631,2.671186528119301
TC MultiVortex (strong),lambda_ci,0.85,0.08,0.2,186,11.168714461351973,0.1055121762228968,2,0.8833150382249036,2.411000456065646,2.6787410853425775
TC MultiVortex (strong),lambda_ci,0.85,0.08,0.2,187,13.645030307041804,0.11600288450576701,2,0.8316044933420763,2.9967624249190115,3.1163631946401957
TC MultiVortex (strong),lambda_ci,0.85,0.08,0.2,188,13.514012050903805,0.09591248675755217,2,0.9928355839774332,2.9488015541088917,2.7411656883560727
TC MultiVortex (strong),lambda_ci,0.85,0.08,0.2,189,12.29680205620056,0.10297381463935466,2,0.9933994031648387,2.781009884020551,2.9731632105541874
TC MultiVortex (strong),lambda_ci,0.85,0.08,0.2,190,12.650051706226005,0.11031042528256771,2,0.9078557351506424,2.830701030683441,2.3217755435011584
TC MultiVortex (strong),lambda_ci,0.85,0.08,0.2,191,12.59234498513465,0.10374527653821672,2,0.9003271542774061,2.7212970835215367,1.9842531405113777
TC MultiVortex (strong),lambda_ci,0.85,0.08,0.2,192,14.22197741451938,0.1010762243239696,2,0.8889394379634182,3.0144326089896167,2.41595802032963
TC MultiVortex (strong),lambda_ci,0.85,0.08,0.2,193,12.670172694949201,0.10655820986564911,2,0.9960230426475883,2.91874186455488,1.7588525488342222
TC MultiVortex (strong),lambda_ci,0.85,0.08,0.2,194,13.560106267309047,0.08167281977844973,2,0.9738082022399632,2.704105206060488,1.9493861282382896
TC MultiVortex (strong),lambda_ci,0.85,0.08,0.2,195,12.714305567756446,0.08469288133273176,2,1.0739022478242655,2.7113368508590874,3.4223733187530843
TC MultiVortex (strong),lambda_ci,0.85,0.08,0.2,196,13.327138258912946,0.10134101911052174,2,0.9773446486736708,2.96577642573063,3.9689314722270552
TC MultiVortex (strong),lambda_ci,0.85,0.08,0.2,197,13.953898419751082,0.09682290768561129,2,1.061399189837653,3.163071401633625,2.976876330426382
TC MultiVortex (strong),lambda_ci,0.85,0.08,0.2,198,13.587389234163002,0.08856360047041507,2,0.9614362712729112,2.8035538482651594,1.9616917306336772
TC MultiVortex (strong),lambda_ci,0.85,0.08,0.2,199,11.522888991111536,0.08415953265325977,2,1.0184382579053215,2.385422934393706,2.0951213454445012
TC MultiVortex (strong),lambda_ci,0.85,0.08,0.2,200,14.158815764907848,0.09861239759184218,2,0.8914009964462545,2.968344135574505,2.460736339603739
TC MultiVortex (strong),lambda_ci,0.85,0.08,0.2,201,13.113184559146015,0.08807443226245697,2,1.0864892499227174,2.8683412513474305,1.7967290828435256
TC MultiVortex (strong),lambda_ci,0.85,0.08,0.2,202,12.12930060510024,0.08927563750818869,2,1.0200015694877291,2.588139385185512,2.7231025389152608
TC MultiVortex (strong),lambda_ci,0.85,0.08,0.2,203,14.327280310785081,0.10326419874629442,2,1.0740034333057995,3.373855551037319,2.1514099472021067
TC MultiVortex (strong),lambda_ci,0.85,0.08,0.2,204,11.284929910725475,0.09898729821105094,2,1.0366992939465958,2.5562304562181852,3.272084633029146
TC MultiVortex (strong),lambda_ci,0.85,0.08,0.2,205,12.898960673648016,0.0940117006766173,2,0.9462795708878191,2.7204478657100233,3.2123283702075196
TC MultiVortex (strong),lambda_ci,0.85,0.08,0.2,206,13.300925859296182,0.1092500481917793,2,1.072478890356361,3.2193787254937027,2.0820948470028537
TC MultiVortex (strong),lambda_ci,0.85,0.08,0.2,207,16.235944363279103,0.09617850330536186,2,0.949317902217427,3.4690247571670674,3.164644342033522
TC MultiVortex (strong),lambda_ci,0.85,0.08,0.2,208,12.663525841341377,0.08411040204312481,2,0.9814506885066867,2.5727568284430316,3.3371253665691367
TC MultiVortex (strong),lambda_ci,0.85,0.08,0.2,209,11.872588829941208,0.08973524262675549,2,0.9730064421084813,2.480674648348194,3.905136856908797
TC MultiVortex (strong),lambda_ci,0.85,0.08,0.2,210,13.185056335144207,0.10228554430758556,2,1.1601897967377162,3.2117271504838305,2.834689499855062
TC MultiVortex (strong),lambda_ci,0.85,0.08,0.2,211,10.961607771080127,0.10097550159524066,2,0.8891536777263301,2.3224997954276367,2.0231036218637137
TC MultiVortex (strong),lambda_ci,0.85,0.08,0.2,212,12.658728788588405,0.10019596599031726,2,1.0340233646454293,2.8811468321444593,2.4021061090580655
TC MultiVortex (strong),lambda_ci,0.85,0.08,0.2,213,10.406698138791324,0.11426125745588601,2,1.001178197196268,2.4888753752664132,3.9074127572409263
TC MultiVortex (strong),lambda_ci,0.85,0.08,0.2,214,12.091012624548677,0.08898033198380738,2,1.0569263931112034,2.621905648624899,3.156551879736182
TC MultiVortex (strong),lambda_ci,0.85,0.08,0.2,215,12.566254755804152,0.09962923012692228,2,0.9566089963346962,2.7431621494929432,2.605135156641606
TC MultiVortex (strong),lambda_ci,0.85,0.08,0.2,216,12.648253580306566,0.13484358720383846,2,0.8903049868735495,3.0988468832641316,3.8776729407232504
TC MultiVortex (strong),lambda_ci,0.85,0.08,0.2,217,12.894737137813516,0.10672655780009076,2,0.9820140820078839,2.9518385800996123,1.7282732059940995
TC MultiVortex (strong),lambda_ci,0.85,0.08,0.2,218,15.020235331110705,0.1020544132852287,2,0.9123371062616463,3.2408229356266167,2.897391604958634
TC MultiVortex (strong),lambda_ci,0.85,0.08,0.2,219,12.49440862280747,0.09636817115066837,2,1.020678382811339,2.7708433550071803,3.715059903626
TC MultiVortex (strong),lambda_ci,0.85,0.08,0.2,220,13.630496070181724,0.09531752595871208,2,0.9632512563022556,2.9204705878225408,3.4190904187843616
TC MultiVortex (strong),lambda_ci,0.85,0.08,0.2,221,15.809887260035321,0.08880317235534699,2,1.0134114003386643,3.3536744964545324,3.520588148115329
TC MultiVortex (strong),lambda_ci,0.85,0.08,0.2,222,14.073147022226602,0.11402719202714952,2,0.8836168602199184,3.1587295176766643,3.1006871609542865
TC MultiVortex (strong),lambda_ci,0.85,0.08,0.2,223,12.403827557272844,0.1070481514507019,2,1.062001707404908,2.9572831965273623,3.058193073140672
TC MultiVortex (strong),lambda_ci,0.85,0.08,0.2,224,13.591798113213656,0.11107035528879575,2,1.0896132121751263,3.343468055104054,1.7056792271724797
TC MultiVortex (strong),lambda_ci,0.85,0.08,0.2,225,14.452337248947329,0.08291906594383754,2,0.894005157049823,2.7824047251988535,2.817449804950009
TC MultiVortex (strong),lambda_ci,0.85,0.08,0.2,226,11.616356570171046,0.09429089520167944,2,0.8433455817515038,2.3162882447620903,3.627291904724317
TC MultiVortex (strong),lambda_ci,0.85,0.08,0.2,227,13.281552776667825,0.10902796680270037,2,0.997000748714543,3.096353618647805,2.7980984911613858
TC MultiVortex (strong),lambda_ci,0.85,0.08,0.2,228,12.21922544265632,0.10793796656335132,2,0.8997150274491408,2.692577937558531,2.8016908434553174
TC MultiVortex (strong),lambda_ci,0.85,0.08,0.2,229,12.05626802617954,0.09864446759784731,2,0.9590968704530348,2.6221981100516167,3.0580063516787384
TC MultiVortex (strong),lambda_ci,0.85,0.08,0.2,230,12.608700711918948,0.12708817409783757,2,0.9347081107482059,3.07288221598611,3.009226428511773
TC MultiVortex (strong),lambda_ci,0.85,0.08,0.2,231,11.93083100587318,0.09548074851495729,2,0.9406896986173341,2.5283476984921953,3.1796474954348835
TC MultiVortex (strong),lambda_ci,0.85,0.08,0.2,232,13.033774814256114,0.0973272668489952,2,0.8952844449021088,2.720526739381093,2.5657841069142266
TC MultiVortex (strong),lambda_ci,0.85,0.08,0.2,233,11.134877869782029,0.10558682469661354,2,0.9463144319180103,2.488817527363205,3.5953582082994107
TC MultiVortex (strong),lambda_ci,0.85,0.08,0.2,234,13.542057725298628,0.09919590901590704,2,1.0002073672752416,3.016209949720539,2.392586388453917
TC MultiVortex (strong),lambda_ci,0.85,0.08,0.2,235,11.370436372430378,0.11076998385806879,2,1.006792433031292,2.6849929644301094,3.170319847116498
TC MultiVortex (strong),lambda_ci,0.85,0.08,0.2,236,11.150188386295563,0.09576851552395207,2,0.9587145888279638,2.389039074604694,3.287369291768829
TC MultiVortex (strong),lambda_ci,0.85,0.08,0.2,237,12.93456417646891,0.1002751448051682,2,1.0759629531233996,3.0042226088337656,2.726225126800824
TC MultiVortex (strong),lambda_ci,0.85,0.08,0.2,238,11.79230025860777,0.10037362083410026,2,1.005082060609621,2.648464080066488,2.896703726085063
TC MultiVortex (strong),lambda_ci,0.85,0.08,0.2,239,13.257092675410217,0.09721468801826509,2,0.8672116767736554,2.7218350120793753,1.928323395564785
TC MultiVortex (strong),lambda_ci,0.85,0.08,0.2,240,13.634424418192935,0.08805777048825204,2,1.012147114083805,2.8782431136178017,3.0734350294495747
TC MultiVortex (strong),lambda_ci,0.85,0.08,0.2,241,13.721061146354185,0.10490887134366703,2,0.9413922112253048,3.0490469348617735,1.884119876708615
TC MultiVortex (strong),lambda_ci,0.85,0.08,0.2,242,12.935733815356302,0.09753269290925055,2,0.9796779562746403,2.8274364226788613,2.848899191270478
TC MultiVortex (strong),lambda_ci,0.85,0.08,0.2,243,13.087226147665934,0.1227257726303924,2,0.9669518091246871,3.187886949850213,1.740399188002669
TC MultiVortex (strong),lambda_ci,0.85,0.08,0.2,244,11.620235342015347,0.11414409974550134,2,1.0586876744707752,2.8563445136506864,3.080995965716188
TC MultiVortex (strong),lambda_ci,0.85,0.08,0.2,245,13.711491212422658,0.11125267810923499,2,0.9846099339871505,3.2089062974171982,2.513697782906051
TC MultiVortex (strong),lambda_ci,0.85,0.08,0.2,246,14.237139791361948,0.09119308210969107,2,0.874043647315111,2.8422040818539993,3.32537634494225
TC MultiVortex (strong),lambda_ci,0.85,0.08,0.2,247,13.178930421514998,0.09271442345668077,2,1.1318251038576612,3.0187592542756674,3.0237401738081955
TC MultiVortex (strong),lambda_ci,0.85,0.08,0.2,248,12.470767726590001,0.11797968396613868,2,1.0723313330912818,3.1365073156545407,2.636053126876053
TC MultiVortex (strong),lambda_ci,0.85,0.08,0.2,249,13.153474171614608,0.12371084264318473,2,0.9560338589836908,3.1986446687119687,1.849180844479131
TC MultiVortex (strong),lambda_ci,0.85,0.08,0.2,250,12.164153578183067,0.11422143824091072,2,0.9986028036696496,2.904939550877116,2.5799486748874747
TC MultiVortex (strong),lambda_ci,0.85,0.08,0.2,251,13.126936796380766,0.12185905848966959,2,0.8018347078612709,2.9014810004102647,3.4734172341307956
TC MultiVortex (strong),lambda_ci,0.85,0.08,0.2,252,12.088433415485655,0.10723244058328968,2,1.0508683057013224,2.869407750643375,3.709015861316799
TC MultiVortex (strong),lambda_ci,0.85,0.08,0.2,253,14.370977588469307,0.07383798526027407,2,1.076678393288892,2.8651953137557875,2.1331395751864153
TC MultiVortex (strong),lambda_ci,0.85,0.08,0.2,254,14.596889098909454,0.10291023470760685,2,0.9726753374976301,3.2655666125736267,1.5742545527615275
TC MultiVortex (strong),lambda_ci,0.85,0.08,0.2,255,12.261304498307007,0.10075855734080166,2,1.020252788362398,2.779819170034839,2.752313430004146
TC MultiVortex (strong),lambda_ci,0.85,0.08,0.2,256,13.687744079033214,0.10277255138103591,2,1.0433927001289398,3.169416721099918,3.431859658246379
TC MultiVortex (strong),lambda_ci,0.85,0.08,0.2,257,11.03820555986989,0.11442549250011352,2,0.9440160737767158,2.5652787841451343,3.439245265941822
TC MultiVortex (strong),lambda_ci,0.85,0.08,0.2,258,12.456557734843226,0.10355410226922927,2,0.8587046926514399,2.626567822853929,2.536803266455488
TC MultiVortex (strong),lambda_ci,0.85,0.08,0.2,259,11.411564519918787,0.09503480279044339,2,0.9175749603062406,2.3828258777920874,2.343742919689471
TC MultiVortex (strong),lambda_ci,0.85,0.08,0.2,260,11.506267933079318,0.09627389847811545,2,0.9315542457635523,2.4365640873620307,3.698711307112661
TC MultiVortex (strong),lambda_ci,0.85,0.08,0.2,261,15.21729355027858,0.1137772295079615,2,0.9858996109910867,3.6038478348644545,4.014177949414421
TC MultiVortex (strong),lambda_ci,0.85,0.08,0.2,262,13.601637129699059,0.09635561852960864,2,0.8477292693229117,2.7488009827987234,2.794133005671926
TC MultiVortex (strong),lambda_ci,0.85,0.08,0.2,263,14.188529392123911,0.09051578999385561,2,0.9717594385720482,2.9755273274759677,2.4489690115661715
TC MultiVortex (strong),lambda_ci,0.85,0.08,0.2,264,13.807744125218488,0.10589938848921492,2,1.033660947710606,3.230304877017828,3.159818368681334
TC MultiVortex (strong),lambda_ci,0.85,0.08,0.2,265,13.300123739890209,0.09596145063193315,2,0.9483711143388023,2.837123524350772,3.9902078098496094
TC MultiVortex (strong),lambda_ci,0.85,0.08,0.2,266,12.252203069107152,0.09389388538555721,2,0.886804698829667,2.4999529582104234,3.6503763437842456
TC MultiVortex (strong),lambda_ci,0.85,0.08,0.2,267,13.448182029937154,0.11335318925675074,2,1.1301215559833908,3.403517847789908,1.7700082274107287
TC MultiVortex (strong),lambda_ci,0.85,0.08,0.2,268,12.839694396958802,0.10771686670682912,2,0.8941113622986334,2.817587112430827,1.9903430787466851
TC MultiVortex (strong),lambda_ci,0.85,0.08,0.2,269,12.303085834332085,0.08645854289893293,2,0.9061319013436753,2.4349986364445697,2.6317424983506568
TC MultiVortex (strong),lambda_ci,0.85,0.08,0.2,270,12.249057631369952,0.09803024145675134,2,0.9884641482881378,2.696175620257387,3.1009841930950968
TC MultiVortex (strong),lambda_ci,0.85,0.08,0.2,271,12.317035981326207,0.08721725119687886,2,0.8335132682132133,2.348273453333404,3.447141063702002
TC MultiVortex (strong),lambda_ci,0.85,0.08,0.2,272,11.485208614390306,0.11567054681862635,2,0.9778644488133326,2.731332756195686,3.1841929433285197
TC MultiVortex (strong),lambda_ci,0.85,0.08,0.2,273,13.684627111172514,0.08988932732513959,2,1.0123689002074712,2.9190493206418426,2.565979092727585
TC MultiVortex (strong),lambda_ci,0.85,0.08,0.2,274,13.529582483023471,0.10690035705672199,2,0.930277453155717,3.016929921671765,2.2489498300802144
TC MultiVortex (strong),lambda_ci,0.85,0.08,0.2,275,12.895131480763004,0.09367042730081616,2,1.0384548593197058,2.8438444557004217,2.7365442360358876
TC MultiVortex (strong),lambda_ci,0.85,0.08,0.2,276,12.780844042146398,0.10571980572704014,2,0.9488262060453463,2.862305936811877,3.97376237045738
TC MultiVortex (strong),lambda_ci,0.85,0.08,0.2,277,11.937924809109672,0.11268848074563484,2,1.0133050629878573,2.852487234601576,3.2345736817611654
TC MultiVortex (strong),lambda_ci,0.85,0.08,0.2,278,12.393860609017022,0.08860042713471793,2,0.9771333742971312,2.578614621373887,2.669482549769127
TC MultiVortex (strong),lambda_ci,0.85,0.08,0.2,279,13.994185614337045,0.10309972274678095,2,0.8836457840107947,2.9867610951814645,1.9715073792713804
TC MultiVortex (strong),lambda_ci,0.85,0.08,0.2,280,11.824854470146327,0.10513466219445478,2,0.9254632737565806,2.6081547922658186,2.7427564525320416
TC MultiVortex (strong),lambda_ci,0.85,0.08,0.2,281,11.228874150761671,0.12007463303470065,2,1.0737532596887587,2.851012347900441,3.574504175102093
TC MultiVortex (strong),lambda_ci,0.85,0.08,0.2,282,13.836178307093085,0.12307726563485823,2,0.9399412081250917,3.327671267607209,3.5364956855268184
TC MultiVortex (strong),lambda_ci,0.85,0.08,0.2,283,11.784677715132219,0.09424760091183507,2,0.9786176033006054,2.5307216239483106,2.959357315667927
TC MultiVortex (strong),lambda_ci,0.85,0.08,0.2,284,12.2787324874392,0.10264189852399208,2,1.0922023751020036,2.9070495636270945,2.0871093409765824
TC MultiVortex (strong),lambda_ci,0.85,0.08,0.2,285,14.222414349913482,0.09855073338663495,2,1.0796480348730573,3.280419303188181,2.167680479520827
TC MultiVortex (strong),lambda_ci,0.85,0.08,0.2,286,12.417443783942057,0.12010807030487912,2,0.9590206920285963,2.980007028019833,1.9939284077648967
TC MultiVortex (strong),lambda_ci,0.85,0.08,0.2,287,11.881733009421414,0.08881630233772857,2,1.0622448929039001,2.5806164508998335,3.6801594396214217
TC MultiVortex (strong),lambda_ci,0.85,0.08,0.2,288,13.979715405408752,0.11035552406193135,2,1.125224031235913,3.48337211220577,3.229110993431587
TC MultiVortex (strong),lambda_ci,0.85,0.08,0.2,289,15.109170970501097,0.11072017559739375,2,0.9574793193987873,3.4785938265330123,3.872686531699525
TC MultiVortex (strong),lambda_ci,0.85,0.08,0.2,290,13.04479766155699,0.09151555029366934,2,0.9700846434040904,2.7483662825505237,3.553120160848487
TC MultiVortex (strong),lambda_ci,0.85,0.08,0.2,291,13.109256472947093,0.11200581748862866,2,1.0591033386587327,3.192658896236759,3.376460982033151
TC MultiVortex (strong),lambda_ci,0.85,0.08,0.2,292,13.45460788832125,0.09792648893277493,2,1.0457990098111871,3.0446000669654563,2.449034649222542
TC MultiVortex (strong),lambda_ci,0.85,0.08,0.2,293,12.98708210590744,0.10672572627896136,2,0.8,2.6833426980781976,1.9555780514118424
TC MultiVortex (strong),lambda_ci,0.85,0.08,0.2,294,15.28712028793837,0.09243057941369782,2,0.9274858535385571,3.1649887446358576,2.7091277232734914
TC MultiVortex (strong),lambda_ci,0.85,0.08,0.2,295,14.23139682833711,0.08866811816159917,2,0.9685592994662968,2.949031314636816,2.9770197204425437
TC MultiVortex (strong),lambda_ci,0.85,0.08,0.2,296,12.438890911663027,0.08537808626136474,2,1.0276733372078595,2.6053580357215083,2.0093767295912963
TC MultiVortex (strong),lambda_ci,0.85,0.08,0.2,297,12.822864521390057,0.10089891082791624,2,0.9374107516528982,2.788548871493762,3.7157074629975666
TC MultiVortex (strong),lambda_ci,0.85,0.08,0.2,298,12.852116587996468,0.1023119048549016,2,0.9123502495123721,2.776537488160745,2.665785125969016
TC MultiVortex (strong),lambda_ci,0.85,0.08,0.2,299,12.649655082803596,0.10087163195792723,2,1.0563020422562466,2.919727156484168,2.6507638476741424
TC MultiVortex (strong),lambda_ci,0.85,0.08,0.2,300,11.907397539757369,0.10985834612108303,2,1.0676666674295532,2.883608027033702,1.7791381231380905
TC MultiVortex (strong),lambda_ci,0.85,0.08,0.2,301,12.609162637775745,0.09282572357904197,2,0.9693645358151198,2.674539299425351,3.6063759325249074
TC MultiVortex (strong),lambda_ci,0.85,0.08,0.2,302,12.991254395278657,0.13368204888205468,2,0.997916555049673,3.3552103260035193,2.7091116045198262
TC MultiVortex (strong),lambda_ci,0.85,0.08,0.2,303,13.015301336235881,0.10520509966498283,2,1.0490925628599632,3.0574863717474856,3.870361691617652
TC MultiVortex (strong),lambda_ci,0.85,0.08,0.2,304,12.70448715106872,0.09688308419617374,2,1.0843312825059246,2.9117032551390634,3.5296368291871687
TC MultiVortex (strong),lambda_ci,0.85,0.08,0.2,305,12.450574731302769,0.08758576135249935,2,1.0324358633482402,2.6474190971695624,2.7039868632759636
TC MultiVortex (strong),lambda_ci,0.85,0.08,0.2,306,11.192268705530806,0.11701818561878251,2,0.9446627971765653,2.6312869784614152,3.024471418726699
TC MultiVortex (strong),lambda_ci,0.85,0.08,0.2,307,11.70596607337673,0.08792078206206008,2,1.0162514231731543,2.474221736376218,3.9082791170052094
TC MultiVortex (strong),lambda_ci,0.85,0.08,0.2,308,13.548732048513353,0.11971529602588653,2,0.8277450968840195,3.0158295092830256,3.262539462272156
TC MultiVortex (strong),lambda_ci,0.85,0.08,0.2,309,12.249725643804396,0.09324661144855119,2,1.0784166528868382,2.7467629848461312,2.3774411116293717
TC MultiVortex (strong),lambda_ci,0.85,0.08,0.2,310,14.938117671684418,0.10413389105760339,2,1.0478094752851506,3.489137522801896,2.903425507250709
TC MultiVortex (strong),lambda_ci,0.85,0.08,0.2,311,13.562083643156315,0.10278732201966376,2,1.033458784597036,3.1255595440843087,3.9995898924580873
TC MultiVortex (strong),lambda_ci,0.85,0.08,0.2,312,11.527780195489882,0.1000334680559846,2,0.8110631674618751,2.32183146134535,2.189176525967734
TC MultiVortex (strong),lambda_ci,0.85,0.08,0.2,313,12.051803780132838,0.08549541133054944,2,0.9904870378828289,2.479892502579985,3.083798870141919
TC MultiVortex (strong),lambda_ci,0.85,0.08,0.2,314,14.493869317537127,0.09887591792378059,2,0.9677532681193235,3.1702749627709266,3.7890262565301454
TC MultiVortex (strong),lambda_ci,0.85,0.08,0.2,315,12.144534029517631,0.08357266643680042,2,1.0538356036094019,2.54849872834994,2.6770516537580784
TC MultiVortex (strong),lambda_ci,0.85,0.08,0.2,316,13.471969594572736,0.10455625508595101,2,1.0443537092081454,3.147856402874478,2.107853499049045
TC MultiVortex (strong),lambda_ci,0.85,0.08,0.2,317,12.847006521756482,0.09293053817976035,2,0.9133432031499296,2.6465687093961563,3.0259850484774553
TC MultiVortex (strong),lambda_ci,0.85,0.08,0.2,318,14.280585930772657,0.0910275429683158,2,0.9551388436737599,2.9774926141952838,3.973043695614809
TC MultiVortex (strong),lambda_ci,0.85,0.08,0.2,319,13.949957733750361,0.10895801331679732,2,1.0421952253106794,3.32400770261211,2.702400176949041
TC MultiVortex (strong),lambda_ci,0.85,0.08,0.2,320,13.017987819539664,0.08477686995555762,2,1.0542716999198156,2.7519708312017483,3.088790982141055
TC MultiVortex (strong),lambda_ci,0.85,0.08,0.2,321,13.428692552549258,0.08976344207814443,2,1.0393251486032076,2.900308530199702,2.138773542828147
TC MultiVortex (strong),lambda_ci,0.85,0.08,0.2,322,12.749101967786348,0.10324519788224552,2,1.1076691229498767,3.048628828599974,2.6360820349015466
TC MultiVortex (strong),lambda_ci,0.85,0.08,0.2,323,11.913486686275565,0.09206764884614413,2,1.0744265325609412,2.6495112906248193,2.480999953205743
TC MultiVortex (strong),lambda_ci,0.85,0.08,0.2,324,12.995807339139052,0.11039082147207695,2,1.048351094735033,3.1261378565123725,3.280181314573986
TC MultiVortex (strong),lambda_ci,0.85,0.08,0.2,325,12.570741729172308,0.08964483286149565,2,0.8678946741116588,2.4793740331801444,3.1643383804758667
TC MultiVortex (strong),lambda_ci,0.85,0.08,0.2,326,12.776274639736679,0.09524215822457414,2,0.8971633312121713,2.6408249380165607,2.369347342584897
TC MultiVortex (strong),lambda_ci,0.85,0.08,0.2,327,10.542583652334592,0.10532602347027144,2,0.9889094436325188,2.4059032784217775,2.846253437219167
TC MultiVortex (strong),lambda_ci,0.85,0.08,0.2,328,12.06640424649106,0.10469490486144302,2,1.0250936655592253,2.7951648176423185,2.1676452121060525
TC MultiVortex (strong),lambda_ci,0.85,0.08,0.2,329,13.680166219835739,0.10433004485373068,2,1.0453825810415796,3.1946162991700295,2.88266909403802
TC MultiVortex (strong),lambda_ci,0.85,0.08,0.2,330,12.888862918961502,0.09462896908231078,2,0.9822379338333456,2.778561491854753,2.504807170877757
TC MultiVortex (strong),lambda_ci,0.85,0.08,0.2,331,13.622075769680112,0.09911381163082691,2,1.052787768831705,3.1114712913401887,2.9791417147824766
TC MultiVortex (strong),lambda_ci,0.85,0.08,0.2,332,13.022785934100112,0.10975192910566957,2,1.0181268168674562,3.078193548020425,2.5345577257621192
TC MultiVortex (strong),lambda_ci,0.85,0.08,0.2,333,13.22038631169344,0.10422596371393003,2,1.0717955702915023,3.1244464566976573,2.6694837146972397
TC MultiVortex (strong),lambda_ci,0.85,0.08,0.2,334,12.72238128086761,0.11472589710750879,2,1.0207864019782669,3.0785880435728865,3.50194305694862
TC MultiVortex (strong),lambda_ci,0.85,0.08,0.2,335,12.242419933345097,0.1060328087474785,2,0.9081064346046717,2.686215086665002,3.4983408403000675
TC MultiVortex (strong),lambda_ci,0.85,0.08,0.2,336,14.766475091356586,0.09904261159525095,2,1.0044354042952162,3.293319663461038,1.5523896076808246
TC MultiVortex (strong),lambda_ci,0.85,0.08,0.2,337,12.589641545448371,0.11177655431341951,2,0.9228101786203662,2.8591037428424273,3.066620892654364
TC MultiVortex (strong),lambda_ci,0.85,0.08,0.2,338,12.86747627811578,0.0816226899221407,2,1.0811762876421045,2.702913118333363,2.5130712682178222
TC MultiVortex (strong),lambda_ci,0.85,0.08,0.2,339,11.451257944673626,0.10133380253858144,2,0.9977511652648505,2.5746991601963134,3.337351700890825
TC MultiVortex (strong),lambda_ci,0.85,0.08,0.2,340,11.461862981207444,0.09771383040195875,2,1.0094507813656934,2.545427946249865,2.570657252628214
TC MultiVortex (strong),lambda_ci,0.85,0.08,0.2,341,13.268379460943526,0.1142288854085751,2,1.073741034620547,3.285796256160615,3.085250207215924
TC MultiVortex (strong),lambda_ci,0.85,0.08,0.2,342,14.464582498461777,0.09012551734475989,2,1.0136561784965297,3.0914350479447257,2.6195219047417213
TC MultiVortex (strong),lambda_ci,0.85,0.08,0.2,343,12.45312767992322,0.0838792722766522,2,0.9196207272726272,2.445654735411797,2.7246123082679246
TC MultiVortex (strong),lambda_ci,0.85,0.08,0.2,344,11.68568041268129,0.13157055489950586,2,0.9572790376198744,2.932497392052571,3.968198948703196
TC MultiVortex (strong),lambda_ci,0.85,0.08,0.2,345,12.73825887484073,0.11854855656133927,2,0.9557317321053802,3.0318744336103447,3.4152121470087877
TC MultiVortex (strong),lambda_ci,0.85,0.08,0.2,346,11.71463781177045,0.10420270216109168,2,0.9980344722978867,2.6713213158731266,3.115166094849263
TC MultiVortex (strong),lambda_ci,0.85,0.08,0.2,347,12.448193018747697,0.08839654596687903,2,1.018436733000033,2.6410461565153627,2.925768924635881
TC MultiVortex (strong),lambda_ci,0.85,0.08,0.2,348,11.383537528168134,0.1069726703059477,2,0.935138906921261,2.5458729547513776,3.204336734724153
TC MultiVortex (strong),lambda_ci,0.85,0.08,0.2,349,12.359132015959684,0.12139152600374753,2,1.008968234668995,3.058481836369705,3.466704004065933
TC MultiVortex (strong),lambda_ci,0.85,0.08,0.2,350,13.216142744959642,0.13607187634136697,2,0.9916488298069143,3.4328344627464977,2.283069144961142
TC MultiVortex (strong),lambda_ci,0.85,0.08,0.2,351,12.75670935589334,0.10506961258932201,2,0.9694821470496995,2.8789368354868206,2.964341091993893
TC MultiVortex (strong),lambda_ci,0.85,0.08,0.2,352,15.162117603003567,0.13946782956422393,2,0.9788530053658218,3.9613263562924277,2.72804633092062
TC MultiVortex (strong),lambda_ci,0.85,0.08,0.2,353,13.414278989359628,0.09786758513830345,2,1.0102828430559803,2.9825879692084922,2.333481071505578
TC MultiVortex (strong),lambda_ci,0.85,0.08,0.2,354,10.485316890753634,0.10718108869977623,2,0.9389331010436022,2.352030610491324,3.593269860826081
TC MultiVortex (strong),lambda_ci,0.85,0.08,0.2,355,11.435732284143993,0.08384779186991656,2,0.9168170840600047,2.2420027739978803,2.422209389789397
TC MultiVortex (strong),lambda_ci,0.85,0.08,0.2,356,11.557167930832613,0.09492293039069032,2,0.9556720992829046,2.4613674213698937,3.1787258086168815
TC MultiVortex (strong),lambda_ci,0.85,0.08,0.2,357,11.441498358414025,0.09373403645908443,2,0.9800728941245244,2.4521427768707706,3.7056537970221632
TC MultiVortex (strong),lambda_ci,0.85,0.08,0.2,358,10.862261552839248,0.09170361472097234,2,0.8445829255428546,2.1375664980647295,3.2142885401179098
TC MultiVortex (strong),lambda_ci,0.85,0.08,0.2,359,12.384381200001565,0.11008959879503605,2,0.9866544244976757,2.886124037947303,1.7746840533262611
TC MultiVortex (strong),lambda_ci,0.85,0.08,0.2,360,14.582977073805326,0.08608651732436909,2,0.9985375621185808,3.02329807608479,3.601330962887421
TC MultiVortex (strong),lambda_ci,0.85,0.08,0.2,361,14.476417016014647,0.10356150705752837,2,0.9164258389643729,3.1535079566808424,4.002002442232636
TC MultiVortex (strong),lambda_ci,0.85,0.08,0.2,362,11.202043739511199,0.12000158931474247,2,1.083710533889056,2.8564880570971143,3.1677998611439264
TC MultiVortex (strong),lambda_ci,0.85,0.08,0.2,363,13.352671089173903,0.11304383157990511,2,1.0447334198502076,3.244735736053796,3.0128578024388517
TC MultiVortex (strong),lambda_ci,0.85,0.08,0.2,364,13.848517810040978,0.10213368612718436,2,0.9540656881466455,3.0567641964530297,2.866448662290792
TC MultiVortex (strong),lambda_ci,0.85,0.08,0.2,365,12.970383376103195,0.10318664307814417,2,0.8908910129641973,2.7807493616228403,2.4820533349095513
TC MultiVortex (strong),lambda_ci,0.85,0.08,0.2,366,13.946661612920344,0.10998481106013559,2,0.9568568229002031,3.1992273320494626,2.1618932115328104
TC MultiVortex (strong),lambda_ci,0.85,0.08,0.2,367,11.84863399380865,0.09959077925808706,2,1.184897224199624,2.8780821948389,3.697095472383525
TC MultiVortex (strong),lambda_ci,0.85,0.08,0.2,368,13.13250318818662,0.08037118939005715,2,1.0756282431817887,2.7303216531913104,3.1435602598434125
TC MultiVortex (strong),lambda_ci,0.85,0.08,0.2,369,11.83955154066218,0.10689844855116835,2,0.9799877522502184,2.7096692303059657,2.532562935789428
TC MultiVortex (strong),lambda_ci,0.85,0.08,0.2,370,12.47449050391547,0.1101529398987143,2,0.9098687186787272,2.7925131850790734,2.3358797879882145
TC MultiVortex (strong),lambda_ci,0.85,0.08,0.2,371,13.086856581596315,0.10223341862936056,2,1.1305536186680702,3.146026447077699,2.6985612650791655
TC MultiVortex (strong),lambda_ci,0.85,0.08,0.2,372,10.974272045289403,0.11880370263310862,2,1.0040338880429196,2.68009320553414,2.820968681651338
TC MultiVortex (strong),lambda_ci,0.85,0.08,0.2,373,11.945352220591074,0.10454864624261608,2,0.9082956309788492,2.6028957930942616,3.980314370779565
TC MultiVortex (strong),lambda_ci,0.85,0.08,0.2,374,14.59403411454558,0.07476289044587843,2,0.9859487491090723,2.801757680874133,3.4835249246288957
TC MultiVortex (strong),lambda_ci,0.85,0.08,0.2,375,13.773468135492987,0.07666826722590905,2,0.9975955825070787,2.6934777568617227,2.516884680084358
TC MultiVortex (strong),lambda_ci,0.85,0.08,0.2,376,11.785684945692958,0.10446500909965849,2,1.0910261319835322,2.813473501730715,3.478342786342015
TC MultiVortex (strong),lambda_ci,0.85,0.08,0.2,377,13.519825430955015,0.09405284261964965,2,1.0037607988792712,2.937359918901244,3.1100813947726755
TC MultiVortex (strong),lambda_ci,0.85,0.08,0.2,378,13.104295199739957,0.10219037990891068,2,1.0137011668877618,2.9823502776497173,3.935675168886347
TC MultiVortex (strong),lambda_ci,0.85,0.08,0.2,379,11.332099823427967,0.0814254001377773,2,0.9599979091303612,2.240322228561502,2.6201217842467477
TC MultiVortex (strong),lambda_ci,0.85,0.08,0.2,380,12.96428415686339,0.1263286403424104,2,1.053076156970839,3.3436002157833284,2.8903620420493685
TC MultiVortex (strong),lambda_ci,0.85,0.08,0.2,381,11.505459343451582,0.09985158101890348,2,0.8822155899374661,2.414647842119574,3.2020363502477514
TC MultiVortex (strong),lambda_ci,0.85,0.08,0.2,382,14.031525385926663,0.09839048216783611,2,1.0235002409855325,3.148548645184421,3.0097293663961215
TC MultiVortex (strong),lambda_ci,0.85,0.08,0.2,383,14.959296370495789,0.09824613410307216,2,1.046309791164008,3.391439299634254,3.3863588181868804
TC MultiVortex (strong),lambda_ci,0.85,0.08,0.2,384,10.856097712098133,0.11034040357142413,2,0.9618978492764588,2.500866486139266,2.0226533859171325
TC MultiVortex (strong),lambda_ci,0.85,0.08,0.2,385,11.395992447600335,0.08827576750520168,2,1.0730966823679462,2.4801464836616,2.178824548364232
TC MultiVortex (strong),lambda_ci,0.85,0.08,0.2,386,13.38837182211391,0.12013405578246757,2,0.9695227409958237,3.2309098254987223,1.6533070781290706
TC MultiVortex (strong),lambda_ci,0.85,0.08,0.2,387,11.450028110132116,0.09750586317067615,2,1.0543279264542462,2.5959407489398556,3.6381610884996776
TC MultiVortex (strong),lambda_ci,0.85,0.08,0.2,388,12.85772531422697,0.11034085129811846,2,1.0146434441178789,3.0421038631862007,3.7919371614470756
TC MultiVortex (strong),lambda_ci,0.85,0.08,0.2,389,12.750251316332422,0.09883195166702922,2,0.9621102765042773,2.7801284356436433,1.9442285960398646
TC MultiVortex (strong),lambda_ci,0.85,0.08,0.2,390,12.68156662156467,0.09725052597032843,2,0.8386637645308925,2.560930713899207,3.9646005792923638
TC MultiVortex (strong),lambda_ci,0.85,0.08,0.2,391,12.487072491465328,0.10725010060792432,2,1.0411727538660391,2.950569756590693,3.280989356632981
TC MultiVortex (strong),lambda_ci,0.85,0.08,0.2,392,11.22825388060278,0.11415500389340433,2,1.0325168099915905,2.72579548663792,3.8105906035486132
TC MultiVortex (strong),lambda_ci,0.85,0.08,0.2,393,12.22012000719981,0.12649769884341258,2,1.000959563975308,3.0747517151107155,3.3767492526539
TC MultiVortex (strong),lambda_ci,0.85,0.08,0.2,394,13.616051347810027,0.10336162991776997,2,0.9345655106830133,2.992407483153341,2.4044944491869304
TC MultiVortex (strong),lambda_ci,0.85,0.08,0.2,395,10.499218693027945,0.09268643795110236,2,1.0952456717016692,2.3654068649614084,2.9841269210435044
TC MultiVortex (strong),lambda_ci,0.85,0.08,0.2,396,13.069974665832305,0.09094525545783647,2,1.0433954123109985,2.8469132451048065,3.160460773552994
TC MultiVortex (strong),lambda_ci,0.85,0.08,0.2,397,12.785965294628097,0.09435467927466464,2,0.8803450171703122,2.605713722053668,2.8223612109625145
TC MultiVortex (strong),lambda_ci,0.85,0.08,0.2,398,13.067604570120716,0.114052381658668,2,1.00399746646365,3.126795469904056,1.6294116244774048
TC MultiVortex (strong),lambda_ci,0.85,0.08,0.2,399,14.572483461075374,0.0786760364625862,2,0.9452043114508176,2.809976298221389,1.8627545704142832
TC MultiVortex (strong),gamma2,0.95,0.08,0.2,0,14.508659526904522,0.10009515456456176,2,0.8872280687790342,3.05728872851968,0.7034636148937979
TC MultiVortex (strong),gamma2,0.95,0.08,0.2,1,13.194071014746228,0.1255053542696499,2,0.8842573163066701,3.1080233815437364,1.6491570474753057
TC MultiVortex (strong),gamma2,0.95,0.08,0.2,2,11.165279305802951,0.09376631153196416,2,0.9420844519640639,2.3465128037494525,3.59904489208265
TC MultiVortex (strong),gamma2,0.95,0.08,0.2,3,13.880591339284374,0.10309263390697215,2,1.0852767679073834,3.283046555917669,4.188536021690462
TC MultiVortex (strong),gamma2,0.95,0.08,0.2,4,13.401291751202116,0.10547878573203043,2,0.9050427324956053,2.927849626152854,4.7967915313967895
TC MultiVortex (strong),gamma2,0.95,0.08,0.2,5,13.634425697574732,0.11391330365739044,2,1.0044959288137256,3.2612430438431157,2.829130850057263
TC MultiVortex (strong),gamma2,0.95,0.08,0.2,6,13.04944014737245,0.0969813826406652,2,0.8620015924942014,2.6679341232811824,3.1233431414113975
TC MultiVortex (strong),gamma2,0.95,0.08,0.2,7,13.354988805505975,0.10146478692683922,2,1.0385064621648787,3.0654257837014884,0.22834438588782907
TC MultiVortex (strong),gamma2,0.95,0.08,0.2,8,13.31482950017873,0.09265149374831912,2,0.9900612893780922,2.851529472101309,3.513639603099782
TC MultiVortex (strong),gamma2,0.95,0.08,0.2,9,12.832990857381251,0.08741757861498266,2,1.0359995572928995,2.7308136079747247,4.183846668999115
TC MultiVortex (strong),gamma2,0.95,0.08,0.2,10,13.381441100553353,0.10103922747620032,2,1.0518504298004157,3.084678396552188,7.495797169258612
TC MultiVortex (strong),gamma2,0.95,0.08,0.2,11,12.439224275476315,0.13165179633417448,2,0.8439942309304214,2.9319829056244187,2.1936664341639487
TC MultiVortex (strong),gamma2,0.95,0.08,0.2,12,13.445313870213262,0.09023358605705854,2,1.0365338275285452,2.9075808229848668,-0.5685541257296438
TC MultiVortex (strong),gamma2,0.95,0.08,0.2,13,11.742803097430192,0.11051637948099557,2,0.8814101702377701,2.591547265501638,4.9044582422537575
TC MultiVortex (strong),gamma2,0.95,0.08,0.2,14,12.284831353313965,0.10180183905890702,2,0.9267700085640111,2.668197656250437,3.853333722844823
TC MultiVortex (strong),gamma2,0.95,0.08,0.2,15,15.623286386419771,0.10994987571010222,2,1.0957325987036943,3.8344851350941167,3.53153471169626
TC MultiVortex (strong),gamma2,0.95,0.08,0.2,16,11.797160659933576,0.11668027482094495,2,0.9211051849884887,2.734738666996284,1.2084940740793366
TC MultiVortex (strong),gamma2,0.95,0.08,0.2,17,14.349209382051386,0.0994722824002401,2,1.0041224285966066,3.20669275355696,6.1179691332334425
TC MultiVortex (strong),gamma2,0.95,0.08,0.2,18,13.106674473732856,0.11320943964602324,2,0.9814289029598428,3.0892158722589262,-0.16778086604000747
TC MultiVortex (strong),gamma2,0.95,0.08,0.2,19,11.92324454100323,0.09117701535823514,2,1.043991204594273,2.601180916558943,4.407570557352525
TC MultiVortex (strong),gamma2,0.95,0.08,0.2,20,13.10047480929004,0.10258907330748254,2,0.9969281128738292,2.9624737681194615,1.3532942423662602
TC MultiVortex (strong),gamma2,0.95,0.08,0.2,21,13.898344301409375,0.11286018327669822,2,1.057249325982425,3.394744961609331,1.5443992953594063
TC MultiVortex (strong),gamma2,0.95,0.08,0.2,22,11.862790246049409,0.09488970662133324,2,0.9833755517814524,2.5623656809085684,1.1593729452669428
TC MultiVortex (strong),gamma2,0.95,0.08,0.2,23,12.995174323607278,0.09390446933344729,2,1.0018079800062565,2.81839906866711,-0.1495283051907077
TC MultiVortex (strong),gamma2,0.95,0.08,0.2,24,13.8597014079165,0.12279823322321054,2,1.0517639694215195,3.522038344468233,5.68117901124193
TC MultiVortex (strong),gamma2,0.95,0.08,0.2,25,12.85455952640472,0.09044863524429916,2,1.0442866926652825,2.7935283488073916,1.6921889254625766
TC MultiVortex (strong),gamma2,0.95,0.08,0.2,26,11.479438531380941,0.1259829567559205,2,1.0289558137244235,2.9225362731136117,2.6182777986923744
TC MultiVortex (strong),gamma2,0.95,0.08,0.2,27,12.265910337181703,0.13030869452742047,2,1.0849756320355486,3.2612303621624212,5.027934730850104
TC MultiVortex (strong),gamma2,0.95,0.08,0.2,28,12.259888678674214,0.10532924965472876,2,0.9820842860975785,2.788177416290949,1.2201521708742729
TC MultiVortex (strong),gamma2,0.95,0.08,0.2,29,12.567130265499669,0.11106340039290806,2,1.0031190371261354,2.966079848064565,3.436402959121706
TC MultiVortex (strong),gamma2,0.95,0.08,0.2,30,12.832752127333984,0.10027024435737039,2,0.8806965522704391,2.696522153317831,4.092150032802413
TC MultiVortex (strong),gamma2,0.95,0.08,0.2,31,12.152709353368596,0.10021602800767847,2,0.9654049898643681,2.672892399268152,2.357946216317208
TC MultiVortex (strong),gamma2,0.95,0.08,0.2,32,14.352990541649408,0.09983382008570083,2,0.9570740597009577,3.137176970402685,1.9040520793997302
TC MultiVortex (strong),gamma2,0.95,0.08,0.2,33,13.18319364979205,0.06714932305822163,2,1.0301122628165607,2.4517079297215143,5.596021215647805
TC MultiVortex (strong),gamma2,0.95,0.08,0.2,34,12.08130764395983,0.10299909920452652,2,1.0841453097012204,2.8546929770484444,2.3286858819329037
TC MultiVortex (strong),gamma2,0.95,0.08,0.2,35,12.223812472914682,0.09808321683000515,2,1.0378164195015958,2.757714483853006,3.671059411664285
TC MultiVortex (strong),gamma2,0.95,0.08,0.2,36,12.154270227629,0.10099436743552803,2,1.011914985409364,2.7474796249158344,2.377449180810484
TC MultiVortex (strong),gamma2,0.95,0.08,0.2,37,11.970720299510848,0.1040578496073753,2,1.0715913470359044,2.8265541379882597,3.5692165209940248
TC MultiVortex (strong),gamma2,0.95,0.08,0.2,38,13.110182965876499,0.09037960605798552,2,0.9950814585559573,2.7800864048384075,1.2303087623295048
TC MultiVortex (strong),gamma2,0.95,0.08,0.2,39,12.207922127337383,0.08062498702885526,2,0.9461466715151287,2.3841897377379304,1.3168816231554934
TC MultiVortex (strong),gamma2,0.95,0.08,0.2,40,13.638059109834515,0.07965859327322858,2,1.114789196100572,2.8737584582544042,1.409794967940026
TC MultiVortex (strong),gamma2,0.95,0.08,0.2,41,13.089907649359313,0.12229341326344603,2,0.9887470694935199,3.218590482005411,5.971148928826431
TC MultiVortex (strong),gamma2,0.95,0.08,0.2,42,12.36216950651712,0.10856701923764303,2,0.9939660645150219,2.8715371025772636,4.137215447754709
TC MultiVortex (strong),gamma2,0.95,0.08,0.2,43,11.563822487346695,0.10056774379183725,2,1.024157267016541,2.6242130897217937,4.555973822778491
TC MultiVortex (strong),gamma2,0.95,0.08,0.2,44,12.038490805066575,0.09510549028408732,2,0.933070368556832,2.535811930799867,2.8128025735116857
TC MultiVortex (strong),gamma2,0.95,0.08,0.2,45,12.904363466461374,0.10140210750114952,2,0.9795419152423657,2.8757861780184584,2.560854331734682
TC MultiVortex (strong),gamma2,0.95,0.08,0.2,46,12.337204924630118,0.10392814047064623,2,1.0348652932854014,2.8609500152027527,4.329040856914668
TC MultiVortex (strong),gamma2,0.95,0.08,0.2,47,12.762605034922839,0.09984115564679613,2,1.0236320349155477,2.885034862635686,4.110442457211862
TC MultiVortex (strong),gamma2,0.95,0.08,0.2,48,13.99970673613869,0.08539957873686067,2,1.0835497483972607,3.0113153116358364,1.1936780654520782
TC MultiVortex (strong),gamma2,0.95,0.08,0.2,49,13.697723885992431,0.10266874645795802,2,0.9851539537715168,3.080382105649583,-1.0624062537456118
TC MultiVortex (strong),gamma2,0.95,0.08,0.2,50,13.81563951718911,0.09826912828865547,2,0.9732978011120292,3.021255249443251,-0.8379616767786912
TC MultiVortex (strong),gamma2,0.95,0.08,0.2,51,13.805351430401704,0.1102183574901496,2,0.8,2.898707736273065,3.3828529830569773
TC MultiVortex (strong),gamma2,0.95,0.08,0.2,52,12.539197919552832,0.10136883765089434,2,1.000094978506431,2.8231088028324467,0.9004006468000109
TC MultiVortex (strong),gamma2,0.95,0.08,0.2,53,12.974958439962148,0.09167126977480226,2,0.9265345512290851,2.6738584378253583,2.478469658214853
TC MultiVortex (strong),gamma2,0.95,0.08,0.2,54,12.704528535000858,0.0975039767761042,2,0.8029720094887851,2.5136506745637885,1.9144679603707737
TC MultiVortex (strong),gamma2,0.95,0.08,0.2,55,12.79325759105649,0.10209445535872078,2,1.00785373009923,2.9017899930862505,4.345539961105379
TC MultiVortex (strong),gamma2,0.95,0.08,0.2,56,12.830640341283468,0.10798117397881231,2,0.9624772332362573,2.9248431997301805,2.66944417154242
TC MultiVortex (strong),gamma2,0.95,0.08,0.2,57,10.772968647482358,0.10382815875289127,2,0.9761537483418202,2.425141522105626,1.865197415158046
TC MultiVortex (strong),gamma2,0.95,0.08,0.2,58,11.297160177863015,0.1032285091387757,2,1.0986881136886104,2.690241880202027,0.5891179190114515
TC MultiVortex (strong),gamma2,0.95,0.08,0.2,59,12.763114506415773,0.1113026608952757,2,0.9040399089446367,2.862781768342217,6.68021820436752
TC MultiVortex (strong),gamma2,0.95,0.08,0.2,60,11.789949906887989,0.11085725217955761,2,0.8,2.482698662655152,0.16915570497299592
TC MultiVortex (strong),gamma2,0.95,0.08,0.2,61,13.175525255263738,0.11897486764909822,2,0.9715276557743819,3.1674381195933914,7.282522163322594
TC MultiVortex (strong),gamma2,0.95,0.08,0.2,62,13.430610475765269,0.11822249697393301,2,1.0853412065292398,3.4018406438037774,5.950178847880116
TC MultiVortex (strong),gamma2,0.95,0.08,0.2,63,12.66694915784686,0.08151849646634496,2,1.1036065658648928,2.686533422174271,5.390030666185735
TC MultiVortex (strong),gamma2,0.95,0.08,0.2,64,11.34817760674991,0.13126551435208547,2,0.8056106632801912,2.6094504325172965,1.0894123826484094
TC MultiVortex (strong),gamma2,0.95,0.08,0.2,65,13.311516263696138,0.10136314853094197,2,1.0000353032050482,2.996817120944628,5.130698433826562
TC MultiVortex (strong),gamma2,0.95,0.08,0.2,66,13.229543363928519,0.09268857046724002,2,0.9263845831610783,2.7411866486578487,6.434706922847057
TC MultiVortex (strong),gamma2,0.95,0.08,0.2,67,12.311426238465062,0.13558336524153233,2,1.0750425411359137,3.323604966843392,2.708365929900679
TC MultiVortex (strong),gamma2,0.95,0.08,0.2,68,12.034517579011977,0.09060937797397647,2,0.9689831627256138,2.521496546493295,1.9531365224769492
TC MultiVortex (strong),gamma2,0.95,0.08,0.2,69,11.558994694501415,0.09703928761921186,2,0.8454060994870229,2.3410546648844086,0.8879245817336339
TC MultiVortex (strong),gamma2,0.95,0.08,0.2,70,12.61844142131917,0.11338285353903668,2,1.0473068625788393,3.0746903453402967,3.5075343508568357
TC MultiVortex (strong),gamma2,0.95,0.08,0.2,71,12.443595840627337,0.10380903179313708,2,0.9329436293715715,2.738269387325865,1.1555272354193051
TC MultiVortex (strong),gamma2,0.95,0.08,0.2,72,12.030684611875772,0.10251010039160298,2,1.0509814408975733,2.792262198112019,0.24332459612476923
TC MultiVortex (strong),gamma2,0.95,0.08,0.2,73,12.830218103933325,0.11065123359601296,2,0.8,2.699244125007438,1.470128790365939
TC MultiVortex (strong),gamma2,0.95,0.08,0.2,74,12.460372968748825,0.10657565666699079,2,0.874183650984976,2.6893442194687798,3.900630171987513
TC MultiVortex (strong),gamma2,0.95,0.08,0.2,75,12.52508446273634,0.0918279780348526,2,1.0066415936081492,2.6927163773643685,1.23696645156118
TC MultiVortex (strong),gamma2,0.95,0.08,0.2,76,15.714381796055553,0.11293351977285061,2,0.9912642889793513,3.7178209042556034,7.148288678352317
TC MultiVortex (strong),gamma2,0.95,0.08,0.2,77,13.767294996314345,0.10386661615672582,2,0.9962440638928478,3.1315149207704174,4.832037990238857
TC MultiVortex (strong),gamma2,0.95,0.08,0.2,78,14.186652879417219,0.1068818398309414,2,0.8672118093827482,3.0540735854466345,2.596055174476403
TC MultiVortex (strong),gamma2,0.95,0.08,0.2,79,13.757189728940855,0.0990159708988153,2,1.0384436735833789,3.1193120759615827,-1.0503203431169619
TC MultiVortex (strong),gamma2,0.95,0.08,0.2,80,13.991207154021085,0.09112492635124986,2,0.9750877618269331,2.9490398217212848,2.516725128045847
TC MultiVortex (strong),gamma2,0.95,0.08,0.2,81,13.335785612494794,0.1261543922490648,2,1.0475573885025675,3.4280228435041438,3.7961436833905005
TC MultiVortex (strong),gamma2,0.95,0.08,0.2,82,15.125548507522325,0.09788057598951572,2,1.0753762661470836,3.4699611840084987,1.3145917888335108
TC MultiVortex (strong),gamma2,0.95,0.08,0.2,83,14.357564579326377,0.10409986498099269,2,0.9660800480346137,3.21956665033527,3.0072100108282966
TC MultiVortex (strong),gamma2,0.95,0.08,0.2,84,12.49185146942169,0.11527384347123808,2,1.0403933194509345,3.058975355888954,1.1790114584446363
TC MultiVortex (strong),gamma2,0.95,0.08,0.2,85,12.372181982185761,0.09878645229019407,2,0.995779998925047,2.7438584008057822,-1.1644712634938226
TC MultiVortex (strong),gamma2,0.95,0.08,0.2,86,12.175241070894534,0.10520166991965704,2,1.0611477915988892,2.8764830902935987,5.455169061360486
TC MultiVortex (strong),gamma2,0.95,0.08,0.2,87,13.402475676489182,0.09229898986253161,2,0.9270973325807391,2.772242196594221,2.201361442532215
TC MultiVortex (strong),gamma2,0.95,0.08,0.2,88,14.051410084612275,0.10746716816388326,2,1.0201008742998994,3.2897611932406843,3.855052998411348
TC MultiVortex (strong),gamma2,0.95,0.08,0.2,89,15.981666493166422,0.10968961693603918,2,1.161944414206917,4.034432947486422,9.074478372849802
TC MultiVortex (strong),gamma2,0.95,0.08,0.2,90,12.842890744523936,0.10792785861961104,2,1.0553350162917052,3.0648536726551674,1.479275638578111
TC MultiVortex (strong),gamma2,0.95,0.08,0.2,91,14.268888018860018,0.08805614831077564,2,0.998544641988736,2.991842430872175,2.9365886999150104
TC MultiVortex (strong),gamma2,0.95,0.08,0.2,92,12.117258586440443,0.08905175031439105,2,0.9541809089692543,2.497617735549558,4.476543964701411
TC MultiVortex (strong),gamma2,0.95,0.08,0.2,93,10.790931871598138,0.0946795298870117,2,1.0416790435031968,2.396287723377513,3.34714419393715
TC MultiVortex (strong),gamma2,0.95,0.08,0.2,94,12.13359969970451,0.10974311389502743,2,0.8494647156451562,2.619606001521983,-1.1993507833512556
TC MultiVortex (strong),gamma2,0.95,0.08,0.2,95,13.440958406960679,0.11197367134555573,2,1.0449111133747984,3.250969330566309,6.330262507119065
TC MultiVortex (strong),gamma2,0.95,0.08,0.2,96,13.434136843985092,0.08752372963315884,2,1.0026378450250766,2.8140364891840255,0.4100361839596892
TC MultiVortex (strong),gamma2,0.95,0.08,0.2,97,12.869996739891125,0.10979111929935649,2,0.9282215438343678,2.90517880744403,2.1294159822069765
TC MultiVortex (strong),gamma2,0.95,0.08,0.2,98,12.632428943318859,0.10243054359109932,2,0.8656982890026023,2.6599280208124214,-0.2770979027313153
TC MultiVortex (strong),gamma2,0.95,0.08,0.2,99,13.862195604226574,0.08945577885144924,2,1.07193534487535,3.0353272516741714,5.016648862922307
TC MultiVortex (strong),gamma2,0.95,0.08,0.2,100,14.555144455129872,0.08625698158528666,2,0.9543252520671396,2.9528872075631285,2.730688708825239
TC MultiVortex (strong),gamma2,0.95,0.08,0.2,101,10.568172490180567,0.08294107173738643,2,0.9926490059551841,2.144211261846065,2.8084612268741322
TC MultiVortex (strong),gamma2,0.95,0.08,0.2,102,10.84324774616205,0.09786995382431367,2,1.1255790715431364,2.544820058329618,2.39348579479177
TC MultiVortex (strong),gamma2,0.95,0.08,0.2,103,12.655979677608762,0.10728089970547625,2,1.078495899636797,3.0440460886175758,5.180926108958674
TC MultiVortex (strong),gamma2,0.95,0.08,0.2,104,11.706641253630913,0.11004788518743755,2,0.9628086464897837,2.694499785302929,-1.1845870249573918
TC MultiVortex (strong),gamma2,0.95,0.08,0.2,105,12.181124179352516,0.09466594739850573,2,1.0312417637673823,2.691221923636743,2.4608417151895505
TC MultiVortex (strong),gamma2,0.95,0.08,0.2,106,13.030801955487714,0.10358529790698114,2,1.055898442273839,3.0473075018012583,3.940897749936552
TC MultiVortex (strong),gamma2,0.95,0.08,0.2,107,11.87543489415152,0.09711717005591707,2,1.0792466543575394,2.7185848359400713,2.209195617141491
TC MultiVortex (strong),gamma2,0.95,0.08,0.2,108,12.325068759425974,0.09345081007755288,2,0.9648642800943783,2.616971557828698,5.9930397899802905
TC MultiVortex (strong),gamma2,0.95,0.08,0.2,109,14.417839102263104,0.09227660566084236,2,0.9970690917407088,3.092385363961263,5.599211063131659
TC MultiVortex (strong),gamma2,0.95,0.08,0.2,110,13.436625838619701,0.11319974884707608,2,1.0310570840012632,3.24593121845157,0.7351722470399872
TC MultiVortex (strong),gamma2,0.95,0.08,0.2,111,14.082751437816839,0.0993947093241921,2,0.997294291211968,3.135204087459471,6.95362532171263
TC MultiVortex (strong),gamma2,0.95,0.08,0.2,112,13.539782775755226,0.10709149591868303,2,0.9768046804536954,3.0965497187539235,4.666342593769559
TC MultiVortex (strong),gamma2,0.95,0.08,0.2,113,14.006017776142485,0.13148304273634723,2,1.0634162592780387,3.7032769873865594,8.578785446240762
TC MultiVortex (strong),gamma2,0.95,0.08,0.2,114,12.903137544852893,0.10993606061377208,2,1.0175861043950478,3.0516589674346597,4.296704868348217
TC MultiVortex (strong),gamma2,0.95,0.08,0.2,115,13.332763243532886,0.0831547840838033,2,1.018309028081516,2.7433965398719393,2.821618341361566
TC MultiVortex (strong),gamma2,0.95,0.08,0.2,116,13.651980276809725,0.10954105395596204,2,0.9384536471786298,3.095105985929411,1.6954352324905553
TC MultiVortex (strong),gamma2,0.95,0.08,0.2,117,13.658538541690671,0.11673277884674696,2,0.9096280976587381,3.1471509951917542,5.601371139864581
TC MultiVortex (strong),gamma2,0.95,0.08,0.2,118,13.351898184094436,0.12389813697705117,2,0.967660915044509,3.269053303390373,3.7821880277253443
TC MultiVortex (strong),gamma2,0.95,0.08,0.2,119,13.79327811555088,0.11200494615000586,2,1.015192003626966,3.2888585102540104,1.2757258746869002
TC MultiVortex (strong),gamma2,0.95,0.08,0.2,120,12.523818883053716,0.11492710274416021,2,1.1093134866973935,3.1619875546240945,4.356458511392705
TC MultiVortex (strong),gamma2,0.95,0.08,0.2,121,12.628630144331227,0.11843284128817841,2,0.9833145788903614,3.0473585759107022,6.036196016874725
TC MultiVortex (strong),gamma2,0.95,0.08,0.2,122,13.566753362886868,0.11707965464261878,2,0.9313380144804217,3.1677821937802073,3.2981881828032935
TC MultiVortex (strong),gamma2,0.95,0.08,0.2,123,13.361649012497239,0.08668744777490536,2,1.0278032104440262,2.8201886142537362,2.4888530211377695
TC MultiVortex (strong),gamma2,0.95,0.08,0.2,124,11.133697883822547,0.10077773591016682,2,1.1308753767593978,2.6577498798811714,1.7440276894964084
TC MultiVortex (strong),gamma2,0.95,0.08,0.2,125,12.18886367652032,0.1088182838176153,2,1.0552508780969554,2.9206332104071526,2.1285286700575314
TC MultiVortex (strong),gamma2,0.95,0.08,0.2,126,12.966461879407191,0.08649523758240582,2,1.06055417684612,2.776956118431485,3.877470081114131
TC MultiVortex (strong),gamma2,0.95,0.08,0.2,127,11.343864502200308,0.097403652325421,2,0.9711506858671463,2.46704439110231,1.3046130399659024
TC MultiVortex (strong),gamma2,0.95,0.08,0.2,128,14.149343679263326,0.08831005609917329,2,0.9012945704839752,2.8226677114703413,1.4537215894441757
TC MultiVortex (strong),gamma2,0.95,0.08,0.2,129,12.176639573548881,0.08629065289292161,2,0.9871090907678655,2.512909838103596,2.02863205439904
TC MultiVortex (strong),gamma2,0.95,0.08,0.2,130,12.896608088872707,0.1264794560186438,2,0.9371076532801065,3.139534367145166,1.7077938094960188
TC MultiVortex (strong),gamma2,0.95,0.08,0.2,131,12.562906032611554,0.08258746499633832,2,1.0094878967429097,2.564972655544584,3.9615503885817946
TC MultiVortex (strong),gamma2,0.95,0.08,0.2,132,14.620318294825273,0.11077564114760463,2,1.0099631623833636,3.4579342617876105,2.9111012666878766
TC MultiVortex (strong),gamma2,0.95,0.08,0.2,133,12.337312332387187,0.08858478443472252,2,0.8242784766092287,2.35733936175753,1.2644788952725414
TC MultiVortex (strong),gamma2,0.95,0.08,0.2,134,12.920778733814217,0.10512622730323129,2,1.0343508652659166,3.0127505336782345,0.27203912451615864
TC MultiVortex (strong),gamma2,0.95,0.08,0.2,135,14.243999499266417,0.1151192451831321,2,0.9723985538346235,3.36986940538092,4.248542229428868
TC MultiVortex (strong),gamma2,0.95,0.08,0.2,136,11.084097030829051,0.10169359298259137,2,0.9205628480620912,2.398053340132547,4.930431998245319
TC MultiVortex (strong),gamma2,0.95,0.08,0.2,137,10.801411009264935,0.0897239859965144,2,1.1200249608212214,2.4212164966976455,5.518722193515601
TC MultiVortex (strong),gamma2,0.95,0.08,0.2,138,13.97852562242278,0.09153969979378276,2,0.8407423671153298,2.7420955091163424,2.4812064997166106
TC MultiVortex (strong),gamma2,0.95,0.08,0.2,139,13.007356969850559,0.09488274240149559,2,0.9613265317651171,2.7778138557930148,2.8427361054261207
TC MultiVortex (strong),gamma2,0.95,0.08,0.2,140,15.354891443283067,0.0840281033545696,2,1.0571116893249266,3.235969880249009,2.31999159588394
TC MultiVortex (strong),gamma2,0.95,0.08,0.2,141,12.283501960154105,0.11791714743971358,2,1.0692773321538416,3.084188148695295,7.442313544109923
TC MultiVortex (strong),gamma2,0.95,0.08,0.2,142,13.256026744925506,0.08734578315007423,2,1.039478286284288,2.8244055500838607,0.3708165470021868
TC MultiVortex (strong),gamma2,0.95,0.08,0.2,143,12.60056811408387,0.12668636382655787,2,1.0178407915838132,3.199484348727438,1.5415046425741072
TC MultiVortex (strong),gamma2,0.95,0.08,0.2,144,11.93565986870682,0.10099246455657344,2,0.9089324073063825,2.557064693149074,3.0978484068389798
TC MultiVortex (strong),gamma2,0.95,0.08,0.2,145,12.45599670242464,0.10303021003733433,2,0.8955932950375877,2.675476841267582,4.603764254333172
TC MultiVortex (strong),gamma2,0.95,0.08,0.2,146,11.889799939732402,0.0959386888567103,2,0.9938900147704065,2.596125018800022,-1.2008247845041031
TC MultiVortex (strong),gamma2,0.95,0.08,0.2,147,13.313372520605618,0.09652242613304411,2,1.0323517174519397,2.9716731712105617,-0.5718265899138407
TC MultiVortex (strong),gamma2,0.95,0.08,0.2,148,11.502571629284441,0.09772345603714641,2,1.0362986526365356,2.588342981034197,5.046828883491545
TC MultiVortex (strong),gamma2,0.95,0.08,0.2,149,11.512408448142095,0.11354550016605783,2,0.9614012163046889,2.689604911435296,6.269228359188003
TC MultiVortex (strong),gamma2,0.95,0.08,0.2,150,16.276297009490563,0.11956906174654218,2,1.0758700217093269,4.1279071714957825,3.9892145871731968
TC MultiVortex (strong),gamma2,0.95,0.08,0.2,151,13.906746666413312,0.09336279680880395,2,0.8222845361124285,2.7246362698930215,2.611713860711904
TC MultiVortex (strong),gamma2,0.95,0.08,0.2,152,11.028369329423235,0.0992391897717874,2,1.1268466088888756,2.6077761550623593,2.0071501840660533
TC MultiVortex (strong),gamma2,0.95,0.08,0.2,153,12.067172584606842,0.1009263526294375,2,0.9693860715264836,2.668954703643361,4.2212292587017615
TC MultiVortex (strong),gamma2,0.95,0.08,0.2,154,13.772723862866815,0.09144180429872588,2,0.986988381577616,2.925723337361981,3.8839043655561736
TC MultiVortex (strong),gamma2,0.95,0.08,0.2,155,13.499194769857894,0.14972921120409685,2,1.149555148015489,3.9601445577672076,4.858407635508755
TC MultiVortex (strong),gamma2,0.95,0.08,0.2,156,13.094340782626267,0.10143741632439035,2,0.9988407793038123,2.9472424468336635,1.9487634509458343
TC MultiVortex (strong),gamma2,0.95,0.08,0.2,157,11.764789554241261,0.08720979164313127,2,1.0213712843896068,2.4828107175984626,2.275349787004236
TC MultiVortex (strong),gamma2,0.95,0.08,0.2,158,12.96350821860479,0.09783855530888036,2,0.9514415643350117,2.7967498606397756,3.224902226599676
TC MultiVortex (strong),gamma2,0.95,0.08,0.2,159,13.85613569590375,0.08787751699523338,2,0.9760725990729463,2.869505617118553,5.161382276043627
TC MultiVortex (strong),gamma2,0.95,0.08,0.2,160,13.101015162289888,0.08896281706115328,2,0.9714768842473961,2.7233938374149735,-1.179174963252665
TC MultiVortex (strong),gamma2,0.95,0.08,0.2,161,12.76721450000274,0.10367275083792755,2,0.8998054517721695,2.7573238560280813,1.7336822957107183
TC MultiVortex (strong),gamma2,0.95,0.08,0.2,162,11.188404869206503,0.10741216259468436,2,0.8703725584727922,2.4189812440491,4.0508397008160735
TC MultiVortex (strong),gamma2,0.95,0.08,0.2,163,13.312467928338044,0.10959109170150007,2,0.963696174605756,3.059153511004739,3.732635487529004
TC MultiVortex (strong),gamma2,0.95,0.08,0.2,164,13.821611926386293,0.08601411183375404,2,0.9094229424257777,2.733452332730118,1.1756020689157858
TC MultiVortex (strong),gamma2,0.95,0.08,0.2,165,15.116514289854418,0.09107025298959158,2,1.02850861167049,3.271364216002213,2.26540267728441
TC MultiVortex (strong),gamma2,0.95,0.08,0.2,166,12.827515560144839,0.10539836877774526,2,1.0637467920154446,3.037131727754586,-0.4460000091300981
TC MultiVortex (strong),gamma2,0.95,0.08,0.2,167,12.586113584209343,0.1099066373569827,2,1.0389444845097076,3.007355576219661,1.0621104457819013
TC MultiVortex (strong),gamma2,0.95,0.08,0.2,168,12.276643182404374,0.08130837677259085,2,0.9326883426722823,2.390564992367627,1.8433660201874495
TC MultiVortex (strong),gamma2,0.95,0.08,0.2,169,15.138539290677242,0.09474930724753476,2,1.0461460462371597,3.370180451772028,5.623750012578343
TC MultiVortex (strong),gamma2,0.95,0.08,0.2,170,14.820576779742279,0.08672367284885464,2,1.0672419433477573,3.1882354141912983,6.356672546276045
TC MultiVortex (strong),gamma2,0.95,0.08,0.2,171,13.706296228637882,0.07871035845333128,2,0.9930936682664847,2.709668530480676,2.3754935502844536
TC MultiVortex (strong),gamma2,0.95,0.08,0.2,172,13.703407926173949,0.09287907040223457,2,1.0243849184701956,2.9888499063581273,2.297812299416866
TC MultiVortex (strong),gamma2,0.95,0.08,0.2,173,12.732299631375387,0.09914929422509361,2,0.9839538795889872,2.812056467800019,5.645528700303123
TC MultiVortex (strong),gamma2,0.95,0.08,0.2,174,11.889830721203646,0.11067640223717641,2,1.066143927505758,2.887992818862821,3.961412813716701
TC MultiVortex (strong),gamma2,0.95,0.08,0.2,175,11.268339888394772,0.09495552284202431,2,0.8733153838328597,2.294513463407695,2.979482733492404
TC MultiVortex (strong),gamma2,0.95,0.08,0.2,176,11.729535611784835,0.09107222412443791,2,1.0258080402892003,2.535081004673042,3.6092057684883687
TC MultiVortex (strong),gamma2,0.95,0.08,0.2,177,11.785171269171979,0.10861658135469837,2,1.0281665237390523,2.784842864347714,2.991931133791655
TC MultiVortex (strong),gamma2,0.95,0.08,0.2,178,14.230717965485502,0.10900479515239243,2,0.9641918714148139,3.262243302857632,5.550725107111098
TC MultiVortex (strong),gamma2,0.95,0.08,0.2,179,13.09499624303119,0.09160253177503663,2,1.0523130388681736,2.874859301454446,2.715146138905628
TC MultiVortex (strong),gamma2,0.95,0.08,0.2,180,12.87554531257968,0.10711541971911445,2,0.9256900355832446,2.866879407351444,0.7534933789603133
TC MultiVortex (strong),gamma2,0.95,0.08,0.2,181,13.71845912684252,0.11161565292714591,2,1.0682119245173913,3.349512468190859,2.7126917017789456
TC MultiVortex (strong),gamma2,0.95,0.08,0.2,182,10.9960172987015,0.09479795720537129,2,0.8597143351031598,2.219713841373035,0.585003891683807
TC MultiVortex (strong),gamma2,0.95,0.08,0.2,183,12.296626645386482,0.09705868966810723,2,1.0127196713625128,2.726043766264112,3.400528488429251
TC MultiVortex (strong),gamma2,0.95,0.08,0.2,184,13.783944946012271,0.09850215711841823,2,0.9149989340650477,2.926117063629921,3.3192256985031374
TC MultiVortex (strong),gamma2,0.95,0.08,0.2,185,11.642787139645069,0.09569931625279125,2,0.8989529370898217,2.41470930109341,2.5898512364502944
TC MultiVortex (strong),gamma2,0.95,0.08,0.2,186,14.600261727663097,0.0985199654845065,2,1.0394407079610142,3.303753448125448,-0.01849287834762678
TC MultiVortex (strong),gamma2,0.95,0.08,0.2,187,12.353437254383788,0.09143739127054572,2,0.9460624608161976,2.569180603295849,2.9286353661390954
TC MultiVortex (strong),gamma2,0.95,0.08,0.2,188,13.578926576587886,0.08151577018088813,2,1.0300841146375779,2.782323380229794,2.7774066371136428
TC MultiVortex (strong),gamma2,0.95,0.08,0.2,189,13.236860709271957,0.09597455779392079,2,0.9210099261569236,2.7827886047022212,-1.150877555032231
TC MultiVortex (strong),gamma2,0.95,0.08,0.2,190,12.580925612791548,0.09705582003986396,2,0.984726353149429,2.7502119744918136,0.5472263488823187
TC MultiVortex (strong),gamma2,0.95,0.08,0.2,191,11.5579138812863,0.0911237406425499,2,0.8942899443700184,2.333025038358364,1.7858571952219895
TC MultiVortex (strong),gamma2,0.95,0.08,0.2,192,12.973201814946886,0.12610975455017193,2,0.987427068781097,3.237121727886433,6.46993742515915
TC MultiVortex (strong),gamma2,0.95,0.08,0.2,193,12.980778060510556,0.10293730301087795,2,1.0285149985024105,2.9866025674997005,3.749836492616369
TC MultiVortex (strong),gamma2,0.95,0.08,0.2,194,15.542522316186123,0.08891343662111148,2,1.0007038347144634,3.278256885785,2.4964438263122046
TC MultiVortex (strong),gamma2,0.95,0.08,0.2,195,12.415988242097548,0.09725438997505019,2,1.0911962857966488,2.860041542684147,5.192417146602268
TC MultiVortex (strong),gamma2,0.95,0.08,0.2,196,11.19494120195808,0.1044831727415571,2,0.8173471277360547,2.313306965097408,-0.03027681170843477
TC MultiVortex (strong),gamma2,0.95,0.08,0.2,197,14.320161352453786,0.10348444807033216,2,0.9978632181966611,3.253913207715831,3.1026499530399194
TC MultiVortex (strong),gamma2,0.95,0.08,0.2,198,13.29101085050986,0.10361078911872587,2,0.948070599513576,2.945546240549867,3.7335568404570925
TC MultiVortex (strong),gamma2,0.95,0.08,0.2,199,13.133170122701909,0.11020015426247783,2,1.2,3.3770407128678928,4.165743835713877
TC MultiVortex (strong),gamma2,0.95,0.08,0.2,200,11.902132635298065,0.08228642429958771,2,1.03516625753324,2.456286022113473,0.5020227178060865
TC MultiVortex (strong),gamma2,0.95,0.08,0.2,201,13.998537421749134,0.09266238747054564,2,1.0957876618385776,3.154151944582578,2.094429465224207
TC MultiVortex (strong),gamma2,0.95,0.08,0.2,202,13.165122253412044,0.10982513509668232,2,1.158120187922674,3.3199962083311556,1.8816224947237317
TC MultiVortex (strong),gamma2,0.95,0.08,0.2,203,13.400598317355966,0.12039382683483514,2,1.0589186410109224,3.3833162757735735,-1.040839635336892
TC MultiVortex (strong),gamma2,0.95,0.08,0.2,204,14.633782553502616,0.10438737126102109,2,0.940294343990556,3.2418841571730934,6.344618903524557
TC MultiVortex (strong),gamma2,0.95,0.08,0.2,205,12.689372551577046,0.09156716853592878,2,1.1302031178063852,2.886511508447313,3.2678875483877103
TC MultiVortex (strong),gamma2,0.95,0.08,0.2,206,13.121102357220586,0.1097133436583914,2,0.9453519048429049,2.9880083231267536,3.459988397509391
TC MultiVortex (strong),gamma2,0.95,0.08,0.2,207,14.226352624548097,0.11464790712879072,2,0.8995455548002415,3.2305258303731383,5.886061023894295
TC MultiVortex (strong),gamma2,0.95,0.08,0.2,208,14.227275408517453,0.09301357517129498,2,1.0177296619334228,3.095252804335452,6.616451471124681
TC MultiVortex (strong),gamma2,0.95,0.08,0.2,209,10.999332742562512,0.12409820364656757,2,0.9634209039809741,2.6893177758032474,1.2721505143693115
TC MultiVortex (strong),gamma2,0.95,0.08,0.2,210,13.870097828195526,0.10549778266444476,2,0.9474983846920388,3.1008119668429397,1.8280221915174593
TC MultiVortex (strong),gamma2,0.95,0.08,0.2,211,12.326253089595895,0.10279711226779374,2,1.0011083298283339,2.7960638058360576,2.3808527356009765
TC MultiVortex (strong),gamma2,0.95,0.08,0.2,212,11.808968017127306,0.09130722829751535,2,0.8538529426901015,2.3315303230922306,2.962074928849869
TC MultiVortex (strong),gamma2,0.95,0.08,0.2,213,12.949316286486418,0.07829487297651407,2,1.1098192818171497,2.699135179548485,1.211564912987396
TC MultiVortex (strong),gamma2,0.95,0.08,0.2,214,13.755593316362521,0.09774973270633659,2,1.0301499672910015,3.0865430973972834,1.728652682366645
TC MultiVortex (strong),gamma2,0.95,0.08,0.2,215,12.862717589892272,0.07705129759441132,2,0.9304401931664515,2.4352970715299396,0.383172270495012
TC MultiVortex (strong),gamma2,0.95,0.08,0.2,216,10.966392122763779,0.08520097859320454,2,1.0500415009114739,2.3193927563288868,0.2882065769654388
TC MultiVortex (strong),gamma2,0.95,0.08,0.2,217,14.054744258519387,0.1075048327132276,2,0.9769733201586841,3.220796573553565,5.080646246418205
TC MultiVortex (strong),gamma2,0.95,0.08,0.2,218,12.828007455813573,0.10036202650704196,2,0.9347993376547967,2.7783574219913696,2.30468146653423
TC MultiVortex (strong),gamma2,0.95,0.08,0.2,219,11.772304418941365,0.10263714036536699,2,1.0118865467915479,2.6826540394824243,2.7271049646657226
TC MultiVortex (strong),gamma2,0.95,0.08,0.2,220,12.766263031991878,0.1016164923990595,2,1.0031868473324916,2.882184678114892,3.2417819661087104
TC MultiVortex (strong),gamma2,0.95,0.08,0.2,221,12.107788734648148,0.08792455534501631,2,1.0383129960188076,2.586837046463865,5.969808521963898
TC MultiVortex (strong),gamma2,0.95,0.08,0.2,222,15.55716294728911,0.12305614066861807,2,0.8662319889595396,3.5915685241286086,1.4691199877798762
TC MultiVortex (strong),gamma2,0.95,0.08,0.2,223,12.173454865608981,0.11064064042520304,2,0.939038352237295,2.774583872571456,2.050552093586197
TC MultiVortex (strong),gamma2,0.95,0.08,0.2,224,12.969637074500982,0.11002471568350347,2,1.1553524896416827,3.2697549464072684,1.9042384283878335
TC MultiVortex (strong),gamma2,0.95,0.08,0.2,225,13.310121062638487,0.10547821837262315,2,1.0991600600537756,3.204637202852336,3.265998428801616
TC MultiVortex (strong),gamma2,0.95,0.08,0.2,226,13.705159847772308,0.10808603454062718,2,0.8990786562815786,3.0210140368162524,3.627994037374204
TC MultiVortex (strong),gamma2,0.95,0.08,0.2,227,12.886257513646797,0.08129200524547912,2,0.9958105839252691,2.592531818219996,0.5603880524144069
TC MultiVortex (strong),gamma2,0.95,0.08,0.2,228,13.184839190632225,0.07894990180829675,2,1.0973365462446958,2.744135538380453,-0.33219548410263516
TC MultiVortex (strong),gamma2,0.95,0.08,0.2,229,11.31026621064181,0.10234553156318195,2,1.019244400624186,2.583041830780933,1.8352789454897533
TC MultiVortex (strong),gamma2,0.95,0.08,0.2,230,13.130410168032329,0.11724543667153668,2,0.9938577679916689,3.16937324540131,4.731360735283826
TC MultiVortex (strong),gamma2,0.95,0.08,0.2,231,12.443404002111981,0.11546453424590969,2,1.0612493622989756,3.0800461868211504,3.3208680405414874
TC MultiVortex (strong),gamma2,0.95,0.08,0.2,232,14.96991391213087,0.10032302279972787,2,1.0801370724940458,3.4845286987654074,3.410612037016733
TC MultiVortex (strong),gamma2,0.95,0.08,0.2,233,11.564499288768312,0.11963840198147321,2,1.0430132309174276,2.888630859013141,1.5952695274245359
TC MultiVortex (strong),gamma2,0.95,0.08,0.2,234,14.915895912024272,0.10222531370791163,2,0.9524484305534807,3.2910486890805353,-0.8627234871362943
TC MultiVortex (strong),gamma2,0.95,0.08,0.2,235,13.894228843653181,0.10059610206921031,2,1.1199142381929212,3.2976336739517853,4.467672092337449
TC MultiVortex (strong),gamma2,0.95,0.08,0.2,236,13.509642863557072,0.11261119657565559,2,1.0054617626341356,3.214418631349799,5.957330247893327
TC MultiVortex (strong),gamma2,0.95,0.08,0.2,237,14.92230496334696,0.1037022999242793,2,0.9990226866511549,3.396274489326478,-0.7093473424130452
TC MultiVortex (strong),gamma2,0.95,0.08,0.2,238,12.482289434183384,0.10603375590568048,2,1.0076381241798062,2.8850518237700227,0.6419598720596363
TC MultiVortex (strong),gamma2,0.95,0.08,0.2,239,11.900775176393676,0.08712281724327219,2,0.9456776143520844,2.4154483904394817,1.7557356537572524
TC MultiVortex (strong),gamma2,0.95,0.08,0.2,240,13.463131057657934,0.10884699050118334,2,1.0600011405971281,3.2336458554579233,3.7841310178144654
TC MultiVortex (strong),gamma2,0.95,0.08,0.2,241,14.321786958071776,0.08646055295883329,2,1.2,3.261984091692852,6.767795736836284
TC MultiVortex (strong),gamma2,0.95,0.08,0.2,242,11.53210698424012,0.10873908519822205,2,1.0364262917875007,2.7375099928038673,6.422915896604008
TC MultiVortex (strong),gamma2,0.95,0.08,0.2,243,12.854399367400784,0.10473295592868075,2,0.984110966132812,2.9181022602340345,3.317704294637432
TC MultiVortex (strong),gamma2,0.95,0.08,0.2,244,13.372439724125195,0.11565245338047148,2,1.0337277691623357,3.269461048584748,2.5564852126275244
TC MultiVortex (strong),gamma2,0.95,0.08,0.2,245,14.872227048922454,0.09352287539771797,2,1.0158953388607856,3.241488002405,1.466231810846468
TC MultiVortex (strong),gamma2,0.95,0.08,0.2,246,12.694886700184432,0.1350479536099566,2,0.9333471439783344,3.186980723676144,5.941469606694024
TC MultiVortex (strong),gamma2,0.95,0.08,0.2,247,10.471103383113606,0.09032781826825177,2,0.9256544678633747,2.140980248782473,3.3722360868686314
TC MultiVortex (strong),gamma2,0.95,0.08,0.2,248,12.214255532152087,0.09700049554682931,2,1.0118443134027217,2.705800843517876,3.8077560294527992
TC MultiVortex (strong),gamma2,0.95,0.08,0.2,249,12.314124515729587,0.09606524320554055,2,0.9843749245846009,2.6776385827830333,2.8389944421376563
TC MultiVortex (strong),gamma2,0.95,0.08,0.2,250,11.921319504337033,0.1317344570075536,2,0.9546964529305356,2.989452637533542,0.9558727283448326
TC MultiVortex (strong),gamma2,0.95,0.08,0.2,251,12.54008053310072,0.10391918503148859,2,0.9516322963349764,2.7884815809612222,6.589808862504781
TC MultiVortex (strong),gamma2,0.95,0.08,0.2,252,13.532257135335604,0.10263104603562763,2,0.9297749957084642,2.9558579048018703,2.06362805690252
TC MultiVortex (strong),gamma2,0.95,0.08,0.2,253,13.03183853787039,0.12319600752869761,2,0.9288634261007802,3.1172019623413467,4.542297770251365
TC MultiVortex (strong),gamma2,0.95,0.08,0.2,254,14.425441472508862,0.0996189132340044,2,0.8815045562952186,3.02271565818277,2.3341507215917234
TC MultiVortex (strong),gamma2,0.95,0.08,0.2,255,13.255782222926692,0.11839828313527413,2,1.0114460787250286,3.2436533331695303,3.8246543443057064
TC MultiVortex (strong),gamma2,0.95,0.08,0.2,256,13.672385150791193,0.08850504968507837,2,1.0503844027470273,2.9477282484648915,-1.088004976404207
TC MultiVortex (strong),gamma2,0.95,0.08,0.2,257,13.082594391712107,0.09932615166289666,2,0.92524743017006,2.8043978627994623,2.556170665078006
TC MultiVortex (strong),gamma2,0.95,0.08,0.2,258,12.633623594744783,0.0967701610406096,2,1.0805651996892747,2.8887446609781264,6.098382168051751
TC MultiVortex (strong),gamma2,0.95,0.08,0.2,259,10.677646882555733,0.10708016736743145,2,0.9389587480685337,2.394078207459739,4.66367617759937
TC MultiVortex (strong),gamma2,0.95,0.08,0.2,260,13.840275931645264,0.10092980590494315,2,1.0742021318902883,3.222422452426191,6.051967779084485
TC MultiVortex (strong),gamma2,0.95,0.08,0.2,261,12.649888323349813,0.098000577064224,2,0.936331569384817,2.7095729202889163,2.8603140935952043
TC MultiVortex (strong),gamma2,0.95,0.08,0.2,262,14.327686818007889,0.09284976122166051,2,0.8154305158313169,2.787693084346958,4.976840023698006
TC MultiVortex (strong),gamma2,0.95,0.08,0.2,263,11.53394455012164,0.08394446050816884,2,0.970463577933542,2.327815217138059,0.7069507701219324
TC MultiVortex (strong),gamma2,0.95,0.08,0.2,264,12.597255983333064,0.1029319300300189,2,0.8076630759428566,2.5683318002286586,3.2663427932373
TC MultiVortex (strong),gamma2,0.95,0.08,0.2,265,11.54300679615518,0.1097442496883023,2,0.9946830379725188,2.696728322642509,2.5699086513682072
TC MultiVortex (strong),gamma2,0.95,0.08,0.2,266,13.259529888531745,0.09642091813370328,2,0.9824550486604021,2.8857260799206244,6.857547258420476
TC MultiVortex (strong),gamma2,0.95,0.08,0.2,267,13.092058602541513,0.13676695889523502,2,0.9422992961522105,3.3233644602849015,6.363212493796067
TC MultiVortex (strong),gamma2,0.95,0.08,0.2,268,13.366266787985627,0.10648082289917317,2,1.0329969218335782,3.1345870897324457,4.604856549671454
TC MultiVortex (strong),gamma2,0.95,0.08,0.2,269,13.414164426907623,0.09780755803626417,2,1.01611040551542,2.990234756000752,5.15012066044064
TC MultiVortex (strong),gamma2,0.95,0.08,0.2,270,11.989029241110801,0.09304751925101123,2,0.9426056850512723,2.5106515885511422,1.2575819668272359
TC MultiVortex (strong),gamma2,0.95,0.08,0.2,271,13.222013655328604,0.12382705545297823,2,1.0286524714733312,3.3367580226446267,-0.3207825198872067
TC MultiVortex (strong),gamma2,0.95,0.08,0.2,272,12.682278504820085,0.10570153256246646,2,1.0518131135860291,2.9901448074096697,1.8974640119748154
TC MultiVortex (strong),gamma2,0.95,0.08,0.2,273,12.092563168930349,0.11398950725567913,2,0.9432684631011363,2.803841518572342,1.0682229244949741
TC MultiVortex (strong),gamma2,0.95,0.08,0.2,274,11.012226479814808,0.108904506202207,2,1.0904402027993878,2.6833911882189683,2.998622156776915
TC MultiVortex (strong),gamma2,0.95,0.08,0.2,275,14.040542779749822,0.09054973842267341,2,1.020694556305258,3.018286064427994,6.4367035519164855
TC MultiVortex (strong),gamma2,0.95,0.08,0.2,276,13.222123250425405,0.0895886372833882,2,1.0128609030014626,2.8163561404084216,1.8578469447081845
TC MultiVortex (strong),gamma2,0.95,0.08,0.2,277,10.98896562533957,0.10301934428286749,2,1.0458592948814454,2.5505734693094304,3.062896010645618
TC MultiVortex (strong),gamma2,0.95,0.08,0.2,278,11.49061160117505,0.105788904685502,2,0.8987956870254431,2.505409370823509,3.20886274059131
TC MultiVortex (strong),gamma2,0.95,0.08,0.2,279,12.637203909301249,0.10251584496691778,2,1.0526903542958048,2.9354981764387724,-0.814538103717939
TC MultiVortex (strong),gamma2,0.95,0.08,0.2,280,12.58939950044566,0.13678611345280337,2,1.142383356107978,3.5189812753980316,1.737321359713714
TC MultiVortex (strong),gamma2,0.95,0.08,0.2,281,13.088937820932244,0.1266984977244552,2,0.960530447012037,3.2287224046244103,3.578353058210975
TC MultiVortex (strong),gamma2,0.95,0.08,0.2,282,12.119706783650361,0.08999347424818503,2,1.0753552404493807,2.665990528620676,4.7134072056260985
TC MultiVortex (strong),gamma2,0.95,0.08,0.2,283,13.864993639360684,0.09540926719036463,2,0.986184605684915,3.007316010391641,2.791744587300747
TC MultiVortex (strong),gamma2,0.95,0.08,0.2,284,13.384217777352962,0.0929832378085483,2,0.923991808680665,2.774050671128082,3.515468102229041
TC MultiVortex (strong),gamma2,0.95,0.08,0.2,285,11.851379021034308,0.0885921977035662,2,0.9398776672307657,2.418172581388034,0.09664391838818132
TC MultiVortex (strong),gamma2,0.95,0.08,0.2,286,13.054589527906272,0.09402798817547242,2,1.0091089932307578,2.843451555438264,3.991861870392484
TC MultiVortex (strong),gamma2,0.95,0.08,0.2,287,12.567134099365816,0.1066835968771997,2,0.9674632828862548,2.8548764766052863,2.7767022721317534
TC MultiVortex (strong),gamma2,0.95,0.08,0.2,288,12.932978056694113,0.1005980191496789,2,0.9855249963652145,2.8794668262705407,3.118448442025845
TC MultiVortex (strong),gamma2,0.95,0.08,0.2,289,13.19733761864391,0.09471368521483711,2,1.012044099450544,2.8891987300465565,1.514789594789498
TC MultiVortex (strong),gamma2,0.95,0.08,0.2,290,15.644506490824966,0.11102837960118199,2,1.1134603572399633,3.889566942395185,1.4867037682153639
TC MultiVortex (strong),gamma2,0.95,0.08,0.2,291,12.973535014147563,0.09129025715212019,2,1.012245747527993,2.7886789992409406,2.062841282470329
TC MultiVortex (strong),gamma2,0.95,0.08,0.2,292,13.371850619391344,0.08215618809399568,2,1.016946088283803,2.7330377085502304,-0.7007491644570759
TC MultiVortex (strong),gamma2,0.95,0.08,0.2,293,11.786265892888679,0.1247535649042904,2,1.0993611008536148,3.0864404488249826,2.468702001822576
TC MultiVortex (strong),gamma2,0.95,0.08,0.2,294,13.625969743828872,0.09270761841718721,2,1.055667737937106,3.014211756365395,3.3713982987778843
TC MultiVortex (strong),gamma2,0.95,0.08,0.2,295,13.478225657211071,0.10489925448915632,2,0.9961513214273042,3.0808218370444265,1.317374202030968
TC MultiVortex (strong),gamma2,0.95,0.08,0.2,296,12.816584433767359,0.08743458315803943,2,1.063139165111323,2.763083349549018,1.4832559008691932
TC MultiVortex (strong),gamma2,0.95,0.08,0.2,297,12.182854238638344,0.09828048602469515,2,0.9310698106147881,2.6059064488656096,5.054576213313457
TC MultiVortex (strong),gamma2,0.95,0.08,0.2,298,13.394518479051321,0.11059434403138826,2,0.9323131630770307,3.0413014876970585,1.4584302468986603
TC MultiVortex (strong),gamma2,0.95,0.08,0.2,299,16.891656849937,0.09234983220796142,2,1.0018163358347176,3.633033164035124,4.091338216637199
TC MultiVortex (strong),gamma2,0.95,0.08,0.2,300,12.632889013107159,0.10900461816815962,2,0.9125325374222275,2.8173078874229347,-0.8134587487787294
TC MultiVortex (strong),gamma2,0.95,0.08,0.2,301,12.454172749027405,0.1021852138437778,2,1.0773694082986345,2.921973255012398,3.8404993950950774
TC MultiVortex (strong),gamma2,0.95,0.08,0.2,302,11.899337553095727,0.08570140356041701,2,1.0225090643875423,2.490779813194381,4.810394326043351
TC MultiVortex (strong),gamma2,0.95,0.08,0.2,303,12.952242160634606,0.09083219982346544,2,1.0721629884035155,2.858118818470623,2.6129105262879637
TC MultiVortex (strong),gamma2,0.95,0.08,0.2,304,12.153944261668974,0.10023374323729538,2,1.0489625589178908,2.7866935392061034,5.564200568559848
TC MultiVortex (strong),gamma2,0.95,0.08,0.2,305,11.858031639569164,0.0998769676248326,2,1.1432086539283997,2.8333030735826177,5.178677444493783
TC MultiVortex (strong),gamma2,0.95,0.08,0.2,306,14.606140941459573,0.10723167015723305,2,0.9466347030780193,3.2905859197099923,4.722842290257824
TC MultiVortex (strong),gamma2,0.95,0.08,0.2,307,11.705672428737305,0.0995577231219115,2,1.0496056834862153,2.6756662064450643,-1.1953978397184148
TC MultiVortex (strong),gamma2,0.95,0.08,0.2,308,13.996434993130233,0.10709432961936322,2,1.0094632603609335,3.2541002671733943,5.51106489482647
TC MultiVortex (strong),gamma2,0.95,0.08,0.2,309,11.721514219422145,0.11439134575925876,2,1.0840142559302264,2.918655270146518,0.845431441898579
TC MultiVortex (strong),gamma2,0.95,0.08,0.2,310,11.638930908263909,0.08307104926637268,2,1.1332918255598956,2.525188590574625,1.6924358437226446
TC MultiVortex (strong),gamma2,0.95,0.08,0.2,311,12.798498552118488,0.11870348299777352,2,1.1045520908467024,3.276942779287624,2.3007575312910427
TC MultiVortex (strong),gamma2,0.95,0.08,0.2,312,11.24277369847715,0.11650884653792344,2,0.9059124219399461,2.582742029124832,2.86508654177436
TC MultiVortex (strong),gamma2,0.95,0.08,0.2,313,13.892631066090333,0.09496548665120069,2,1.0030684817172502,3.0319197083707725,0.6071650065410746
TC MultiVortex (strong),gamma2,0.95,0.08,0.2,314,11.95866509528853,0.08018543630236963,2,0.9503706597517345,2.3343284553290755,3.1955278594015457
TC MultiVortex (strong),gamma2,0.95,0.08,0.2,315,11.92528628535948,0.1048509545446335,2,0.8863864493427557,2.5707009869406416,3.5829038669908027
TC MultiVortex (strong),gamma2,0.95,0.08,0.2,316,11.802585540377173,0.09510327982199038,2,1.0557840007182968,2.6445235840405985,0.6403616850251735
TC MultiVortex (strong),gamma2,0.95,0.08,0.2,317,14.053556877360052,0.09111790976742172,2,0.9713778250959241,2.9564274407978073,4.294461527405986
TC MultiVortex (strong),gamma2,0.95,0.08,0.2,318,11.702364544899329,0.1027464588676123,2,0.9176149788920318,2.540810664637354,1.2056549755221533
TC MultiVortex (strong),gamma2,0.95,0.08,0.2,319,13.901885583320261,0.10096309922194395,2,1.0927724053530155,3.265163315896077,5.730579229500708
TC MultiVortex (strong),gamma2,0.95,0.08,0.2,320,13.50111380335944,0.08270997602356839,2,1.0645625701579027,2.832821069274933,5.282672442894416
TC MultiVortex (strong),gamma2,0.95,0.08,0.2,321,12.13092038754306,0.1010998062051083,2,0.9566998585978986,2.667729376462065,2.361284701881343
TC MultiVortex (strong),gamma2,0.95,0.08,0.2,322,12.809714392512507,0.11968192926769221,2,0.9972483733799307,3.1292510592573417,-0.8374712499324863
TC MultiVortex (strong),gamma2,0.95,0.08,0.2,323,14.239036157904874,0.10747094463586615,2,0.9406856431533633,3.201351683368836,4.812086543583151
TC MultiVortex (strong),gamma2,0.95,0.08,0.2,324,14.632629791727977,0.08244302862482851,2,0.9664798129339599,2.920658297277295,3.370679353448551
TC MultiVortex (strong),gamma2,0.95,0.08,0.2,325,11.581721500170092,0.08820174407909008,2,1.0729135270152073,2.5192952420170642,4.067251636698893
TC MultiVortex (strong),gamma2,0.95,0.08,0.2,326,11.846565306334698,0.11769094167584289,2,1.032201268537417,2.9196525257501618,6.999385656153157
TC MultiVortex (strong),gamma2,0.95,0.08,0.2,327,11.807491754183264,0.11922735753578256,2,0.832989545298848,2.631178960759746,1.841505653815066
TC MultiVortex (strong),gamma2,0.95,0.08,0.2,328,13.100380408915838,0.09536684919063353,2,0.9600311365467046,2.802917309245769,3.2488997019316073
TC MultiVortex (strong),gamma2,0.95,0.08,0.2,329,12.442162748560696,0.10443705671234886,2,0.9483903291859456,2.7688648003024543,5.99118582218375
TC MultiVortex (strong),gamma2,0.95,0.08,0.2,330,13.53535034839946,0.10559033892426284,2,1.0574372318849252,3.198113660473802,5.277385256150342
TC MultiVortex (strong),gamma2,0.95,0.08,0.2,331,12.54730272907367,0.10213892779334009,2,1.0423430463891536,2.8949186392956716,0.5540407743627798
TC MultiVortex (strong),gamma2,0.95,0.08,0.2,332,11.672150712036604,0.11207769009055896,2,0.8862342942826399,2.6011760726601807,2.5564218056085903
TC MultiVortex (strong),gamma2,0.95,0.08,0.2,333,13.616840079663566,0.08740392638859033,2,0.9032554545471528,2.7054038697506373,1.8776920517330518
TC MultiVortex (strong),gamma2,0.95,0.08,0.2,334,12.035202462667607,0.08720617004713371,2,1.0610686126405542,2.5887120389870573,5.081263594198453
TC MultiVortex (strong),gamma2,0.95,0.08,0.2,335,12.968132026607112,0.1022851463088948,2,1.054423445825869,3.011454029601094,4.836825042849853
TC MultiVortex (strong),gamma2,0.95,0.08,0.2,336,12.962833024381636,0.1007774990147913,2,0.970179723760986,2.8661097341858333,-1.1182626188036253
TC MultiVortex (strong),gamma2,0.95,0.08,0.2,337,11.886465594413323,0.12706963042610359,2,1.0833837404260416,3.118528948662532,-1.051525358606967
TC MultiVortex (strong),gamma2,0.95,0.08,0.2,338,12.34330554094858,0.0891044920313558,2,1.1166398294271156,2.7531054003164748,5.290916969091702
TC MultiVortex (strong),gamma2,0.95,0.08,0.2,339,13.002164462891791,0.10262104082104179,2,1.037536486499891,2.999995159162761,2.716268018913094
TC MultiVortex (strong),gamma2,0.95,0.08,0.2,340,11.970987609899174,0.1133770581717851,2,1.0922134235948284,2.978731310083366,1.0721009273218924
TC MultiVortex (strong),gamma2,0.95,0.08,0.2,341,13.954646755363099,0.10560916340102537,2,1.0684900616830286,3.314666920491897,3.483536450125128
TC MultiVortex (strong),gamma2,0.95,0.08,0.2,342,12.031558956772663,0.09602857555819619,2,0.9581441554161076,2.5806111921403097,0.4022177928219359
TC MultiVortex (strong),gamma2,0.95,0.08,0.2,343,11.99717169861895,0.11245816192825504,2,0.9745676983748874,2.8084414445689876,1.315124941583088
TC MultiVortex (strong),gamma2,0.95,0.08,0.2,344,13.594261509889575,0.11073446620149326,2,0.937424559633605,3.0970641011645017,7.537421826615983
TC MultiVortex (strong),gamma2,0.95,0.08,0.2,345,13.801902666383889,0.10612537786496712,2,1.0863424410087206,3.3137287879194783,4.07335693461182
TC MultiVortex (strong),gamma2,0.95,0.08,0.2,346,11.481695868549723,0.10520620778913446,2,0.9900837505175073,2.6202799323120503,4.393182765310123
TC MultiVortex (strong),gamma2,0.95,0.08,0.2,347,12.096004873865871,0.11193837897627851,2,0.9042580618102284,2.721213749808758,3.5070450519366574
TC MultiVortex (strong),gamma2,0.95,0.08,0.2,348,12.526767836350077,0.1106521779117034,2,1.0704596988661963,3.0485208845807126,4.957925368863811
TC MultiVortex (strong),gamma2,0.95,0.08,0.2,349,11.73893859699301,0.10873697228267615,2,1.0596704437542275,2.817655296915577,1.8741397791205514
TC MultiVortex (strong),gamma2,0.95,0.08,0.2,350,11.860072868782801,0.09858771901636751,2,1.0937041163628933,2.7538082214580215,1.6588966661305986
TC MultiVortex (strong),gamma2,0.95,0.08,0.2,351,13.624783134235605,0.11425421309322935,2,1.1065573242337015,3.4256080523095993,4.41995186372531
TC MultiVortex (strong),gamma2,0.95,0.08,0.2,352,11.336836281019998,0.1108509864226757,2,0.9078233644919719,2.543005714300464,2.2194477328006816
TC MultiVortex (strong),gamma2,0.95,0.08,0.2,353,12.970644389887244,0.11801085178745305,2,0.9955468031309757,3.1436802626191884,7.669793277115629
TC MultiVortex (strong),gamma2,0.95,0.08,0.2,354,14.456640151729282,0.09541774631220751,2,0.8859156094191498,2.97209801257293,4.384503748752733
TC MultiVortex (strong),gamma2,0.95,0.08,0.2,355,12.989156502508951,0.09624568508592633,2,0.9831860723090641,2.8253642437348176,0.7289940403732493
TC MultiVortex (strong),gamma2,0.95,0.08,0.2,356,12.413977053780645,0.0934173745994896,2,1.0322113761096647,2.7258006446071117,4.362726329709299
TC MultiVortex (strong),gamma2,0.95,0.08,0.2,357,13.077663221015852,0.11721928627230783,2,1.0677456889274712,3.27151262757023,4.7115123985889795
TC MultiVortex (strong),gamma2,0.95,0.08,0.2,358,11.835419394714169,0.09507033833137818,2,1.1200356118313384,2.7309081252259313,3.045860630821659
TC MultiVortex (strong),gamma2,0.95,0.08,0.2,359,12.67124027608469,0.09893211959126656,2,1.0251786791631592,2.853465118883437,3.353462535515496
TC MultiVortex (strong),gamma2,0.95,0.08,0.2,360,14.17354718476227,0.10000344194800738,2,0.9055046638859312,3.015896100533439,3.434237702455363
TC MultiVortex (strong),gamma2,0.95,0.08,0.2,361,13.41107597155905,0.1295936502791287,2,0.9492811842560397,3.326120069264517,1.0229747403776894
TC MultiVortex (strong),gamma2,0.95,0.08,0.2,362,13.28463792991537,0.1190150657722609,2,0.9214711250806503,3.110832018893696,3.75512088179426
TC MultiVortex (strong),gamma2,0.95,0.08,0.2,363,11.828707533302609,0.082944473846059,2,0.9174205112140179,2.307279711316892,-0.08085396056408142
TC MultiVortex (strong),gamma2,0.95,0.08,0.2,364,12.831272740074642,0.11907104430649561,2,1.0486828522886005,3.2061209589069466,4.1442932250527855
TC MultiVortex (strong),gamma2,0.95,0.08,0.2,365,12.430914203988333,0.09948730247159009,2,1.039613514088395,2.826883149409853,5.784425915840793
TC MultiVortex (strong),gamma2,0.95,0.08,0.2,366,12.352284145471286,0.11780897681544292,2,0.9190181944851035,2.873978549524147,6.223198366838048
TC MultiVortex (strong),gamma2,0.95,0.08,0.2,367,12.01743629605141,0.09869818343149027,2,1.1032214005518202,2.8040306044776977,2.6228696612572007
TC MultiVortex (strong),gamma2,0.95,0.08,0.2,368,12.336042876642177,0.09605832439359667,2,0.8298027005202651,2.4627243113538877,3.108290076560849
TC MultiVortex (strong),gamma2,0.95,0.08,0.2,369,11.966230904507285,0.0957097339933301,2,1.1524186398725818,2.8101245737058,2.5243982053695917
TC MultiVortex (strong),gamma2,0.95,0.08,0.2,370,13.434602850237862,0.10737655735198583,2,1.0271647350210173,3.1548929153176206,2.57219377568946
TC MultiVortex (strong),gamma2,0.95,0.08,0.2,371,12.061989848154305,0.11287951558940879,2,0.9452289299497876,2.7859930709047642,2.148093698260764
TC MultiVortex (strong),gamma2,0.95,0.08,0.2,372,13.81000431190129,0.09878572953937399,2,0.939362174344273,2.974695087447348,0.255691359948778
TC MultiVortex (strong),gamma2,0.95,0.08,0.2,373,12.387307390992078,0.09440641824486241,2,1.1296186485431388,2.860412083998823,3.8276697878368093
TC MultiVortex (strong),gamma2,0.95,0.08,0.2,374,12.740109744797804,0.09635092540846485,2,0.8418310962941805,2.565657016785725,0.9022577763639614
TC MultiVortex (strong),gamma2,0.95,0.08,0.2,375,14.764385498521325,0.0992540849881431,2,0.9620147942898647,3.2260080644640974,2.5982596919518635
TC MultiVortex (strong),gamma2,0.95,0.08,0.2,376,13.954940304194082,0.10812008257884016,2,0.8971083382308013,3.073184373263244,5.780129068662319
TC MultiVortex (strong),gamma2,0.95,0.08,0.2,377,13.68079177127963,0.08995407760071772,2,0.9097158434536285,2.767321016871974,4.005875218864028
TC MultiVortex (strong),gamma2,0.95,0.08,0.2,378,12.01657887625152,0.08903895591078892,2,1.0928754865453427,2.6505818231816423,-0.3774216322060703
TC MultiVortex (strong),gamma2,0.95,0.08,0.2,379,14.397224464554474,0.1015247953197243,2,0.9647990128027746,3.1861650131785177,7.300288781551873
TC MultiVortex (strong),gamma2,0.95,0.08,0.2,380,16.43012038283045,0.1263077271679301,2,1.0344236593142229,4.199425977371638,2.455616689744238
TC MultiVortex (strong),gamma2,0.95,0.08,0.2,381,11.145149313422593,0.0966588489240135,2,0.916466898748885,2.345579161419759,3.802406843083765
TC MultiVortex (strong),gamma2,0.95,0.08,0.2,382,13.239269504695605,0.104705803693296,2,1.0533574332661613,3.109011186036333,4.594160549764097
TC MultiVortex (strong),gamma2,0.95,0.08,0.2,383,12.231184708986145,0.10378636504779454,2,0.8989620943618187,2.6417661286406595,0.7933896298568699
TC MultiVortex (strong),gamma2,0.95,0.08,0.2,384,11.741985317426217,0.10218822684613768,2,1.0306253082350927,2.694494914721505,4.076575697260894
TC MultiVortex (strong),gamma2,0.95,0.08,0.2,385,12.373786632706087,0.08193677260693172,2,1.005676248147285,2.5116328148945803,1.8947657136199927
TC MultiVortex (strong),gamma2,0.95,0.08,0.2,386,12.815061936417642,0.10246466249871526,2,0.8884233545310609,2.734026702733405,3.461488339566018
TC MultiVortex (strong),gamma2,0.95,0.08,0.2,387,11.431584092924195,0.08154263911301494,2,0.9708596800774456,2.2743747845949613,0.3078973127682641
TC MultiVortex (strong),gamma2,0.95,0.08,0.2,388,9.560250432730093,0.10694824709327924,2,1.0919444032713237,2.3101563291298817,2.4231443814330573
TC MultiVortex (strong),gamma2,0.95,0.08,0.2,389,13.243316675249744,0.09518814748418827,2,1.1914856502814932,3.153679911903808,6.201984486876034
TC MultiVortex (strong),gamma2,0.95,0.08,0.2,390,10.863146226189768,0.09953955780312815,2,0.9592823970794456,2.373622875686517,4.564994312845276
TC MultiVortex (strong),gamma2,0.95,0.08,0.2,391,13.0321131525832,0.10713645628212297,2,1.0009808861354554,3.0177369133030414,1.4661433482469184
TC MultiVortex (strong),gamma2,0.95,0.08,0.2,392,11.555796863129846,0.1055087315533897,2,1.2,2.907500010769186,3.664579762014851
TC MultiVortex (strong),gamma2,0.95,0.08,0.2,393,14.456886172691437,0.08716879084308513,2,0.9514257063411465,2.9439316000675637,5.092889729543339
TC MultiVortex (strong),gamma2,0.95,0.08,0.2,394,14.656782667585686,0.12291928961614092,2,0.9829395320404554,3.602442620467395,4.2382966201615755
TC MultiVortex (strong),gamma2,0.95,0.08,0.2,395,13.334898924918146,0.10842376795278066,2,1.1978904109474955,3.398173294208026,1.8324197360029344
TC MultiVortex (strong),gamma2,0.95,0.08,0.2,396,11.002024532794046,0.09809000595073374,2,1.0515969657746584,2.4985880227340593,0.8395346184042147
TC MultiVortex (strong),gamma2,0.95,0.08,0.2,397,11.002379560805654,0.11326659813631,2,0.9572277904176515,2.561711413272012,2.339714778095025
TC MultiVortex (strong),gamma2,0.95,0.08,0.2,398,13.549082454880715,0.09644146076888359,2,0.9911049766206165,2.9620105857096277,3.0425868193032057
TC MultiVortex (strong),gamma2,0.95,0.08,0.2,399,13.773374854066065,0.10777883101501068,2,1.0390366530598958,3.2591739312993555,0.18954329887783822
TC MultiVortex (strong),ph,0.85,0.055,0.2,0,13.782780946170275,0.13262466194160563,2,0.967947677415032,3.4918850768789564,1.7735548430413077
TC MultiVortex (strong),ph,0.85,0.055,0.2,1,12.217288541459432,0.09783638052984024,2,1.0693632897737515,2.7942975979863482,4.218999509911453
TC MultiVortex (strong),ph,0.85,0.055,0.2,2,11.653980612757993,0.10443626621545637,2,1.093711516192477,2.7850715330083013,2.9808989408634576
TC MultiVortex (strong),ph,0.85,0.055,0.2,3,12.63730119043032,0.09950402166846235,2,1.1661703137433599,3.043971952004671,2.024771921471479
TC MultiVortex (strong),ph,0.85,0.055,0.2,4,13.942937931063868,0.08441133060541342,2,0.9667042176104047,2.8163490308632344,3.1877082504536665
TC MultiVortex (strong),ph,0.85,0.055,0.2,5,12.27387229005493,0.1031185965849932,2,0.9857783657492952,2.767099274840873,2.4711688590493344
TC MultiVortex (strong),ph,0.85,0.055,0.2,6,13.699713646841866,0.11903723291878215,2,1.1088663823998608,3.519471978502309,3.648335994037361
TC MultiVortex (strong),ph,0.85,0.055,0.2,7,12.306002557426897,0.09956343024402876,2,0.9021212216100823,2.6078606317191424,2.966701877568766
TC MultiVortex (strong),ph,0.85,0.055,0.2,8,11.761305892525211,0.09405410084705854,2,1.006845744384709,2.559239233648767,3.130773468339339
TC MultiVortex (strong),ph,0.85,0.055,0.2,9,13.420502921498734,0.10084080234467187,2,1.0611037076995782,3.1042082970845195,2.9502150995512197
TC MultiVortex (strong),ph,0.85,0.055,0.2,10,12.381058759274076,0.10503985210559921,2,1.0847317815281765,2.9551601386281674,2.0321977701050424
TC MultiVortex (strong),ph,0.85,0.055,0.2,11,11.309796199737777,0.11287166488687819,2,0.9484283322785666,2.616582945211495,2.8843457086353244
TC MultiVortex (strong),ph,0.85,0.055,0.2,12,11.644427694112055,0.10086445231605042,2,1.0691210899465953,2.7038691229381446,2.5721728363490497
TC MultiVortex (strong),ph,0.85,0.055,0.2,13,14.274810747353987,0.08408125637417962,2,0.9710138055694582,2.8841487799117598,3.4083205520215984
TC MultiVortex (strong),ph,0.85,0.055,0.2,14,12.262831111678334,0.11627397875773608,2,0.9630641231561561,2.901647274750105,3.588543372941322
TC MultiVortex (strong),ph,0.85,0.055,0.2,15,11.701814207839277,0.10233194039260476,2,0.9211340539560932,2.5404182521416665,2.6154572426623317
TC MultiVortex (strong),ph,0.85,0.055,0.2,16,14.281996442074853,0.12016699311254782,2,0.8678258558941495,3.2612403905737333,2.481918104791436
TC MultiVortex (strong),ph,0.85,0.055,0.2,17,13.873461413116493,0.12002324650483079,2,0.863824418338376,3.1587500067028533,2.1111200420889196
TC MultiVortex (strong),ph,0.85,0.055,0.2,18,13.501781688538147,0.11561575415754914,2,0.8,2.9035518474002777,2.432103981788734
TC MultiVortex (strong),ph,0.85,0.055,0.2,19,12.545535314571888,0.08603581057062794,2,1.0424765394106859,2.6567272592078583,2.351515298670603
TC MultiVortex (strong),ph,0.85,0.055,0.2,20,11.758474222224752,0.1131631459977681,2,1.0000449673262608,2.797037211247458,2.591934106628142
TC MultiVortex (strong),ph,0.85,0.055,0.2,21,11.586988184628195,0.10536809919854742,2,0.8813559589736152,2.496811820270771,2.9924571250507013
TC MultiVortex (strong),ph,0.85,0.055,0.2,22,11.86561432373082,0.10289378387897795,2,1.0076619266120879,2.7016384230078643,2.272529633677187
TC MultiVortex (strong),ph,0.85,0.055,0.2,23,11.636721484590678,0.09575109897713491,2,0.9771286426868998,2.5168851464873203,3.9343658952893086
TC MultiVortex (strong),ph,0.85,0.055,0.2,24,12.354898540696169,0.08215431123152736,2,1.1211724604698532,2.651401976695599,2.319402817062064
TC MultiVortex (strong),ph,0.85,0.055,0.2,25,13.798944523638324,0.11190399241058165,2,1.0786079354602458,3.389888916097156,2.4051585083221303
TC MultiVortex (strong),ph,0.85,0.055,0.2,26,12.315855871489035,0.117620357655611,2,1.0197624054796635,3.0160625664030962,1.6568312666459544
TC MultiVortex (strong),ph,0.85,0.055,0.2,27,11.366508208817583,0.09596410490750154,2,1.0231016958762147,2.518406796791601,2.228104939772346
TC MultiVortex (strong),ph,0.85,0.055,0.2,28,12.585192293875954,0.09652321290383548,2,1.0548538043114277,2.83959811607906,2.7180130674375427
TC MultiVortex (strong),ph,0.85,0.055,0.2,29,12.82922421267031,0.08932796926325438,2,0.9520303391551265,2.64548024168215,3.0789425705208924
TC MultiVortex (strong),ph,0.85,0.055,0.2,30,13.518752236870487,0.11462560671427874,2,0.9174112115972582,3.0998769597286344,2.688430923839259
TC MultiVortex (strong),ph,0.85,0.055,0.2,31,14.07774980075678,0.10560672871053921,2,0.9883406460579004,3.216009831422369,2.891684588790196
TC MultiVortex (strong),ph,0.85,0.055,0.2,32,13.180201558519048,0.11817080240454722,2,1.0214164910082146,3.2379010965619655,2.088383851979011
TC MultiVortex (strong),ph,0.85,0.055,0.2,33,14.502188411057174,0.10367481346448287,2,0.8736809304474058,3.086253567337839,2.928303358649884
TC MultiVortex (strong),ph,0.85,0.055,0.2,34,11.816565723605084,0.12048987935910856,2,1.1246219345560684,3.075776940477755,3.5703606360013795
TC MultiVortex (strong),ph,0.85,0.055,0.2,35,12.500850565535755,0.13106529635984943,2,1.091367946974727,3.3431358141104477,1.907643384943792
TC MultiVortex (strong),ph,0.85,0.055,0.2,36,13.159854351581997,0.12147043135089461,2,0.9857290000232042,3.2199574927245176,2.2508566936031738
TC MultiVortex (strong),ph,0.85,0.055,0.2,37,12.397927571869708,0.11011869611995646,2,0.8,2.602013951068569,3.2519001189729164
TC MultiVortex (strong),ph,0.85,0.055,0.2,38,11.779122658119904,0.1108902979620782,2,0.9102972289278728,2.646283274561815,2.91833607176008
TC MultiVortex (strong),ph,0.85,0.055,0.2,39,13.860081933394106,0.12939552489860473,2,0.9500904933852098,3.436314576711395,3.7905790710397085
TC MultiVortex (strong),ph,0.85,0.055,0.2,40,12.565261963435736,0.1000043906053738,2,0.9902996646503143,2.796078752662772,2.4419370610631463
TC MultiVortex (strong),ph,0.85,0.055,0.2,41,14.909354254186841,0.0865279602439393,2,1.043577333016446,3.1679942732883344,3.221523056216951
TC MultiVortex (strong),ph,0.85,0.055,0.2,42,13.731347727447538,0.0759724413055056,2,0.9037192188893289,2.544151490526618,2.599604607960325
TC MultiVortex (strong),ph,0.85,0.055,0.2,43,14.686056548733683,0.13222225206606292,2,1.041297071581081,3.853273154651209,3.812947037633303
TC MultiVortex (strong),ph,0.85,0.055,0.2,44,13.58807138842982,0.09677219538235361,2,1.048964600104709,3.0612481445525135,1.7053715024695908
TC MultiVortex (strong),ph,0.85,0.055,0.2,45,12.298982269714068,0.12424286977734321,2,1.0090453376424937,3.079252159982707,2.3409956953709528
TC MultiVortex (strong),ph,0.85,0.055,0.2,46,13.180560722075034,0.13208266719811126,2,1.112928588835747,3.5733491491804767,2.713638246217893
TC MultiVortex (strong),ph,0.85,0.055,0.2,47,11.496545999731154,0.09380103187771915,2,1.0911108160883454,2.6007021814319926,2.3074503271613573
TC MultiVortex (strong),ph,0.85,0.055,0.2,48,11.63083364030328,0.10081370280970964,2,1.1481750127853068,2.7980770854472015,2.132150406946969
TC MultiVortex (strong),ph,0.85,0.055,0.2,49,12.520425611463683,0.09388279953467857,2,1.02392245150171,2.744926014270542,2.3551644365586903
TC MultiVortex (strong),ph,0.85,0.055,0.2,50,13.30965465847895,0.10640231254207147,2,1.0234700277338766,3.105738510339436,4.281481547711458
TC MultiVortex (strong),ph,0.85,0.055,0.2,51,12.46579994513238,0.10052269024160451,2,1.0154761437545283,2.816255605151389,3.242709721160701
TC MultiVortex (strong),ph,0.85,0.055,0.2,52,13.080533350206016,0.09431451594534564,2,0.8873578603159649,2.675772124161101,3.290634804467424
TC MultiVortex (strong),ph,0.85,0.055,0.2,53,13.45394199480387,0.10432230970256155,2,0.9063257347765036,2.9252656124800573,2.3214124935350093
TC MultiVortex (strong),ph,0.85,0.055,0.2,54,11.624093685243253,0.10195672288100276,2,1.0211431505899782,2.6521333206401896,2.5843488847418055
TC MultiVortex (strong),ph,0.85,0.055,0.2,55,12.391154631393382,0.10154416830259075,2,0.9496224824787913,2.7208197178453934,2.8663566002470926
TC MultiVortex (strong),ph,0.85,0.055,0.2,56,14.939097010755626,0.10919366807232904,2,1.0304284754001747,3.543374072981842,2.5405144493557814
TC MultiVortex (strong),ph,0.85,0.055,0.2,57,14.078048201227265,0.09640034420524174,2,0.9915855476889065,3.0777393448518393,3.354656502808263
TC MultiVortex (strong),ph,0.85,0.055,0.2,58,13.756040786877577,0.1163003948830909,2,0.9265562271748521,3.1930442803513324,2.683234257285216
TC MultiVortex (strong),ph,0.85,0.055,0.2,59,13.771623521366243,0.10748981035993065,2,0.9542888533771658,3.1188444687684833,3.613984453621577
TC MultiVortex (strong),ph,0.85,0.055,0.2,60,11.325298381550702,0.10709404408060713,2,0.9413352289607415,2.542666906296231,3.512651580252093
TC MultiVortex (strong),ph,0.85,0.055,0.2,61,11.631062382485165,0.1068935045131634,2,0.8957851201629817,2.5449658971899938,2.9989520429216885
TC MultiVortex (strong),ph,0.85,0.055,0.2,62,13.075326261472421,0.10326921748448967,2,0.9624685442485786,2.9148502776542395,3.8417305465998077
TC MultiVortex (strong),ph,0.85,0.055,0.2,63,14.112662766298536,0.12289016838541623,2,1.136971687011144,3.7301591408885293,3.1690725379811377
TC MultiVortex (strong),ph,0.85,0.055,0.2,64,13.116099576086556,0.0982326495104921,2,1.0497715676237278,2.9782766682329775,2.386866098704253
TC MultiVortex (strong),ph,0.85,0.055,0.2,65,14.993711912798547,0.09804711255838598,2,1.0774787223263096,3.44600513131286,2.573660104472718
TC MultiVortex (strong),ph,0.85,0.055,0.2,66,12.266309410684746,0.09506838346620727,2,1.0323207363808355,2.7172168414561457,3.628385315255652
TC MultiVortex (strong),ph,0.85,0.055,0.2,67,13.799581166907421,0.10763761829957691,2,1.0535392314279186,3.285929969456422,2.430736324004997
TC MultiVortex (strong),ph,0.85,0.055,0.2,68,13.401469719941234,0.11011799408770843,2,1.0226252932598108,3.1799833240934343,2.1192340446098847
TC MultiVortex (strong),ph,0.85,0.055,0.2,69,14.0942908020337,0.11748299333324799,2,1.0174069183966294,3.4455858478814707,4.054283671523072
TC MultiVortex (strong),ph,0.85,0.055,0.2,70,12.778654611046408,0.09578428843340604,2,1.0682123008093387,2.890320878668349,3.9826059646510883
TC MultiVortex (strong),ph,0.85,0.055,0.2,71,11.579664811732075,0.09753773478261198,2,0.8374277768799703,2.340135496072521,2.513708310038719
TC MultiVortex (strong),ph,0.85,0.055,0.2,72,11.779951976672882,0.12081360124784202,2,0.9313407238776328,2.794092205905111,2.683170968327887
TC MultiVortex (strong),ph,0.85,0.055,0.2,73,11.81495095495685,0.1137735461273666,2,0.9889415338532728,2.8023532613290985,2.4556802841816383
TC MultiVortex (strong),ph,0.85,0.055,0.2,74,14.252410855262253,0.10823032060415728,2,1.1175436777613452,3.504935747776069,2.821647947411022
TC MultiVortex (strong),ph,0.85,0.055,0.2,75,12.231117867763226,0.12060618425195879,2,1.0733724593958542,3.111796344075163,2.700705842076663
TC MultiVortex (strong),ph,0.85,0.055,0.2,76,13.880095905538688,0.1110297303139993,2,1.005561357146086,3.279452910520122,3.1999192384053377
TC MultiVortex (strong),ph,0.85,0.055,0.2,77,13.85832134750825,0.08814230522202404,2,0.9143542293939484,2.7819227819075016,2.817570617398497
TC MultiVortex (strong),ph,0.85,0.055,0.2,78,13.348868979022548,0.11099116757054277,2,1.0874772516152014,3.2793198137096806,2.455706704774824
TC MultiVortex (strong),ph,0.85,0.055,0.2,79,11.26601830589716,0.11453625594498687,2,0.8916726797665625,2.545831619353965,3.0477331550873576
TC MultiVortex (strong),ph,0.85,0.055,0.2,80,13.451697843056314,0.10286756693199725,2,0.9358103121775451,2.9511769680512523,2.950234202957897
TC MultiVortex (strong),ph,0.85,0.055,0.2,81,11.982748799690032,0.11617512280300174,2,1.1479159009090616,3.094233353935939,1.8619858039412773
TC MultiVortex (strong),ph,0.85,0.055,0.2,82,12.232162433677312,0.11742754443557334,2,1.0608348921404716,3.052791397647036,3.8546737046434845
TC MultiVortex (strong),ph,0.85,0.055,0.2,83,12.68296733302162,0.10406670732141374,2,1.0520665585539422,2.9674498693958946,2.2169980761736823
TC MultiVortex (strong),ph,0.85,0.055,0.2,84,12.525971917583119,0.11524664953934619,2,0.9549529861234384,2.9383368765898914,3.3655756396255225
TC MultiVortex (strong),ph,0.85,0.055,0.2,85,10.83516252766037,0.11896110357377158,2,0.950577532090727,2.576420208962884,3.1862035400311854
TC MultiVortex (strong),ph,0.85,0.055,0.2,86,14.092602888354948,0.11255338518795796,2,1.0199194416637727,3.376279814902163,3.629966003545984
TC MultiVortex (strong),ph,0.85,0.055,0.2,87,12.065991358701503,0.08942729774147765,2,0.9340768550864593,2.4658938162383834,3.5133410025686116
TC MultiVortex (strong),ph,0.85,0.055,0.2,88,12.791250008861997,0.10458305890131106,2,1.057594127275317,3.00807163855425,3.3511980492584
TC MultiVortex (strong),ph,0.85,0.055,0.2,89,12.177995032470003,0.08760658597135952,2,0.9662567376694062,2.505390581587307,3.903598118834546
TC MultiVortex (strong),ph,0.85,0.055,0.2,90,12.774846879999002,0.09438892312149173,2,0.9690046323084889,2.7318959088350105,3.5634917153771775
TC MultiVortex (strong),ph,0.85,0.055,0.2,91,12.632705527481168,0.104017526579235,2,0.93636348368454,2.7877695525633985,3.584169872365255
TC MultiVortex (strong),ph,0.85,0.055,0.2,92,12.626881717158872,0.08468737693505617,2,0.8814125894870708,2.4393834880795193,2.5176913953227102
TC MultiVortex (strong),ph,0.85,0.055,0.2,93,11.095255606119963,0.10168732843107892,2,1.0156064005437875,2.521264722697487,3.0413795027601918
TC MultiVortex (strong),ph,0.85,0.055,0.2,94,12.886583151656762,0.08327116715819853,2,0.9872495789942938,2.612664156421834,3.63949185833975
TC MultiVortex (strong),ph,0.85,0.055,0.2,95,14.010192664985741,0.12279650455603633,2,1.1052693940768874,3.6496917363598977,3.0809853612557996
TC MultiVortex (strong),ph,0.85,0.055,0.2,96,15.698094176094184,0.08927087000187824,2,0.9793629712252981,3.2821517431978693,1.8671322192381736
TC MultiVortex (strong),ph,0.85,0.055,0.2,97,14.834604875525775,0.11641944988572692,2,1.0645121833582292,3.6927429268046885,4.878195972982068
TC MultiVortex (strong),ph,0.85,0.055,0.2,98,12.941055554024524,0.10664895087631086,2,1.0126313534567932,3.0071748636909725,2.9723118390900845
TC MultiVortex (strong),ph,0.85,0.055,0.2,99,12.516655141767298,0.0962823939529282,2,0.888343401719049,2.588434438383541,3.2300678756699854
TC MultiVortex (strong),ph,0.85,0.055,0.2,100,15.090891272392668,0.08665304005567977,2,1.0717729424207845,3.251944975554396,3.3253606050065048
TC MultiVortex (strong),ph,0.85,0.055,0.2,101,12.166727605952099,0.11010475650756162,2,0.8844798606496547,2.684762059713856,3.4259827267938756
TC MultiVortex (strong),ph,0.85,0.055,0.2,102,13.914066522050922,0.10593168987712588,2,1.0028157776119628,3.2067315659207853,2.8825244092731803
TC MultiVortex (strong),ph,0.85,0.055,0.2,103,11.359636512321533,0.10854613337348375,2,1.1325900976681513,2.81639131286911,3.493103388483552
TC MultiVortex (strong),ph,0.85,0.055,0.2,104,12.680918227952539,0.0877012521886363,2,0.8512650335527547,2.4500277234762264,2.7249560915664346
TC MultiVortex (strong),ph,0.85,0.055,0.2,105,14.169183709875593,0.09116084135537601,2,1.0900285958847458,3.1582968082381933,2.1735694804997046
TC MultiVortex (strong),ph,0.85,0.055,0.2,106,14.460693169043983,0.09911795882597549,2,0.9410672450542822,3.122918260436678,2.72391443353795
TC MultiVortex (strong),ph,0.85,0.055,0.2,107,13.285026091465753,0.10269079378387806,2,1.0290654424613908,3.0537583423785546,3.3849995085463056
TC MultiVortex (strong),ph,0.85,0.055,0.2,108,12.38925864225853,0.12939862898411852,2,0.8727075797052668,2.943943922371847,3.2886049029599014
TC MultiVortex (strong),ph,0.85,0.055,0.2,109,13.124514562739627,0.08990045163562503,2,1.0092839319330575,2.795476640941194,2.5751895689989364
TC MultiVortex (strong),ph,0.85,0.055,0.2,110,11.903879472717914,0.11057154076443128,2,0.8377669448413545,2.561868384405956,3.208444698412013
TC MultiVortex (strong),ph,0.85,0.055,0.2,111,12.1792724189451,0.08978300957288098,2,0.938987504628562,2.5005372748898305,2.688343999608481
TC MultiVortex (strong),ph,0.85,0.055,0.2,112,11.78580426957801,0.12140273047279457,2,0.8902044113385197,2.7397019879205353,2.6964208746779144
TC MultiVortex (strong),ph,0.85,0.055,0.2,113,13.787586410632354,0.08777122473369547,2,0.9572269979526856,2.825900057280632,2.5656524926574886
TC MultiVortex (strong),ph,0.85,0.055,0.2,114,14.922861818852619,0.10775228174038734,2,1.0182344376733246,3.4952178374001637,1.976231233409548
TC MultiVortex (strong),ph,0.85,0.055,0.2,115,12.115845096774791,0.09085273367162279,2,1.0651507195056147,2.665098387630777,1.6878912896856804
TC MultiVortex (strong),ph,0.85,0.055,0.2,116,12.640557660793764,0.09244331502501879,2,0.993368999451756,2.7085963755758926,3.062035131987857
TC MultiVortex (strong),ph,0.85,0.055,0.2,117,13.308844844328954,0.11818028341434741,2,1.0056552481699348,3.244310708140392,3.6901818148110475
TC MultiVortex (strong),ph,0.85,0.055,0.2,118,10.741850261133452,0.11315146026295117,2,0.9902511387539213,2.5425344908218426,2.596185062575669
TC MultiVortex (strong),ph,0.85,0.055,0.2,119,12.776377965096975,0.10910115741163702,2,0.8598369303809358,2.7670402680846418,3.9588789450879185
TC MultiVortex (strong),ph,0.85,0.055,0.2,120,13.007225435966289,0.10573516673279748,2,1.102279595328334,3.139968424125027,3.3608803282154462
TC MultiVortex (strong),ph,0.85,0.055,0.2,121,11.283651909616657,0.11040898340247572,2,1.0727874322549118,2.7459569633328833,2.484638159292106
TC MultiVortex (strong),ph,0.85,0.055,0.2,122,12.364907879028163,0.1092206521820497,2,0.8955279850252791,2.7344365537642603,4.201572360241166
TC MultiVortex (strong),ph,0.85,0.055,0.2,123,12.01644964941965,0.12617654414383758,2,0.9498276502495882,2.941527354407926,1.888794093631067
TC MultiVortex (strong),ph,0.85,0.055,0.2,124,12.838013306429408,0.10396454334298788,2,1.0004557108908037,2.927685236009464,3.4851013882618607
TC MultiVortex (strong),ph,0.85,0.055,0.2,125,13.624368550528493,0.10645825012198319,2,0.8503800468393387,2.8986620033506574,2.7971448308534166
TC MultiVortex (strong),ph,0.85,0.055,0.2,126,12.166681734246332,0.10243605407379387,2,1.0852766151201425,2.8684929887506776,3.4233336983344618
TC MultiVortex (strong),ph,0.85,0.055,0.2,127,11.641823487713435,0.12177206542622168,2,0.9909392963091714,2.8595873953482007,2.9736197558952826
TC MultiVortex (strong),ph,0.85,0.055,0.2,128,13.448277472504817,0.10391441076450637,2,1.1629251826716507,3.3057152441264304,2.1948647562392356
TC MultiVortex (strong),ph,0.85,0.055,0.2,129,12.664084828791914,0.10610076315802444,2,1.1378508597476324,3.1114350375072637,2.8726688202867114
TC MultiVortex (strong),ph,0.85,0.055,0.2,130,12.384244584454853,0.10262979165285209,2,1.0195045197485775,2.8326037392281136,2.8998918139015797
TC MultiVortex (strong),ph,0.85,0.055,0.2,131,14.85209012239938,0.09724261921166767,2,1.1071153793421706,3.4458577397674643,3.521079616998735
TC MultiVortex (strong),ph,0.85,0.055,0.2,132,13.188265611717798,0.1227384032033885,2,0.9089918868307972,3.1148915124791694,2.634314557056145
TC MultiVortex (strong),ph,0.85,0.055,0.2,133,14.047576253065884,0.10406574127336325,2,0.9806675684175223,3.1732274167356347,3.1298043226610406
TC MultiVortex (strong),ph,0.85,0.055,0.2,134,12.023201933670972,0.11902255239395218,2,0.9611451491902329,2.875505895414788,3.6289312698374085
TC MultiVortex (strong),ph,0.85,0.055,0.2,135,11.77629142622451,0.10202576226547112,2,1.0161362893149724,2.6811706189926783,2.448353515307873
TC MultiVortex (strong),ph,0.85,0.055,0.2,136,13.27364441435742,0.088025121560109,2,1.12421239441359,2.952586859963754,3.700835021484485
TC MultiVortex (strong),ph,0.85,0.055,0.2,137,11.095836847216555,0.10331910467013843,2,0.9073555824397874,2.4022828410193418,2.349642189240372
TC MultiVortex (strong),ph,0.85,0.055,0.2,138,12.51386379030335,0.08520224706089134,2,0.9299842604452935,2.4908051167319716,3.1756230587619814
TC MultiVortex (strong),ph,0.85,0.055,0.2,139,12.493499691433327,0.08929973424139852,2,0.9120268212452599,2.5211460262849377,2.510344621766777
TC MultiVortex (strong),ph,0.85,0.055,0.2,140,11.17490388561209,0.11898810419613835,2,0.910175511760381,2.600417886108285,2.777200265804829
TC MultiVortex (strong),ph,0.85,0.055,0.2,141,12.774422130889013,0.10379702592992043,2,0.8701992082944336,2.714738877035994,2.790465213490458
TC MultiVortex (strong),ph,0.85,0.055,0.2,142,12.845040506289315,0.09189573524764665,2,0.9445918274634768,2.6760255190026268,3.29672966632273
TC MultiVortex (strong),ph,0.85,0.055,0.2,143,12.066344095242142,0.10205274872733695,2,1.1062915078445223,2.866869014405954,3.7747778208438634
TC MultiVortex (strong),ph,0.85,0.055,0.2,144,12.523046083973039,0.08884634334417157,2,0.8991849819280807,2.502875703352874,2.499933937476297
TC MultiVortex (strong),ph,0.85,0.055,0.2,145,12.828844051253801,0.09801372559233074,2,0.9248088378847156,2.731127419560942,2.525869038386786
TC MultiVortex (strong),ph,0.85,0.055,0.2,146,13.977396378694243,0.10980723182377555,2,0.9922363816080484,3.2623783671473143,2.4883920004163613
TC MultiVortex (strong),ph,0.85,0.055,0.2,147,13.666983243872675,0.10850296301497771,2,0.9947640089931634,3.1749617324822794,1.5179488734633528
TC MultiVortex (strong),ph,0.85,0.055,0.2,148,12.192990799138013,0.12291491288964507,2,1.0808654736083643,3.1425584148728274,2.456453813444058
TC MultiVortex (strong),ph,0.85,0.055,0.2,149,12.271769880086365,0.11148603504321752,2,1.0884390381763551,3.0227657660208602,2.6848853428720583
TC MultiVortex (strong),ph,0.85,0.055,0.2,150,11.957786557115183,0.10339529368410676,2,1.1011990429442853,2.853113820463607,1.642082991424977
TC MultiVortex (strong),ph,0.85,0.055,0.2,151,12.072883018737516,0.13447079744479287,2,0.9267707942251847,3.013673189139084,2.264352112454216
TC MultiVortex (strong),ph,0.85,0.055,0.2,152,13.39268795157895,0.10560517588099827,2,0.9352719437743334,2.976215043291343,2.8032749307009417
TC MultiVortex (strong),ph,0.85,0.055,0.2,153,13.02688844068009,0.0902015398068384,2,1.007335752020308,2.7766414068963474,3.564748663382144
TC MultiVortex (strong),ph,0.85,0.055,0.2,154,11.1551393875822,0.10340549829476063,2,0.8958933486803526,2.400822074147336,3.373066493300148
TC MultiVortex (strong),ph,0.85,0.055,0.2,155,14.304196240843979,0.11607354139392141,2,0.9147880273292004,3.295909781029225,3.787451400872649
TC MultiVortex (strong),ph,0.85,0.055,0.2,156,14.025042477491045,0.09952685140973395,2,0.9824624553991572,3.1011109283126896,1.5959842565299627
TC MultiVortex (strong),ph,0.85,0.055,0.2,157,12.446780471136979,0.1049748805815046,2,0.9867024755118257,2.8325516353897298,3.616112467921493
TC MultiVortex (strong),ph,0.85,0.055,0.2,158,13.350731441272487,0.10389488087025385,2,0.9861417096662326,3.021737962928741,2.2763548160633627
TC MultiVortex (strong),ph,0.85,0.055,0.2,159,12.018366616757046,0.09554706398958285,2,1.002775544752204,2.6305162578908985,3.954266629845829
TC MultiVortex (strong),ph,0.85,0.055,0.2,160,12.945147708880329,0.10902686463219591,2,0.9066417337181525,2.877906148311663,3.1358954758757083
TC MultiVortex (strong),ph,0.85,0.055,0.2,161,13.531448274889744,0.10338779518689122,2,0.9376861727561516,2.979152101182571,2.3396013920844414
TC MultiVortex (strong),ph,0.85,0.055,0.2,162,12.904907092324686,0.10591148695941614,2,0.9164515207372661,2.8429299921419053,2.6348158285463046
TC MultiVortex (strong),ph,0.85,0.055,0.2,163,13.134108446619216,0.09806714976455315,2,0.9727021119796514,2.8683840970637604,1.9835737982680686
TC MultiVortex (strong),ph,0.85,0.055,0.2,164,13.883693748481207,0.1276692679537022,2,0.9833327293406304,3.478431527853452,3.5074866034968895
TC MultiVortex (strong),ph,0.85,0.055,0.2,165,13.832116634187091,0.09928822544310935,2,1.1551587035123982,3.312404348834263,2.064450785604385
TC MultiVortex (strong),ph,0.85,0.055,0.2,166,13.053400339300794,0.10990639448933612,2,1.0692878883388754,3.164225777538549,2.858294445951571
TC MultiVortex (strong),ph,0.85,0.055,0.2,167,13.255292995152878,0.11175229496027118,2,1.0754199384495953,3.249313398442366,1.2467028000362976
TC MultiVortex (strong),ph,0.85,0.055,0.2,168,10.206560441501082,0.11261527151265698,2,1.0969237765415032,2.536595882299536,2.884134631896747
TC MultiVortex (strong),ph,0.85,0.055,0.2,169,11.640723161153991,0.10170815029012327,2,1.1385041744006152,2.8009809484932853,2.9575257095231158
TC MultiVortex (strong),ph,0.85,0.055,0.2,170,11.679880128403578,0.09992554735583117,2,0.9796082699669435,2.583972439009836,2.794322070472276
TC MultiVortex (strong),ph,0.85,0.055,0.2,171,10.887154805755166,0.09969619666519187,2,0.8193413659215308,2.2002454750143157,3.6092172204545196
TC MultiVortex (strong),ph,0.85,0.055,0.2,172,12.05288411433519,0.11432655815653199,2,1.1506952604280305,3.0912185422676153,2.6688329203982377
TC MultiVortex (strong),ph,0.85,0.055,0.2,173,12.115318907061651,0.10536826194976638,2,0.8961944875970734,2.6325455533392588,2.783041396388072
TC MultiVortex (strong),ph,0.85,0.055,0.2,174,12.128454509618187,0.11089641393413219,2,0.9268125695577674,2.7494458747580466,4.086584137429506
TC MultiVortex (strong),ph,0.85,0.055,0.2,175,13.957943871170206,0.08817722069576202,2,1.0071415358569995,2.941236225767326,3.6412041934301955
TC MultiVortex (strong),ph,0.85,0.055,0.2,176,12.577910237861566,0.0936156734738833,2,0.9469150994305001,2.6480324154021275,3.454750450197899
TC MultiVortex (strong),ph,0.85,0.055,0.2,177,12.769181574746282,0.09869988488962612,2,1.0457749432638515,2.900851545206216,4.028555826464474
TC MultiVortex (strong),ph,0.85,0.055,0.2,178,12.138478119614836,0.09452905688901311,2,0.8,2.3603526723151815,3.821509605598636
TC MultiVortex (strong),ph,0.85,0.055,0.2,179,13.281952772564795,0.12944953710121182,2,0.8893413582826799,3.186628451752858,1.9959507143007595
TC MultiVortex (strong),ph,0.85,0.055,0.2,180,14.004577509753096,0.0918694082150676,2,1.06753694533665,3.101215387412575,2.6225463997893135
TC MultiVortex (strong),ph,0.85,0.055,0.2,181,14.252217295499475,0.10820031965119244,2,0.9790537766622961,3.2800841284234794,4.1567283365756404
TC MultiVortex (strong),ph,0.85,0.055,0.2,182,12.042915484390406,0.09843241613643547,2,1.0181146431232484,2.6957775691383152,2.930242462802184
TC MultiVortex (strong),ph,0.85,0.055,0.2,183,12.660314863014923,0.09835743706139483,2,0.9704352414630935,2.765772094984945,2.1919622221351145
TC MultiVortex (strong),ph,0.85,0.055,0.2,184,13.019245304703876,0.11573540415364925,2,0.931166285430304,3.0221606736795215,4.231787262361962
TC MultiVortex (strong),ph,0.85,0.055,0.2,185,12.252920757758442,0.09021797453045727,2,0.9565264724081987,2.5451867885244805,2.753744739362101
TC MultiVortex (strong),ph,0.85,0.055,0.2,186,13.376878313882946,0.10472245517988371,2,1.0952654579131627,3.203460563864057,3.1615896893448263
TC MultiVortex (strong),ph,0.85,0.055,0.2,187,12.154702263506323,0.10054781223069048,2,1.0345999011138514,2.7720550853750874,2.934899923587442
TC MultiVortex (strong),ph,0.85,0.055,0.2,188,13.262275460649832,0.10911034387863659,2,0.9172607600228344,2.9667600074502505,3.2423580167593684
TC MultiVortex (strong),ph,0.85,0.055,0.2,189,11.271435939677053,0.11506165928186382,2,1.0490414418381917,2.769018696509557,2.276498828394897
TC MultiVortex (strong),ph,0.85,0.055,0.2,190,14.242066085129318,0.10411510909312818,2,0.9568781412867831,3.1786535453480833,3.234886982504554
TC MultiVortex (strong),ph,0.85,0.055,0.2,191,13.72609938944827,0.0794003936231488,2,0.8479949359520338,2.5184892329875317,2.7103008976204537
TC MultiVortex (strong),ph,0.85,0.055,0.2,192,13.045678433571005,0.11987137617024199,2,0.8545257730247627,2.9523782686006794,2.1961715180033354
TC MultiVortex (strong),ph,0.85,0.055,0.2,193,11.620429302607452,0.10823850891725713,2,1.0969380321341318,2.8313210808521383,3.606122647425565
TC MultiVortex (strong),ph,0.85,0.055,0.2,194,14.646093357256895,0.08462310569228065,2,1.0558795426309424,3.0956971552550514,1.3865889551845743
TC MultiVortex (strong),ph,0.85,0.055,0.2,195,12.672585242939853,0.0984069373391461,2,1.0712578198047409,2.909444545050672,3.2073719769034814
TC MultiVortex (strong),ph,0.85,0.055,0.2,196,12.452970199146105,0.11462444337836052,2,1.093710162042899,3.1177959925351284,4.057376014960273
TC MultiVortex (strong),ph,0.85,0.055,0.2,197,14.075480346446765,0.1273501352156846,2,0.8320356484328149,3.239805206993165,2.1159341294300447
TC MultiVortex (strong),ph,0.85,0.055,0.2,198,12.308551373082357,0.10083332442129397,2,0.973606593274379,2.7270037859971388,2.01355901087964
TC MultiVortex (strong),ph,0.85,0.055,0.2,199,13.105049101831327,0.11217394872271838,2,0.9190861296522324,2.9754164840776323,2.878843571238818
TC MultiVortex (strong),ph,0.85,0.055,0.2,200,12.863336109945292,0.13613950929320998,2,1.0016608000622091,3.358853400843985,1.9077353643505126
TC MultiVortex (strong),ph,0.85,0.055,0.2,201,12.60479107123649,0.11668183572139436,2,1.0402341623742783,3.105187551269253,2.7048958627287085
TC MultiVortex (strong),ph,0.85,0.055,0.2,202,11.395436035409764,0.09404668318509131,2,1.0615524401373784,2.5460001102473346,3.2619997593060512
TC MultiVortex (strong),ph,0.85,0.055,0.2,203,13.112898847133142,0.10262904959317684,2,1.0651360786101725,3.0656418387858397,2.0112162794706236
TC MultiVortex (strong),ph,0.85,0.055,0.2,204,12.53189369267301,0.0975848624531474,2,0.9764822644649261,2.7354268867734204,2.5902681580346965
TC MultiVortex (strong),ph,0.85,0.055,0.2,205,12.855658719262065,0.09415452805465743,2,0.9331439550046913,2.6944756655072326,3.3842635359953133
TC MultiVortex (strong),ph,0.85,0.055,0.2,206,11.935959079826967,0.10938564190092548,2,0.8349817553632994,2.550709362687039,1.848414576591224
TC MultiVortex (strong),ph,0.85,0.055,0.2,207,13.672801984410594,0.11578092383813317,2,1.009519949057702,3.305357847756754,3.9514658722394422
TC MultiVortex (strong),ph,0.85,0.055,0.2,208,14.603562037853658,0.08966800374451356,2,1.069673701450742,3.198071815833734,3.143160496873171
TC MultiVortex (strong),ph,0.85,0.055,0.2,209,13.15305740396771,0.07682532889483215,2,0.9512190812251872,2.5142253941994075,2.6591861233150027
TC MultiVortex (strong),ph,0.85,0.055,0.2,210,12.537519846324653,0.09483050955796847,2,0.994531352805281,2.7225754069093733,3.640521577320326
TC MultiVortex (strong),ph,0.85,0.055,0.2,211,12.581048329196317,0.08127099816684925,2,1.0808095596387777,2.6365998217278,3.199045175979835
TC MultiVortex (strong),ph,0.85,0.055,0.2,212,10.75849437813529,0.12669227938549593,2,1.0098168536100165,2.7210271911074093,2.2921420875824383
TC MultiVortex (strong),ph,0.85,0.055,0.2,213,11.093678329410771,0.12050565086398647,2,0.8258227975909016,2.47461540073007,2.609122428857005
TC MultiVortex (strong),ph,0.85,0.055,0.2,214,13.515939590149731,0.094968851509348,2,0.8842925988065141,2.7696177396923316,2.66308435979673
TC MultiVortex (strong),ph,0.85,0.055,0.2,215,12.6636328916959,0.11502528717119134,2,0.9470526861805217,2.9554733498666987,1.8017043112174822
TC MultiVortex (strong),ph,0.85,0.055,0.2,216,13.848530060993182,0.10888201865389,2,0.9408436850078878,3.1341912900809343,2.4883891844351553
TC MultiVortex (strong),ph,0.85,0.055,0.2,217,11.042969098396034,0.12232574369825779,2,0.9435336833428122,2.6528243535058778,3.010439262684341
TC MultiVortex (strong),ph,0.85,0.055,0.2,218,13.2482358618786,0.08965541856974438,2,1.003868181179067,2.81040991688463,2.220770149802974
TC MultiVortex (strong),ph,0.85,0.055,0.2,219,12.132575597541736,0.0981096265347565,2,0.9208806099878327,2.578668313956841,2.6239348470283397
TC MultiVortex (strong),ph,0.85,0.055,0.2,220,13.546917379173872,0.08259667479780931,2,1.1342899995203446,2.9320327551021563,3.430994152950499
TC MultiVortex (strong),ph,0.85,0.055,0.2,221,12.216110518835382,0.09895631918775821,2,1.080072707035731,2.8240099174828583,3.775745850691644
TC MultiVortex (strong),ph,0.85,0.055,0.2,222,10.74758292958713,0.10608996168000111,2,0.9695261510154028,2.4373209259680295,3.4502853303810745
TC MultiVortex (strong),ph,0.85,0.055,0.2,223,14.330721069622568,0.09828932715545434,2,1.0201750998883603,3.2088069223529128,3.8776865295500116
TC MultiVortex (strong),ph,0.85,0.055,0.2,224,12.67038776445151,0.11314690176763623,2,1.006185704359564,3.022980271872506,1.802949893769327
TC MultiVortex (strong),ph,0.85,0.055,0.2,225,13.815722299202013,0.10004460660353097,2,1.0526008194765888,3.170204584309581,2.1755095201982018
TC MultiVortex (strong),ph,0.85,0.055,0.2,226,12.410562139368102,0.11879200419321564,2,0.9940172056549095,3.0155533153110303,1.848198876431978
TC MultiVortex (strong),ph,0.85,0.055,0.2,227,13.000680166984024,0.09849555784748458,2,0.9127462817598326,2.7563504538244485,2.5374970814388353
TC MultiVortex (strong),ph,0.85,0.055,0.2,228,12.555897736855542,0.08977535899029178,2,0.9746164483178238,2.6262025309989343,2.9426616787714606
TC MultiVortex (strong),ph,0.85,0.055,0.2,229,12.055109356099955,0.09278565979103633,2,1.0400607832208704,2.648048573956673,3.42177833767476
TC MultiVortex (strong),ph,0.85,0.055,0.2,230,13.018831514910545,0.10339957196627873,2,1.0357290247003177,3.0125859937374564,2.713878307671526
TC MultiVortex (strong),ph,0.85,0.055,0.2,231,14.735138223554301,0.09748815461077205,2,0.9745644575712522,3.2115924283854005,2.0525750469143675
TC MultiVortex (strong),ph,0.85,0.055,0.2,232,12.60867839510916,0.10757830902388198,2,1.2,3.203373285244369,3.182608733676717
TC MultiVortex (strong),ph,0.85,0.055,0.2,233,14.448915284202286,0.0958784129276941,2,1.0123044634743235,3.18299708636875,3.649341963962667
TC MultiVortex (strong),ph,0.85,0.055,0.2,234,12.762719945775496,0.1017645084958896,2,0.969435730195036,2.834561751224185,1.6265150219218503
TC MultiVortex (strong),ph,0.85,0.055,0.2,235,11.716642270369551,0.10555268048378608,2,1.049014072396544,2.756852070131846,2.2922994909094796
TC MultiVortex (strong),ph,0.85,0.055,0.2,236,14.241339825583175,0.08355247410215781,2,0.9567750380317797,2.8472160761815233,2.733902764306056
TC MultiVortex (strong),ph,0.85,0.055,0.2,237,11.835408567293333,0.10299023873719024,2,1.0542376602010162,2.7576271895455577,2.9296626970920037
TC MultiVortex (strong),ph,0.85,0.055,0.2,238,13.57373085592717,0.09718807980198922,2,1.0426368841847204,3.055324051208856,2.0677263152708525
TC MultiVortex (strong),ph,0.85,0.055,0.2,239,12.800388430371308,0.10785655275173106,2,0.96560273094707,2.9209939752405587,2.5622518067255773
TC MultiVortex (strong),ph,0.85,0.055,0.2,240,12.469029859429698,0.11415489741101506,2,1.0442554750740682,3.0441659339789995,1.9882017490344799
TC MultiVortex (strong),ph,0.85,0.055,0.2,241,11.95778463792003,0.09213846882603838,2,1.0898959407807904,2.679469035031662,3.1553234097103804
TC MultiVortex (strong),ph,0.85,0.055,0.2,242,11.781801032058864,0.09873727807473676,2,1.0798589574261919,2.720324915715572,2.8349843763456226
TC MultiVortex (strong),ph,0.85,0.055,0.2,243,13.105491201063975,0.12651568635834498,2,1.0252615590066596,3.3375503831745954,2.739260235091682
TC MultiVortex (strong),ph,0.85,0.055,0.2,244,12.737085262402587,0.08731201817071356,2,1.0771939931828667,2.7620976798165193,3.022018866545539
TC MultiVortex (strong),ph,0.85,0.055,0.2,245,14.426153847316964,0.09599885338420139,2,0.9781650908183755,3.125897003883971,2.3399501716723123
TC MultiVortex (strong),ph,0.85,0.055,0.2,246,13.070813778229285,0.10473140653930581,2,0.8817571684550495,2.808669233717496,3.0135644606860357
TC MultiVortex (strong),ph,0.85,0.055,0.2,247,12.660202327191758,0.0992428259508648,2,0.965758046779498,2.771464866097065,3.0254893964253013
TC MultiVortex (strong),ph,0.85,0.055,0.2,248,12.075907193486941,0.09121181681827582,2,1.168029214496432,2.7871296713259377,3.428793626565313
TC MultiVortex (strong),ph,0.85,0.055,0.2,249,12.442575518281384,0.10542780907686995,2,1.0013208919629168,2.8586403331197934,2.8558606413950063
TC MultiVortex (strong),ph,0.85,0.055,0.2,250,12.034295230578376,0.11045771897665625,2,1.1267173236346377,3.0020034354413525,3.4140917634558066
TC MultiVortex (strong),ph,0.85,0.055,0.2,251,12.896228810522283,0.10705152603210519,2,0.8796679836611264,2.798359819278467,2.5538477962461497
TC MultiVortex (strong),ph,0.85,0.055,0.2,252,12.439869903814337,0.10952148434701334,2,0.9268566666211975,2.8025720746265512,2.667504590473924
TC MultiVortex (strong),ph,0.85,0.055,0.2,253,13.220540372045456,0.10493514811311348,2,1.0189309009857457,3.056800286839084,1.353805098728507
TC MultiVortex (strong),ph,0.85,0.055,0.2,254,11.402872081352653,0.12130303004204075,2,0.8937378469439846,2.654851011971337,2.9459813951699108
TC MultiVortex (strong),ph,0.85,0.055,0.2,255,12.84395484899853,0.10051579850711001,2,0.9391823657484341,2.7904606375483123,3.5679376109157195
TC MultiVortex (strong),ph,0.85,0.055,0.2,256,15.319472889506214,0.09374090409568506,2,0.9364212244448853,3.209438202512871,3.146666237725244
TC MultiVortex (strong),ph,0.85,0.055,0.2,257,11.851568503649252,0.09268758798296986,2,1.0350507090318113,2.5956876883996127,4.216739684933309
TC MultiVortex (strong),ph,0.85,0.055,0.2,258,12.330654190893673,0.10832280803836847,2,0.999180109788177,2.868487524106209,3.7707362297450335
TC MultiVortex (strong),ph,0.85,0.055,0.2,259,15.543156939485389,0.13111977195024913,2,0.9669673440083331,3.913490020079877,3.6984509217052377
TC MultiVortex (strong),ph,0.85,0.055,0.2,260,11.948256334728743,0.1004236073476666,2,0.977171770063778,2.646627972505129,1.7712294468657468
TC MultiVortex (strong),ph,0.85,0.055,0.2,261,12.255650389017545,0.10150156042479386,2,0.9613760631505044,2.7071004900928703,3.071599687655543
TC MultiVortex (strong),ph,0.85,0.055,0.2,262,12.800155768285071,0.10219906116529183,2,1.0170162124180333,2.9180158602273427,3.8405286888726393
TC MultiVortex (strong),ph,0.85,0.055,0.2,263,14.244258116119264,0.08744539726166801,2,1.1772139142538265,3.2316253619741557,2.9872718397257767
TC MultiVortex (strong),ph,0.85,0.055,0.2,264,13.532016376378722,0.0970785986067412,2,0.9538470561122686,2.9117134855224065,2.155697281229573
TC MultiVortex (strong),ph,0.85,0.055,0.2,265,11.019059674399587,0.09339155146092422,2,1.0663005866397097,2.4587997275889735,2.613953311528397
TC MultiVortex (strong),ph,0.85,0.055,0.2,266,11.87063290285652,0.09520962291711092,2,0.8999682157541605,2.457043725759344,2.4703577248138995
TC MultiVortex (strong),ph,0.85,0.055,0.2,267,12.503356097853828,0.09708659374453141,2,1.0063672643782682,2.7635637358154104,4.1302489949634
TC MultiVortex (strong),ph,0.85,0.055,0.2,268,12.957240533682679,0.1321955757175956,2,1.18112795499869,3.6203825057206864,3.2873859557526943
TC MultiVortex (strong),ph,0.85,0.055,0.2,269,11.376854666192807,0.08908310361051583,2,0.9246464941670882,2.308834193743372,2.71622950528834
TC MultiVortex (strong),ph,0.85,0.055,0.2,270,12.7762590480315,0.0880446203578873,2,0.8938558655432736,2.5343924770870956,2.3308070409652144
TC MultiVortex (strong),ph,0.85,0.055,0.2,271,11.43102834710021,0.09861137820068605,2,0.9670728501126107,2.496108238364088,1.8782974226206042
TC MultiVortex (strong),ph,0.85,0.055,0.2,272,12.18784280051712,0.1054998485455508,2,1.0667914402947642,2.891195940682354,3.248146809380383
TC MultiVortex (strong),ph,0.85,0.055,0.2,273,12.777649331443497,0.09705319512482952,2,1.0079678367570448,2.825948372189416,2.3922852611542207
TC MultiVortex (strong),ph,0.85,0.055,0.2,274,15.703958942515772,0.11949720647408793,2,0.9748698097645988,3.7900622252160248,3.3368042153558997
TC MultiVortex (strong),ph,0.85,0.055,0.2,275,14.65787597337417,0.11168146767469488,2,1.0583131965899133,3.5633108225803034,3.807779243274978
TC MultiVortex (strong),ph,0.85,0.055,0.2,276,14.416387040436728,0.09795671044857115,2,0.9941573710619566,3.181164301274582,2.8762257755762537
TC MultiVortex (strong),ph,0.85,0.055,0.2,277,14.890403155825705,0.11519246245025991,2,0.9391533237029052,3.4631534842926053,1.3429023730431648
TC MultiVortex (strong),ph,0.85,0.055,0.2,278,12.601215276750064,0.09599083413007767,2,1.0240045831039706,2.7935938515843173,2.9550346651100936
TC MultiVortex (strong),ph,0.85,0.055,0.2,279,12.835498590053698,0.10013282038157265,2,1.0644875488042964,2.9631679175497916,3.376090887098416
TC MultiVortex (strong),ph,0.85,0.055,0.2,280,13.218511337379898,0.10608835423695302,2,1.0032272899989223,3.0493064670885075,2.779247171358765
TC MultiVortex (strong),ph,0.85,0.055,0.2,281,15.020015908287387,0.10598219050736,2,0.969393413508835,3.4042533451626418,1.7648616826978845
TC MultiVortex (strong),ph,0.85,0.055,0.2,282,11.580234093447165,0.10041271871960596,2,1.074227981118108,2.689335186726738,2.2097597067967443
TC MultiVortex (strong),ph,0.85,0.055,0.2,283,11.820685391453546,0.09084505644292247,2,1.0647528413052771,2.5995771699676498,2.739445441377862
TC MultiVortex (strong),ph,0.85,0.055,0.2,284,11.05355170656578,0.1049706073300119,2,0.9430180045137463,2.4591255185515597,2.4568797794249573
TC MultiVortex (strong),ph,0.85,0.055,0.2,285,14.107759975481551,0.10651618840848899,2,0.8397008939005587,2.9834116455808712,2.8791572878806733
TC MultiVortex (strong),ph,0.85,0.055,0.2,286,11.320821582057311,0.09872500252613274,2,1.0324445914131717,2.555700168413145,1.7481211670151127
TC MultiVortex (strong),ph,0.85,0.055,0.2,287,10.925087583871951,0.10758574557560237,2,0.879979634250365,2.3769694884003325,3.7265819048121407
TC MultiVortex (strong),ph,0.85,0.055,0.2,288,12.307201681278766,0.10381829647124832,2,0.9537614601315493,2.738426908121827,3.365229479380439
TC MultiVortex (strong),ph,0.85,0.055,0.2,289,12.72298806078106,0.08060425063576834,2,0.979390454421085,2.5277320068186935,2.60385223361169
TC MultiVortex (strong),ph,0.85,0.055,0.2,290,12.36510200068468,0.12127549088963253,2,1.0158357472688775,3.068887525095902,2.7560063594812316
TC MultiVortex (strong),ph,0.85,0.055,0.2,291,11.82386364600771,0.1124447302192778,2,1.0179755942172135,2.8286723892835943,2.3468645718200447
TC MultiVortex (strong),ph,0.85,0.055,0.2,292,12.693649501182843,0.09949333650682883,2,0.8826499255791458,2.659884303159527,3.66714879064098
TC MultiVortex (strong),ph,0.85,0.055,0.2,293,13.348056000565354,0.09416549844060215,2,0.8973849484300345,2.743710703320523,4.138840743279733
TC MultiVortex (strong),ph,0.85,0.055,0.2,294,13.240086183036968,0.09099751585506086,2,0.8772845686989917,2.645214091931407,3.615223641902907
TC MultiVortex (strong),ph,0.85,0.055,0.2,295,12.791395591839969,0.11768273843667676,2,1.0175327900865805,3.1299220522513,2.4322494084161996
TC MultiVortex (strong),ph,0.85,0.055,0.2,296,12.159925972739467,0.09930543574660348,2,1.1661138916886666,2.925990612513835,4.229472014338569
TC MultiVortex (strong),ph,0.85,0.055,0.2,297,11.35803959378395,0.10233903212868856,2,1.0445450505966232,2.625866368652116,4.156005934000652
TC MultiVortex (strong),ph,0.85,0.055,0.2,298,12.03614618788753,0.09811574674433692,2,0.911798086967251,2.545605796450343,3.700725393093679
TC MultiVortex (strong),ph,0.85,0.055,0.2,299,11.86966364317565,0.09730104967677405,2,1.094144892420203,2.7385431976969747,2.1033585791596403
TC MultiVortex (strong),ph,0.85,0.055,0.2,300,12.179710256787617,0.1162718948493818,2,1.0307267484850313,2.9814745566204897,2.742512918318239
TC MultiVortex (strong),ph,0.85,0.055,0.2,301,14.315849842272424,0.09310998165811732,2,0.9980838517192461,3.0859136659318733,4.2745913529279775
TC MultiVortex (strong),ph,0.85,0.055,0.2,302,11.6554016967514,0.09509210696780034,2,0.9725346231683397,2.506322880755458,1.8670692893309555
TC MultiVortex (strong),ph,0.85,0.055,0.2,303,14.316137878949172,0.09304318233537043,2,1.088614928644163,3.2217385630213,2.5109883977233936
TC MultiVortex (strong),ph,0.85,0.055,0.2,304,10.971013094709818,0.08855594732108331,2,1.057405166068973,2.373893963787437,3.0898521160232555
TC MultiVortex (strong),ph,0.85,0.055,0.2,305,12.76722358540464,0.1069847405571069,2,1.0125947054979225,2.971393789037193,3.411756158456286
TC MultiVortex (strong),ph,0.85,0.055,0.2,306,12.729580405642754,0.10429454403252159,2,1.0856740701665524,3.0288629189110066,2.462831142517702
TC MultiVortex (strong),ph,0.85,0.055,0.2,307,12.015385561884521,0.09388473080653467,2,1.053926366772101,2.672546874409082,2.6040526770343115
TC MultiVortex (strong),ph,0.85,0.055,0.2,308,13.030739136715646,0.09125492185347617,2,1.0505830445353836,2.852971250859106,3.2585014447530147
TC MultiVortex (strong),ph,0.85,0.055,0.2,309,11.959227058392226,0.09770058217611864,2,1.0873094484091153,2.756216132882175,1.8344319252094086
TC MultiVortex (strong),ph,0.85,0.055,0.2,310,12.01299228731321,0.11202400935134543,2,1.031646401953866,2.887734027346002,2.928288210511981
TC MultiVortex (strong),ph,0.85,0.055,0.2,311,12.87596147301444,0.0907506149212218,2,1.0657005076090218,2.8314379278892434,3.778534867702616
TC MultiVortex (strong),ph,0.85,0.055,0.2,312,14.792857888839126,0.11317550662884762,2,1.091735953634679,3.676817866987494,1.3435366670434463
TC MultiVortex (strong),ph,0.85,0.055,0.2,313,13.718963303399555,0.09596113611557028,2,0.9617850869576211,2.9470873380636893,2.357223054441382
TC MultiVortex (strong),ph,0.85,0.055,0.2,314,13.088303909854451,0.11879063881088436,2,1.0588775464243334,3.282330825596476,2.9419124779997405
TC MultiVortex (strong),ph,0.85,0.055,0.2,315,12.567383133276776,0.11791487954611664,2,0.870057609043841,2.8463491233096145,3.1207373271040746
TC MultiVortex (strong),ph,0.85,0.055,0.2,316,14.194611361344275,0.09456370198533824,2,1.0276426106039285,3.128900792059733,2.6697581595428095
TC MultiVortex (strong),ph,0.85,0.055,0.2,317,11.553653894505517,0.11552227192440985,2,0.9796007056575741,2.7482849589534433,4.246677656784793
TC MultiVortex (strong),ph,0.85,0.055,0.2,318,12.472601166123972,0.10252884384385635,2,1.0162271268764933,2.846822956510906,3.1467263533006395
TC MultiVortex (strong),ph,0.85,0.055,0.2,319,12.276413108892216,0.11640382593640668,2,0.9893524360752158,2.9458839726604267,2.9334862791344243
TC MultiVortex (strong),ph,0.85,0.055,0.2,320,12.568455607851792,0.1119305411500985,2,0.9615095903496028,2.915533457739819,2.969045483147598
TC MultiVortex (strong),ph,0.85,0.055,0.2,321,11.982307453725626,0.09023465421665851,2,1.0128742491080387,2.561473724807284,3.140247210746028
TC MultiVortex (strong),ph,0.85,0.055,0.2,322,12.46111065669676,0.11200667522385281,2,0.9779770970536488,2.9162721467320605,3.083348118680014
TC MultiVortex (strong),ph,0.85,0.055,0.2,323,12.619365860243038,0.09673982648059709,2,0.9979501914336717,2.7725514795874755,2.821380197590368
TC MultiVortex (strong),ph,0.85,0.055,0.2,324,13.534619497829974,0.09037058595155871,2,0.9289158688449273,2.7728909680119624,2.4606117691716207
TC MultiVortex (strong),ph,0.85,0.055,0.2,325,14.455891138071342,0.08153662665123013,2,0.9253986213933187,2.807829064438038,2.961996147107485
TC MultiVortex (strong),ph,0.85,0.055,0.2,326,13.117922984522489,0.10672096502601887,2,0.9128790755409211,2.895220046233375,3.3684778563344704
TC MultiVortex (strong),ph,0.85,0.055,0.2,327,11.806450912754812,0.08485829757834575,2,1.0096657381773237,2.443657496038284,2.74255895148815
TC MultiVortex (strong),ph,0.85,0.055,0.2,328,13.998460718153625,0.09524772162811515,2,1.0081391674303617,3.067275792101664,3.993843666385934
TC MultiVortex (strong),ph,0.85,0.055,0.2,329,13.27326053200308,0.11692621297592544,2,0.9899935885822776,3.1932634793583916,3.966771870125939
TC MultiVortex (strong),ph,0.85,0.055,0.2,330,10.581050570383379,0.11053036867129626,2,1.0521005384055948,2.5514274457227684,3.7382913959253194
TC MultiVortex (strong),ph,0.85,0.055,0.2,331,12.51961143897342,0.08955542120078139,2,0.8309947386972918,2.4150211019640664,1.8771459683232872
TC MultiVortex (strong),ph,0.85,0.055,0.2,332,13.050589566396601,0.0866063808943709,2,0.900957321159879,2.5777582675858954,3.1866778771035706
TC MultiVortex (strong),ph,0.85,0.055,0.2,333,10.050648009073806,0.09669023647596885,2,0.8418718024770174,2.027651711953153,2.43827931322702
TC MultiVortex (strong),ph,0.85,0.055,0.2,334,11.385832041692282,0.1054559843328851,2,1.1622533383100195,2.818615210275033,2.68543778498402
TC MultiVortex (strong),ph,0.85,0.055,0.2,335,14.743367825728713,0.11217348595982402,2,1.1028416311378946,3.666767615353971,2.957670538227142
TC MultiVortex (strong),ph,0.85,0.055,0.2,336,11.478328083828297,0.09063140948502138,2,0.9865142544153489,2.4269156690770504,2.9829071755097067
TC MultiVortex (strong),ph,0.85,0.055,0.2,337,12.65630254169014,0.09361897075982127,2,0.9629933578832548,2.687109887315474,2.4960831989592025
TC MultiVortex (strong),ph,0.85,0.055,0.2,338,12.237918631969208,0.06405274706061224,2,1.170999984541062,2.3699538455876477,2.7281975838979866
TC MultiVortex (strong),ph,0.85,0.055,0.2,339,15.306376623513662,0.09572973248563317,2,0.9971483675028123,3.3439572088704286,3.855052599806512
TC MultiVortex (strong),ph,0.85,0.055,0.2,340,11.201903636127083,0.08933030039598507,2,1.049525275351954,2.425340297587607,2.840045402324879
TC MultiVortex (strong),ph,0.85,0.055,0.2,341,14.29040430290121,0.12219164049490584,2,1.142310242548095,3.775220315233963,3.4616266885287628
TC MultiVortex (strong),ph,0.85,0.055,0.2,342,12.923104620664246,0.1197655847252812,2,0.9566534663583728,3.0931088722770412,3.179794039792067
TC MultiVortex (strong),ph,0.85,0.055,0.2,343,11.388007468406345,0.09742503494966485,2,1.0156854664380177,2.5330726725402086,3.7003004792332423
TC MultiVortex (strong),ph,0.85,0.055,0.2,344,13.27026698928206,0.12963602411082414,2,0.9633881094184454,3.3161040969496614,1.8930953525940972
TC MultiVortex (strong),ph,0.85,0.055,0.2,345,13.436903562456388,0.10490211415709984,2,0.9662848601514393,3.0250245970805376,1.4075878653042573
TC MultiVortex (strong),ph,0.85,0.055,0.2,346,12.70522153939241,0.08351725091008072,2,0.9051097758852792,2.470051267491312,3.1211936281332653
TC MultiVortex (strong),ph,0.85,0.055,0.2,347,12.998398702184932,0.10732182553782554,2,1.0066797804772067,3.0210962009389686,1.5081376908282667
TC MultiVortex (strong),ph,0.85,0.055,0.2,348,11.627588619611016,0.0991624680106524,2,1.0597084410454203,2.6652719014438273,3.6855881101767056
TC MultiVortex (strong),ph,0.85,0.055,0.2,349,12.395589103055915,0.10004317637053019,2,1.0458651333627267,2.83520033952531,3.275268200710525
TC MultiVortex (strong),ph,0.85,0.055,0.2,350,14.093753362951448,0.08731502192336106,2,1.0136380248365278,2.9648150055218383,3.2122104030568965
TC MultiVortex (strong),ph,0.85,0.055,0.2,351,12.322138330368979,0.1126249281524904,2,1.0336906785020188,2.9729228947703996,2.5445175993903213
TC MultiVortex (strong),ph,0.85,0.055,0.2,352,11.23642559838239,0.10855743110243908,2,0.9807879500920872,2.592570184668593,2.3053902281863037
TC MultiVortex (strong),ph,0.85,0.055,0.2,353,11.771705280146342,0.12779317380067412,2,0.8752934603974392,2.783909112421293,2.897239104782454
TC MultiVortex (strong),ph,0.85,0.055,0.2,354,10.820245555775237,0.10499743343980392,2,0.9840064636459289,2.459293920652419,4.162605230783189
TC MultiVortex (strong),ph,0.85,0.055,0.2,355,12.255003038417271,0.09616980528942604,2,1.0018059899050349,2.689735691157884,4.241390804327377
TC MultiVortex (strong),ph,0.85,0.055,0.2,356,11.932128238346824,0.08791307047480555,2,0.9620688014807145,2.4537635132836466,4.166467785617205
TC MultiVortex (strong),ph,0.85,0.055,0.2,357,14.287442211246749,0.09653497448787905,2,0.9749596091804782,3.099382268092411,1.9049875864770254
TC MultiVortex (strong),ph,0.85,0.055,0.2,358,13.445919534552493,0.0837693293910742,2,0.9813129541269238,2.7259745408988434,2.278941846334051
TC MultiVortex (strong),ph,0.85,0.055,0.2,359,12.587470168161174,0.09950899355225223,2,0.9831621780461524,2.78398701201884,2.6802682540801666
TC MultiVortex (strong),ph,0.85,0.055,0.2,360,13.013893859940936,0.09125395377130134,2,0.8,2.4863547947889444,3.8784369605271305
TC MultiVortex (strong),ph,0.85,0.055,0.2,361,13.040256396049726,0.11156565670135349,2,1.0003700103695778,3.08046818405087,1.7910347412149434
TC MultiVortex (strong),ph,0.85,0.055,0.2,362,12.435466428083798,0.0911504913544956,2,0.8742433314420289,2.4822341871227693,2.6974461526814713
TC MultiVortex (strong),ph,0.85,0.055,0.2,363,11.553625747320464,0.08591268038453338,2,0.9145699168279855,2.290025867283039,2.5762403390139217
TC MultiVortex (strong),ph,0.85,0.055,0.2,364,13.416300754194008,0.10025189986779166,2,1.0313961163848593,3.0505408090704837,1.362572697457384
TC MultiVortex (strong),ph,0.85,0.055,0.2,365,14.314343475446755,0.11270982951025656,2,0.9222011779178848,3.263248663982576,2.3900860248375007
TC MultiVortex (strong),ph,0.85,0.055,0.2,366,12.363698349717874,0.10304175466276685,2,0.8604050623304875,2.6031039069236086,3.1786791135915435
TC MultiVortex (strong),ph,0.85,0.055,0.2,367,13.559170892638159,0.11661969719966092,2,0.9159715550695848,3.1336110128938537,3.413618285288251
TC MultiVortex (strong),ph,0.85,0.055,0.2,368,12.720536131505233,0.09311567363765645,2,1.0972478667498244,2.8751081475249998,2.728693450801832
TC MultiVortex (strong),ph,0.85,0.055,0.2,369,11.934551337161219,0.09435039137318922,2,1.0390249292694633,2.6422623468402193,2.5723657799718227
TC MultiVortex (strong),ph,0.85,0.055,0.2,370,13.017753414306615,0.08768323649079635,2,1.0731810088159008,2.823682213318289,2.7729723384217597
TC MultiVortex (strong),ph,0.85,0.055,0.2,371,13.405094673900354,0.07783798757997906,2,0.8294329449915716,2.408470482256271,2.566926188659814
TC MultiVortex (strong),ph,0.85,0.055,0.2,372,12.94006777314871,0.12117021282970185,2,1.1242313970390785,3.377126614522322,4.116340921834074
TC MultiVortex (strong),ph,0.85,0.055,0.2,373,13.298240549540512,0.10374933027684964,2,1.0861466025790398,3.1565746303881452,3.0355198022700343
TC MultiVortex (strong),ph,0.85,0.055,0.2,374,12.644887698638819,0.10181944880932196,2,0.9796683955267652,2.823936316370756,3.4752080783318666
TC MultiVortex (strong),ph,0.85,0.055,0.2,375,14.430693291664635,0.09951943476039997,2,0.9736580226328104,3.1763574685465055,2.727743810693254
TC MultiVortex (strong),ph,0.85,0.055,0.2,376,14.160006724903429,0.1010933674552371,2,1.0788813247986746,3.3067139781097734,1.8957013510700027
TC MultiVortex (strong),ph,0.85,0.055,0.2,377,11.774387402299094,0.13548066775120887,2,1.0463997825366018,3.1348069987881133,1.421635437046747
TC MultiVortex (strong),ph,0.85,0.055,0.2,378,13.068676489057177,0.06999303041630527,2,1.0761729173062073,2.5362089877414298,2.9165820355597822
TC MultiVortex (strong),ph,0.85,0.055,0.2,379,12.787862118496854,0.10537725745641321,2,1.078150024636754,3.0478668575487746,3.15833307715644
TC MultiVortex (strong),ph,0.85,0.055,0.2,380,11.68780931337858,0.09313154066444716,2,1.014839662881481,2.5407692786675544,2.1380123137809868
TC MultiVortex (strong),ph,0.85,0.055,0.2,381,13.728062783119851,0.0922687452069682,2,0.8620605453209976,2.737728963300015,3.514958844129086
TC MultiVortex (strong),ph,0.85,0.055,0.2,382,12.627080238484057,0.10478422755796252,2,0.9840850559361921,2.8671619126848156,2.447035371400821
TC MultiVortex (strong),ph,0.85,0.055,0.2,383,12.795365862271415,0.11494890514770875,2,0.9590269969531464,3.0040388609003137,1.9452617109532315
TC MultiVortex (strong),ph,0.85,0.055,0.2,384,11.7609664803476,0.11644134892967871,2,1.0385447233154594,2.8919729740080875,2.792682144939046
TC MultiVortex (strong),ph,0.85,0.055,0.2,385,13.337139113819028,0.10954988379322159,2,1.0278300434125973,3.164567021213093,3.0806528837024465
TC MultiVortex (strong),ph,0.85,0.055,0.2,386,12.044631763207768,0.12127697321064057,2,0.9321395137331929,2.8635723677683265,2.653163181013892
TC MultiVortex (strong),ph,0.85,0.055,0.2,387,11.315997346768356,0.11432436109100218,2,0.8887033184753154,2.550501783399038,2.8484153823211646
TC MultiVortex (strong),ph,0.85,0.055,0.2,388,11.947480536539537,0.13696222251439877,2,0.9719843722989501,3.0824168665864944,2.037428070674026
TC MultiVortex (strong),ph,0.85,0.055,0.2,389,11.550631651729608,0.10226667547127422,2,1.0144670397204856,2.6307330219010776,3.4601101075788043
TC MultiVortex (strong),ph,0.85,0.055,0.2,390,11.919731662347536,0.11010708200378383,2,1.0758580276588736,2.9009255951878923,3.1244364525045465
TC MultiVortex (strong),ph,0.85,0.055,0.2,391,11.931286510399781,0.09640311645682219,2,0.9238190884862502,2.517742318057564,2.876759189491534
TC MultiVortex (strong),ph,0.85,0.055,0.2,392,14.32756850643517,0.11866653940519187,2,0.9803478304356884,3.4555066304794915,3.159412029795936
TC MultiVortex (strong),ph,0.85,0.055,0.2,393,12.852295640920145,0.09379669577034919,2,0.9965709839510458,2.7785204531899415,2.6589182242656624
TC MultiVortex (strong),ph,0.85,0.055,0.2,394,12.732640552257468,0.09071073855840545,2,0.9053442127005819,2.580118765597028,2.641147524218112
TC MultiVortex (strong),ph,0.85,0.055,0.2,395,14.350120802251938,0.11349078668724989,2,1.2,3.744652186674821,3.7323319510472346
TC MultiVortex (strong),ph,0.85,0.055,0.2,396,11.714813425793867,0.10177914945681013,2,0.8339583570898714,2.413359218282287,2.9147004118915314
TC MultiVortex (strong),ph,0.85,0.055,0.2,397,11.77642063235774,0.13794487085296236,2,1.0590211098227185,3.182756389499371,3.166867387779885
TC MultiVortex (strong),ph,0.85,0.055,0.2,398,11.477841345272376,0.11007409920645557,2,1.0043083492931455,2.6984931883964194,2.5674952917346254
TC MultiVortex (strong),ph,0.85,0.055,0.2,399,14.89744831523138,0.11987079614695076,2,1.0379691507719213,3.715744190972553,2.532932169634977
