case,method,q_B,kappa_B,a_B,sample_id,L_core,phi,N_star,s,r_pred,r_meas
Typhoon,lambda_ci,0.9,0.055,0.2,0,12.890824648300688,0.1000503852027642,1,0.9788187513203006,4.034049506331423,4.082167267324031
Typhoon,lambda_ci,0.9,0.055,0.2,1,11.49934380636731,0.091203406770711,1,0.98801827132169,3.451922822058299,3.637876291838527
Typhoon,lambda_ci,0.9,0.055,0.2,2,12.269948836634612,0.0903993988755018,1,1.0046207938150442,3.697656844146661,3.8740331438728974
Typhoon,lambda_ci,0.9,0.055,0.2,3,12.266708177188663,0.1053734546802825,1,0.8210703943562456,3.608143813966125,3.8771725479028714
Typhoon,lambda_ci,0.9,0.055,0.2,4,11.625755710014404,0.084404364829362,1,1.1026901960934767,3.546748572648239,3.7643432064728897
Typhoon,lambda_ci,0.9,0.055,0.2,5,14.221989693880824,0.0916493460788731,1,0.9339055711115848,4.160797003155456,3.970532946248551
Typhoon,lambda_ci,0.9,0.055,0.2,6,13.727531065909274,0.1218299309847919,1,0.9376199715185904,4.639624776366658,4.477531859433151
Typhoon,lambda_ci,0.9,0.055,0.2,7,11.938589547105115,0.1005178262338483,1,0.8154570765555225,3.4180240820330505,3.5381565524920124
Typhoon,lambda_ci,0.9,0.055,0.2,8,10.830812447321822,0.1125135482147977,1,1.0707772821413042,3.759352242920504,3.921721276790089
Typhoon,lambda_ci,0.9,0.055,0.2,9,13.201790759791043,0.1168907536564267,1,1.02279712623727,4.564757113870024,4.148671857280202
Typhoon,lambda_ci,0.9,0.055,0.2,10,15.102685689346458,0.0830341860724334,1,1.0538835913418292,4.4676482433345885,4.336322148072711
Typhoon,lambda_ci,0.9,0.055,0.2,11,12.610124241018095,0.0847048868010447,1,0.8006960757805307,3.284032517264316,3.606468277376278
Typhoon,lambda_ci,0.9,0.055,0.2,12,10.933482385695084,0.1164089309606333,1,1.0305971503404328,3.78700718165777,3.8244582276815935
Typhoon,lambda_ci,0.9,0.055,0.2,13,10.704395929386193,0.1051563961124509,1,0.8461564598386176,3.1930472723693035,3.1581161362226133
Typhoon,lambda_ci,0.9,0.055,0.2,14,11.831726917799926,0.1018975139161263,1,1.1312470600222353,4.017063188716016,4.039372511823478
Typhoon,lambda_ci,0.9,0.055,0.2,15,13.761484241130976,0.1251776440983535,1,1.0411805952174935,4.968115646662157,4.759237512588034
Typhoon,lambda_ci,0.9,0.055,0.2,16,15.031062791417114,0.1034969261954689,1,1.0726366102220228,5.008177615640313,4.538052596219732
Typhoon,lambda_ci,0.9,0.055,0.2,17,13.765119234944551,0.0967797031472175,1,0.9776612980727816,4.234150905028668,4.052671330034693
Typhoon,lambda_ci,0.9,0.055,0.2,18,11.713000579639106,0.080761772619178,1,1.137436090381837,3.5500509670113,3.692245112779295
Typhoon,lambda_ci,0.9,0.055,0.2,19,13.395388848327926,0.0921106532238478,1,1.1242755983525794,4.310688575558102,3.819811498735556
Typhoon,lambda_ci,0.9,0.055,0.2,20,14.522396457180582,0.1169437664485013,1,1.1011416649733674,5.211328200899578,4.625947918796273
Typhoon,lambda_ci,0.9,0.055,0.2,21,13.010974435078028,0.092139360664833,1,0.9972893070093058,3.944055358395719,3.854248074002382
Typhoon,lambda_ci,0.9,0.055,0.2,22,12.695535992441409,0.0875932847139125,1,1.057768927295142,3.864398010985012,4.101011521440157
Typhoon,lambda_ci,0.9,0.055,0.2,23,13.03328577744221,0.0922463488626136,1,0.9927003246631116,3.944006234813003,3.91660749572686
Typhoon,lambda_ci,0.9,0.055,0.2,24,13.507426300097878,0.1085514928334635,1,1.1486392833309604,4.769604180028771,4.625500194931828
Typhoon,lambda_ci,0.9,0.055,0.2,25,11.477516238266904,0.1107262750742333,1,0.8538703328894766,3.529142731839149,3.760510793066973
Typhoon,lambda_ci,0.9,0.055,0.2,26,14.350157439786608,0.0958288159380875,1,1.1122269243226497,4.684911906011424,4.558162137342702
Typhoon,lambda_ci,0.9,0.055,0.2,27,14.110105132112134,0.0767358335939558,1,1.0503026585380493,4.005775349225623,3.757731101835552
Typhoon,lambda_ci,0.9,0.055,0.2,28,12.550197516708756,0.0929185360426888,1,1.0244683843912068,3.87213972612527,4.171224760642159
Typhoon,lambda_ci,0.9,0.055,0.2,29,11.642567657248676,0.1093014863092553,1,0.921827791471698,3.6956148435480136,3.7702815469306743
Typhoon,lambda_ci,0.9,0.055,0.2,30,11.982316751175317,0.0949151959643291,1,0.9583527962391236,3.613860444174007,3.6508101148681584
Typhoon,lambda_ci,0.9,0.055,0.2,31,12.01199318145509,0.0932107814414904,1,1.0743655744533145,3.801230396474375,4.026963894666811
Typhoon,lambda_ci,0.9,0.055,0.2,32,12.6876767133998,0.0918829779209847,1,1.0907695445164178,4.016669855395851,3.756673870229568
Typhoon,lambda_ci,0.9,0.055,0.2,33,11.84389654166841,0.1381441078616282,1,1.013492076545374,4.431706260083964,4.310406882419747
Typhoon,lambda_ci,0.9,0.055,0.2,34,12.124243625463269,0.0945961148370822,1,1.0387620998181082,3.800575393765076,3.851139549418859
Typhoon,lambda_ci,0.9,0.055,0.2,35,13.303432542132589,0.1218411748959831,1,0.9034463049785012,4.413792616843247,3.8794775777292183
Typhoon,lambda_ci,0.9,0.055,0.2,36,12.862581768736929,0.112680154300242,1,0.9041370869826588,4.105527893739199,3.9241273450393
Typhoon,lambda_ci,0.9,0.055,0.2,37,12.739670509383089,0.1069646354966259,1,1.1588227059532157,4.485251516404446,4.249075254520365
Typhoon,lambda_ci,0.9,0.055,0.2,38,12.006118304421008,0.1092911982186264,1,1.0283407680228756,4.024980112899166,3.9414965988488384
Typhoon,lambda_ci,0.9,0.055,0.2,39,12.856715831161852,0.1017684741429764,1,1.0022255109210918,4.106004329877622,4.16816680278793
Typhoon,lambda_ci,0.9,0.055,0.2,40,12.172185237759503,0.0867007601481058,1,1.0873873497684905,3.7374220508284006,3.749945736189982
Typhoon,lambda_ci,0.9,0.055,0.2,41,10.78798939041183,0.1072641136273782,1,1.04615279336562,3.613809825462849,4.044305862592521
Typhoon,lambda_ci,0.9,0.055,0.2,42,12.887190107148225,0.132169191080524,1,1.0531791492947682,4.808110912405682,4.508580471829465
Typhoon,lambda_ci,0.9,0.055,0.2,43,12.50476399159391,0.0839753865678861,1,1.0355433700397907,3.687530758970764,3.893767111425895
Typhoon,lambda_ci,0.9,0.055,0.2,44,12.262801433423997,0.0949116795957703,1,0.9792547775397644,3.7384999135793486,3.72383376930851
Typhoon,lambda_ci,0.9,0.055,0.2,45,12.575685318477976,0.1058944505239315,1,1.094384691745944,4.281079243972571,3.928182132503588
Typhoon,lambda_ci,0.9,0.055,0.2,46,12.495110430164967,0.1066127315507732,1,1.0285983535309329,4.137781432404112,4.0069834275588345
Typhoon,lambda_ci,0.9,0.055,0.2,47,13.278223957893362,0.1086902493836913,1,1.0484945711643856,4.482480150779942,4.314895174797002
Typhoon,lambda_ci,0.9,0.055,0.2,48,11.650133864202664,0.1077861670883742,1,0.9431196434660476,3.714461190605282,3.793946400307768
Typhoon,lambda_ci,0.9,0.055,0.2,49,13.871801952437703,0.1084758797418733,1,1.004379590309726,4.578765583006719,4.123743985709978
Typhoon,lambda_ci,0.9,0.055,0.2,50,12.603061787034935,0.0990089257816513,1,1.000769340455607,3.967164742849496,4.01873953259238
Typhoon,lambda_ci,0.9,0.055,0.2,51,13.981789304687886,0.0938114110373095,1,0.934789988609079,4.140450660719545,4.366586379861962
Typhoon,lambda_ci,0.9,0.055,0.2,52,14.117990986652575,0.1271193334398032,1,1.0056026547088943,5.047681098904477,4.800683170716779
Typhoon,lambda_ci,0.9,0.055,0.2,53,13.132172435712,0.088018481276125,1,0.9980243693084704,3.892190470371729,3.895163674116433
Typhoon,lambda_ci,0.9,0.055,0.2,54,13.150408115961966,0.106628884083322,1,1.1057571629291143,4.515507249753748,3.9208257619629463
Typhoon,lambda_ci,0.9,0.055,0.2,55,12.014026993337705,0.1139814777216363,1,1.07042412277962,4.196465806782639,3.8917316280010295
Typhoon,lambda_ci,0.9,0.055,0.2,56,13.85991650679872,0.1071770225204307,1,1.124074112165946,4.810707268889368,4.602597912435005
Typhoon,lambda_ci,0.9,0.055,0.2,57,13.768898587272949,0.0889651187173278,1,0.9696357627361524,4.044020933885957,4.02252763544144
Typhoon,lambda_ci,0.9,0.055,0.2,58,13.031238251850008,0.0948923813993288,1,1.1016348149090882,4.213278665293271,4.194000669738878
Typhoon,lambda_ci,0.9,0.055,0.2,59,14.206131082533062,0.1012712375990641,1,0.8618232596117709,4.19689382012632,3.8843921182233543
Typhoon,lambda_ci,0.9,0.055,0.2,60,12.6295997786504,0.1039151219614672,1,0.8741002176585335,3.806357524337751,4.01522964463694
Typhoon,lambda_ci,0.9,0.055,0.2,61,12.934791097443346,0.1102619936234924,1,0.8771066661993037,4.022523085671509,3.678682631347159
Typhoon,lambda_ci,0.9,0.055,0.2,62,14.188052014712266,0.0883060674711471,1,1.063692802303278,4.348366633697412,4.126184590497775
Typhoon,lambda_ci,0.9,0.055,0.2,63,11.242288397626014,0.1156595093342592,1,0.9976529097587286,3.818872259720864,3.5360770224437266
Typhoon,lambda_ci,0.9,0.055,0.2,64,12.787501799027238,0.0878350068680297,1,0.967622295048557,3.727970446474932,3.882439610301139
Typhoon,lambda_ci,0.9,0.055,0.2,65,14.473459031871666,0.0994486189994848,1,1.064537157703773,4.709254126802109,4.498164503661918
Typhoon,lambda_ci,0.9,0.055,0.2,66,13.00060382751029,0.0928696020072183,1,1.0734107589456032,4.104717644743018,3.896363685271364
Typhoon,lambda_ci,0.9,0.055,0.2,67,11.724225743939792,0.1012524193200905,1,0.8752782701376174,3.4902774375502115,3.633273322039131
Typhoon,lambda_ci,0.9,0.055,0.2,68,13.428970122541593,0.0964065051678506,1,1.082453920260855,4.33811026065867,4.205425599840138
Typhoon,lambda_ci,0.9,0.055,0.2,69,13.371316870718887,0.0986824642977695,1,0.964851244393609,4.125953740966295,4.261415634354537
Typhoon,lambda_ci,0.9,0.055,0.2,70,14.36838494516338,0.0753996493425251,1,1.0633494162155095,4.0684653002100335,4.333792773053137
Typhoon,lambda_ci,0.9,0.055,0.2,71,11.996021399067216,0.0861947906441928,1,0.9842845320370044,3.49412205522531,3.572806687254713
Typhoon,lambda_ci,0.9,0.055,0.2,72,12.60006821937911,0.1202536701389248,1,0.8962640991317662,4.136567035757975,4.450935405697331
Typhoon,lambda_ci,0.9,0.055,0.2,73,13.329831272956934,0.1113395335582115,1,1.0360345046434498,4.5272706757683245,4.579753995617136
Typhoon,lambda_ci,0.9,0.055,0.2,74,12.188668451218216,0.1108560382043891,1,1.2,4.445560895717775,4.243854744060025
Typhoon,lambda_ci,0.9,0.055,0.2,75,10.55265703934858,0.0873080115568592,1,0.8077233890298827,2.8023359735224687,3.0371600004725323
Typhoon,lambda_ci,0.9,0.055,0.2,76,12.657650018915554,0.108677590786222,1,1.064084146185958,4.304384618623936,4.141618080016394
Typhoon,lambda_ci,0.9,0.055,0.2,77,11.466447503406815,0.107349662076148,1,1.057600359219312,3.8635810094852654,3.5925376669612725
Typhoon,lambda_ci,0.9,0.055,0.2,78,13.690772649138903,0.1032659204243847,1,0.9550376413257732,4.299487723295296,4.207429580427551
Typhoon,lambda_ci,0.9,0.055,0.2,79,12.894195495344558,0.1025846265552652,1,1.066080601574762,4.26412975823001,4.019497026578306
Typhoon,lambda_ci,0.9,0.055,0.2,80,13.687102267083873,0.1060010927910456,1,0.9557493378898092,4.356509710564,4.378294724958251
Typhoon,lambda_ci,0.9,0.055,0.2,81,12.861380182982488,0.1009732179961066,1,0.9519315384620968,3.987434229709037,4.16476592992071
Typhoon,lambda_ci,0.9,0.055,0.2,82,12.69263571954285,0.0924618947794022,1,0.9786848437746803,3.818164556149453,3.984297762800471
Typhoon,lambda_ci,0.9,0.055,0.2,83,13.8115439330661,0.1046710721004591,1,1.0518668387697891,4.582853214294038,4.138229173244059
Typhoon,lambda_ci,0.9,0.055,0.2,84,12.23242026356421,0.0986022603960028,1,1.055003625830408,3.945325187733737,4.197656832031166
Typhoon,lambda_ci,0.9,0.055,0.2,85,11.8744696871622,0.1228819693263708,1,1.0863495892166537,4.33853501459784,3.7590650172538096
Typhoon,lambda_ci,0.9,0.055,0.2,86,14.542409872577956,0.124589727303093,1,1.1176213457926705,5.426562914506837,5.495073048331871
Typhoon,lambda_ci,0.9,0.055,0.2,87,13.833715195796524,0.0735101897579561,1,0.9009071470572634,3.5600214799540986,3.6715256823807954
Typhoon,lambda_ci,0.9,0.055,0.2,88,12.665895242287505,0.1048910248727026,1,1.0193253495354475,4.14153626469406,3.936944718230476
Typhoon,lambda_ci,0.9,0.055,0.2,89,16.045102926429493,0.1087489852167429,1,0.980531556328343,5.239452427103583,5.037065698067025
Typhoon,lambda_ci,0.9,0.055,0.2,90,12.361405966271978,0.1003608394761078,1,0.930223542626624,3.7769712195954233,3.925308133852917
Typhoon,lambda_ci,0.9,0.055,0.2,91,11.534753797699208,0.0922773398490092,1,1.0866517353135998,3.65259105559164,3.5699798487611663
Typhoon,lambda_ci,0.9,0.055,0.2,92,14.30783869357978,0.106644178494827,1,1.0398639757726926,4.764648623053765,4.520313383714116
Typhoon,lambda_ci,0.9,0.055,0.2,93,11.19838761869618,0.1031294935879533,1,0.9432725016989508,3.492734110697272,3.8339749011196074
Typhoon,lambda_ci,0.9,0.055,0.2,94,12.717711356717254,0.1011447253537366,1,0.949721736743996,3.941656483320132,4.240802734597665
Typhoon,lambda_ci,0.9,0.055,0.2,95,12.25223600346217,0.1047025114373216,1,1.132956136719386,4.219883400834885,4.322009803618203
Typhoon,lambda_ci,0.9,0.055,0.2,96,12.41899961906374,0.1047573307695878,1,1.0126538618235543,4.044914419149136,3.9094440308429497
Typhoon,lambda_ci,0.9,0.055,0.2,97,12.69800117515778,0.1071226302900302,1,1.0418678963341403,4.242113702734866,4.401416176791591
Typhoon,lambda_ci,0.9,0.055,0.2,98,13.935406818298128,0.0874766547739541,1,1.1094129613466972,4.341225573645497,4.144449107907778
Typhoon,lambda_ci,0.9,0.055,0.2,99,12.807901128427252,0.1000639379457247,1,0.9309363838102468,3.909099848374303,3.993839499195394
Typhoon,lambda_ci,0.9,0.055,0.2,100,12.606597495120248,0.0884697288253357,1,0.9811408514485144,3.714162614574137,3.752640486638693
Typhoon,lambda_ci,0.9,0.055,0.2,101,12.938139660434548,0.0916258018990577,1,0.979310888421904,3.875618503452341,3.6674618361257454
Typhoon,lambda_ci,0.9,0.055,0.2,102,12.698327405186564,0.0949782059067324,1,1.0232258846867954,3.958624063507679,4.199452517611064
Typhoon,lambda_ci,0.9,0.055,0.2,103,12.51735646503268,0.0941492825905558,1,1.1101605258779013,4.0468212156826855,3.9738924542426144
Typhoon,lambda_ci,0.9,0.055,0.2,104,11.192632324938486,0.0859998181337587,1,0.9734335097692526,3.238427286758019,3.3369999259974104
Typhoon,lambda_ci,0.9,0.055,0.2,105,12.871382369111569,0.0906257448081361,1,0.9791922864299852,3.834290188927314,3.837610916752352
Typhoon,lambda_ci,0.9,0.055,0.2,106,13.64398068109886,0.1257536729731222,1,1.1252470851937202,5.132457755503268,5.180411329404014
Typhoon,lambda_ci,0.9,0.055,0.2,107,13.57916475771289,0.1111040301867451,1,0.8689659698772862,4.219289731383489,4.203854336696616
Typhoon,lambda_ci,0.9,0.055,0.2,108,12.383729887568675,0.0994131653947071,1,0.9645258572350568,3.834690867890149,3.896457852303916
Typhoon,lambda_ci,0.9,0.055,0.2,109,13.754234884435244,0.1151508122885994,1,1.0003057335255183,4.6680588077504535,4.324518931721096
Typhoon,lambda_ci,0.9,0.055,0.2,110,11.273985385501994,0.1282113608901232,1,0.896011782376001,3.8211807638082713,4.061407959197087
Typhoon,lambda_ci,0.9,0.055,0.2,111,13.086989955510404,0.0982676480471189,1,0.9568242984806086,4.012925967916577,3.881418508572249
Typhoon,lambda_ci,0.9,0.055,0.2,112,11.7767469192611,0.0780242449674168,1,1.0264786528684524,3.332844801371253,3.5584811094743074
Typhoon,lambda_ci,0.9,0.055,0.2,113,12.181993898347104,0.0862750963719756,1,1.0487639128759043,3.664375508437173,3.9468601306341
Typhoon,lambda_ci,0.9,0.055,0.2,114,12.94989813939972,0.1045825317111012,1,0.8938130419071764,3.959307854713357,3.932928667669925
Typhoon,lambda_ci,0.9,0.055,0.2,115,13.736582611057296,0.1454187807932606,1,1.1235354080574989,5.55242030493116,5.186630272889773
Typhoon,lambda_ci,0.9,0.055,0.2,116,13.37271404230528,0.0961483124290977,1,0.9719978189728012,4.088114359673317,3.879363588812567
Typhoon,lambda_ci,0.9,0.055,0.2,117,13.084181406597224,0.0886834298287016,1,1.0230766008358652,3.9411400982230447,3.973729196213605
Typhoon,lambda_ci,0.9,0.055,0.2,118,11.583632437545557,0.1157285999649233,1,1.0010759451165896,3.9427444667914897,4.065502346797967
Typhoon,lambda_ci,0.9,0.055,0.2,119,13.539722761446006,0.0917628798123125,1,0.9922663146572956,4.085614755088914,3.991132155728704
Typhoon,lambda_ci,0.9,0.055,0.2,120,12.251384035253649,0.1030276305447332,1,0.8560904751372136,3.6384954998394985,3.695904485999959
Typhoon,lambda_ci,0.9,0.055,0.2,121,12.989196427638436,0.1022601034975767,1,1.1289402143177207,4.413375401779963,4.457453095845732
Typhoon,lambda_ci,0.9,0.055,0.2,122,11.180753706237416,0.0986990935249237,1,1.1565772471207203,3.7775914342798766,3.9046356654984113
Typhoon,lambda_ci,0.9,0.055,0.2,123,13.103421989731103,0.0993461810675088,1,0.9418403957930064,4.008196208273976,4.056669149142119
Typhoon,lambda_ci,0.9,0.055,0.2,124,14.857694646198718,0.090089785343837,1,0.9965933498892304,4.451928666841914,4.05604769786227
Typhoon,lambda_ci,0.9,0.055,0.2,125,13.329707331559131,0.0914224009146984,1,0.8660179456344208,3.7506830957228128,3.788377330937639
Typhoon,lambda_ci,0.9,0.055,0.2,126,13.192443365898844,0.0835982292127859,1,0.9742869472618544,3.765019412026245,3.910634453052023
Typhoon,lambda_ci,0.9,0.055,0.2,127,12.40753616286293,0.0819215477402457,1,0.976863874324886,3.509955808878075,3.977230018003561
Typhoon,lambda_ci,0.9,0.055,0.2,128,13.448240079812107,0.153550577406789,1,0.9968007432463172,5.261327755435662,4.876836565883544
Typhoon,lambda_ci,0.9,0.055,0.2,129,13.773831900766885,0.1082032592619044,1,1.0513035857807471,4.645570151409129,4.5572888232324
Typhoon,lambda_ci,0.9,0.055,0.2,130,12.728534431849962,0.0932017106241683,1,0.982645908014178,3.852022972015136,4.003489785463779
Typhoon,lambda_ci,0.9,0.055,0.2,131,11.834179241773343,0.0914723217957729,1,0.9817184249673908,3.546308109592315,3.4761181552559477
Typhoon,lambda_ci,0.9,0.055,0.2,132,11.982678121340667,0.1172061819176644,1,1.0154701974845215,4.13392643425964,3.9191988989796527
Typhoon,lambda_ci,0.9,0.055,0.2,133,12.67538423064365,0.0917004384893033,1,1.1223971593332795,4.066493838976571,4.184086937432478
Typhoon,lambda_ci,0.9,0.055,0.2,134,14.102652335096012,0.1053263071913902,1,0.950819217524858,4.462910771960758,4.455193768124318
Typhoon,lambda_ci,0.9,0.055,0.2,135,13.919439873137671,0.1005831700424677,1,1.020544899103083,4.459646930227599,4.355023283545062
Typhoon,lambda_ci,0.9,0.055,0.2,136,12.909930181218517,0.1064184424984172,1,1.048688799353678,4.312763641302742,4.190789766000114
Typhoon,lambda_ci,0.9,0.055,0.2,137,11.458898599444138,0.0939668841951029,1,1.084889070947941,3.658667619075235,3.6131656949701
Typhoon,lambda_ci,0.9,0.055,0.2,138,12.461789164127865,0.1195245844626434,1,0.9790898099943428,4.263048620945324,4.02364973744576
Typhoon,lambda_ci,0.9,0.055,0.2,139,11.979547837491088,0.1086621511800815,1,0.9529777132672592,3.8549695099936567,3.715247916099496
Typhoon,lambda_ci,0.9,0.055,0.2,140,10.37276828292065,0.0963476882598567,1,1.0759935891550962,3.339797748390071,3.819090338731641
Typhoon,lambda_ci,0.9,0.055,0.2,141,13.827313066460674,0.1106257735902394,1,1.012538125269052,4.627768744836408,4.613799181237545
Typhoon,lambda_ci,0.9,0.055,0.2,142,12.847771771295454,0.0992175856529947,1,1.0368718962211825,4.120829939644757,3.9810094230054935
Typhoon,lambda_ci,0.9,0.055,0.2,143,14.489446029199694,0.124354311618585,1,0.97137986217967,5.035896008309461,5.096390734295196
Typhoon,lambda_ci,0.9,0.055,0.2,144,12.981502266538907,0.0931645828679185,1,1.1309337560859,4.213751876650654,4.249377590298468
Typhoon,lambda_ci,0.9,0.055,0.2,145,12.337815518646057,0.0943153700745065,1,1.1069386795201763,3.986495611418243,4.055516038008426
Typhoon,lambda_ci,0.9,0.055,0.2,146,10.312502347293108,0.1071842671059323,1,1.0281643286355775,3.423425237096485,3.4634899149503227
Typhoon,lambda_ci,0.9,0.055,0.2,147,13.002644229077433,0.0910823624262675,1,1.030265792002004,3.983120664568182,3.838689774392832
Typhoon,lambda_ci,0.9,0.055,0.2,148,12.885682861036518,0.1103999084305855,1,0.9615173882352166,4.198270006364647,4.1271604801673
Typhoon,lambda_ci,0.9,0.055,0.2,149,13.301698803875372,0.0941886173136854,1,1.0124460550055412,4.10763898181717,4.090413292194072
Typhoon,lambda_ci,0.9,0.055,0.2,150,12.251788477614628,0.0986962129935715,1,0.8644150988016389,3.578581453595639,3.7173426906928335
Typhoon,lambda_ci,0.9,0.055,0.2,151,12.163783948698036,0.0952166049043961,1,0.8662185500623432,3.4933233243985,3.648212374645113
Typhoon,lambda_ci,0.9,0.055,0.2,152,12.941636817524104,0.0949379160970204,1,0.958571525085972,3.904103452650981,3.92559377200934
Typhoon,lambda_ci,0.9,0.055,0.2,153,13.07922924570296,0.1173402324774138,1,0.9278349352096592,4.315598012755022,3.917268465739281
Typhoon,lambda_ci,0.9,0.055,0.2,154,12.557094063523436,0.1164724590381462,1,1.1103832666994142,4.515826253044537,4.595010502123189
Typhoon,lambda_ci,0.9,0.055,0.2,155,13.19758413110895,0.114222418718838,1,0.936481398904126,4.316380214258755,4.22454902308771
Typhoon,lambda_ci,0.9,0.055,0.2,156,12.393801253166648,0.0983227245821671,1,1.0150300038304074,3.915352969257409,3.8146279165610366
Typhoon,lambda_ci,0.9,0.055,0.2,157,12.340888911909053,0.1062761088130165,1,0.9978721421504888,4.018849239121583,3.7899967383842927
Typhoon,lambda_ci,0.9,0.055,0.2,158,12.80581219557993,0.1097534429521719,1,0.8689446112091193,3.954688235491795,4.20932223075557
Typhoon,lambda_ci,0.9,0.055,0.2,159,12.216325979918706,0.1066757992898319,1,1.0895106747008343,4.164753583387227,4.14987314296143
Typhoon,lambda_ci,0.9,0.055,0.2,160,12.81679859586208,0.1023439440937421,1,0.8141722929151526,3.69971946136721,3.662187020148061
Typhoon,lambda_ci,0.9,0.055,0.2,161,12.361300744519964,0.099526290224809,1,1.011329834084651,3.921746254337714,3.7671495227842735
Typhoon,lambda_ci,0.9,0.055,0.2,162,12.517852398071843,0.0819546441248692,1,1.0135167649291328,3.6077138127615145,3.52100261151976
Typhoon,lambda_ci,0.9,0.055,0.2,163,11.682825777759472,0.0821284217627011,1,1.0307971886455691,3.399235483397355,3.4632039527675977
Typhoon,lambda_ci,0.9,0.055,0.2,164,12.216585000512875,0.114583260990561,1,1.0571819500962565,4.251921910531475,4.0981734005406585
Typhoon,lambda_ci,0.9,0.055,0.2,165,10.825205123372136,0.081689636404463,1,0.9169516820669256,2.962735229757941,3.2502775882080286
Typhoon,lambda_ci,0.9,0.055,0.2,166,13.408243943433945,0.1210319387006977,1,0.999639499889294,4.66383956040799,4.171273359458781
Typhoon,lambda_ci,0.9,0.055,0.2,167,11.188753280201464,0.1340369105803767,1,1.0896016208648074,4.275902289258151,3.975373619318721
Typhoon,lambda_ci,0.9,0.055,0.2,168,12.904615238706336,0.1096716671044731,1,1.1741184994262943,4.630717082832257,4.58676855767356
Typhoon,lambda_ci,0.9,0.055,0.2,169,12.560904041202807,0.0983709608049044,1,0.9544163742250524,3.848781844613936,4.06245810847259
Typhoon,lambda_ci,0.9,0.055,0.2,170,12.045274155597832,0.1029801436215673,1,0.9172903005931712,3.70208884000986,4.050103468492472
Typhoon,lambda_ci,0.9,0.055,0.2,171,12.179197657953836,0.0870828972324605,1,1.042976485482344,3.67047585932698,3.856901058446911
Typhoon,lambda_ci,0.9,0.055,0.2,172,12.6509790732385,0.1298182018409371,1,1.0336641735707233,4.634273533241412,4.416543531561205
Typhoon,lambda_ci,0.9,0.055,0.2,173,12.580762634112986,0.0986943910632404,1,1.0167537951177446,3.9853007911343785,3.931615470929874
Typhoon,lambda_ci,0.9,0.055,0.2,174,13.18325724159447,0.1197631903857974,1,0.9039777526324306,4.337737590195577,4.408442494223465
Typhoon,lambda_ci,0.9,0.055,0.2,175,11.281963483293325,0.0993920590014967,1,0.95447231846613,3.474899129153721,3.945644459063068
Typhoon,lambda_ci,0.9,0.055,0.2,176,13.154450750904443,0.1082598339088339,1,0.9988978745135496,4.325805037782136,4.089875068087864
Typhoon,lambda_ci,0.9,0.055,0.2,177,12.280281978219875,0.1128865761573496,1,1.0393500270139295,4.206398418984692,3.945288465740711
Typhoon,lambda_ci,0.9,0.055,0.2,178,11.805908306233333,0.107334533944524,1,1.041941625483598,3.94812448401998,3.954796419297428
Typhoon,lambda_ci,0.9,0.055,0.2,179,11.696974916821803,0.079618440889359,1,1.0363299174201557,3.359923667229986,3.690008915847708
Typhoon,lambda_ci,0.9,0.055,0.2,180,11.407370239976157,0.1047396450887638,1,1.027634316506496,3.742487733617816,4.004402019085791
Typhoon,lambda_ci,0.9,0.055,0.2,181,12.922735021390023,0.090272525013573,1,0.942412248529403,3.769230488901036,3.839721694600645
Typhoon,lambda_ci,0.9,0.055,0.2,182,11.648736867269028,0.0909121073896271,1,0.925082262202014,3.3781573497195123,3.736807083907611
Typhoon,lambda_ci,0.9,0.055,0.2,183,11.856928805729003,0.0902455650514583,1,0.9128144467852716,3.4031132260083776,3.541275004587396
Typhoon,lambda_ci,0.9,0.055,0.2,184,12.161362518692057,0.1077769063071308,1,0.9481280842431136,3.88757335281,3.731177769606413
Typhoon,lambda_ci,0.9,0.055,0.2,185,14.988268913319782,0.084215192513286,1,1.0392314306987271,4.434072970088325,4.493098194028124
Typhoon,lambda_ci,0.9,0.055,0.2,186,12.15728585473808,0.1106263533442557,1,1.1027046756495853,4.246151982057186,4.094350146384966
Typhoon,lambda_ci,0.9,0.055,0.2,187,14.463870340714632,0.0908834968905794,1,0.93927229676111,4.225934788524842,4.066111152405647
Typhoon,lambda_ci,0.9,0.055,0.2,188,13.94979723896535,0.1098838723487509,1,0.8951953823453145,4.37515848730249,4.252868156613678
Typhoon,lambda_ci,0.9,0.055,0.2,189,14.384878597387315,0.0983179511130372,1,0.9707015442828908,4.443912211979988,4.14272196996968
Typhoon,lambda_ci,0.9,0.055,0.2,190,13.987055962844954,0.0912436949920923,1,1.069408087935488,4.369175369590791,4.122814350946037
Typhoon,lambda_ci,0.9,0.055,0.2,191,13.936301199008918,0.1061059984923826,1,0.9998447741191232,4.539246660872712,4.170221024997334
Typhoon,lambda_ci,0.9,0.055,0.2,192,12.912363049522476,0.1002543511404737,1,1.0843410109566438,4.2573591175071055,3.901388762623054
Typhoon,lambda_ci,0.9,0.055,0.2,193,12.95398790859576,0.0972574339245488,1,0.9074750104085292,3.848417917624845,3.855846226570819
Typhoon,lambda_ci,0.9,0.055,0.2,194,13.90632391031322,0.0788482811672915,1,0.9600823543703734,3.826156236929144,3.901934480422384
Typhoon,lambda_ci,0.9,0.055,0.2,195,12.011201164665565,0.0968967572049712,1,0.9842590668098454,3.709332581027182,3.888054518215123
Typhoon,lambda_ci,0.9,0.055,0.2,196,12.200526855174704,0.0788683348975012,1,1.0301005915324546,3.477520825167044,4.09658110180473
Typhoon,lambda_ci,0.9,0.055,0.2,197,11.4297312590464,0.0816856643755611,1,1.0036840957312037,3.2727095458462965,3.352469518837953
Typhoon,lambda_ci,0.9,0.055,0.2,198,12.31019251709541,0.1004014671876796,1,1.0142115459009888,3.928250275538861,3.887937318044459
Typhoon,lambda_ci,0.9,0.055,0.2,199,12.463402122045924,0.0905987609479471,1,0.9056149113115454,3.570010709134724,3.882917490323952
Typhoon,lambda_ci,0.9,0.055,0.2,200,13.630209904446572,0.097722293814308,1,0.9446738036343836,4.141334462328731,4.056119208797471
Typhoon,lambda_ci,0.9,0.055,0.2,201,13.060112397517036,0.0852520389605175,1,1.1087316713893751,4.0152494260852345,4.432769621134688
Typhoon,lambda_ci,0.9,0.055,0.2,202,12.36612396474644,0.1280837144321924,1,1.0720763082138225,4.582404280156171,4.189534141905209
Typhoon,lambda_ci,0.9,0.055,0.2,203,11.80006732956632,0.0980238054909551,1,1.1504473962816508,3.96263113441296,3.9542359107303287
Typhoon,lambda_ci,0.9,0.055,0.2,204,12.703500782754892,0.0892502497956641,1,0.9628094305809792,3.72390254202948,3.731044853757528
Typhoon,lambda_ci,0.9,0.055,0.2,205,11.541773657161976,0.0923921747185011,1,0.8687315891509682,3.2698885829548683,3.586910774744595
Typhoon,lambda_ci,0.9,0.055,0.2,206,11.716967958212802,0.0941752081437213,1,1.007612411153005,3.609360745690306,3.746127071700317
Typhoon,lambda_ci,0.9,0.055,0.2,207,12.752782161814398,0.0921560855639323,1,1.0054321406173106,3.881890968022024,3.350251530573995
Typhoon,lambda_ci,0.9,0.055,0.2,208,11.179821383074172,0.113644375393897,1,0.9068797988626912,3.5890846542314176,3.545490696950389
Typhoon,lambda_ci,0.9,0.055,0.2,209,12.032143043774632,0.0858221352146699,1,1.1550822413553226,3.7883412902121454,3.915550169577356
Typhoon,lambda_ci,0.9,0.055,0.2,210,13.162952862616129,0.10782016394883,1,0.9645629188163086,4.244911116457037,4.519575092391506
Typhoon,lambda_ci,0.9,0.055,0.2,211,12.492177601643808,0.0941073137835355,1,0.9241691969551776,3.684050570450673,3.67080026691089
Typhoon,lambda_ci,0.9,0.055,0.2,212,12.811522100896882,0.1222306175981714,1,0.920750979670912,4.297954642907151,4.268268555269772
Typhoon,lambda_ci,0.9,0.055,0.2,213,12.017892837850624,0.1074922178740127,1,0.8528791279281771,3.638820076147008,4.033116756313044
Typhoon,lambda_ci,0.9,0.055,0.2,214,12.660006214660694,0.10320027845841,1,0.9237289057444712,3.9088285383124233,3.979927941821248
Typhoon,lambda_ci,0.9,0.055,0.2,215,13.575558040355904,0.0943946558211492,1,1.0074464562875598,4.186415997298938,4.064743289286647
Typhoon,lambda_ci,0.9,0.055,0.2,216,11.480438175408144,0.0814692964248527,1,0.8833552074234177,3.079804390759126,3.384531931661256
Typhoon,lambda_ci,0.9,0.055,0.2,217,10.661156137720416,0.0949745469520346,1,0.9698118712134236,3.235576459775255,3.435716630686496
Typhoon,lambda_ci,0.9,0.055,0.2,218,13.173832826698826,0.104153950423986,1,1.0682592259822783,4.394286285591234,4.423267364980017
Typhoon,lambda_ci,0.9,0.055,0.2,219,12.77413802324694,0.1030235557079491,1,0.983081440751806,4.065318912583641,4.432658879007136
Typhoon,lambda_ci,0.9,0.055,0.2,220,12.140504897697763,0.0995015358724257,1,1.0188140774800851,3.865441538369996,3.732983071304366
Typhoon,lambda_ci,0.9,0.055,0.2,221,12.783878485056766,0.0894799420174629,1,0.9252778338311578,3.678422073051575,3.788723717969329
Typhoon,lambda_ci,0.9,0.055,0.2,222,12.64343244850946,0.0967264802920216,1,0.8956390909301399,3.721381593389141,3.888718751495494
Typhoon,lambda_ci,0.9,0.055,0.2,223,14.744634193692352,0.0995712341472795,1,0.999157093746617,4.650694751336563,4.022055047195725
Typhoon,lambda_ci,0.9,0.055,0.2,224,14.461791477141292,0.1035897315702471,1,1.025287566291297,4.713063535445465,4.844917222047021
Typhoon,lambda_ci,0.9,0.055,0.2,225,12.551282363838313,0.1063191102660095,1,0.9172233647902004,3.9195058887501273,3.867193666184805
Typhoon,lambda_ci,0.9,0.055,0.2,226,12.449174388842511,0.0954178642014794,1,0.9034345046992416,3.655137617395353,3.6978322987062886
Typhoon,lambda_ci,0.9,0.055,0.2,227,11.812870109565711,0.0933232270747497,1,1.123352245775867,3.8247960450113374,4.316875552531293
Typhoon,lambda_ci,0.9,0.055,0.2,228,13.169342796996627,0.0974205209301134,1,0.9885406610554842,4.0868302098082205,4.08940100653102
Typhoon,lambda_ci,0.9,0.055,0.2,229,13.607459328702932,0.1047386620157956,1,0.9625658310831504,4.320617062269212,4.177771927573938
Typhoon,lambda_ci,0.9,0.055,0.2,230,12.703172188672143,0.1008703657505412,1,0.9819356327182522,3.9979328257613966,3.949928526638183
Typhoon,lambda_ci,0.9,0.055,0.2,231,14.528725295277502,0.1068322827799312,1,0.9748741388104768,4.6887064292623535,4.278991097969895
Typhoon,lambda_ci,0.9,0.055,0.2,232,12.806642536004814,0.1085893424904047,1,1.1404274819981488,4.506742310744701,4.1455052346029975
Typhoon,lambda_ci,0.9,0.055,0.2,233,12.887156491442006,0.080055378749271,1,1.0121766591945929,3.6684323928486,3.925656131814858
Typhoon,lambda_ci,0.9,0.055,0.2,234,14.239197319379706,0.1135912963700228,1,0.8605829230997628,4.451992235805096,4.5085813648280215
Typhoon,lambda_ci,0.9,0.055,0.2,235,13.080371557505652,0.1023073899455679,1,1.0080269313184558,4.200583777494559,4.065160749117729
Typhoon,lambda_ci,0.9,0.055,0.2,236,13.622237303638183,0.1007434496341793,1,0.9900527618034642,4.302154672687969,4.028135050633183
Typhoon,lambda_ci,0.9,0.055,0.2,237,12.23202863793703,0.0913172246738903,1,0.8697675565367712,3.4472790738900074,3.920180683178218
Typhoon,lambda_ci,0.9,0.055,0.2,238,11.409504113543267,0.0933771955348814,1,1.0229946493345072,3.526337402165665,3.743703846608983
Typhoon,lambda_ci,0.9,0.055,0.2,239,13.506929412528097,0.1258919948048889,1,1.060406962455593,4.935054726867448,4.617973716147374
Typhoon,lambda_ci,0.9,0.055,0.2,240,13.051401592507435,0.1061972787285117,1,1.0303006694020302,4.317137074399414,3.9076624942228486
Typhoon,lambda_ci,0.9,0.055,0.2,241,13.497613370160948,0.091187709321503,1,0.9851071802404838,4.045450385909509,4.323496140746103
Typhoon,lambda_ci,0.9,0.055,0.2,242,12.49777481944799,0.0959791185735134,1,1.0848049612963515,4.03270919464486,3.830381698225649
Typhoon,lambda_ci,0.9,0.055,0.2,243,11.717423908459327,0.0969099124376278,1,1.0072970834928916,3.6609603963367015,3.80721633855132
Typhoon,lambda_ci,0.9,0.055,0.2,244,14.317850122827052,0.0919566601130877,1,0.9256317641493864,4.177231375307846,4.224304410008435
Typhoon,lambda_ci,0.9,0.055,0.2,245,13.218951243121891,0.122910992453509,1,1.040106189606245,4.726407947124624,4.341423363113888
Typhoon,lambda_ci,0.9,0.055,0.2,246,13.6717745831377,0.1016670576259365,1,1.0417956513162998,4.449449548137311,4.417480192650039
Typhoon,lambda_ci,0.9,0.055,0.2,247,10.990068034310422,0.1118294607690527,1,1.0386842289319924,3.745590243188877,3.8993039747963736
Typhoon,lambda_ci,0.9,0.055,0.2,248,13.74110440190441,0.1196916991289522,1,1.0092015926363611,4.775761377714588,4.400471539108323
Typhoon,lambda_ci,0.9,0.055,0.2,249,12.874550548575307,0.1049798488877871,1,0.8274584645460852,3.794531390074977,3.740270517333908
Typhoon,lambda_ci,0.9,0.055,0.2,250,12.358631998345238,0.1131776289671208,1,0.9000057876819385,3.94433094941664,3.962033843450004
Typhoon,lambda_ci,0.9,0.055,0.2,251,13.41098544321004,0.1106145903982687,1,0.927744504135821,4.296166398196228,4.12225154508199
Typhoon,lambda_ci,0.9,0.055,0.2,252,12.529595854036558,0.1077548001090033,1,1.0128012860477789,4.139210354488619,3.988966894823032
Typhoon,lambda_ci,0.9,0.055,0.2,253,12.788495009593342,0.0895243569060959,1,1.0566952950675097,3.9333711693740554,3.8006892489536543
Typhoon,lambda_ci,0.9,0.055,0.2,254,12.275910006255565,0.1058299276223231,1,0.903421793980722,3.795799175638665,4.066833907294547
Typhoon,lambda_ci,0.9,0.055,0.2,255,12.071325371921288,0.1014042893137823,1,0.9025180723637984,3.651834376322185,3.8365558416622334
Typhoon,lambda_ci,0.9,0.055,0.2,256,13.508446393833845,0.0962457415212135,1,0.965621121373956,4.118125176056984,4.61020672608668
Typhoon,lambda_ci,0.9,0.055,0.2,257,12.686580385535285,0.0882132884578999,1,0.9025914060887836,3.579786935873647,3.70035664340996
Typhoon,lambda_ci,0.9,0.055,0.2,258,12.084263885208529,0.0944027415656804,1,0.978737830118099,3.673209436638225,3.6730801053979705
Typhoon,lambda_ci,0.9,0.055,0.2,259,10.80284105505162,0.1036837246701792,1,0.9877951774954656,3.4572177342400403,3.7046448035162
Typhoon,lambda_ci,0.9,0.055,0.2,260,13.452526345395428,0.1283434188797879,1,1.1318376593058974,5.127229097862935,4.813230138902813
Typhoon,lambda_ci,0.9,0.055,0.2,261,13.63488523062212,0.0941970450387016,1,1.0831540374521773,4.35527154395214,4.264645836636011
Typhoon,lambda_ci,0.9,0.055,0.2,262,12.636358782852591,0.086815517154199,1,1.005524271554799,3.733506447742908,3.835838702422701
Typhoon,lambda_ci,0.9,0.055,0.2,263,12.252712426855656,0.0852049816077531,1,1.078349773469508,3.714022752151591,4.000438082535451
Typhoon,lambda_ci,0.9,0.055,0.2,264,12.243616778738131,0.0860257777291409,1,0.9626044086277314,3.52328646018662,3.578290670538177
Typhoon,lambda_ci,0.9,0.055,0.2,265,12.987892222030938,0.096308013607379,1,1.0844262452245534,4.197298911401242,4.151322156756427
Typhoon,lambda_ci,0.9,0.055,0.2,266,12.617693335801086,0.0857314309704854,1,1.114606773350743,3.900415227512701,4.061805447038584
Typhoon,lambda_ci,0.9,0.055,0.2,267,12.653833137574866,0.0910582872949099,1,1.078293127152142,3.965064537538921,3.918077169863322
Typhoon,lambda_ci,0.9,0.055,0.2,268,11.68646749170138,0.0993058825072881,1,1.0696360813362134,3.808805232350287,3.723940917949205
Typhoon,lambda_ci,0.9,0.055,0.2,269,11.958777699189085,0.0889162416080921,1,0.8853787680173028,3.355381402400452,3.517624386020324
Typhoon,lambda_ci,0.9,0.055,0.2,270,12.23706871342269,0.1064256287551538,1,0.9465125975263609,3.883861284253637,4.001316330808876
Typhoon,lambda_ci,0.9,0.055,0.2,271,14.555028909655416,0.1063942491085932,1,0.9435523830136304,4.611637448683398,4.303946478358663
Typhoon,lambda_ci,0.9,0.055,0.2,272,12.055834564053072,0.110156673289361,1,1.054251365676457,4.108419404813089,3.901971235062233
Typhoon,lambda_ci,0.9,0.055,0.2,273,12.14543815378218,0.0900584698413009,1,1.0378625234854284,3.713174709330452,3.87242928152272
Typhoon,lambda_ci,0.9,0.055,0.2,274,11.851993553975554,0.105006421586075,1,0.980045635381744,3.8020908101799287,3.815612947124956
Typhoon,lambda_ci,0.9,0.055,0.2,275,12.03250729859536,0.0942942662257472,1,1.0271612073837884,3.744709056083335,3.8353926597303
Typhoon,lambda_ci,0.9,0.055,0.2,276,13.6320883322959,0.1405882149762172,1,1.0273481904117774,5.180786317425191,5.220327295424738
Typhoon,lambda_ci,0.9,0.055,0.2,277,11.772767830767158,0.0949026681273178,1,0.973916340789682,3.579139428412691,3.7996382638129873
Typhoon,lambda_ci,0.9,0.055,0.2,278,13.534442775316094,0.0953455282935548,1,1.06965264951271,4.322270378151861,3.767429760682572
Typhoon,lambda_ci,0.9,0.055,0.2,279,13.708584354520518,0.1062827077580396,1,0.9450744881256048,4.344671387494232,4.054674467464636
Typhoon,lambda_ci,0.9,0.055,0.2,280,11.46151006093627,0.0876769624141556,1,1.0480983579436791,3.474446332801702,3.765768605420885
Typhoon,lambda_ci,0.9,0.055,0.2,281,12.866890957515668,0.0991255406321162,1,1.007509927326054,4.066221871346808,3.792418291198355
Typhoon,lambda_ci,0.9,0.055,0.2,282,12.915246943898463,0.1057286717427528,1,0.9208949738803052,4.0299917205204725,3.801673581783712
Typhoon,lambda_ci,0.9,0.055,0.2,283,12.462202485293291,0.0759458319026309,1,1.0185612163288011,3.466094051476569,3.782278880629891
Typhoon,lambda_ci,0.9,0.055,0.2,284,12.014620985219493,0.1004663598863845,1,1.0181627825273842,3.842633968857155,3.862015592145972
Typhoon,lambda_ci,0.9,0.055,0.2,285,15.169093724739342,0.1351096378566372,1,1.0011366369220718,5.578911563579496,5.278892060039477
Typhoon,lambda_ci,0.9,0.055,0.2,286,12.146771097363038,0.1081089561309922,1,0.9512747062043748,3.895333618219389,3.704773310718773
Typhoon,lambda_ci,0.9,0.055,0.2,287,13.67222019144677,0.1131530303703824,1,0.9052317032447744,4.3757451140762,4.168226960823407
Typhoon,lambda_ci,0.9,0.055,0.2,288,12.986996265564152,0.1028113233032132,1,0.9794406575142705,4.12114840683746,4.497879901249295
Typhoon,lambda_ci,0.9,0.055,0.2,289,10.997516285484627,0.1045999912186614,1,0.9202260069492,3.4119895255287607,3.561426322385264
Typhoon,lambda_ci,0.9,0.055,0.2,290,13.3957043299386,0.1206724198375179,1,1.0097475228764152,4.676015717521667,4.739846976139383
Typhoon,lambda_ci,0.9,0.055,0.2,291,13.429801245175131,0.090708533709836,1,0.988959201392298,4.022377683218757,3.9347289211501466
Typhoon,lambda_ci,0.9,0.055,0.2,292,14.147708546097832,0.1039113124380994,1,0.889565962160705,4.301367981538302,4.236844348224908
Typhoon,lambda_ci,0.9,0.055,0.2,293,11.309619268561772,0.0861103463191095,1,0.9954437565716304,3.311189348717851,3.628655081579095
Typhoon,lambda_ci,0.9,0.055,0.2,294,11.633912759568322,0.1046551718869997,1,1.1667955374649264,4.065402315332194,4.064450829666945
Typhoon,lambda_ci,0.9,0.055,0.2,295,10.937682427516007,0.1084529514059129,1,1.1071618674505248,3.790107751605831,3.9997565904792576
Typhoon,lambda_ci,0.9,0.055,0.2,296,13.097653404831108,0.1017255438166811,1,1.124658411342797,4.430153983790731,3.951447768660676
Typhoon,lambda_ci,0.9,0.055,0.2,297,11.800360616700264,0.1019744860090731,1,1.0763835789074956,3.909530213422375,3.910856287820716
Typhoon,lambda_ci,0.9,0.055,0.2,298,14.41706228954425,0.1137198598575632,1,1.2,5.325808614238743,4.785078827605297
Typhoon,lambda_ci,0.9,0.055,0.2,299,13.286295737117085,0.1013198299573682,1,1.0759552956564449,4.3868042436981565,3.9297701652466506
Typhoon,lambda_ci,0.9,0.055,0.2,300,11.211187257460145,0.1306144270013545,1,1.0213836534958147,4.094884275719508,4.15258348811815
Typhoon,lambda_ci,0.9,0.055,0.2,301,12.411927214802777,0.0947731188464063,1,1.0280306119701554,3.874224918063657,3.751054045011008
Typhoon,lambda_ci,0.9,0.055,0.2,302,12.850163426139677,0.1013541249627678,1,1.2,4.481464786577561,4.50474450889728
Typhoon,lambda_ci,0.9,0.055,0.2,303,12.806686838060358,0.092949490214001,1,0.9156055540506276,3.736065702809724,3.764443974657921
Typhoon,lambda_ci,0.9,0.055,0.2,304,12.263147037094503,0.1099781585037545,1,0.9824096615604474,4.030894854357027,3.80428336175725
Typhoon,lambda_ci,0.9,0.055,0.2,305,10.90044718698749,0.0882275577639458,1,0.9401771069884232,3.139433440257776,3.541501107383085
Typhoon,lambda_ci,0.9,0.055,0.2,306,12.046965874905323,0.1154644710739045,1,0.9353697329071982,3.9590731101460377,3.748786275713331
Typhoon,lambda_ci,0.9,0.055,0.2,307,12.122388125582034,0.1145943416436123,1,1.0839897866894403,4.272502907262652,4.1703494966828
Typhoon,lambda_ci,0.9,0.055,0.2,308,12.051624802560603,0.1316963714118059,1,0.979438261451684,4.328336728431039,3.9611078737990737
Typhoon,lambda_ci,0.9,0.055,0.2,309,12.122950342844572,0.1190909922174777,1,1.109417302763879,4.4065149768860135,3.9360672324766672
Typhoon,lambda_ci,0.9,0.055,0.2,310,12.927719511091894,0.0983041051703248,1,0.9825635677425434,4.017797798123158,3.811735281167207
Typhoon,lambda_ci,0.9,0.055,0.2,311,12.027731593686768,0.1004641049100686,1,1.018215791186803,3.84688409721533,4.14419543508647
Typhoon,lambda_ci,0.9,0.055,0.2,312,12.665141647421212,0.0983149021185302,1,1.0849218181962197,4.136365893295166,4.021632537859669
Typhoon,lambda_ci,0.9,0.055,0.2,313,12.448908891967433,0.0791934622829789,1,0.9306709017898468,3.3796678588296065,3.4824921665582464
Typhoon,lambda_ci,0.9,0.055,0.2,314,10.931928745483512,0.1052123020736209,1,1.1268625425589012,3.7641378987293126,4.053068946854348
Typhoon,lambda_ci,0.9,0.055,0.2,315,11.399604539148536,0.0767188069840879,1,0.8745690410685266,2.9528253171180747,3.2614778382666465
Typhoon,lambda_ci,0.9,0.055,0.2,316,11.261944578159705,0.095941157348753,1,1.039078305803479,3.555821905979269,3.88276482022334
Typhoon,lambda_ci,0.9,0.055,0.2,317,12.867282372962135,0.1233952511817012,1,1.126313305519458,4.796955196264418,4.284585024236988
Typhoon,lambda_ci,0.9,0.055,0.2,318,12.483248665247425,0.0970458042726756,1,0.8389413107602338,3.561900583316397,3.882866174697758
Typhoon,lambda_ci,0.9,0.055,0.2,319,15.225945085104192,0.1143025543922684,1,1.066135873686959,5.315186473230323,5.017958958358623
Typhoon,lambda_ci,0.9,0.055,0.2,320,11.68703782559141,0.0926056721387635,1,1.04266698404968,3.6315836712169087,3.645136679223332
Typhoon,lambda_ci,0.9,0.055,0.2,321,14.018280911872209,0.0976832393618796,1,0.95826500149412,4.288916573207788,4.271421707587534
Typhoon,lambda_ci,0.9,0.055,0.2,322,12.525111343589998,0.086063651249268,1,0.9775840534027064,3.633026227505901,3.8614201994915778
Typhoon,lambda_ci,0.9,0.055,0.2,323,12.42293720642954,0.107030820548951,1,0.993102358087026,4.050193049609977,3.998089847521974
Typhoon,lambda_ci,0.9,0.055,0.2,324,13.475558888895838,0.0864782069102717,1,0.9799256473498394,3.9228046965739103,4.108827722971139
Typhoon,lambda_ci,0.9,0.055,0.2,325,11.684468634789855,0.0975278999903955,1,1.0551472237452133,3.748261946569959,3.958201258370579
Typhoon,lambda_ci,0.9,0.055,0.2,326,15.200468313068209,0.0984499019795956,1,1.0889378136451866,4.976982938471647,4.640944388162641
Typhoon,lambda_ci,0.9,0.055,0.2,327,12.84720181906316,0.1186770328732325,1,0.95989029517669,4.336133920711338,4.138749360642634
Typhoon,lambda_ci,0.9,0.055,0.2,328,11.573464485046994,0.1064904318560307,1,0.996930254553602,3.770952530306257,3.95990745592862
Typhoon,lambda_ci,0.9,0.055,0.2,329,12.281702169880498,0.0942502935419731,1,0.9111752309109168,3.5991576506115064,4.033561542846773
Typhoon,lambda_ci,0.9,0.055,0.2,330,11.741752119553125,0.0788619051876142,1,1.0204110898778913,3.3308427121185757,3.621153949548928
Typhoon,lambda_ci,0.9,0.055,0.2,331,14.163532516062103,0.0818652677070051,1,1.125682506318189,4.299613180903629,4.011005280707927
Typhoon,lambda_ci,0.9,0.055,0.2,332,12.691675219007086,0.1014574381394953,1,1.1249489403177464,4.287728731525031,3.954391858721608
Typhoon,lambda_ci,0.9,0.055,0.2,333,11.438781693427153,0.1022538055838654,1,1.0312064737115312,3.714431272766143,3.4981713614377883
Typhoon,lambda_ci,0.9,0.055,0.2,334,12.135345251548769,0.0978770865744407,1,1.0252190042138296,3.844155768564228,3.853140652703891
Typhoon,lambda_ci,0.9,0.055,0.2,335,12.81523590059235,0.1019908137382932,1,0.9862847218135086,4.064510841087715,4.113146180985538
Typhoon,lambda_ci,0.9,0.055,0.2,336,11.891342691050848,0.1060065816877097,1,1.0283594543575434,3.9261761702100215,3.9915623249984034
Typhoon,lambda_ci,0.9,0.055,0.2,337,13.307973742040517,0.0805285627865143,1,0.9668592507049734,3.713372679162396,3.9989507516387937
Typhoon,lambda_ci,0.9,0.055,0.2,338,12.61655519830374,0.0989742497300198,1,0.8859863768601565,3.7360736012033935,3.459231488349627
Typhoon,lambda_ci,0.9,0.055,0.2,339,13.016296619568111,0.1180658826913158,1,0.9035866844163586,4.251425344814232,4.2559948448692
Typhoon,lambda_ci,0.9,0.055,0.2,340,11.869825810999002,0.1120108250086044,1,1.0198140177493369,4.011758970316618,4.261587495593004
Typhoon,lambda_ci,0.9,0.055,0.2,341,12.40056034086354,0.0859664499606396,1,0.8370330930947313,3.3264202867576715,3.436580374275191
Typhoon,lambda_ci,0.9,0.055,0.2,342,12.868030631369423,0.1079697577157819,1,0.8256424854941329,3.8420159698007783,3.67959355346524
Typhoon,lambda_ci,0.9,0.055,0.2,343,13.881241124838862,0.0805464295098446,1,1.05332621718014,4.043271382582777,3.983870804053704
Typhoon,lambda_ci,0.9,0.055,0.2,344,12.538626734875264,0.0843906270203813,1,0.9373605747202388,3.526553058758405,3.797260852150672
Typhoon,lambda_ci,0.9,0.055,0.2,345,13.660716488056382,0.0809831152088057,1,0.814329577426268,3.5080907718931065,3.625078560367527
Typhoon,lambda_ci,0.9,0.055,0.2,346,13.28778693362388,0.1032848378186535,1,1.0142814624104035,4.300809295736639,4.291892632739172
Typhoon,lambda_ci,0.9,0.055,0.2,347,11.827674492168052,0.0992784485721207,1,0.9595310357496226,3.650533750261548,3.7724766376591385
Typhoon,lambda_ci,0.9,0.055,0.2,348,12.456961876964852,0.0982154808025659,1,1.0563278107093004,4.01237453844103,4.146442832019005
Typhoon,lambda_ci,0.9,0.055,0.2,349,14.304260988190595,0.0808687936516611,1,1.0155106215313523,4.099190889546783,4.050584302234711
Typhoon,lambda_ci,0.9,0.055,0.2,350,12.40964989662269,0.0875010438576456,1,0.8407537295092593,3.365894873025072,3.352925406815757
Typhoon,lambda_ci,0.9,0.055,0.2,351,11.871805440706016,0.1025921781650639,1,1.0781761054140684,3.9483782170821553,3.980786979045985
Typhoon,lambda_ci,0.9,0.055,0.2,352,13.363532264493022,0.104382235668802,1,1.1002151925782742,4.528698231767734,4.586803812007142
Typhoon,lambda_ci,0.9,0.055,0.2,353,13.550748722580504,0.1080439304454773,1,0.9203589940404494,4.273090685804762,4.006622547954691
Typhoon,lambda_ci,0.9,0.055,0.2,354,11.881014832736277,0.1049738588636507,1,1.0714408528962074,3.9845402660121647,3.76313527101425
Typhoon,lambda_ci,0.9,0.055,0.2,355,13.151594919105236,0.1170989329768366,1,0.946995957590502,4.379544617704462,3.813257794463032
Typhoon,lambda_ci,0.9,0.055,0.2,356,13.302583247554402,0.1055343058620433,1,0.9797729982779394,4.277554461499722,3.945678439142342
Typhoon,lambda_ci,0.9,0.055,0.2,357,12.914396780998857,0.0970499602252111,1,1.0998644385628724,4.219309530397162,4.193344211397073
Typhoon,lambda_ci,0.9,0.055,0.2,358,15.272240953068652,0.0853304175633235,1,1.0689453256841437,4.6124582599586965,4.591846877404014
Typhoon,lambda_ci,0.9,0.055,0.2,359,11.606755997075709,0.0930114496087854,1,1.082771627249531,3.683388218339241,3.9983923171447584
Typhoon,lambda_ci,0.9,0.055,0.2,360,12.643102977332036,0.0850657664143768,1,0.9950758573144914,3.678401911285624,3.913917488790487
Typhoon,lambda_ci,0.9,0.055,0.2,361,12.108265685067902,0.0943987362932124,1,1.2,4.0752631281333045,4.120636344355009
Typhoon,lambda_ci,0.9,0.055,0.2,362,14.13904976201722,0.1034829609406048,1,0.9988586273684772,4.5457616331095,4.32666104920326
Typhoon,lambda_ci,0.9,0.055,0.2,363,12.497576933637736,0.089266660770375,1,0.928339278377074,3.5976907249003705,4.040762098253104
Typhoon,lambda_ci,0.9,0.055,0.2,364,13.11659929400635,0.1033758361319112,1,0.9856233417146748,4.186838980260986,4.365646237348955
Typhoon,lambda_ci,0.9,0.055,0.2,365,13.39530950424072,0.0863652781256377,1,1.0089576652244647,3.9542016467019865,3.8419025895960224
Typhoon,lambda_ci,0.9,0.055,0.2,366,11.739719646132093,0.0957538681509922,1,0.9722248954474356,3.581947846167917,3.6588757916135206
Typhoon,lambda_ci,0.9,0.055,0.2,367,12.095437594864888,0.1258637796436126,1,0.9758417458520818,4.238982915909693,4.412812222969956
Typhoon,lambda_ci,0.9,0.055,0.2,368,14.13765951577238,0.0770006405756051,1,0.987970729890087,3.89939047281971,4.076723358988959
Typhoon,lambda_ci,0.9,0.055,0.2,369,12.675430665557434,0.118361927680921,1,0.8718988247209725,4.071943890117158,4.043966617705146
Typhoon,lambda_ci,0.9,0.055,0.2,370,14.42210650857386,0.0956083812338568,1,0.9704174627456672,4.392947192453872,4.375014632052479
Typhoon,lambda_ci,0.9,0.055,0.2,371,13.409540011465598,0.0997616614399359,1,1.0011237797914414,4.237791697575413,4.192645212056776
Typhoon,lambda_ci,0.9,0.055,0.2,372,12.049489074814574,0.1165128335044461,1,1.1153763591640693,4.343764102343378,4.144645206266563
Typhoon,lambda_ci,0.9,0.055,0.2,373,11.354664002018373,0.0966419624154982,1,1.0207074623822896,3.566217300170323,3.9178295599167647
Typhoon,lambda_ci,0.9,0.055,0.2,374,13.54953735905171,0.1041619079896165,1,0.8,3.911325176640436,4.005674013758698
Typhoon,lambda_ci,0.9,0.055,0.2,375,14.652272278368654,0.0940112805256273,1,1.080509958112147,4.669919039176791,4.441902653761027
Typhoon,lambda_ci,0.9,0.055,0.2,376,12.660209388443588,0.0959135032173416,1,1.078455352803571,4.071756990461017,4.230254870314464
Typhoon,lambda_ci,0.9,0.055,0.2,377,11.164897640774551,0.1134129564145409,1,1.0391372153664755,3.832856246198773,3.795204090662264
Typhoon,lambda_ci,0.9,0.055,0.2,378,12.61099746814543,0.1054094436247558,1,1.083447565802644,4.261800814977892,4.105594827374018
Typhoon,lambda_ci,0.9,0.055,0.2,379,12.232178121763113,0.0985930254202947,1,0.9712105910426352,3.785154388674534,4.106699140937948
Typhoon,lambda_ci,0.9,0.055,0.2,380,12.777942957441631,0.0909278947558444,1,0.9936084076970088,3.840759752020537,3.764743260566666
Typhoon,lambda_ci,0.9,0.055,0.2,381,12.7622922237815,0.1031359375022586,1,1.0283873516008195,4.156349488001251,3.8367146716528864
Typhoon,lambda_ci,0.9,0.055,0.2,382,13.395086161273657,0.1151283493266687,1,1.0032701957963717,4.552454415741597,4.262837137193549
Typhoon,lambda_ci,0.9,0.055,0.2,383,13.286306047794312,0.1132103655183402,1,1.0655561156267046,4.614615403581482,4.242698477663248
Typhoon,lambda_ci,0.9,0.055,0.2,384,11.837422087859352,0.0938054922685499,1,0.861910353511151,3.365908577554104,3.556895185996782
Typhoon,lambda_ci,0.9,0.055,0.2,385,13.155119246484594,0.1070552417317832,1,0.9698071357659585,4.238785548852572,4.255979116773436
Typhoon,lambda_ci,0.9,0.055,0.2,386,13.918504461476626,0.106932041079567,1,1.0555971561204598,4.67622723569767,4.450358844833048
Typhoon,lambda_ci,0.9,0.055,0.2,387,12.426592117644615,0.0980195713535803,1,0.8,3.4797932116360037,3.578746621369872
Typhoon,lambda_ci,0.9,0.055,0.2,388,12.942495415101265,0.0846768863973218,1,1.034085869399477,3.829823519088893,3.999566284403267
Typhoon,lambda_ci,0.9,0.055,0.2,389,13.856517717060028,0.1024378893943863,1,0.898785195960284,4.204480741283266,4.192886165109905
Typhoon,lambda_ci,0.9,0.055,0.2,390,13.947043906380024,0.1363434225876758,1,1.1914264102307808,5.621249674071047,5.550625526157966
Typhoon,lambda_ci,0.9,0.055,0.2,391,11.213119954481868,0.1067976775064011,1,1.0572182538486417,3.7678161109330106,3.6432216165151976
Typhoon,lambda_ci,0.9,0.055,0.2,392,12.21743168627406,0.1215088806642826,1,0.9156409941852612,4.075177629279467,3.971781624951252
Typhoon,lambda_ci,0.9,0.055,0.2,393,14.003750354711274,0.1074996798486613,1,1.0937196262077222,4.801765512664935,4.607784398753194
Typhoon,lambda_ci,0.9,0.055,0.2,394,13.691932331117606,0.1107394812596146,1,0.966829071811062,4.480132277635826,4.414286306288904
Typhoon,lambda_ci,0.9,0.055,0.2,395,11.637876321363366,0.1163705869455412,1,0.9805232029693198,3.9311922913609223,4.239997204276181
Typhoon,lambda_ci,0.9,0.055,0.2,396,11.783449450148549,0.1092746552445711,1,0.8779949951461415,3.649876635537664,3.935137185004731
Typhoon,lambda_ci,0.9,0.055,0.2,397,11.758547364479847,0.1150568979228098,1,1.0809432824995429,4.146784406236988,4.079171499303208
Typhoon,lambda_ci,0.9,0.055,0.2,398,11.464307451389736,0.0994327225676365,1,0.9650496268844094,3.551299609393727,3.830727915378761
Typhoon,lambda_ci,0.9,0.055,0.2,399,12.43796387132619,0.1112118336165804,1,0.9844626936122812,4.115517219941261,3.972597979989936
Typhoon,gamma2,0.85,0.055,0.2,0,12.07924738315802,0.1013036153163609,1,1.0279726570372996,3.89801162157202,4.026187131291119
Typhoon,gamma2,0.85,0.055,0.2,1,13.290639929920804,0.1014807675299889,1,0.9120331378640651,4.043366169213132,4.316884421348789
Typhoon,gamma2,0.85,0.055,0.2,2,13.82032392834929,0.1053132160888242,1,1.0070178825296523,4.500681202546049,6.36698559263107
Typhoon,gamma2,0.85,0.055,0.2,3,11.853545655115758,0.1019002337584766,1,1.060328764944937,3.8963336439271647,3.516378407328258
Typhoon,gamma2,0.85,0.055,0.2,4,11.829709836787506,0.0960018358767388,1,0.9914390949377316,3.6496135595871326,0.770704076321808
Typhoon,gamma2,0.85,0.055,0.2,5,11.397803452580424,0.1208376396840806,1,0.9284103782954912,3.8176162772330624,3.519251633663336
Typhoon,gamma2,0.85,0.055,0.2,6,14.38335562756965,0.1027105010289199,1,0.9508768467338083,4.49500085547563,4.357169804087791
Typhoon,gamma2,0.85,0.055,0.2,7,13.046350846682556,0.087099965206598,1,1.0787114997991454,3.998993503502145,1.150448842883683
Typhoon,gamma2,0.85,0.055,0.2,8,11.422664827675606,0.0882881909732795,1,1.0423908223950409,3.4652456914221843,0.069493060964094
Typhoon,gamma2,0.85,0.055,0.2,9,11.560789514071145,0.0906386621633007,1,0.9911761932025996,3.465131085670139,-0.8713878895398777
Typhoon,gamma2,0.85,0.055,0.2,10,12.451622277151351,0.1144730008640019,1,1.1698157674896967,4.556550701201619,4.657781030139027
Typhoon,gamma2,0.85,0.055,0.2,11,12.921310568978113,0.1007731635912951,1,1.0193711451560976,4.141380930621028,6.845403713314409
Typhoon,gamma2,0.85,0.055,0.2,12,13.740969443523731,0.0830494222366519,1,1.0071527096219854,3.974050159170242,3.977743459292853
Typhoon,gamma2,0.85,0.055,0.2,13,12.506143813330477,0.0988405996031775,1,0.9761053697984116,3.884538723645353,3.212360001046083
Typhoon,gamma2,0.85,0.055,0.2,14,11.74872772155991,0.1126521885063276,1,0.9526761271945612,3.848870482133315,3.816259601758223
Typhoon,gamma2,0.85,0.055,0.2,15,12.824988564966658,0.0862925569968333,1,1.0852073891428993,3.92464181474868,3.390474104772729
Typhoon,gamma2,0.85,0.055,0.2,16,12.088739527222982,0.1011553900898084,1,1.0806310600226627,3.9968169428189713,3.430244923226604
Typhoon,gamma2,0.85,0.055,0.2,17,12.937531699931046,0.1176330615989844,1,1.0417004196009558,4.528845933283585,6.772612196093226
Typhoon,gamma2,0.85,0.055,0.2,18,13.366316146524516,0.1103720998092084,1,1.1584299526943511,4.779431820259848,5.275917780964118
Typhoon,gamma2,0.85,0.055,0.2,19,14.854834261020743,0.0907208279688185,1,0.8,4.001900686456937,2.730237303501904
Typhoon,gamma2,0.85,0.055,0.2,20,12.665249807431447,0.0999525921918936,1,1.02991365138948,4.063602308442786,2.6408035563031445
Typhoon,gamma2,0.85,0.055,0.2,21,13.810675158161144,0.0961833893714522,1,0.900800876978952,4.065175962802278,2.910294633849627
Typhoon,gamma2,0.85,0.055,0.2,22,12.105398274275306,0.1198772257969502,1,1.0405478918741171,4.275416818771778,6.650108563270052
Typhoon,gamma2,0.85,0.055,0.2,23,11.929419379011328,0.0884167399665607,1,1.074661767380855,3.677244056456968,4.416197625560518
Typhoon,gamma2,0.85,0.055,0.2,24,13.034884331145127,0.091194322878255,1,1.0567883640323876,4.046551710502648,5.050075843824695
Typhoon,gamma2,0.85,0.055,0.2,25,12.644985867474723,0.1018347905242708,1,1.0011306376246871,4.037493271979948,3.621352279548889
Typhoon,gamma2,0.85,0.055,0.2,26,11.995083954613682,0.0931187430709097,1,0.9504963362574954,3.568593401894478,2.083911150675492
Typhoon,gamma2,0.85,0.055,0.2,27,12.103777559524094,0.092749100894633,1,0.9617595416995072,3.6150061435682592,2.5872608951002
Typhoon,gamma2,0.85,0.055,0.2,28,13.38668726709183,0.0956289784062981,1,0.918312557278398,3.967008558201408,5.105081953720655
Typhoon,gamma2,0.85,0.055,0.2,29,13.584665823720089,0.0978541317253987,1,0.9277175167685912,4.0930440793735405,2.831932820958135
Typhoon,gamma2,0.85,0.055,0.2,30,11.792088252595866,0.0953882581140353,1,1.1881552938583129,3.9698562729592624,4.462710684279635
Typhoon,gamma2,0.85,0.055,0.2,31,12.654913918628212,0.0983965306195403,1,0.9756878225860932,3.921069413849521,5.456354649309136
Typhoon,gamma2,0.85,0.055,0.2,32,11.094977103972877,0.095418717539229,1,0.8952026623624046,3.242678413710545,0.3349115522771171
Typhoon,gamma2,0.85,0.055,0.2,33,13.09830631045313,0.0850261230283733,1,0.9908916986862636,3.801932708129945,2.0506485492394058
Typhoon,gamma2,0.85,0.055,0.2,34,11.2458227048969,0.1029756430207053,1,1.122551438649506,3.823504573987785,2.8274942204259497
Typhoon,gamma2,0.85,0.055,0.2,35,12.72806199362444,0.1061156290076644,1,0.9893885706318978,4.12415902297056,0.973242778147397
Typhoon,gamma2,0.85,0.055,0.2,36,14.167754746004706,0.1079554618271541,1,0.926453984191872,4.480590634640879,8.443445386974025
Typhoon,gamma2,0.85,0.055,0.2,37,12.728699700931513,0.1261761216363074,1,0.9305581947375848,4.361585563062642,5.843253901490956
Typhoon,gamma2,0.85,0.055,0.2,38,12.95617062652886,0.0881789475116177,1,1.060811979006135,3.962582542566282,1.9787838096850956
Typhoon,gamma2,0.85,0.055,0.2,39,12.47042829651068,0.0834257009303834,1,1.056560426218417,3.702358520710281,0.5554602642214383
Typhoon,gamma2,0.85,0.055,0.2,40,13.676973218959608,0.0864383225742623,1,0.988965464732682,3.998837210627863,3.404033066381169
Typhoon,gamma2,0.85,0.055,0.2,41,14.078808602604427,0.0791748082823342,1,1.0908928043859043,4.137618582183373,7.079367119455716
Typhoon,gamma2,0.85,0.055,0.2,42,11.47645412658851,0.0878325753559176,1,1.0104080000576892,3.4188805035438947,2.152896313919672
Typhoon,gamma2,0.85,0.055,0.2,43,14.501717756726142,0.1011663038891379,1,0.9817248926152606,4.570169330571791,9.21472624929763
Typhoon,gamma2,0.85,0.055,0.2,44,11.767463887733795,0.1129909334375077,1,0.9964970198353068,3.9485957572564216,3.14969404776293
Typhoon,gamma2,0.85,0.055,0.2,45,11.855166065822514,0.1107246335037622,1,0.972091680324797,3.8894069037542898,1.9965782907034664
Typhoon,gamma2,0.85,0.055,0.2,46,12.582502416234664,0.1165329964790028,1,0.9797727188266124,4.2516171547425765,5.771940234512562
Typhoon,gamma2,0.85,0.055,0.2,47,13.102682245762528,0.1014103419969586,1,1.0658190267828085,4.307676362817777,6.018949885985345
Typhoon,gamma2,0.85,0.055,0.2,48,13.792589810509844,0.0930844025081849,1,0.9762423605570432,4.157795285495008,4.956914635070255
Typhoon,gamma2,0.85,0.055,0.2,49,11.371592331641397,0.121432894626319,1,1.0400568595073374,4.041271210950828,1.7358753388969237
Typhoon,gamma2,0.85,0.055,0.2,50,14.334156874196816,0.0897185192878989,1,0.9886665575960384,4.269117654056589,5.672507263971174
Typhoon,gamma2,0.85,0.055,0.2,51,14.434421579968568,0.0804416282074967,1,1.014943393624954,4.124399468093476,2.4053660745808347
Typhoon,gamma2,0.85,0.055,0.2,52,11.656123439563864,0.1011793282587334,1,1.0030628234019798,3.713334743929458,3.9828602327366944
Typhoon,gamma2,0.85,0.055,0.2,53,11.655802442803532,0.1014973765322293,1,1.0203859643409527,3.751041114347857,3.931168559941957
Typhoon,gamma2,0.85,0.055,0.2,54,13.4534638123531,0.1063077442301615,1,0.9742614039141876,4.329665203454169,5.441600669588801
Typhoon,gamma2,0.85,0.055,0.2,55,13.158465025293667,0.0924131944131589,1,0.990229214171611,3.9805225560229,3.201904661963724
Typhoon,gamma2,0.85,0.055,0.2,56,12.42404427556943,0.1150727321459715,1,1.0904647147835225,4.401036914815106,4.632718089171072
Typhoon,gamma2,0.85,0.055,0.2,57,12.362416841970782,0.0786945133743106,1,0.966308001970664,3.4090502142759957,2.173881280680308
Typhoon,gamma2,0.85,0.055,0.2,58,12.09055908013341,0.1030280353259491,1,0.8755674457411093,3.631356572755364,1.88924404020109
Typhoon,gamma2,0.85,0.055,0.2,59,11.684054723375024,0.1124278151042364,1,1.1173762813590211,4.141238013965828,4.592837047036602
Typhoon,gamma2,0.85,0.055,0.2,60,12.686113815289769,0.1118673185751034,1,0.9653520566383836,4.168915386467965,1.1464816960585538
Typhoon,gamma2,0.85,0.055,0.2,61,12.201218591796218,0.1086123248124766,1,1.0271683779953975,4.075337522396885,2.984467474520148
Typhoon,gamma2,0.85,0.055,0.2,62,13.508906626666118,0.0963823513268152,1,0.9095879720662952,3.999827968124785,4.413035729812625
Typhoon,gamma2,0.85,0.055,0.2,63,12.847414961695153,0.1122126462033892,1,0.9699565694618406,4.238505959886435,4.408646784045451
Typhoon,gamma2,0.85,0.055,0.2,64,12.380900378020511,0.1028993927841903,1,1.012277004414097,3.995842122198134,0.9897550329475722
Typhoon,gamma2,0.85,0.055,0.2,65,11.39431832422498,0.1261990535923546,1,1.0048359513704408,4.057550929724583,2.262440880092836
Typhoon,gamma2,0.85,0.055,0.2,66,12.309651174895018,0.1036740832856796,1,0.9766957539882124,3.9170624724286505,3.869813614390888
Typhoon,gamma2,0.85,0.055,0.2,67,11.801397371250529,0.1056473737349475,1,1.0921099387906152,4.008629945478153,2.2603405250007484
Typhoon,gamma2,0.85,0.055,0.2,68,12.831496544227385,0.0999299958691694,1,0.9923750735684208,4.04076105359187,6.262613106090313
Typhoon,gamma2,0.85,0.055,0.2,69,12.542690315967992,0.1062333311880492,1,0.9550901192121448,3.995243701937844,4.83792450504971
Typhoon,gamma2,0.85,0.055,0.2,70,14.106524331791046,0.097469219083416,1,1.1361322916785022,4.694271644785106,8.333986036691766
Typhoon,gamma2,0.85,0.055,0.2,71,11.747927538108137,0.1294020344766079,1,1.0538132747606237,4.338240693853177,2.115509865397021
Typhoon,gamma2,0.85,0.055,0.2,72,12.021580035619742,0.1007058030396612,1,1.137241085331585,4.068319676809688,5.379269010915487
Typhoon,gamma2,0.85,0.055,0.2,73,13.956846801997116,0.094568796607137,1,1.080310131017416,4.461033321836832,5.958096652349867
Typhoon,gamma2,0.85,0.055,0.2,74,10.097189621310743,0.1120353516388178,1,1.0425910499983757,3.4509212534566127,2.5538725630882206
Typhoon,gamma2,0.85,0.055,0.2,75,12.536495172051936,0.117960093865114,1,0.917736370013216,4.124797800433077,4.747391557697953
Typhoon,gamma2,0.85,0.055,0.2,76,12.957390139770435,0.1317805689967603,1,1.018708623507178,4.747535444327997,6.231474748362314
Typhoon,gamma2,0.85,0.055,0.2,77,13.01207062228663,0.0962504341704202,1,1.0514935241617198,4.1395302587344895,8.281157422328599
Typhoon,gamma2,0.85,0.055,0.2,78,11.556309792235412,0.1168053976856802,1,1.026634073707104,4.001828463592753,5.208674029152906
Typhoon,gamma2,0.85,0.055,0.2,79,12.172095761017305,0.0970131154368844,1,1.0941363860662776,3.965667669249672,5.6826995563315625
Typhoon,gamma2,0.85,0.055,0.2,80,12.495264138061176,0.0819472429981487,1,1.0601502284885846,3.6829542176995935,4.27139460600274
Typhoon,gamma2,0.85,0.055,0.2,81,13.979825400723584,0.1151939491560002,1,0.9754071323089558,4.686078337724496,9.33119499796791
Typhoon,gamma2,0.85,0.055,0.2,82,12.932596579263745,0.0911676248006651,1,1.0063416100107463,3.91722723711204,4.768803568367488
Typhoon,gamma2,0.85,0.055,0.2,83,12.985539074631795,0.1242122606590926,1,0.8237707870158683,4.153798352705992,5.098727446066697
Typhoon,gamma2,0.85,0.055,0.2,84,12.970505084744929,0.1033666701355077,1,0.973908274835881,4.115344338107319,4.264396516580053
Typhoon,gamma2,0.85,0.055,0.2,85,13.9707858384986,0.1040751285830305,1,1.0227433422986962,4.558034876193639,7.416240159125751
Typhoon,gamma2,0.85,0.055,0.2,86,14.050491679077776,0.081037003427553,1,1.0286192843133772,4.056584620783775,3.7068803563093327
Typhoon,gamma2,0.85,0.055,0.2,87,13.563856803832056,0.1075424600505717,1,1.125117342920927,4.71815375067653,6.177168789596628
Typhoon,gamma2,0.85,0.055,0.2,88,14.248504066196997,0.0990323714726542,1,0.8753083066378785,4.195062013010687,7.083938653009318
Typhoon,gamma2,0.85,0.055,0.2,89,12.147641231177625,0.100800603399746,1,0.967259927314964,3.793107234360364,7.085577095004151
Typhoon,gamma2,0.85,0.055,0.2,90,12.502336597121245,0.1102148960922021,1,0.9803981678301138,4.109723278753581,2.985019596396731
Typhoon,gamma2,0.85,0.055,0.2,91,12.541862209742176,0.1201126951828417,1,1.0184772236188986,4.386641488221395,5.732290493351429
Typhoon,gamma2,0.85,0.055,0.2,92,13.649371204106709,0.0931390469525099,1,1.0537294499455998,4.27605318941251,4.187897705747744
Typhoon,gamma2,0.85,0.055,0.2,93,12.570482637106684,0.1217073784037875,1,1.048781641179637,4.491102268234239,7.022454226942247
Typhoon,gamma2,0.85,0.055,0.2,94,14.161896417607652,0.097979178428748,1,1.1332494590549949,4.719011878452544,6.158956934015675
Typhoon,gamma2,0.85,0.055,0.2,95,11.812633789254644,0.1017082482495423,1,0.907721775375722,3.589229300863514,-1.016541696218996
Typhoon,gamma2,0.85,0.055,0.2,96,14.897556936069211,0.07965903250184,1,0.9658139952227364,4.1321807933553485,4.989241789283939
Typhoon,gamma2,0.85,0.055,0.2,97,13.301611073236328,0.0858888252102367,1,1.0775603320041784,4.0466288575779,5.858935528914608
Typhoon,gamma2,0.85,0.055,0.2,98,11.942937554975853,0.1109317679625291,1,0.9499018265647282,3.8768454675828914,3.574347988229037
Typhoon,gamma2,0.85,0.055,0.2,99,11.248761092900333,0.0813235111845348,1,0.9911750433047866,3.19365451478464,1.4725627291859842
Typhoon,gamma2,0.85,0.055,0.2,100,11.707077827159706,0.1159751634160251,1,0.9675342996937076,3.921608064957235,4.014779505436478
Typhoon,gamma2,0.85,0.055,0.2,101,13.38396559390747,0.1049681317312335,1,0.9938710497763994,4.322933605854239,5.988120381322041
Typhoon,gamma2,0.85,0.055,0.2,102,11.560566463007458,0.0902682591908908,1,1.085303141396003,3.618446689127952,5.378943662779045
Typhoon,gamma2,0.85,0.055,0.2,103,12.208803916885312,0.0967505101930269,1,0.9084282201463846,3.61947064832829,3.4800965248071414
Typhoon,gamma2,0.85,0.055,0.2,104,11.70403323554431,0.1234365879205076,1,0.9684198868110304,4.046591362032784,4.728896954732607
Typhoon,gamma2,0.85,0.055,0.2,105,11.619950076242342,0.1062499049877727,1,1.012048422841488,3.810387848764454,3.9860470262192185
Typhoon,gamma2,0.85,0.055,0.2,106,12.710262228584904,0.081940247783736,1,1.1828791007112516,3.9570662965095766,5.459485219254279
Typhoon,gamma2,0.85,0.055,0.2,107,11.267690956731688,0.093251004266913,1,0.9169272436375528,3.29480050632668,1.7142634345412069
Typhoon,gamma2,0.85,0.055,0.2,108,12.019180193759224,0.1040074083384396,1,0.9172689972018256,3.712404933375351,0.5213803129715204
Typhoon,gamma2,0.85,0.055,0.2,109,12.497602191664985,0.0899403467839152,1,0.9860749301692584,3.721850585056656,4.943778307609778
Typhoon,gamma2,0.85,0.055,0.2,110,10.845824648457274,0.0884415374854446,1,1.1102243326244066,3.398568996891862,-0.9017881733923284
Typhoon,gamma2,0.85,0.055,0.2,111,12.325147304235832,0.0897720537091772,1,0.905036942094723,3.513143196892196,1.6531780415642867
Typhoon,gamma2,0.85,0.055,0.2,112,13.60161711826693,0.1082716029027829,1,1.1612292474687234,4.822883944884135,10.205563132293465
Typhoon,gamma2,0.85,0.055,0.2,113,11.521855715895864,0.1148931819781835,1,0.9543505291439474,3.815254563090501,5.356792297289438
Typhoon,gamma2,0.85,0.055,0.2,114,12.274497464752375,0.0984661736185649,1,0.9747992347410426,3.802811872572331,3.0441251904902717
Typhoon,gamma2,0.85,0.055,0.2,115,13.146632493704091,0.1058826479432176,1,1.0066062103759357,4.291970440737554,3.694849708812706
Typhoon,gamma2,0.85,0.055,0.2,116,11.495442064877585,0.12176072089469,1,0.9157300044856612,3.8385129006782215,3.2395607686790675
Typhoon,gamma2,0.85,0.055,0.2,117,12.455484044706962,0.1146920958475482,1,0.9267128982476732,4.06069114165776,2.2887655705314174
Typhoon,gamma2,0.85,0.055,0.2,118,12.31443756238306,0.1129184336683141,1,0.8687178375187278,3.8568821888145632,2.964911353698468
Typhoon,gamma2,0.85,0.055,0.2,119,12.50947092445068,0.1113466233204749,1,0.920713822292474,4.00534379406139,2.9908912462879047
Typhoon,gamma2,0.85,0.055,0.2,120,12.133887625398318,0.1229253889789711,1,0.8993157949359206,4.034380673595759,3.349673335795496
Typhoon,gamma2,0.85,0.055,0.2,121,14.595789963979364,0.0999981537059892,1,0.9320238833479362,4.455917246006582,4.768145387710089
Typhoon,gamma2,0.85,0.055,0.2,122,11.979106175455042,0.1048342668894034,1,0.8524085632980252,3.5809639380955467,2.7800501961676862
Typhoon,gamma2,0.85,0.055,0.2,123,13.74644879708178,0.1110025591507548,1,1.153664712074612,4.919226491948408,3.68969249991226
Typhoon,gamma2,0.85,0.055,0.2,124,14.163697941860557,0.0992744613859651,1,0.9434951326127732,4.334762005376068,1.954755661045276
Typhoon,gamma2,0.85,0.055,0.2,125,12.923021129757265,0.1175812391700256,1,1.1666521119268545,4.786342324572211,4.46862202807705
Typhoon,gamma2,0.85,0.055,0.2,126,12.865642268198307,0.106791830353551,1,1.055172983392625,4.318792297753983,6.4692772235946965
Typhoon,gamma2,0.85,0.055,0.2,127,12.992249143905816,0.1085277327647096,1,1.0466427741296218,4.378788260433011,5.813680161231943
Typhoon,gamma2,0.85,0.055,0.2,128,11.9732807265705,0.1310022279188223,1,1.065789054110154,4.47391917312248,2.6906343145229483
Typhoon,gamma2,0.85,0.055,0.2,129,13.361298597038274,0.0973592907904094,1,1.032077957568219,4.235392096711372,6.187872977932569
Typhoon,gamma2,0.85,0.055,0.2,130,14.47506392814608,0.0957136070270328,1,1.1700087849414913,4.84397500323208,5.486973674118265
Typhoon,gamma2,0.85,0.055,0.2,131,11.994938978416894,0.1069742599322961,1,0.9900720712454656,3.903651987277553,3.0885119923128
Typhoon,gamma2,0.85,0.055,0.2,132,11.376544987768058,0.0996465738713874,1,0.9721261913221658,3.540812226010438,1.6822942026451264
Typhoon,gamma2,0.85,0.055,0.2,133,11.332656119992023,0.1291138278205184,1,1.0178792807588322,4.10833856418787,4.296401042873297
Typhoon,gamma2,0.85,0.055,0.2,134,13.685643931096536,0.0976475387159871,1,1.0634530378527345,4.410167099979903,5.832134530508203
Typhoon,gamma2,0.85,0.055,0.2,135,15.541301746992977,0.1046679076180635,1,0.9716148344816072,4.956113371953172,7.059121100921697
Typhoon,gamma2,0.85,0.055,0.2,136,12.383057047866984,0.1055302146005908,1,0.9415174831395114,3.903286942701159,4.079374548517059
Typhoon,gamma2,0.85,0.055,0.2,137,13.915845438511516,0.1011016563690219,1,0.9148804356608518,4.232245989141573,5.259554134247807
Typhoon,gamma2,0.85,0.055,0.2,138,12.53581031565243,0.1043945376703167,1,1.120536444287565,4.287501576168117,4.1899894468669965
Typhoon,gamma2,0.85,0.055,0.2,139,14.171655560266286,0.101250242870594,1,1.063275131942519,4.649876877151052,7.23021506460417
Typhoon,gamma2,0.85,0.055,0.2,140,10.829117692845898,0.1025571337001493,1,0.9670484298096976,3.410359192846982,-0.0960979170262303
Typhoon,gamma2,0.85,0.055,0.2,141,12.167480558130318,0.1084103174911339,1,1.1117188794185018,4.224092886414528,4.024311059403987
Typhoon,gamma2,0.85,0.055,0.2,142,12.01724325321211,0.108092312370455,1,1.059684605560285,4.0671535476018725,5.850751552059631
Typhoon,gamma2,0.85,0.055,0.2,143,11.27619567082242,0.1158917814397796,1,0.95980336099387,3.76079842182796,2.290252511557819
Typhoon,gamma2,0.85,0.055,0.2,144,11.555136114939083,0.1024507030535002,1,1.0542222021506142,3.7975072908102105,4.368345092223227
Typhoon,gamma2,0.85,0.055,0.2,145,13.325786845208633,0.089488021580295,1,0.9197417256480456,3.8230348787060007,0.5491150632987242
Typhoon,gamma2,0.85,0.055,0.2,146,11.248762441158611,0.0939623136660166,1,1.093122813233348,3.605089700784261,2.50471310163724
Typhoon,gamma2,0.85,0.055,0.2,147,12.774810269099287,0.1116703567157533,1,0.930873372263667,4.11878112805787,7.336837432805397
Typhoon,gamma2,0.85,0.055,0.2,148,11.857227131607514,0.1085840397632845,1,1.084530076176412,4.068992944834776,2.554279473769306
Typhoon,gamma2,0.85,0.055,0.2,149,13.293819632109225,0.0972597218148172,1,0.9622713191347948,4.066914708138183,4.126015693651495
Typhoon,gamma2,0.85,0.055,0.2,150,14.757565717381055,0.0926840331634951,1,0.9989326629340394,4.490402745659508,3.880284945655295
Typhoon,gamma2,0.85,0.055,0.2,151,10.57866976384509,0.0909192278809534,1,1.1459737092610585,3.4146504806699176,-0.1337261162324363
Typhoon,gamma2,0.85,0.055,0.2,152,14.118267560127636,0.1113873161271606,1,0.9926492763337624,4.694584852447018,4.295575775098581
Typhoon,gamma2,0.85,0.055,0.2,153,13.53204002140065,0.0801150565386041,1,1.0023296968949815,3.834649235915749,3.4537600414205936
Typhoon,gamma2,0.85,0.055,0.2,154,13.439973608586842,0.0989683119369424,1,0.9428445904282712,4.105504704363461,6.861923580749074
Typhoon,gamma2,0.85,0.055,0.2,155,11.983901404380514,0.0963462545565564,1,0.9432372182296672,3.612651841746798,2.012284282567895
Typhoon,gamma2,0.85,0.055,0.2,156,13.838659951468545,0.1115049866844096,1,1.0397484379330046,4.712000427635894,5.220919576001579
Typhoon,gamma2,0.85,0.055,0.2,157,12.90865520082026,0.0934075635636931,1,1.0384800234736131,4.020416957180512,3.424227336174035
Typhoon,gamma2,0.85,0.055,0.2,158,12.490057538461338,0.0941194574202786,1,0.9731491789444032,3.78001790327016,3.8467628490951578
Typhoon,gamma2,0.85,0.055,0.2,159,11.52474775560762,0.12353965715093,1,0.9822678553000048,4.014667576546933,4.462147465182569
Typhoon,gamma2,0.85,0.055,0.2,160,13.015935022607469,0.107268983805006,1,0.975537077616006,4.210506530758996,6.321577945385819
Typhoon,gamma2,0.85,0.055,0.2,161,13.174556388773636,0.086808307497186,1,1.1115361231571348,4.0924033890634,3.4964885168943747
Typhoon,gamma2,0.85,0.055,0.2,162,11.7776394306601,0.1245227781161776,1,1.1255602457121174,4.409273394221495,6.040835753968495
Typhoon,gamma2,0.85,0.055,0.2,163,11.6076954108398,0.0973450021470212,1,0.9474324461117792,3.5251447918629624,1.7551771563769372
Typhoon,gamma2,0.85,0.055,0.2,164,12.825088957118062,0.0988297421065133,1,1.006781376508968,4.045496258576373,5.271403568125004
Typhoon,gamma2,0.85,0.055,0.2,165,12.43219905639005,0.1010643125069628,1,1.0263935485456377,4.004089948487181,3.2511038362983165
Typhoon,gamma2,0.85,0.055,0.2,166,14.357034368154794,0.0787117487345648,1,0.9894463603145288,4.006643005636726,5.802804165226025
Typhoon,gamma2,0.85,0.055,0.2,167,12.234103087546462,0.1008674307549043,1,1.0324153148757231,3.947979002544493,1.4331080258902258
Typhoon,gamma2,0.85,0.055,0.2,168,13.379249297579882,0.0864255637238557,1,0.913889675454492,3.7601030034576906,2.477293886925656
Typhoon,gamma2,0.85,0.055,0.2,169,11.984596708840204,0.1053433726980521,1,0.9265135938766708,3.7441473458427983,1.6022188481541857
Typhoon,gamma2,0.85,0.055,0.2,170,13.701743384551747,0.106404530072895,1,0.8957457446061372,4.230076926396491,2.6919067030464934
Typhoon,gamma2,0.85,0.055,0.2,171,10.893066944521935,0.103928806395151,1,0.9946534807930928,3.5023056584258034,3.58533187462941
Typhoon,gamma2,0.85,0.055,0.2,172,13.395804595045114,0.0997537889808285,1,0.9979685730479902,4.226607669321441,4.149363882862153
Typhoon,gamma2,0.85,0.055,0.2,173,11.745973073543906,0.0823318384271622,1,1.011663740319384,3.389932102234373,2.159993551663758
Typhoon,gamma2,0.85,0.055,0.2,174,12.700834645954286,0.1212863946440533,1,1.0025309373836222,4.428811507542495,7.302917984010131
Typhoon,gamma2,0.85,0.055,0.2,175,12.159907681288091,0.079908977299306,1,0.8892399499432081,3.241436713538808,3.470746145036802
Typhoon,gamma2,0.85,0.055,0.2,176,12.442073824042442,0.094820399188887,1,1.1077159539002426,4.0323467308882375,2.738453806210744
Typhoon,gamma2,0.85,0.055,0.2,177,12.611891652506683,0.1085083266809487,1,0.932579020356784,4.011941436004936,3.7016150654080833
Typhoon,gamma2,0.85,0.055,0.2,178,11.444265661285677,0.1146101527377419,1,0.8444465841444708,3.560291586911996,0.8909832598292753
Typhoon,gamma2,0.85,0.055,0.2,179,13.395801350456164,0.0988334920542311,1,1.1798621035557146,4.5744237718918415,5.324138062030339
Typhoon,gamma2,0.85,0.055,0.2,180,11.955340969558206,0.1045588018973764,1,1.116777297915033,4.085315054135022,1.9602269452903132
Typhoon,gamma2,0.85,0.055,0.2,181,12.371194988214077,0.1021781341611627,1,0.9928784094981636,3.940385111859128,2.662414944855621
Typhoon,gamma2,0.85,0.055,0.2,182,12.192355818778578,0.0942042354435562,1,0.9028178009846888,3.555681891066795,1.0789720647573977
Typhoon,gamma2,0.85,0.055,0.2,183,12.607703679515389,0.1022457843375174,1,0.9953036025533774,4.02194832521604,5.070252580585846
Typhoon,gamma2,0.85,0.055,0.2,184,12.938271981696577,0.105320691132879,1,1.073328247923902,4.350101658983414,5.615587826293929
Typhoon,gamma2,0.85,0.055,0.2,185,11.739248208377164,0.1215391640209268,1,1.0194577325938248,4.132216045924985,2.5187752871080544
Typhoon,gamma2,0.85,0.055,0.2,186,12.705209911638,0.1105482494407855,1,0.8796441798853639,3.9619710369729098,2.97721002523319
Typhoon,gamma2,0.85,0.055,0.2,187,11.727089949473676,0.1199925544727685,1,1.0738688847698594,4.209621368188648,2.9987584214508707
Typhoon,gamma2,0.85,0.055,0.2,188,11.300450357969773,0.1084118490952255,1,1.0379549043340384,3.7907345222227087,4.164360452936755
Typhoon,gamma2,0.85,0.055,0.2,189,12.65341357735934,0.1055208022989833,1,1.0052657463243322,4.121138287215998,2.042788622193523
Typhoon,gamma2,0.85,0.055,0.2,190,13.296929822943625,0.100103929253883,1,1.0665517342802209,4.344781115360666,5.044737568041765
Typhoon,gamma2,0.85,0.055,0.2,191,12.679258560654548,0.1012699643679174,1,1.0156486178885826,4.0663609654729305,0.3131165783571811
Typhoon,gamma2,0.85,0.055,0.2,192,12.27923391826934,0.1038761688527729,1,0.9374521961219126,3.831808530665013,6.280830405849386
Typhoon,gamma2,0.85,0.055,0.2,193,13.600033122173429,0.1130114224524864,1,0.9138112549169588,4.370482525160714,3.3600207689838024
Typhoon,gamma2,0.85,0.055,0.2,194,12.20910425396558,0.0941921596732486,1,1.047501691993016,3.835028061659534,2.899521774371556
Typhoon,gamma2,0.85,0.055,0.2,195,11.63221323028589,0.1457023474367857,1,0.9790856168914372,4.393452793654511,6.293674952955587
Typhoon,gamma2,0.85,0.055,0.2,196,12.690720518599898,0.0954205836822873,1,0.8968718584483895,3.71255172315964,0.12669505377335
Typhoon,gamma2,0.85,0.055,0.2,197,13.432286812314976,0.0953078574995818,1,1.0783677514889265,4.306235290919919,4.359804366117287
Typhoon,gamma2,0.85,0.055,0.2,198,13.248671652606742,0.1251077383294832,1,1.0008089677056102,4.688026063927932,6.195644836624624
Typhoon,gamma2,0.85,0.055,0.2,199,12.31861698048237,0.1118362443723365,1,1.0246399122273526,4.170027063665124,5.321200441424627
Typhoon,gamma2,0.85,0.055,0.2,200,12.424132187735642,0.1230295557588414,1,1.0199793760457625,4.401153203928727,4.37854879273397
Typhoon,gamma2,0.85,0.055,0.2,201,13.56583336054124,0.0771824113791837,1,0.9139593952941296,3.603040138660542,0.5226443932796025
Typhoon,gamma2,0.85,0.055,0.2,202,13.723103402434395,0.081780760365254,1,0.9899517634645943,3.9046752945345102,3.004815326991084
Typhoon,gamma2,0.85,0.055,0.2,203,12.492487359400291,0.1095961077687272,1,1.0103552790348531,4.157033664525456,7.071313623757042
Typhoon,gamma2,0.85,0.055,0.2,204,13.580108911097213,0.1212741436395419,1,1.1032222275591002,4.9672825340712645,10.378474610982298
Typhoon,gamma2,0.85,0.055,0.2,205,11.740739227236956,0.0905006182245577,1,0.8844029314776132,3.321592121812313,4.186771334992063
Typhoon,gamma2,0.85,0.055,0.2,206,11.63562714817662,0.0946952519354344,1,0.9277544153747288,3.4488190850214755,1.4531040421198484
Typhoon,gamma2,0.85,0.055,0.2,207,12.546864369570972,0.0971711331972631,1,1.02925105313254,3.967934523567974,5.174310245953241
Typhoon,gamma2,0.85,0.055,0.2,208,12.528820144226067,0.0808989422649515,1,1.1345773584681105,3.795759195281363,4.350039295461747
Typhoon,gamma2,0.85,0.055,0.2,209,12.9069354178376,0.096641563604015,1,1.11617890740665,4.239083943182976,5.398271039639475
Typhoon,gamma2,0.85,0.055,0.2,210,10.895398362032152,0.0917600449924748,1,1.0213325429343911,3.335442880225446,3.7537843335140497
Typhoon,gamma2,0.85,0.055,0.2,211,11.24125895739358,0.0843586073387006,1,1.0168609554115515,3.2923836717835666,2.944253407742176
Typhoon,gamma2,0.85,0.055,0.2,212,11.852724002076036,0.1084713689926771,1,0.8628778752707695,3.6261886910849976,3.2009349466198604
Typhoon,gamma2,0.85,0.055,0.2,213,13.34351350666039,0.0745440899135778,1,1.135546571887862,3.88221231853717,3.079574904162755
Typhoon,gamma2,0.85,0.055,0.2,214,12.431607369991518,0.0841167190656872,1,1.0230908321975154,3.646914185836951,4.193818755372663
Typhoon,gamma2,0.85,0.055,0.2,215,12.476967513176188,0.098298886971292,1,0.9681157992460938,3.8489919105014168,0.0893777270041831
Typhoon,gamma2,0.85,0.055,0.2,216,12.442058683513178,0.1146315525731228,1,1.091270609186146,4.400586498713375,8.883411298431371
Typhoon,gamma2,0.85,0.055,0.2,217,12.330810164003765,0.0874500782957685,1,1.0379641375598878,3.7150348088808265,3.3134289963695798
Typhoon,gamma2,0.85,0.055,0.2,218,12.515105603469854,0.1143036466305358,1,0.9032524148659328,4.021324568275433,4.348264923593348
Typhoon,gamma2,0.85,0.055,0.2,219,13.709544789545689,0.1249241113258428,1,1.1830399140765786,5.270427793875824,7.417728003658846
Typhoon,gamma2,0.85,0.055,0.2,220,13.076949835889312,0.0920665617434367,1,0.9696000962219392,3.907092965879798,3.732366259758525
Typhoon,gamma2,0.85,0.055,0.2,221,12.94455689703289,0.0976077881507636,1,1.1639149788024936,4.363048625655424,4.444685965479215
Typhoon,gamma2,0.85,0.055,0.2,222,12.893349584037594,0.1091458790331828,1,1.1086045845643353,4.484951641363233,8.551170290155579
Typhoon,gamma2,0.85,0.055,0.2,223,11.3832800850948,0.0986783226932489,1,0.9164439383161008,3.423191954062064,3.912097034215291
Typhoon,gamma2,0.85,0.055,0.2,224,12.584981422711447,0.094539319411963,1,1.17751459911023,4.198962196822495,3.172200750418393
Typhoon,gamma2,0.85,0.055,0.2,225,10.687522739215412,0.1112876134429991,1,0.9729714913439498,3.5168231048714347,1.2870297850951835
Typhoon,gamma2,0.85,0.055,0.2,226,12.098693784962425,0.0881697302820137,1,1.1424465356243416,3.8398670131632286,4.883646516196813
Typhoon,gamma2,0.85,0.055,0.2,227,12.335826148028591,0.0882281195680863,1,0.9429565735869202,3.5580954789204973,2.3892753744303934
Typhoon,gamma2,0.85,0.055,0.2,228,12.366040444761753,0.0987678987947279,1,0.953572832994568,3.795032545825532,2.848456241432014
Typhoon,gamma2,0.85,0.055,0.2,229,12.05587513854002,0.0949348467922791,1,0.9942464699602572,3.703894408118873,3.239789864186184
Typhoon,gamma2,0.85,0.055,0.2,230,13.717759500198396,0.0724241595845716,1,1.0194655985031098,3.727444659655813,0.8721561138597042
Typhoon,gamma2,0.85,0.055,0.2,231,10.891626222330611,0.0912341629803376,1,0.9359633746676872,3.182738093726337,1.364537006550027
Typhoon,gamma2,0.85,0.055,0.2,232,12.14950383158607,0.1004266681387917,1,1.0475094968934,3.9405972870357657,2.9213235261412764
Typhoon,gamma2,0.85,0.055,0.2,233,14.040714386073171,0.111141332742158,1,1.1410911082179929,5.000197582988045,5.900396533385544
Typhoon,gamma2,0.85,0.055,0.2,234,11.717822775272891,0.097993042700473,1,1.0321923290845527,3.726703663357794,3.6504935620467514
Typhoon,gamma2,0.85,0.055,0.2,235,13.500538053946885,0.1098671158474099,1,0.929246367638898,4.31370433962989,7.593296907953922
Typhoon,gamma2,0.85,0.055,0.2,236,10.430973969954092,0.1174076745964379,1,0.8864161014302043,3.36505310975702,3.097562953194794
Typhoon,gamma2,0.85,0.055,0.2,237,12.163574731761956,0.1078041514453274,1,0.8919352317266088,3.771773718091183,3.913742688961452
Typhoon,gamma2,0.85,0.055,0.2,238,13.112067125539587,0.0961960448651257,1,0.9209120413176156,3.902643201489445,2.847794206569508
Typhoon,gamma2,0.85,0.055,0.2,239,13.059538644304936,0.0860262739929463,1,1.0459101014392551,3.9173337120374025,2.674574908687235
Typhoon,gamma2,0.85,0.055,0.2,240,12.544727322635511,0.095671206911883,1,0.9050956028093772,3.69146775829352,4.231132951039623
Typhoon,gamma2,0.85,0.055,0.2,241,12.254695969815373,0.1134936515975048,1,1.043586046043931,4.217474424446145,4.160368603663724
Typhoon,gamma2,0.85,0.055,0.2,242,12.984391123089232,0.0803336564039078,1,0.9752882790893064,3.6344346035712407,5.948635146233503
Typhoon,gamma2,0.85,0.055,0.2,243,13.844901589510911,0.1105276370643745,1,0.9541355712417952,4.496041998349472,6.734315749859773
Typhoon,gamma2,0.85,0.055,0.2,244,12.039127980483714,0.1072289533554669,1,0.9254381515355724,3.792492795146477,1.916093847047632
Typhoon,gamma2,0.85,0.055,0.2,245,12.482246729040812,0.1103166470271649,1,0.9779762164371204,4.099939385759247,5.675023186511061
Typhoon,gamma2,0.85,0.055,0.2,246,13.505696599634518,0.1015538240479676,1,0.906619333616153,4.098053446001883,4.334051398929766
Typhoon,gamma2,0.85,0.055,0.2,247,12.321109826735,0.1051335387768453,1,1.072138816349786,4.136623359729069,1.3417122087544606
Typhoon,gamma2,0.85,0.055,0.2,248,11.592991456618286,0.0983159636429542,1,0.9429485406945322,3.5298116515429654,-0.0410561584571196
Typhoon,gamma2,0.85,0.055,0.2,249,12.861266332366773,0.1037463647336065,1,0.8465020076662035,3.811396861096009,3.350298573063232
Typhoon,gamma2,0.85,0.055,0.2,250,12.952092665850776,0.1066878077634513,1,0.9251968096985382,4.0692502780649855,5.669368923791887
Typhoon,gamma2,0.85,0.055,0.2,251,12.510275907976665,0.0924342829110752,1,1.0434204231342497,3.885197428869591,2.1757635518125755
Typhoon,gamma2,0.85,0.055,0.2,252,13.018912795231511,0.1085666059933219,1,0.942895910613198,4.165380932142173,6.865402341086667
Typhoon,gamma2,0.85,0.055,0.2,253,15.01151554793208,0.1181637428048767,1,0.9623157204519166,5.062038570905702,6.949466338196637
Typhoon,gamma2,0.85,0.055,0.2,254,12.65499646714345,0.0873066859964924,1,1.0234085780048707,3.782773225320689,2.8211130136875884
Typhoon,gamma2,0.85,0.055,0.2,255,13.02140387444938,0.1026941055833908,1,0.9854977228657652,4.142460540754218,3.514577747556672
Typhoon,gamma2,0.85,0.055,0.2,256,14.204968530251673,0.0971593696335726,1,1.0656524586215184,4.570781024857872,4.146060887574717
Typhoon,gamma2,0.85,0.055,0.2,257,13.344564466186652,0.1003188022232575,1,0.939204798349508,4.096148797151429,5.378690846453798
Typhoon,gamma2,0.85,0.055,0.2,258,13.137091623338838,0.1073973927769353,1,0.8940203511906184,4.070706593021556,4.760772817665866
Typhoon,gamma2,0.85,0.055,0.2,259,11.770183080801766,0.1127396064103865,1,1.013543065087118,3.978712685088714,4.913190839512241
Typhoon,gamma2,0.85,0.055,0.2,260,10.784959678868695,0.11437833277405,1,0.9293986539336686,3.5163445766357304,2.459036709839105
Typhoon,gamma2,0.85,0.055,0.2,261,13.59708054296608,0.09903979051382,1,1.0947083074162585,4.477130295145549,7.720038480344459
Typhoon,gamma2,0.85,0.055,0.2,262,12.105722228637624,0.1073894491030238,1,1.0385606231276872,4.042848229692303,3.6081353219861865
Typhoon,gamma2,0.85,0.055,0.2,263,10.346589163786325,0.0771956139945179,1,1.047916162317272,2.942773164230379,0.534751566764287
Typhoon,gamma2,0.85,0.055,0.2,264,11.521005426056838,0.1188896201141434,1,0.912964520309739,3.795677460880903,2.0749391350481208
Typhoon,gamma2,0.85,0.055,0.2,265,12.656374179256948,0.1087006520182342,1,0.9733212336732552,4.116740382266858,3.970387040792935
Typhoon,gamma2,0.85,0.055,0.2,266,11.783360324886832,0.102067684927802,1,0.9597870588848776,3.6880834169286993,5.937120893042362
Typhoon,gamma2,0.85,0.055,0.2,267,12.375353185068434,0.098615902876917,1,1.0354252754030524,3.954489812021707,2.0794760247312274
Typhoon,gamma2,0.85,0.055,0.2,268,12.295899753852572,0.1105287269417382,1,1.0068491153765773,4.101853017442803,4.205914741744805
Typhoon,gamma2,0.85,0.055,0.2,269,13.189761116933171,0.1048890393488916,1,0.9921932521877336,4.2550054283922725,5.159332583918894
Typhoon,gamma2,0.85,0.055,0.2,270,12.031171923820503,0.1058138731615297,1,0.9804103674840275,3.875102425212675,4.805310825414307
Typhoon,gamma2,0.85,0.055,0.2,271,11.03668992966507,0.1036700408599838,1,0.9162916096722712,3.4015928595699623,2.564593641714872
Typhoon,gamma2,0.85,0.055,0.2,272,12.79299307010669,0.1005268160174745,1,1.1486178606363535,4.347112813684785,4.325461198576966
Typhoon,gamma2,0.85,0.055,0.2,273,13.413493830471452,0.1083864505584508,1,0.9799516447177136,4.371512595432611,4.052706473683796
Typhoon,gamma2,0.85,0.055,0.2,274,12.917331074247803,0.0834886660756536,1,1.0089636154168005,3.749076519447445,0.6330177102944339
Typhoon,gamma2,0.85,0.055,0.2,275,12.003694695026349,0.111942143164442,1,1.1575987410985504,4.321064733772813,5.445474916303898
Typhoon,gamma2,0.85,0.055,0.2,276,12.52651623121258,0.1060974623756084,1,1.071853813856092,4.224259433352745,8.777416142812646
Typhoon,gamma2,0.85,0.055,0.2,277,12.661575961284102,0.086972538542373,1,1.0235296693268874,3.7777138302064217,2.42392540482033
Typhoon,gamma2,0.85,0.055,0.2,278,10.983804010112992,0.0978100615241394,1,1.0484551765248789,3.5173815006838387,1.526022203930968
Typhoon,gamma2,0.85,0.055,0.2,279,12.236973589551743,0.1082017934752146,1,1.0289860557426105,4.083156229135191,5.4283368361673885
Typhoon,gamma2,0.85,0.055,0.2,280,13.333252875515344,0.0810499105282154,1,0.8844804752547373,3.569903782537951,2.113971518796413
Typhoon,gamma2,0.85,0.055,0.2,281,10.888134134136584,0.1046921817491283,1,0.943414698196343,3.421857397102317,3.6293406437414326
Typhoon,gamma2,0.85,0.055,0.2,282,12.592675852382031,0.0853790548319732,1,0.9496382799145314,3.5856905123108778,3.476297968470956
Typhoon,gamma2,0.85,0.055,0.2,283,14.198542752570235,0.1060707171210535,1,0.99229373664855,4.606400037125497,9.462972439503318
Typhoon,gamma2,0.85,0.055,0.2,284,13.953850557069792,0.1117349708708806,1,1.0591057887204556,4.800188569039753,8.015663961859289
Typhoon,gamma2,0.85,0.055,0.2,285,11.177610316499724,0.1078433297805512,1,0.9750770179783494,3.6246415904344103,2.6471277351900904
Typhoon,gamma2,0.85,0.055,0.2,286,11.7108334611404,0.0802091234553838,1,0.98834452374234,3.297265133533054,0.5382779825215727
Typhoon,gamma2,0.85,0.055,0.2,287,12.806177441369575,0.1141790220499846,1,1.020015200064347,4.370347760412837,5.223948835838465
Typhoon,gamma2,0.85,0.055,0.2,288,14.580567963642292,0.1016636000645792,1,0.9398217528117124,4.506920842060845,3.547951029591088
Typhoon,gamma2,0.85,0.055,0.2,289,15.597872517014574,0.0865571428182882,1,0.9740804419234492,4.52912424234626,6.097890710069796
Typhoon,gamma2,0.85,0.055,0.2,290,12.60879505324228,0.095027035656038,1,1.0404076920419918,3.964596139391113,3.548726532016764
Typhoon,gamma2,0.85,0.055,0.2,291,11.58658036232874,0.0991010443306225,1,0.99248775589897,3.6337661298242914,1.2161595858827532
Typhoon,gamma2,0.85,0.055,0.2,292,12.818309662763564,0.1057711029540012,1,0.9842507626549348,4.135872629469809,6.628695223524405
Typhoon,gamma2,0.85,0.055,0.2,293,11.873164484117249,0.1232164352633038,1,1.1331115280246786,4.43646575347631,4.037436582226729
Typhoon,gamma2,0.85,0.055,0.2,294,13.805164162226689,0.0911413029777653,1,1.0734566502749685,4.318087588259727,5.648521706376214
Typhoon,gamma2,0.85,0.055,0.2,295,14.06707481322491,0.106515356048141,1,0.8745169698711689,4.293327611912528,4.99824504890978
Typhoon,gamma2,0.85,0.055,0.2,296,13.83916457991728,0.123361276892126,1,1.1473343979747015,5.206481256848324,7.066078485381027
Typhoon,gamma2,0.85,0.055,0.2,297,13.344542178203309,0.0980485507254426,1,1.0763728915772055,4.3351651203223005,7.806573794058059
Typhoon,gamma2,0.85,0.055,0.2,298,15.276238886283208,0.1070883652589052,1,1.054695618255952,5.133944346735338,8.972794640273253
Typhoon,gamma2,0.85,0.055,0.2,299,11.94457246273295,0.1135561910655607,1,1.1289176328861317,4.276683845299844,4.045718582791942
Typhoon,gamma2,0.85,0.055,0.2,300,14.426487453390765,0.0825662538954966,1,1.0083696547533394,4.16266802112836,3.097473954005252
Typhoon,gamma2,0.85,0.055,0.2,301,13.130595354304724,0.0858399811696889,1,1.0892493419020857,4.01506774907917,6.458104939490275
Typhoon,gamma2,0.85,0.055,0.2,302,12.245703608305556,0.0871473059761305,1,1.0352550623543075,3.678192107509495,1.6643237734326732
Typhoon,gamma2,0.85,0.055,0.2,303,11.711610298078194,0.0870629186228351,1,0.947289278220674,3.363369137736812,3.054293074191426
Typhoon,gamma2,0.85,0.055,0.2,304,10.668794981388038,0.1300951681545398,1,1.0456727051767674,3.9349918652217295,3.4772087152531093
Typhoon,gamma2,0.85,0.055,0.2,305,14.00254207831648,0.1143051789983962,1,0.95647692949464,4.629958412072761,5.420853861783154
Typhoon,gamma2,0.85,0.055,0.2,306,11.2318086339233,0.0798951938502267,1,0.948062008829986,3.0912091812779203,2.3403892585935973
Typhoon,gamma2,0.85,0.055,0.2,307,13.013665453692102,0.1056144980266783,1,1.0424776327844167,4.3181207284091,3.537562903160152
Typhoon,gamma2,0.85,0.055,0.2,308,12.464654014850096,0.0931147547974705,1,0.8638606647070248,3.5351783569279847,1.7177944292009906
Typhoon,gamma2,0.85,0.055,0.2,309,12.67579899501419,0.0882717931971506,1,0.946532484544942,3.6639883156255686,1.870065215038435
Typhoon,gamma2,0.85,0.055,0.2,310,14.08300019214091,0.0913172301796914,1,1.1037642754769716,4.4710519599698495,5.888811361053893
Typhoon,gamma2,0.85,0.055,0.2,311,12.775704190699544,0.0914121380771011,1,1.0720981627006556,3.999484858254053,3.502841572152556
Typhoon,gamma2,0.85,0.055,0.2,312,11.061811742733562,0.0904405242328217,1,1.0422061865383765,3.3961324696786974,1.1925234784991958
Typhoon,gamma2,0.85,0.055,0.2,313,12.559369296252862,0.0904618480701635,1,1.1904216131304404,4.121458775232092,3.8642531381499374
Typhoon,gamma2,0.85,0.055,0.2,314,12.499069365198809,0.1020333414535393,1,0.9306262850677076,3.851557540084965,2.903474549166119
Typhoon,gamma2,0.85,0.055,0.2,315,12.59451187205449,0.1082631444948798,1,0.9301603516803704,3.9966909808159214,3.84221628075713
Typhoon,gamma2,0.85,0.055,0.2,316,14.073209878521244,0.1108971885259147,1,0.8814601310332494,4.400021203603043,3.4539941199175104
Typhoon,gamma2,0.85,0.055,0.2,317,10.55617990401169,0.0790023357625769,1,0.9993955824398024,2.966166062935241,1.37451069910548
Typhoon,gamma2,0.85,0.055,0.2,318,12.694435431118226,0.0931431474900938,1,0.89187410319575,3.6588164464596695,1.5050209878325789
Typhoon,gamma2,0.85,0.055,0.2,319,11.503593736779024,0.0854164773324082,1,1.0212026627137707,3.397506789467549,-0.3117543373144591
Typhoon,gamma2,0.85,0.055,0.2,320,12.164555590346191,0.0832057380905809,1,1.1003667175146468,3.6807948201498215,6.586229992734394
Typhoon,gamma2,0.85,0.055,0.2,321,14.986350051940924,0.0965449414321357,1,0.9574745752032422,4.556425352171728,4.615830892029832
Typhoon,gamma2,0.85,0.055,0.2,322,12.947595178260368,0.1219065945059144,1,1.0772483881332713,4.692028466740608,6.620247894922727
Typhoon,gamma2,0.85,0.055,0.2,323,11.18684537010469,0.1234353487824363,1,1.158972453216997,4.231204015761152,4.0050881934604
Typhoon,gamma2,0.85,0.055,0.2,324,12.770608234760353,0.0984795635352319,1,1.1304897905030495,4.261063066120735,5.0790947393085215
Typhoon,gamma2,0.85,0.055,0.2,325,15.420649616007845,0.0847392503714658,1,1.070412394354204,4.644302967211772,7.245007749831592
Typhoon,gamma2,0.85,0.055,0.2,326,11.580385491632608,0.094778805826269,1,0.9385325814282311,3.453848707031689,1.9042731382411395
Typhoon,gamma2,0.85,0.055,0.2,327,12.58666205523216,0.0790195002098984,1,0.8862698780576311,3.330893181849327,1.489327421834595
Typhoon,gamma2,0.85,0.055,0.2,328,12.87857551236216,0.1005319477280182,1,0.982342729783847,4.047169511990775,5.163406092051942
Typhoon,gamma2,0.85,0.055,0.2,329,12.747418064412274,0.0922621533042133,1,0.979173732972806,3.831456504407535,4.296440732742265
Typhoon,gamma2,0.85,0.055,0.2,330,14.162573518630138,0.0895127514908274,1,1.039617377508655,4.320374518003172,1.5711268669578626
Typhoon,gamma2,0.85,0.055,0.2,331,11.622870448738896,0.0933363716447988,1,0.998965720128011,3.549066581397251,1.5371062465897574
Typhoon,gamma2,0.85,0.055,0.2,332,11.096834966724506,0.1069007031743969,1,0.9207513321868956,3.481453397545485,-0.6505237785599599
Typhoon,gamma2,0.85,0.055,0.2,333,13.123941984382643,0.1191453536278318,1,0.9428658936962272,4.398735217281571,5.753221499534137
Typhoon,gamma2,0.85,0.055,0.2,334,12.99853482724296,0.105759902684803,1,1.027547140493524,4.285049082937694,4.830999867088502
Typhoon,gamma2,0.85,0.055,0.2,335,14.309071565332282,0.0908726496925149,1,1.0318696445931073,4.381678108959569,5.131320478494733
Typhoon,gamma2,0.85,0.055,0.2,336,12.486937746951083,0.1040722297452152,1,0.965939452339821,3.959116929879941,4.286535300010607
Typhoon,gamma2,0.85,0.055,0.2,337,13.245092096887824,0.1107304364260813,1,0.9442146867124046,4.282761243417741,6.887711224310279
Typhoon,gamma2,0.85,0.055,0.2,338,12.488064636382996,0.1135109397491564,1,1.0787408205098032,4.369910618454036,4.467493364557625
Typhoon,gamma2,0.85,0.055,0.2,339,14.538667795884376,0.0999080045309598,1,1.061503851612762,4.734624518190967,9.965565632738343
Typhoon,gamma2,0.85,0.055,0.2,340,13.164652005293078,0.0869065865202255,1,0.8950402771996449,3.671614016779088,5.752048234091747
Typhoon,gamma2,0.85,0.055,0.2,341,13.013668040196846,0.1217362415930123,1,1.0669119440600403,4.690012039804572,6.816177290770396
Typhoon,gamma2,0.85,0.055,0.2,342,12.052662222423688,0.0922881575773609,1,0.9866398144628492,3.636932928192573,4.338113193713741
Typhoon,gamma2,0.85,0.055,0.2,343,11.94979815210642,0.1050086939447223,1,0.9761515079910176,3.825884128592657,4.913485887519228
Typhoon,gamma2,0.85,0.055,0.2,344,13.74707519937316,0.0959323903576203,1,1.076225701053939,4.417175156404408,4.984606917421197
Typhoon,gamma2,0.85,0.055,0.2,345,13.364418913673545,0.1003474649249945,1,0.9045385270259716,4.026399076528448,2.018583148551338
Typhoon,gamma2,0.85,0.055,0.2,346,11.032219124295285,0.11981536902399,1,1.022585118803717,3.8616141601378073,4.662676929286697
Typhoon,gamma2,0.85,0.055,0.2,347,12.314944504192471,0.0957320777033093,1,0.9820551603862612,3.7759752798051687,5.110547490738856
Typhoon,gamma2,0.85,0.055,0.2,348,11.782018590670903,0.0822394032812897,1,1.019947611106876,3.412311041702618,1.6082080654870736
Typhoon,gamma2,0.85,0.055,0.2,349,14.411935377337038,0.1053054629744038,1,1.0374009364668737,4.763444119892399,6.3926607729939136
Typhoon,gamma2,0.85,0.055,0.2,350,13.435438080721855,0.1178859392298633,1,0.9410712229227798,4.475010744625429,4.045061097486956
Typhoon,gamma2,0.85,0.055,0.2,351,13.565156418093204,0.0808708735562381,1,1.047189561934858,3.947603500509819,1.258824048622074
Typhoon,gamma2,0.85,0.055,0.2,352,14.305972424558462,0.083004911220384,1,1.0703328978009967,4.26411310084696,5.839724135320584
Typhoon,gamma2,0.85,0.055,0.2,353,12.111409121674514,0.0919408750834779,1,0.9368948370223058,3.554630100192665,4.04791319635865
Typhoon,gamma2,0.85,0.055,0.2,354,11.329010904657853,0.0914098828728418,1,1.0332031786889158,3.4816205563269387,0.8379715335386904
Typhoon,gamma2,0.85,0.055,0.2,355,11.672207132072458,0.0925987317491455,1,0.9578770778385902,3.4762451457850383,0.5344028124744258
Typhoon,gamma2,0.85,0.055,0.2,356,12.322248922879869,0.0981572885234955,1,0.9574871124282072,3.777615249191907,4.753604794257345
Typhoon,gamma2,0.85,0.055,0.2,357,11.63609942894706,0.0823391287780493,1,0.9616318226603308,3.2742736317222825,2.2093752776256976
Typhoon,gamma2,0.85,0.055,0.2,358,12.142581275511253,0.1132526390957749,1,1.126400023228214,4.336920987301041,4.14225827308501
Typhoon,gamma2,0.85,0.055,0.2,359,13.785357913410976,0.1081632383771416,1,0.9108607425358562,4.326969952591616,7.702097453055497
Typhoon,gamma2,0.85,0.055,0.2,360,12.677869889501306,0.1223221299650253,1,0.9230612580239064,4.2600438503429165,0.7274218292666443
Typhoon,gamma2,0.85,0.055,0.2,361,12.282872882303671,0.1042107089497755,1,1.045795551523017,4.0548942042222365,3.239880849190279
Typhoon,gamma2,0.85,0.055,0.2,362,13.525185924916384,0.0823171071793042,1,0.9827417396436796,3.8468742935408815,1.567608312020028
Typhoon,gamma2,0.85,0.055,0.2,363,13.684073981557562,0.0982532913084148,1,0.9379436843768468,4.154103844904083,4.369123511808201
Typhoon,gamma2,0.85,0.055,0.2,364,12.304645962955783,0.1145588755393097,1,1.1153579349148006,4.398358493284499,3.012431673226846
Typhoon,gamma2,0.85,0.055,0.2,365,12.38286174309225,0.1042749455599571,1,0.96424886489741,3.926499785020856,2.338379248806476
Typhoon,gamma2,0.85,0.055,0.2,366,13.340719773932458,0.1142579466266773,1,0.9787510358428668,4.4612708079888765,11.583301841394633
Typhoon,gamma2,0.85,0.055,0.2,367,12.62098938807352,0.1056367737217519,1,1.0325488531884224,4.168274104740948,5.953846736665833
Typhoon,gamma2,0.85,0.055,0.2,368,11.462879019605822,0.0910408171920589,1,0.9911065169592704,3.4432768952878496,-0.2213740944619686
Typhoon,gamma2,0.85,0.055,0.2,369,12.144374447046603,0.0761473055090257,1,1.0161745034124947,3.378209403454584,3.791366507332315
Typhoon,gamma2,0.85,0.055,0.2,370,14.209814429387334,0.1033559462368742,1,0.9924359295090496,4.551005700014619,6.91244071191861
Typhoon,gamma2,0.85,0.055,0.2,371,12.72486852386382,0.1003138989270292,1,1.0506653959282075,4.131103477711169,4.521368199683416
Typhoon,gamma2,0.85,0.055,0.2,372,12.067721969915352,0.0947983748858159,1,0.9900192536207336,3.696983926490343,4.770904560892847
Typhoon,gamma2,0.85,0.055,0.2,373,12.40633435986558,0.1006206914835968,1,0.9629258677609152,3.861744681794076,5.072023368667014
Typhoon,gamma2,0.85,0.055,0.2,374,12.885258507795845,0.0980732140688976,1,1.046987452012199,4.128944815438834,6.900159515025019
Typhoon,gamma2,0.85,0.055,0.2,375,12.92524793209492,0.0987324432350357,1,0.9537769815883524,3.966361035750434,4.646816389681632
Typhoon,gamma2,0.85,0.055,0.2,376,13.223925978644482,0.0953340797063433,1,0.9338784801504098,3.9457510683379793,2.247371631319722
Typhoon,gamma2,0.85,0.055,0.2,377,13.173963019997348,0.09041926004409,1,1.0251824855242144,4.01095235657158,2.9217344680165587
Typhoon,gamma2,0.85,0.055,0.2,378,12.613291551715266,0.0983315787429466,1,0.9794926856347892,3.914493164234405,2.3490119597551047
Typhoon,gamma2,0.85,0.055,0.2,379,13.076494408102567,0.1168835435480218,1,0.946284031943462,4.348893506857784,5.378284817574944
Typhoon,gamma2,0.85,0.055,0.2,380,13.198857569910588,0.0777880161158758,1,0.9620671720992268,3.6107331067440542,2.437579453979944
Typhoon,gamma2,0.85,0.055,0.2,381,11.827106041445948,0.1029809213721966,1,0.9791685182811728,3.7556542016865895,2.4809603389159385
Typhoon,gamma2,0.85,0.055,0.2,382,11.7363232881327,0.1191427253094411,1,0.9391654159624035,3.925878682537256,3.789954941317038
Typhoon,gamma2,0.85,0.055,0.2,383,14.114053444574951,0.1105558499178292,1,0.9265252093439628,4.517219992458386,7.793039914787696
Typhoon,gamma2,0.85,0.055,0.2,384,12.428738909036923,0.111641938319328,1,0.9668943917945654,4.083478464347147,6.515168384854311
Typhoon,gamma2,0.85,0.055,0.2,385,12.406435952298615,0.1055719526465464,1,1.0857996929155909,4.20045341218984,3.778315913842967
Typhoon,gamma2,0.85,0.055,0.2,386,12.217277522390562,0.1062483343662231,1,1.0579463428274911,4.096069578631298,2.7963228337713155
Typhoon,gamma2,0.85,0.055,0.2,387,11.751199040794678,0.0941952162975083,1,0.9888522323991644,3.5864295598768816,0.8869168632920716
Typhoon,gamma2,0.85,0.055,0.2,388,11.299525615804852,0.1099115143883852,1,0.8679477809297905,3.4900255425912743,4.124298679910955
Typhoon,gamma2,0.85,0.055,0.2,389,13.092873276546053,0.0888672985811833,1,1.02444731086854,3.950488183561972,4.9655896050822514
Typhoon,gamma2,0.85,0.055,0.2,390,13.121481114270152,0.1088747391768914,1,0.8523271737819221,3.997142127721543,6.264326977651447
Typhoon,gamma2,0.85,0.055,0.2,391,11.787076585953296,0.1188155107112472,1,1.0673358444493335,4.19752433101574,6.962548405634682
Typhoon,gamma2,0.85,0.055,0.2,392,12.630464668328385,0.1026414514171055,1,0.8297620204573588,3.686018383956318,4.917168232161854
Typhoon,gamma2,0.85,0.055,0.2,393,13.228341087976624,0.1060301141173138,1,0.925099953443485,4.142994230226035,5.083104974425029
Typhoon,gamma2,0.85,0.055,0.2,394,10.35312799078702,0.0901960803423566,1,1.0288562328394706,3.153862547450226,2.4115699398374506
Typhoon,gamma2,0.85,0.055,0.2,395,12.68007464134798,0.1034784185486078,1,1.073259527229384,4.225704049413983,4.568805117956968
Typhoon,gamma2,0.85,0.055,0.2,396,10.76396435490934,0.1166027217829474,1,1.069189165442033,3.8006149252843406,2.3365468886084404
Typhoon,gamma2,0.85,0.055,0.2,397,13.390178954085286,0.1061573836816777,1,0.8996173299360759,4.137999091185398,6.799566965537838
Typhoon,gamma2,0.85,0.055,0.2,398,12.879018214167758,0.1277921808644651,1,1.0694881986400182,4.761270950056474,7.302845683105125
Typhoon,gamma2,0.85,0.055,0.2,399,13.544820044333015,0.082347798876012,1,0.9625798141426866,3.813446096650381,3.559712054515864
Typhoon,ph,0.9,0.055,0.2,0,13.12662299549206,0.1107605841319202,1,0.9032327508625992,4.151886466798274,4.220226980223802
Typhoon,ph,0.9,0.055,0.2,1,13.401648940784725,0.098235014457429,1,0.9798320762638492,4.157834708736736,4.068412005226853
Typhoon,ph,0.9,0.055,0.2,2,11.9417276511683,0.0925988578581979,1,1.0291781511556226,3.686508640420105,3.865100263114708
Typhoon,ph,0.9,0.055,0.2,3,12.771348507790147,0.1048182083848491,1,1.0266880456002303,4.18961749998152,3.933170229743759
Typhoon,ph,0.9,0.055,0.2,4,12.745150706107756,0.0789214103667108,1,0.948263372512564,3.4866381836351468,3.558568324175103
Typhoon,ph,0.9,0.055,0.2,5,11.8840494246051,0.1025578896740393,1,0.9891366858832528,3.785098119758294,3.819591510700047
Typhoon,ph,0.9,0.055,0.2,6,11.444150700221863,0.0819997701165819,1,1.1994303406742302,3.589032580467063,3.683660753286184
Typhoon,ph,0.9,0.055,0.2,7,11.059343566421411,0.0877718460180976,1,1.0340709189134951,3.3318245856714257,3.529306538454088
Typhoon,ph,0.9,0.055,0.2,8,13.930814562343944,0.0840807612438584,1,1.0934865512121208,4.224074329795829,4.349942769131695
Typhoon,ph,0.9,0.055,0.2,9,11.601318353186022,0.1230994242003313,1,1.0039428571544622,4.078400321113085,4.024553758128143
Typhoon,ph,0.9,0.055,0.2,10,12.174989642884771,0.0790266565673867,1,1.0296399582137836,3.472946544885755,3.873540741894508
Typhoon,ph,0.9,0.055,0.2,11,14.315069490077928,0.0956769421211589,1,0.9713120354091008,4.363917070599545,4.142868321198116
Typhoon,ph,0.9,0.055,0.2,12,12.956816017146156,0.1111399387405672,1,0.8403535618998829,3.959719215402953,3.931176539664757
Typhoon,ph,0.9,0.055,0.2,13,11.97968478632164,0.0928374892747779,1,0.8835676176780339,3.431049468207479,3.604321254502416
Typhoon,ph,0.9,0.055,0.2,14,13.34261303438716,0.103586467881032,1,0.9885775190897206,4.269703997411224,4.076039154783937
Typhoon,ph,0.9,0.055,0.2,15,12.942930675952342,0.1123618225550622,1,0.9548336895869192,4.239414486464214,4.284057599622683
Typhoon,ph,0.9,0.055,0.2,16,12.141483068788547,0.0751233154823845,1,0.9283097542486172,3.2063104381931984,3.5689114240233115
Typhoon,ph,0.9,0.055,0.2,17,12.211696720307788,0.1005126951964559,1,0.979501633126844,3.831678405985335,4.01798688614226
Typhoon,ph,0.9,0.055,0.2,18,10.71759565498918,0.0817481155152248,1,0.9203439711221872,2.939756295874754,3.2915322759527887
Typhoon,ph,0.9,0.055,0.2,19,11.981207189039289,0.1019878192480429,1,0.9178889713304236,3.665808780093226,3.969240862325537
Typhoon,ph,0.9,0.055,0.2,20,12.353744378811829,0.0920525386604188,1,1.0764511991256835,3.8887826350520953,3.950489166689461
Typhoon,ph,0.9,0.055,0.2,21,11.608682658980513,0.1029744375368758,1,0.904945153318537,3.5437149656526006,3.6218446559452575
Typhoon,ph,0.9,0.055,0.2,22,14.116333077956362,0.099275693085544,1,1.0457936256729148,4.548480698767059,4.578532902083839
Typhoon,ph,0.9,0.055,0.2,23,12.644765378832377,0.1125308217161711,1,0.92848826673361,4.08728320354883,3.839741530417404
Typhoon,ph,0.9,0.055,0.2,24,13.861677071992016,0.0816254656971193,1,1.0105907173009747,3.981220810296716,4.21589618798813
Typhoon,ph,0.9,0.055,0.2,25,11.651721682609406,0.1043446853378704,1,1.065463682581133,3.885031949628748,3.961265879160644
Typhoon,ph,0.9,0.055,0.2,26,12.561608252844506,0.0838905431096972,1,0.9827092292765388,3.6067352614724295,3.902218746026617
Typhoon,ph,0.9,0.055,0.2,27,12.890111282715212,0.1060728624871961,1,0.8342700694941343,3.8345300245157983,4.084737388240287
Typhoon,ph,0.9,0.055,0.2,28,11.873695380335436,0.1190958356414029,1,1.0964704073209162,4.290744440111541,4.378250018565781
Typhoon,ph,0.9,0.055,0.2,29,12.631782591047417,0.1118499589489835,1,0.9648855586230688,4.149735919724148,4.340097687749947
Typhoon,ph,0.9,0.055,0.2,30,10.586752478695049,0.0979481996071921,1,0.9582279439491372,3.2433618490815506,3.3782644425559707
Typhoon,ph,0.9,0.055,0.2,31,14.204483033456205,0.1035934184313237,1,1.0590397431781895,4.704870171332097,4.530983645449187
Typhoon,ph,0.9,0.055,0.2,32,13.412712573581716,0.0955532402074814,1,1.0267913154381425,4.201268333700472,3.7599317266778662
Typhoon,ph,0.9,0.055,0.2,33,11.69697215859734,0.1146691685281954,1,1.2,4.338977628397613,4.415457634357095
Typhoon,ph,0.9,0.055,0.2,34,13.072763747414925,0.101520654586208,1,0.9907438080229544,4.145961841953574,4.216121245510894
Typhoon,ph,0.9,0.055,0.2,35,11.431807700619618,0.0955105767349161,1,1.0925337352937263,3.692819429554768,4.0156923002230975
Typhoon,ph,0.9,0.055,0.2,36,11.709623437306458,0.099319039249379,1,1.2,4.042497937609963,3.983654249148509
Typhoon,ph,0.9,0.055,0.2,37,13.669253326058694,0.1069254084650368,1,1.105233697075989,4.699074277540813,4.430145728840157
Typhoon,ph,0.9,0.055,0.2,38,14.87431600766573,0.1142109099547828,1,0.996375771103641,5.017673275135274,4.834185184826686
Typhoon,ph,0.9,0.055,0.2,39,11.639975128575635,0.1043482331270075,1,0.9841624119354148,3.730164540079599,3.744349657540804
Typhoon,ph,0.9,0.055,0.2,40,13.5385035647979,0.0940562914768492,1,0.9531285578142594,4.053594763493537,4.1908511993757465
Typhoon,ph,0.9,0.055,0.2,41,12.470291017906389,0.1062205993620446,1,1.012465451591135,4.089508063506709,3.744269422831602
Typhoon,ph,0.9,0.055,0.2,42,14.961933267393963,0.1034193980552377,1,0.9660662497188552,4.729248896716749,4.686180760002047
Typhoon,ph,0.9,0.055,0.2,43,13.388887781584064,0.1029957890351786,1,1.0353043200382297,4.372081501252781,4.180902180463872
Typhoon,ph,0.9,0.055,0.2,44,13.855802427851687,0.1224005841003276,1,1.0631271940807188,4.998227743573659,4.680852275140065
Typhoon,ph,0.9,0.055,0.2,45,12.312106697154343,0.0907593838187482,1,1.047325946785404,3.795937658659184,4.0083310385657365
Typhoon,ph,0.9,0.055,0.2,46,12.126896392747955,0.0977394318670246,1,1.0336548407033803,3.8545381079829344,4.073393975854157
Typhoon,ph,0.9,0.055,0.2,47,12.681410621125472,0.1150332593752798,1,1.060517118477979,4.429330831015418,4.355692691063359
Typhoon,ph,0.9,0.055,0.2,48,12.661408037827504,0.1081352563133914,1,0.8952821603699986,3.939541024061534,3.868217009587234
Typhoon,ph,0.9,0.055,0.2,49,11.67871174017299,0.0959616491314732,1,1.081301126555351,3.7619855082714815,3.9261327600789255
Typhoon,ph,0.9,0.055,0.2,50,12.586210933119,0.121698854316157,1,0.9533051058034876,4.287007173833878,4.144788202254839
Typhoon,ph,0.9,0.055,0.2,51,12.80892747010445,0.0988694399652052,1,1.0777413338628876,4.181201266266499,4.132748236666809
Typhoon,ph,0.9,0.055,0.2,52,13.221852576717088,0.0859577443860363,1,1.0303941349484,3.934925414308628,3.918011418474284
Typhoon,ph,0.9,0.055,0.2,53,15.940624169761367,0.1142639689278121,1,0.9714242022615583,5.310854885017727,4.864555995737427
Typhoon,ph,0.9,0.055,0.2,54,13.408768688102445,0.1123207695502408,1,0.9763317246558209,4.440354407400547,4.056385866410492
Typhoon,ph,0.9,0.055,0.2,55,10.850348460494612,0.0911274933687036,1,1.094489802296268,3.4266855859068346,3.606513656764147
Typhoon,ph,0.9,0.055,0.2,56,11.61374826217261,0.0941134790308632,1,0.9004490253322228,3.380865457635923,3.5437936049314347
Typhoon,ph,0.9,0.055,0.2,57,11.76065745931862,0.1391606292491603,1,1.0540736074112866,4.504278783579724,4.166900633111945
Typhoon,ph,0.9,0.055,0.2,58,12.365376672537684,0.0847983816395581,1,1.2,3.944498137217633,3.9310803861215455
Typhoon,ph,0.9,0.055,0.2,59,12.28820077696743,0.0933743532388978,1,1.0242208052923727,3.800133893683917,4.145564790768042
Typhoon,ph,0.9,0.055,0.2,60,14.441987013986342,0.1162019657325284,1,1.0529447034680692,5.051687415291315,4.883205055672052
Typhoon,ph,0.9,0.055,0.2,61,14.049094028086865,0.0952981421525582,1,1.0148327002514053,4.369057522240657,4.111350776500587
Typhoon,ph,0.9,0.055,0.2,62,13.08644602277465,0.0936206503383159,1,0.9155098619316506,3.831237354895165,4.027433685866548
Typhoon,ph,0.9,0.055,0.2,63,12.126728523108802,0.0745595285085434,1,0.8711197641902109,3.0905385517363677,3.366110873965084
Typhoon,ph,0.9,0.055,0.2,64,11.56517257839725,0.1067588697959216,1,0.9464555365792338,3.6762429917995,3.8686821311375232
Typhoon,ph,0.9,0.055,0.2,65,13.15942946074725,0.1213066755087577,1,1.0014816096570012,4.586705964949307,4.624310031221451
Typhoon,ph,0.9,0.055,0.2,66,12.746236510141545,0.0902042631582734,1,0.9148547298058703,3.6616056806335737,4.0252250377036605
Typhoon,ph,0.9,0.055,0.2,67,15.2637994496144,0.1154475977530088,1,1.0102160442310548,5.21269401155766,4.873392527889284
Typhoon,ph,0.9,0.055,0.2,68,12.859558344773315,0.0995041678707361,1,1.0648269702356794,4.185874570239809,4.4426432704141074
Typhoon,ph,0.9,0.055,0.2,69,13.41622066560944,0.1010732170707257,1,0.9626988442019788,4.184980729624988,4.041989508917582
Typhoon,ph,0.9,0.055,0.2,70,11.744953346568508,0.0827278731145672,1,0.8774444594054756,3.16436843344532,3.402875150741046
Typhoon,ph,0.9,0.055,0.2,71,11.969261664681124,0.1160777134327017,1,0.9642642774718913,4.004421851912524,4.135088106940913
Typhoon,ph,0.9,0.055,0.2,72,13.064520990507043,0.1088562213025073,1,1.066254552828539,4.450927985736423,4.325211586877877
Typhoon,ph,0.9,0.055,0.2,73,12.666641423461844,0.1037385777367689,1,1.0747313127010736,4.229427378944404,4.177304977364902
Typhoon,ph,0.9,0.055,0.2,74,11.96011544440049,0.1030573251991503,1,0.9839358488655848,3.8085371555954186,3.8976220012760345
Typhoon,ph,0.9,0.055,0.2,75,12.21538481894321,0.110524366276526,1,0.8789112616132734,3.807226233886412,3.861162484478573
Typhoon,ph,0.9,0.055,0.2,76,12.34281767114317,0.1221127720041564,1,1.058828067723137,4.438207277403516,4.074675820662112
Typhoon,ph,0.9,0.055,0.2,77,12.78193133131094,0.0835040115814965,1,1.0349504369465572,3.757594625788792,3.958949405891224
Typhoon,ph,0.9,0.055,0.2,78,12.88112092269497,0.0956034149953,1,0.9927157565692666,3.968284655332209,4.205968206696244
Typhoon,ph,0.9,0.055,0.2,79,11.726844034993738,0.0809733757277178,1,1.0888887278343118,3.482122318121209,3.770661131593175
Typhoon,ph,0.9,0.055,0.2,80,12.540999434773996,0.0972584219060489,1,0.9186921231958792,3.7487005845355936,3.761443690322876
Typhoon,ph,0.9,0.055,0.2,81,11.236505581559175,0.0957070994254335,1,0.9121704100531998,3.320024885858821,3.5840832506674065
Typhoon,ph,0.9,0.055,0.2,82,11.762255380663088,0.1088557057937952,1,1.1463664904166069,4.155066174543201,4.193458907920366
Typhoon,ph,0.9,0.055,0.2,83,14.126619614025744,0.1116124903327341,1,1.1373826934745848,5.033243694613819,4.902130107947378
Typhoon,ph,0.9,0.055,0.2,84,13.01133339094635,0.1045436892904037,1,1.0293824303900123,4.26834083841756,4.41687912954743
Typhoon,ph,0.9,0.055,0.2,85,12.596177077364972,0.0988289925964128,1,1.100803476081628,4.15466333842605,4.160424487012524
Typhoon,ph,0.9,0.055,0.2,86,14.255085421699905,0.1370720431287727,1,0.967600940333356,5.191494617539266,4.775081091230263
Typhoon,ph,0.9,0.055,0.2,87,11.742858432713868,0.0887951629437443,1,0.8849285835007648,3.2917177632717736,3.5084291553566973
Typhoon,ph,0.9,0.055,0.2,88,12.280092742505492,0.1072651122403118,1,1.1965429456137184,4.399416079911959,4.336863577812506
Typhoon,ph,0.9,0.055,0.2,89,14.09779481296622,0.0851352942842106,1,0.9417185544362064,3.991779741389722,4.143244657471657
Typhoon,ph,0.9,0.055,0.2,90,13.854794411213817,0.1053956436017419,1,0.9709447376359668,4.432091032873352,4.3606298165054405
Typhoon,ph,0.9,0.055,0.2,91,13.29746854054349,0.1024455254651788,1,0.9879900519478366,4.230500537581347,4.3902443960757145
Typhoon,ph,0.9,0.055,0.2,92,12.656640895469785,0.1022443089536889,1,1.2,4.433315641503858,4.384963053287856
Typhoon,ph,0.9,0.055,0.2,93,11.143709429401303,0.1309403618097816,1,0.9825127070738616,3.9970136892559287,3.922212048346714
Typhoon,ph,0.9,0.055,0.2,94,13.705862719514638,0.1102375613317179,1,0.920756275439086,4.3666011004806204,4.211839558778848
Typhoon,ph,0.9,0.055,0.2,95,13.598913132796635,0.1157887054716903,1,0.9336104843305728,4.47115946044178,4.306325437974727
Typhoon,ph,0.9,0.055,0.2,96,13.94498924741394,0.0989068802027551,1,0.95311177154821,4.281572989981972,4.221697251461721
Typhoon,ph,0.9,0.055,0.2,97,13.010097895447831,0.0898044235061517,1,1.0517634896462624,3.9984205838472815,4.268783606898673
Typhoon,ph,0.9,0.055,0.2,98,12.336627168097078,0.0937030408193587,1,0.9013822867488668,3.5853189117879043,3.9735907868588383
Typhoon,ph,0.9,0.055,0.2,99,13.355965140260407,0.1079575413105583,1,0.9957793977674986,4.379084623123452,3.895268009537213
Typhoon,ph,0.9,0.055,0.2,100,12.388725499215465,0.1142655687858158,1,1.1180701085864355,4.4281144943291135,4.270028474988083
Typhoon,ph,0.9,0.055,0.2,101,11.892931769830554,0.1215207759442187,1,1.1596318759656352,4.464514796617516,4.25922947028854
Typhoon,ph,0.9,0.055,0.2,102,12.090804345414996,0.0909470791558886,1,0.8631314926089861,3.387568241934722,3.5088118687188445
Typhoon,ph,0.9,0.055,0.2,103,13.14832224486228,0.102115006661903,1,0.9191294976038012,4.0281299849998415,3.807708664130064
Typhoon,ph,0.9,0.055,0.2,104,11.981201819228396,0.0981057005640952,1,0.9294842030126864,3.617999579375805,3.806674349846788
Typhoon,ph,0.9,0.055,0.2,105,13.07848054774643,0.1073906234408723,1,0.9805999529214702,4.244107801933019,4.179802969629577
Typhoon,ph,0.9,0.055,0.2,106,11.616396442548073,0.0891901572013058,1,0.9496996974458944,3.380827712838649,3.38989173697499
Typhoon,ph,0.9,0.055,0.2,107,10.611290752185322,0.1041833799476835,1,0.9495877236251844,3.3376053399249352,3.5570924714189958
Typhoon,ph,0.9,0.055,0.2,108,11.309975289354172,0.1181409212279343,1,1.000972782619846,3.889313642238324,4.151806515652362
Typhoon,ph,0.9,0.055,0.2,109,11.421613150703598,0.1179466486699805,1,0.9481759822531568,3.819572205318652,3.934364626874924
Typhoon,ph,0.9,0.055,0.2,110,12.999819662999352,0.1149110891042494,1,0.9954892767919766,4.396798787099425,4.238808341488874
Typhoon,ph,0.9,0.055,0.2,111,13.222008326791537,0.12484716899823,1,1.0494722224853414,4.78599510200269,4.373220249778087
Typhoon,ph,0.9,0.055,0.2,112,13.041723467029971,0.0918459500789472,1,1.064852595460433,4.078587084952664,3.933952031011791
Typhoon,ph,0.9,0.055,0.2,113,12.538138159150025,0.0850195089940904,1,0.9974944513004268,3.65130062588241,3.946416029807133
Typhoon,ph,0.9,0.055,0.2,114,12.893977414097186,0.093126725756483,1,1.0034743091720346,3.941642220321196,3.6875853233728506
Typhoon,ph,0.9,0.055,0.2,115,13.386162722026642,0.0999451159538224,1,0.9854279924946212,4.200967633406478,3.8504763516350224
Typhoon,ph,0.9,0.055,0.2,116,13.133214408638748,0.0898916986306879,1,1.1423927275630692,4.208608644545737,3.9127313998433135
Typhoon,ph,0.9,0.055,0.2,117,11.62776434311036,0.1011449162778254,1,0.9551718099593768,3.614173517986471,3.758819199797264
Typhoon,ph,0.9,0.055,0.2,118,11.950371303576626,0.1008446849612864,1,1.0509581075374477,3.890456900480567,4.094366907908955
Typhoon,ph,0.9,0.055,0.2,119,12.696009180255272,0.110419011642674,1,0.9427492803399968,4.096257601188085,3.83393379498132
Typhoon,ph,0.9,0.055,0.2,120,13.654538358538993,0.1000437879736445,1,0.9141878779265532,4.129427204022808,4.095212977941723
Typhoon,ph,0.9,0.055,0.2,121,11.760752836090653,0.0813843326227192,1,0.8676165309790048,3.125139695106295,3.2511097605738253
Typhoon,ph,0.9,0.055,0.2,122,12.199822521920057,0.1095547793515838,1,0.9156966572371502,3.8640700542923607,3.937017024431887
Typhoon,ph,0.9,0.055,0.2,123,13.721510179260523,0.1207849756051946,1,0.9701541444694712,4.697088486463194,4.322561253887398
Typhoon,ph,0.9,0.055,0.2,124,12.745557480938784,0.1226189456010924,1,0.900674620971323,4.235664834185611,4.106936938742195
Typhoon,ph,0.9,0.055,0.2,125,13.446178716341372,0.0856785033646146,1,0.916822858347864,3.768578198755046,4.004047994958239
Typhoon,ph,0.9,0.055,0.2,126,12.49346736558183,0.0938387737924381,1,1.1605292837803396,4.122894297722271,3.775969103122443
Typhoon,ph,0.9,0.055,0.2,127,11.964241793715448,0.0908194604215737,1,0.881027237054099,3.3843035345200008,3.619439301127921
Typhoon,ph,0.9,0.055,0.2,128,13.094951085001114,0.0969008115071656,1,1.1460078547365482,4.363765301783161,4.30813191392893
Typhoon,ph,0.9,0.055,0.2,129,13.150928143831072,0.1029365377947784,1,1.2,4.622019850047248,4.345172474713009
Typhoon,ph,0.9,0.055,0.2,130,14.369323577164334,0.1101094272507531,1,0.9367998437024264,4.615002931188204,4.627349276031684
Typhoon,ph,0.9,0.055,0.2,131,12.560487291008506,0.0891068934088552,1,0.9663614465967524,3.6858014577787097,3.785069332250469
Typhoon,ph,0.9,0.055,0.2,132,14.113306003956671,0.0965433956797068,1,0.8282892230453875,3.9909937563720206,3.954425087856881
Typhoon,ph,0.9,0.055,0.2,133,13.329018388052484,0.1047815806154318,1,1.0862220315231357,4.496762425879941,4.267429988100041
Typhoon,ph,0.9,0.055,0.2,134,14.699677229941445,0.1118532962674782,1,0.8838200071625543,4.621831482998517,4.388512602985689
Typhoon,ph,0.9,0.055,0.2,135,11.21977558226647,0.0942872737529536,1,0.96957651676093,3.392358593966477,3.52481673970346
Typhoon,ph,0.9,0.055,0.2,136,12.573077805959963,0.072911742180947,1,1.0108880838018912,3.413436903749649,3.50558396945318
Typhoon,ph,0.9,0.055,0.2,137,11.995549055086698,0.1169996480687017,1,1.1542466278319496,4.408204321798205,3.997142959779607
Typhoon,ph,0.9,0.055,0.2,138,13.539431801147112,0.1150610748148561,1,1.0137432328632394,4.624115107505813,4.414910223773492
Typhoon,ph,0.9,0.055,0.2,139,11.58396164916164,0.0912554352485392,1,1.0206789379509882,3.5353389495997867,3.894585719116349
Typhoon,ph,0.9,0.055,0.2,140,12.661383000528623,0.1036113339527849,1,0.9894924105594952,4.05406784616158,4.312159889168271
Typhoon,ph,0.9,0.055,0.2,141,11.924765279934432,0.1018043274380737,1,0.9833981492490678,3.7730942367490017,3.63767460706596
Typhoon,ph,0.9,0.055,0.2,142,10.719639868311232,0.1129925655027191,1,1.106670154071574,3.790654730343912,3.967762767608414
Typhoon,ph,0.9,0.055,0.2,143,13.68162989810692,0.1008292993440478,1,0.9143592744330286,4.154221508575167,4.177348606214673
Typhoon,ph,0.9,0.055,0.2,144,13.9824505349527,0.1000455473833297,1,1.0870427739603672,4.61111008585676,3.927293567029226
Typhoon,ph,0.9,0.055,0.2,145,13.160773649981351,0.1229491235144914,1,1.0252353496772582,4.672571163095399,4.203063057566834
Typhoon,ph,0.9,0.055,0.2,146,10.52785055244239,0.1003419832848332,1,1.0186616552064156,3.365859868686675,3.566495020682687
Typhoon,ph,0.9,0.055,0.2,147,13.284546733463818,0.1086306873767818,1,0.8791134069454872,4.105305266873719,3.711305125250221
Typhoon,ph,0.9,0.055,0.2,148,13.562595717065827,0.0757519618160394,1,0.9456928237474422,3.630068374060785,3.730161714625135
Typhoon,ph,0.9,0.055,0.2,149,14.692749880248371,0.1044219840449667,1,0.9688284294531424,4.673287429266273,4.331130107024582
Typhoon,ph,0.9,0.055,0.2,150,13.92704728327416,0.0853437588453147,1,0.9668673732028968,4.000629988823722,4.082403659282639
Typhoon,ph,0.9,0.055,0.2,151,12.427278839173962,0.0941769738032645,1,0.9268944532474066,3.671669231815184,3.7840441165874954
Typhoon,ph,0.9,0.055,0.2,152,12.660373309968117,0.1141869951642529,1,0.8899439483175527,4.035860636651847,3.8367808312771055
Typhoon,ph,0.9,0.055,0.2,153,12.259661135111868,0.1148730530821537,1,0.9427167013835404,4.034392508429178,3.8566614106832255
Typhoon,ph,0.9,0.055,0.2,154,13.68336149445098,0.1094243621666164,1,0.9903760592553534,4.5045341021956,4.165830876596823
Typhoon,ph,0.9,0.055,0.2,155,11.889382317535064,0.0960274669906459,1,1.0290550859578902,3.737458171513008,4.115932464723086
Typhoon,ph,0.9,0.055,0.2,156,12.812246815386963,0.1007335901448864,1,1.0091921666878767,4.085068920126221,4.26740494694104
Typhoon,ph,0.9,0.055,0.2,157,12.816418132841989,0.1380625454520084,1,0.8104900482129935,4.287246447422129,4.005844136151162
Typhoon,ph,0.9,0.055,0.2,158,12.957168270667136,0.083222328499297,1,1.0534448974087118,3.836506534276107,4.258170097393015
Typhoon,ph,0.9,0.055,0.2,159,13.321345202415412,0.0972190790572377,1,0.907123722565406,3.9560074077379417,4.162854030407449
Typhoon,ph,0.9,0.055,0.2,160,13.8847758726084,0.107049575372963,1,1.1163695192850345,4.799934747065336,4.991428382737718
Typhoon,ph,0.9,0.055,0.2,161,13.02617467567259,0.0891918196843539,1,1.042357209230616,3.971802977430517,4.073861329194821
Typhoon,ph,0.9,0.055,0.2,162,13.817187888626384,0.1047795245222514,1,0.814750648128122,4.037106740304149,3.957664462627232
Typhoon,ph,0.9,0.055,0.2,163,12.197129065362146,0.1077058535928301,1,0.9109317655232996,3.820499931824467,4.113337898806383
Typhoon,ph,0.9,0.055,0.2,164,12.554782429758928,0.08749495463285,1,0.93595321404105,3.5927563535353992,3.760463311285113
Typhoon,ph,0.9,0.055,0.2,165,11.39327753383495,0.0945227069021969,1,1.0061805143746028,3.513619292838122,3.726586125232739
Typhoon,ph,0.9,0.055,0.2,166,12.46210015498694,0.0904689423626434,1,1.0046747919329666,3.7571085829959823,3.8838709472360553
Typhoon,ph,0.9,0.055,0.2,167,11.17143675054908,0.1094426773928934,1,0.9967926199291964,3.689816702907269,3.9980296307704872
Typhoon,ph,0.9,0.055,0.2,168,11.872660872823598,0.0967504084473442,1,1.063685802326785,3.8087384280461327,4.296651929295142
Typhoon,ph,0.9,0.055,0.2,169,12.109359381295723,0.10721215099688,1,0.8895613802045057,3.739651509277516,3.960047629592601
Typhoon,ph,0.9,0.055,0.2,170,13.247190851033658,0.0793850436759253,1,1.0818693697056772,3.8822236395142857,3.943309106791047
Typhoon,ph,0.9,0.055,0.2,171,12.349302852125634,0.0830142767890442,1,1.0273253435565657,3.6063912172044623,3.646672160037885
Typhoon,ph,0.9,0.055,0.2,172,12.39525372118894,0.126377852405176,1,1.0811143678288528,4.581700809922084,4.354629194280068
Typhoon,ph,0.9,0.055,0.2,173,10.485685294933406,0.1057794149782526,1,0.9869346955241692,3.387986007083514,3.6058875083802415
Typhoon,ph,0.9,0.055,0.2,174,11.415687710848704,0.1110052477902856,1,1.0986937157285936,3.986687139619827,3.970496157687121
Typhoon,ph,0.9,0.055,0.2,175,11.905581626980169,0.1262586296470135,1,0.9571480602119408,4.138764491769207,4.017317958661103
Typhoon,ph,0.9,0.055,0.2,176,12.913406962993308,0.0905957205374774,1,1.0402759171016918,3.964322267381167,4.1085340893724505
Typhoon,ph,0.9,0.055,0.2,177,12.40216304973242,0.08052885685465,1,1.0204790549313358,3.555291801866539,3.691765475173713
Typhoon,ph,0.9,0.055,0.2,178,13.96160967719708,0.098541392819308,1,1.0936677674644637,4.5833977472332,4.408418577324578
Typhoon,ph,0.9,0.055,0.2,179,11.948800397622232,0.1001162983134401,1,1.0503481360721612,3.874746840131394,4.1388211954916
Typhoon,ph,0.9,0.055,0.2,180,11.815824977031143,0.0956802593612444,1,1.0869695858818835,3.810517122634263,3.809788602713097
Typhoon,ph,0.9,0.055,0.2,181,14.42444575530818,0.088836094863882,1,1.0392623608106242,4.382848549351499,4.265721074317754
Typhoon,ph,0.9,0.055,0.2,182,12.087779622954674,0.1102366665312491,1,0.9845922300406624,3.982334825747933,4.038007601065934
Typhoon,ph,0.9,0.055,0.2,183,14.277029957561773,0.0838370337078138,1,0.9682559237919668,4.0677186258881335,4.25167250830048
Typhoon,ph,0.9,0.055,0.2,184,12.814389670797093,0.0879995681861777,1,0.9941352177829906,3.790189519480033,3.781967988804769
Typhoon,ph,0.9,0.055,0.2,185,12.300659071257746,0.1023199741023098,1,0.9327620304173084,3.800091221030924,3.8559647693857415
Typhoon,ph,0.9,0.055,0.2,186,12.108566589501596,0.1091635948809494,1,0.8504525088032053,3.689407975896985,3.635677937300245
Typhoon,ph,0.9,0.055,0.2,187,13.630139654556302,0.0858525992711069,1,1.027974471077689,4.049190362905471,3.902249828265402
Typhoon,ph,0.9,0.055,0.2,188,12.293084499170842,0.1087850298546963,1,0.9488693621074816,3.949559369345486,3.9527832811233456
Typhoon,ph,0.9,0.055,0.2,189,13.8495430986382,0.1144903019825089,1,0.8895018502507482,4.419704407509123,4.15556450358032
Typhoon,ph,0.9,0.055,0.2,190,13.246322643640072,0.1091093133674595,1,0.8775432571018497,4.098835671804668,3.6944642214130736
Typhoon,ph,0.9,0.055,0.2,191,12.282583043153185,0.1004131936159158,1,0.9305412688707396,3.7545069997299056,3.6976594855524665
Typhoon,ph,0.9,0.055,0.2,192,12.782010869090849,0.0753327800564715,1,0.8765991700736737,3.284669724188924,3.608755562010587
Typhoon,ph,0.9,0.055,0.2,193,11.49169966840485,0.1053949718987734,1,1.105897773738492,3.923301690724805,3.965903598491623
Typhoon,ph,0.9,0.055,0.2,194,13.23443954395995,0.0964923302641154,1,1.2,4.503421270353261,4.0577632058151965
Typhoon,ph,0.9,0.055,0.2,195,13.724072716959082,0.1014697952385987,1,0.9669600860833316,4.298883504991024,4.205444673286931
Typhoon,ph,0.9,0.055,0.2,196,12.96756524803364,0.1051863580299705,1,1.014945888927941,4.23701103857122,4.313428059158502
Typhoon,ph,0.9,0.055,0.2,197,13.38140154890452,0.0803207060936262,1,0.8783908877644555,3.554342487095902,3.792454863944728
Typhoon,ph,0.9,0.055,0.2,198,12.924545515570022,0.1202278860526867,1,1.0359235215304046,4.561227488286176,4.050155670350246
Typhoon,ph,0.9,0.055,0.2,199,11.479227148309969,0.0784583814886786,1,1.0063109211471732,3.225510166611482,3.527964913402568
Typhoon,ph,0.9,0.055,0.2,200,10.645877994300507,0.0973082772978786,1,0.9692513527128828,3.2694491310747744,3.388720816151788
Typhoon,ph,0.9,0.055,0.2,201,11.488815462025046,0.1062364678592368,1,1.0486702359567583,3.8347012585251705,4.142751311779838
Typhoon,ph,0.9,0.055,0.2,202,12.950858051810492,0.0977140838403344,1,0.8907013808557361,3.820702199055262,3.9063538637804007
Typhoon,ph,0.9,0.055,0.2,203,12.09463476221352,0.0906834011361996,1,1.1243723420425948,3.861995248021017,4.293191894480544
Typhoon,ph,0.9,0.055,0.2,204,10.930482213664275,0.0887396656615648,1,0.9396879481561388,3.1563855346993366,3.420695463140538
Typhoon,ph,0.9,0.055,0.2,205,13.503322459633594,0.1071925854668651,1,0.8162613588862795,3.9942719524860935,4.221085344268287
Typhoon,ph,0.9,0.055,0.2,206,14.27821610505286,0.1126440151287596,1,0.8719805271331638,4.474880119502668,4.355486144080518
Typhoon,ph,0.9,0.055,0.2,207,12.792815833683434,0.0921741913248835,1,0.9742522006995916,3.833597503699788,4.057287353319564
Typhoon,ph,0.9,0.055,0.2,208,12.091457995449842,0.1079610514520998,1,0.9980901701679492,3.9691463594472665,4.21459499699911
Typhoon,ph,0.9,0.055,0.2,209,12.42486250080534,0.0887204909955516,1,0.885952299648308,3.4834431684921925,3.7104906425473096
Typhoon,ph,0.9,0.055,0.2,210,11.66438763808793,0.12141751147515,1,0.8748129982822233,3.801545749630429,4.091758598825233
Typhoon,ph,0.9,0.055,0.2,211,13.648294710443423,0.134650560017735,1,0.8,4.479478611068892,4.62688351049694
Typhoon,ph,0.9,0.055,0.2,212,12.915333227926167,0.0979161439571321,1,1.020754569592999,4.083132124727473,4.124666069672625
Typhoon,ph,0.9,0.055,0.2,213,14.448810669710516,0.0910576322108586,1,1.0549073845786856,4.478137693486842,4.214179680280132
Typhoon,ph,0.9,0.055,0.2,214,14.08323010924422,0.108059574824294,1,0.8824012294041411,4.34877516457691,4.251140660253713
Typhoon,ph,0.9,0.055,0.2,215,13.098107840097844,0.1073489980843201,1,0.833951367700384,3.919023991087784,3.5057508802099875
Typhoon,ph,0.9,0.055,0.2,216,14.474772240688946,0.0925902812427865,1,0.9790381047687218,4.358070365262319,4.0923111803439385
Typhoon,ph,0.9,0.055,0.2,217,14.29844110451814,0.1154692903362149,1,1.0564474379131532,4.993969507658269,5.117443930892627
Typhoon,ph,0.9,0.055,0.2,218,11.36837885623431,0.1216985333846111,1,0.8862372149635485,3.733500398044279,4.06094816117873
Typhoon,ph,0.9,0.055,0.2,219,11.60335095044949,0.1244910614081381,1,0.9310251623639884,3.9503285917375086,4.0470416579809605
Typhoon,ph,0.9,0.055,0.2,220,12.67172331269864,0.1277452083678666,1,1.007333712048118,4.545636203586507,4.47381897286163
Typhoon,ph,0.9,0.055,0.2,221,12.28172151023673,0.1084473853820185,1,0.9829760651769752,4.009962026593414,3.843582828800307
Typhoon,ph,0.9,0.055,0.2,222,13.405645943825622,0.1119105103130048,1,1.0300308996755891,4.551434631912649,4.132379156797609
Typhoon,ph,0.9,0.055,0.2,223,11.880626324260165,0.1256282292533534,1,1.073032210440742,4.362036899565105,4.3016011939857535
Typhoon,ph,0.9,0.055,0.2,224,12.388281225870871,0.1153813797795208,1,1.0079217431549896,4.224665486736347,4.126063331701331
Typhoon,ph,0.9,0.055,0.2,225,12.31150793030712,0.12531347585145,1,0.9611075547564156,4.272638335730082,4.050227182515927
Typhoon,ph,0.9,0.055,0.2,226,12.622480257740223,0.0982931346499803,1,0.9594592698350168,3.876319485634799,3.8099945931600177
Typhoon,ph,0.9,0.055,0.2,227,13.924092413825765,0.0975166538209602,1,0.991556934125416,4.329772923994553,4.106068319229104
Typhoon,ph,0.9,0.055,0.2,228,12.829984142030463,0.1054777567691737,1,0.9808439726930314,4.126734472788352,4.180389164268011
Typhoon,ph,0.9,0.055,0.2,229,13.775126472563011,0.1136101526064481,1,0.8862670149500002,4.371056895920532,4.039041686109438
Typhoon,ph,0.9,0.055,0.2,230,15.46851632290726,0.1212795763607481,1,1.0808264989527925,5.600418576832092,5.489990048762556
Typhoon,ph,0.9,0.055,0.2,231,13.902318624569244,0.1086902798540989,1,1.1154030526178786,4.840592300222507,4.5887651770447695
Typhoon,ph,0.9,0.055,0.2,232,11.132356708825188,0.0958887608278453,1,1.0971360530768213,3.610781513172277,3.604728956249236
Typhoon,ph,0.9,0.055,0.2,233,13.02417275938341,0.0817379129900214,1,1.1068865310172875,3.917540293461392,4.298300433590929
Typhoon,ph,0.9,0.055,0.2,234,12.395129064444298,0.0979705458677934,1,1.131501399909402,4.126922990936542,4.308700856894634
Typhoon,ph,0.9,0.055,0.2,235,11.87782867926098,0.1062169133601396,1,1.120599477780465,4.097878740749474,4.153207684537937
Typhoon,ph,0.9,0.055,0.2,236,12.468898511263738,0.0902334245846433,1,0.8585106927291695,3.470440992384891,3.501260896325956
Typhoon,ph,0.9,0.055,0.2,237,12.719275451805466,0.0839035867072483,1,0.8930151248723585,3.4816254082733447,3.664461778993163
Typhoon,ph,0.9,0.055,0.2,238,11.454584689222123,0.0924710448309537,1,1.1019610998370295,3.656498181838793,3.92524699574689
Typhoon,ph,0.9,0.055,0.2,239,11.29875327925066,0.126975234722758,1,1.1322133802075849,4.284046529343188,4.396340722260955
Typhoon,ph,0.9,0.055,0.2,240,11.8805353546078,0.0848561657734176,1,0.872938098971231,3.233474478265377,3.2939973730671355
Typhoon,ph,0.9,0.055,0.2,241,14.794125341820545,0.0771021506784017,1,0.9939322133439644,4.0954433527535645,4.059187424736155
Typhoon,ph,0.9,0.055,0.2,242,11.625070761065247,0.1133320254959168,1,1.0289801101055385,3.9698620943840255,3.949129263775614
Typhoon,ph,0.9,0.055,0.2,243,12.72255773402989,0.1301963878559653,1,1.0610470050042793,4.728693987034499,4.319889011103881
Typhoon,ph,0.9,0.055,0.2,244,13.393172876507007,0.0990878254788378,1,1.0693513330421969,4.359672148281148,4.34196439998588
Typhoon,ph,0.9,0.055,0.2,245,12.484914223541214,0.1058857382066785,1,0.9707565768552432,4.002759233978893,3.864672580252651
Typhoon,ph,0.9,0.055,0.2,246,12.10676598051084,0.0947778630834837,1,1.1608041984015025,4.01569841451875,4.266767809158767
Typhoon,ph,0.9,0.055,0.2,247,12.103395365047044,0.1121082561477541,1,1.012387317047451,4.077550669462895,3.9672254014931703
Typhoon,ph,0.9,0.055,0.2,248,13.524280587660009,0.123292612468576,1,0.8719921075072923,4.434441980544363,4.579704808532057
Typhoon,ph,0.9,0.055,0.2,249,12.77677723830685,0.1237058587546622,1,0.9373917737392196,4.3508792070917215,4.347074407211784
Typhoon,ph,0.9,0.055,0.2,250,13.455802273437088,0.1009806036400629,1,1.0158713839745637,4.309708947382531,4.174211801936321
Typhoon,ph,0.9,0.055,0.2,251,13.771138077016325,0.0826296786058076,1,0.9812300079207564,3.921238655105652,3.805761081503099
Typhoon,ph,0.9,0.055,0.2,252,12.343443350738966,0.096305887536204,1,0.9664628689553262,3.765783375463236,4.361725289991548
Typhoon,ph,0.9,0.055,0.2,253,11.903390228553096,0.1209239599600774,1,1.0210205467567786,4.18257842210277,4.16804821944563
Typhoon,ph,0.9,0.055,0.2,254,13.045862072552598,0.1145794009394951,1,1.1169643393215851,4.667084995601678,4.664231952444048
Typhoon,ph,0.9,0.055,0.2,255,13.14018614223212,0.1193153748076176,1,0.9911275419199168,4.518710254353862,4.260013872023834
Typhoon,ph,0.9,0.055,0.2,256,13.265259773609364,0.0852666205836547,1,0.99680037818458,3.867313521619261,4.148441572440726
Typhoon,ph,0.9,0.055,0.2,257,13.237235918259284,0.0864286622726544,1,1.0395162752111995,3.967727625234759,3.890900351464102
Typhoon,ph,0.9,0.055,0.2,258,13.29705776165778,0.10139760283112,1,0.9913501861475996,4.215828597211581,4.29295950739074
Typhoon,ph,0.9,0.055,0.2,259,12.172243892106795,0.111589204849948,1,1.1251627106951954,4.313098758266663,4.44087565869864
Typhoon,ph,0.9,0.055,0.2,260,14.80645324602186,0.1198094537800722,1,1.0284656328104589,5.197463829530637,4.663268663652274
Typhoon,ph,0.9,0.055,0.2,261,12.556975877815596,0.1045832972036021,1,0.9901121203017752,4.040716799840592,3.905365455159079
Typhoon,ph,0.9,0.055,0.2,262,13.507176924620383,0.0916607785657649,1,0.9272692718177682,3.937851129011813,3.9643176312488335
Typhoon,ph,0.9,0.055,0.2,263,12.41909241802302,0.0982212780937577,1,1.0654188129619504,4.017471736015027,4.041025786145952
Typhoon,ph,0.9,0.055,0.2,264,14.526158840293355,0.1365743874653983,1,0.9721074602186603,5.292886211665272,4.911148882284037
Typhoon,ph,0.9,0.055,0.2,265,12.7154944414829,0.13424632486601,1,1.0307837764655874,4.730077345109034,4.602066184997501
Typhoon,ph,0.9,0.055,0.2,266,12.420371038159873,0.0961829353250612,1,1.0296701866084474,3.9087028222653335,3.923870920808528
Typhoon,ph,0.9,0.055,0.2,267,12.605797651815706,0.1310799830658966,1,0.8026670695179855,4.088897678177042,3.829075221924292
Typhoon,ph,0.9,0.055,0.2,268,12.560901925565153,0.0950074630802808,1,1.1029360083396986,4.066069927835747,4.124150373218085
Typhoon,ph,0.9,0.055,0.2,269,14.78007962133467,0.0899623766607515,1,1.0027719749109831,4.439236961085423,4.623033031715928
Typhoon,ph,0.9,0.055,0.2,270,11.314135646477332,0.1040392446089104,1,0.9662783598571052,3.5873281305016493,3.886864580134091
Typhoon,ph,0.9,0.055,0.2,271,12.106647216837956,0.107391199944545,1,1.1176439920492256,4.194304717279262,3.873558188135176
Typhoon,ph,0.9,0.055,0.2,272,13.80590600899458,0.1011134647354076,1,0.8627551174160452,4.077680369235234,3.6855508801554153
Typhoon,ph,0.9,0.055,0.2,273,11.886663242724472,0.1009650164874128,1,0.8659794005299031,3.5147885259259675,3.6781328655967256
Typhoon,ph,0.9,0.055,0.2,274,13.72195323996274,0.1199432074136559,1,0.9897724061169498,4.727934324054871,4.90240462872158
Typhoon,ph,0.9,0.055,0.2,275,13.11193200253093,0.0820431623964501,1,0.8891553261607249,3.541414014287709,3.647808559896971
Typhoon,ph,0.9,0.055,0.2,276,12.387750417987585,0.0830390393870088,1,0.94975662698242,3.478882586218768,3.710672076504349
Typhoon,ph,0.9,0.055,0.2,277,13.505209467834712,0.0961877010419759,1,1.0039327623564642,4.196753010272611,3.988358869842133
Typhoon,ph,0.9,0.055,0.2,278,13.105591748517169,0.0972817485564974,1,0.9036082736065094,3.885638723334031,4.136551173090951
Typhoon,ph,0.9,0.055,0.2,279,13.262330351239148,0.1044153820481819,1,0.9136231293160596,4.096242180154446,4.287545312830933
Typhoon,ph,0.9,0.055,0.2,280,14.338836306914152,0.1098913906693517,1,0.9160012328217934,4.549291553291046,4.291347439531025
Typhoon,ph,0.9,0.055,0.2,281,13.673219526957048,0.0980328115275509,1,0.9480727651105806,4.168476438880684,4.209233224214593
Typhoon,ph,0.9,0.055,0.2,282,10.638727831305962,0.1145097622588979,1,0.933968300881368,3.479181002447626,3.6379047669818583
Typhoon,ph,0.9,0.055,0.2,283,11.29672604058804,0.1021932266770899,1,1.1037017331366907,3.793931758156148,4.063658624458908
Typhoon,ph,0.9,0.055,0.2,284,12.913276504794728,0.1251899667346439,1,0.9367311564777948,4.422101383057728,3.9906284711997033
Typhoon,ph,0.9,0.055,0.2,285,12.444858636507233,0.0894725107419147,1,0.9955633929752794,3.714233815044184,3.8184757140351993
Typhoon,ph,0.9,0.055,0.2,286,13.394643124692362,0.1121972537155535,1,1.0688253358550284,4.638479381447463,4.683804377128352
Typhoon,ph,0.9,0.055,0.2,287,11.399313484019482,0.0870656364487026,1,0.9358422110375751,3.253894003777917,3.6265443183643473
Typhoon,ph,0.9,0.055,0.2,288,13.28122221559888,0.0845233084928094,1,0.97330108059629,3.809341342513282,3.636437467566082
Typhoon,ph,0.9,0.055,0.2,289,13.565251998706009,0.1377637870214649,1,0.9820874084513238,4.989654489310626,5.088399282687245
Typhoon,ph,0.9,0.055,0.2,290,12.667743002063984,0.1143750337533033,1,1.0144866423668906,4.315071816708138,4.355077197097417
Typhoon,ph,0.9,0.055,0.2,291,13.029692231060444,0.0956490453548399,1,1.0391879555902863,4.107915766335059,4.113423574743296
Typhoon,ph,0.9,0.055,0.2,292,14.022698316577127,0.0917223691202157,1,1.0569793852629747,4.366188497506804,4.362431461680894
Typhoon,ph,0.9,0.055,0.2,293,11.784346033122509,0.0993430501164538,1,0.9878298710216488,3.691605708336876,3.820100652595056
Typhoon,ph,0.9,0.055,0.2,294,14.05205002241681,0.0917935188034787,1,0.9915817302287724,4.2394542650301865,3.907530250975375
Typhoon,ph,0.9,0.055,0.2,295,13.393146971801569,0.0954977202224746,1,1.0770963373614617,4.295427677623524,4.221265290779822
Typhoon,ph,0.9,0.055,0.2,296,12.41978572103085,0.0985656591221784,1,0.93838873765895,3.7771854809783454,3.849100209914764
Typhoon,ph,0.9,0.055,0.2,297,11.38275583217257,0.1125208837929897,1,1.062234414861947,3.9352667062005744,3.924161599939268
Typhoon,ph,0.9,0.055,0.2,298,12.520014407604132,0.1218919114048108,1,0.9780127432702234,4.322793891528365,4.02259422150983
Typhoon,ph,0.9,0.055,0.2,299,11.940869861104977,0.1021535325077933,1,0.9619231102503067,3.74311214743783,3.6896791453499462
Typhoon,ph,0.9,0.055,0.2,300,12.492002517693582,0.0998195390896764,1,0.989908870561581,3.926787964109512,3.800442556665765
Typhoon,ph,0.9,0.055,0.2,301,11.639584069690253,0.090181866831296,1,1.018699483046167,3.527931263702442,4.123653472407895
Typhoon,ph,0.9,0.055,0.2,302,11.45391228135366,0.1361273312062315,1,0.8627900937545746,3.9253563871373776,3.724330312645157
Typhoon,ph,0.9,0.055,0.2,303,15.490331048091152,0.1068477039132915,1,0.88893885185848,4.773965104108389,4.601845670046623
Typhoon,ph,0.9,0.055,0.2,304,13.423276115472229,0.1094921350058572,1,0.9575051816396868,4.346308530287518,4.373310657494552
Typhoon,ph,0.9,0.055,0.2,305,12.541742676626203,0.0985955199318452,1,0.8,3.522341585917065,3.613726580228316
Typhoon,ph,0.9,0.055,0.2,306,13.30052977749336,0.1026457139959054,1,1.0234510452714891,4.310949017198597,4.410571872887991
Typhoon,ph,0.9,0.055,0.2,307,11.760385204856746,0.1032225038361151,1,1.0078625312304903,3.793231878500992,3.887419050610121
Typhoon,ph,0.9,0.055,0.2,308,12.141822761968864,0.0855819230991114,1,0.9299071701288616,3.4252691878367525,3.748045936214584
Typhoon,ph,0.9,0.055,0.2,309,11.525718875411965,0.1060384135965331,1,1.0281029121834055,3.8055543430994,4.063042581400179
Typhoon,ph,0.9,0.055,0.2,310,12.244997334946367,0.1050346946744184,1,1.135145953837866,4.228155356331837,4.232305268513686
Typhoon,ph,0.9,0.055,0.2,311,12.113925893437058,0.0852601607797775,1,0.8505161664554303,3.262115040997162,3.538592472463584
Typhoon,ph,0.9,0.055,0.2,312,13.865107092733927,0.1148905227471152,1,0.96745782640726,4.622547177449546,4.37743496273183
Typhoon,ph,0.9,0.055,0.2,313,11.215641787866913,0.1034300524489975,1,1.0341884954866762,3.668152254368048,3.8237706127216975
Typhoon,ph,0.9,0.055,0.2,314,12.048296765454046,0.1152708878478804,1,0.9650037297896722,4.018370448402634,3.771688037862888
Typhoon,ph,0.9,0.055,0.2,315,12.697708928639214,0.0902730737759733,1,1.1266445443064046,4.049467722359528,4.05572877661033
Typhoon,ph,0.9,0.055,0.2,316,11.83202332452083,0.084891655818769,1,0.8973568675480081,3.265683672161966,3.7417377433323096
Typhoon,ph,0.9,0.055,0.2,317,12.762193424849688,0.1121982699084523,1,0.995927584798997,4.2661122983792685,4.044229975323649
Typhoon,ph,0.9,0.055,0.2,318,10.638286679042803,0.1178334216176518,1,0.9687339663459178,3.594249306378691,3.766683587124212
Typhoon,ph,0.9,0.055,0.2,319,12.019047952689675,0.111196941980322,1,1.02672177745265,4.061092454774921,3.972453212119443
Typhoon,ph,0.9,0.055,0.2,320,12.937282973211657,0.0922644528818647,1,0.8079634453217788,3.5322882694118003,3.6775196063492017
Typhoon,ph,0.9,0.055,0.2,321,10.05643928087263,0.0892210834914687,1,1.063370195118598,3.0975635412418,3.299116834649313
Typhoon,ph,0.9,0.055,0.2,322,12.923608705991272,0.094351272955032,1,1.0861223453437625,4.137109887563427,4.022750755925572
Typhoon,ph,0.9,0.055,0.2,323,14.702534759754345,0.0879184105521718,1,0.9927922493455992,4.343714952751626,4.1616578595397655
Typhoon,ph,0.9,0.055,0.2,324,12.676718920610227,0.0880486695323504,1,1.0758572166588662,3.901625477446569,4.128606370113989
Typhoon,ph,0.9,0.055,0.2,325,13.167886897064395,0.1106067443085168,1,0.9939250590885116,4.365999808281037,4.145996708007739
Typhoon,ph,0.9,0.055,0.2,326,11.611843072851176,0.1068526975043324,1,0.8781694440095402,3.5569934384006854,3.769819754374253
Typhoon,ph,0.9,0.055,0.2,327,12.155469916862897,0.1076870706320529,1,0.8511590311016497,3.680093815904947,4.144988223187367
Typhoon,ph,0.9,0.055,0.2,328,12.715596732044636,0.0890310851427252,1,1.1431796851148526,4.056624680160176,3.8871317740911673
Typhoon,ph,0.9,0.055,0.2,329,11.095538617563951,0.1077629086153843,1,1.0955775732412725,3.812453966640606,3.800951335962555
Typhoon,ph,0.9,0.055,0.2,330,13.511749614870403,0.0969524328110932,1,0.932598490929302,4.062920257536038,4.059101269879642
Typhoon,ph,0.9,0.055,0.2,331,12.168421085285786,0.0947342349039045,1,0.9451904098084564,3.641223686640978,3.613520758115045
Typhoon,ph,0.9,0.055,0.2,332,13.084825806744002,0.1064257911261946,1,0.9312890138390196,4.119396815246949,4.213702594251759
Typhoon,ph,0.9,0.055,0.2,333,12.190959705121848,0.1017037605610421,1,1.0879498795554874,4.055186624728436,4.229909919473438
Typhoon,ph,0.9,0.055,0.2,334,11.037211303891512,0.0987726740186397,1,0.925589895203896,3.337237116197705,3.464110329211813
Typhoon,ph,0.9,0.055,0.2,335,13.58074255903744,0.0988252256520921,1,0.8926308769984703,4.033605093260356,4.089163477250749
Typhoon,ph,0.9,0.055,0.2,336,13.459938994781805,0.1063382477762564,1,0.9021300412786416,4.168908987483732,4.150851619777402
Typhoon,ph,0.9,0.055,0.2,337,13.654276737036245,0.0814324396882307,1,1.0597822904364116,4.011213264387839,4.372237953514395
Typhoon,ph,0.9,0.055,0.2,338,14.092332226150557,0.110185013766231,1,0.988177303586812,4.65009232486839,4.355920266393708
Typhoon,ph,0.9,0.055,0.2,339,12.082441953478464,0.1027987036663448,1,0.9433417868770144,3.762556868639769,3.675021679896545
Typhoon,ph,0.9,0.055,0.2,340,13.433716852379955,0.0993849945758332,1,0.8953764806787123,4.007369981359953,4.1763812317329
Typhoon,ph,0.9,0.055,0.2,341,13.349872171241753,0.1074057629175347,1,1.1437142753547085,4.678963639672626,4.206921273321864
Typhoon,ph,0.9,0.055,0.2,342,11.889389039937912,0.1031866834125201,1,1.127094701327456,4.054633170971449,3.544536782138645
Typhoon,ph,0.9,0.055,0.2,343,12.330962088331468,0.1035122769891258,1,1.039838290089426,4.045533448211434,3.8680075763247648
Typhoon,ph,0.9,0.055,0.2,344,12.805065529046928,0.1302926298325037,1,1.0589728920824288,4.756463317971389,4.478783121012137
Typhoon,ph,0.9,0.055,0.2,345,12.493045350047112,0.099276059753226,1,0.9328136832329724,3.8017892328970975,4.070153551068233
Typhoon,ph,0.9,0.055,0.2,346,12.606704704068193,0.089970636926252,1,0.9999008551250012,3.781206950640045,4.27207382625847
Typhoon,ph,0.9,0.055,0.2,347,11.776029653469974,0.1013835153922771,1,1.0061995540313318,3.761184379952406,3.863843150698042
Typhoon,ph,0.9,0.055,0.2,348,13.909147236665882,0.1078298256792219,1,0.8971484350640051,4.326155322665901,3.958884495011765
Typhoon,ph,0.9,0.055,0.2,349,13.858385574344444,0.1041135873913963,1,0.9361796819817652,4.3265920853076825,4.256156312037006
Typhoon,ph,0.9,0.055,0.2,350,12.539101116550682,0.1253714117847571,1,1.0337716478753276,4.514170635056996,4.083138195264435
Typhoon,ph,0.9,0.055,0.2,351,11.692120980149827,0.114907270412896,1,1.0293932806346826,4.021218936765036,3.8762142569752056
Typhoon,ph,0.9,0.055,0.2,352,13.742989375223862,0.0965516801127849,1,0.9912547973406632,4.251613521053574,4.158058119025245
Typhoon,ph,0.9,0.055,0.2,353,13.166315103405053,0.0990861739542856,1,1.011414037709426,4.16807248302059,3.957339122719953
Typhoon,ph,0.9,0.055,0.2,354,16.01861237513527,0.0990053228315275,1,0.9537262808724738,4.922276882426072,4.528409603566475
Typhoon,ph,0.9,0.055,0.2,355,14.105219960215392,0.1222342283573907,1,0.9838810729090348,4.891562238287426,4.883803449773133
Typhoon,ph,0.9,0.055,0.2,356,12.202773234529786,0.0937716709522639,1,0.9580160286425088,3.6574698601112,3.8621838655840497
Typhoon,ph,0.9,0.055,0.2,357,12.635990139561445,0.0811025579986716,1,1.099210529972193,3.772827895259965,3.787771108811484
Typhoon,ph,0.9,0.055,0.2,358,11.083398673724895,0.1016482098273321,1,0.989590880741814,3.51520506019821,3.633764485219279
Typhoon,ph,0.9,0.055,0.2,359,12.287792287269136,0.1037331613816832,1,0.831803591713115,3.609466903309556,3.760655077632122
Typhoon,ph,0.9,0.055,0.2,360,12.110179048375542,0.0919531672653667,1,0.992774971248106,3.658973974520676,3.693022377781121
Typhoon,ph,0.9,0.055,0.2,361,11.939108994452225,0.1123667115279358,1,1.0142227182316197,4.030486025925205,4.186649302378787
Typhoon,ph,0.9,0.055,0.2,362,14.603497243104457,0.095412140401303,1,0.9181834982634454,4.322384866119642,4.1625627812212045
Typhoon,ph,0.9,0.055,0.2,363,11.604986071909202,0.1042835822277062,1,0.9405322736297334,3.634456250471193,3.5408127565078056
Typhoon,ph,0.9,0.055,0.2,364,12.25354995884045,0.1027430542676355,1,0.9844617292399196,3.8970643813250887,4.034568827296611
Typhoon,ph,0.9,0.055,0.2,365,13.604759931030385,0.0931030086515792,1,1.0304028694872147,4.213822814347102,4.011691793870564
Typhoon,ph,0.9,0.055,0.2,366,13.126702441785424,0.0925975733587462,1,0.9693761331375584,3.932797678931754,4.362227506771802
Typhoon,ph,0.9,0.055,0.2,367,13.039221549520562,0.0946420868724114,1,1.043410924097156,4.0975240201528855,3.8548314472954033
Typhoon,ph,0.9,0.055,0.2,368,13.298033761792995,0.1190151828513309,1,1.0723034747324562,4.750589144000435,4.883968876120824
Typhoon,ph,0.9,0.055,0.2,369,14.537454788505116,0.0991149124184608,1,0.993606977011793,4.562104132538673,4.000435584666696
Typhoon,ph,0.9,0.055,0.2,370,12.099534647092405,0.1209162903792272,1,0.9790933914265504,4.163160310498515,4.177748888161448
Typhoon,ph,0.9,0.055,0.2,371,13.639114335603988,0.0935267674450986,1,0.9798075909763158,4.128806521319341,3.816694731335468
Typhoon,ph,0.9,0.055,0.2,372,13.856753715780336,0.1015275438030777,1,1.0323559429014757,4.486091930046226,4.602278026519537
Typhoon,ph,0.9,0.055,0.2,373,12.261286667403285,0.1025999711696215,1,0.9825719735463466,3.893066765331811,4.073126402017277
Typhoon,ph,0.9,0.055,0.2,374,11.716984223579376,0.0988831814633739,1,1.1078829822668002,3.878144673614807,4.032100682335394
Typhoon,ph,0.9,0.055,0.2,375,13.276323095806182,0.0854169501635288,1,1.0690255374449291,4.011842578689508,4.138135854317567
Typhoon,ph,0.9,0.055,0.2,376,10.852211802618184,0.1107445698825559,1,0.9573398698637368,3.533560689017473,3.888287252923736
Typhoon,ph,0.9,0.055,0.2,377,12.2751878071653,0.1061853319306547,1,1.0126347343133324,4.025194030357979,4.470870030533882
Typhoon,ph,0.9,0.055,0.2,378,13.139137100375269,0.1045581299781502,1,0.9904013849030276,4.228159553335448,4.0905775514188845
Typhoon,ph,0.9,0.055,0.2,379,10.41344133368872,0.1298991230031901,1,0.9758773250276334,3.707618134798473,3.655069452965864
Typhoon,ph,0.9,0.055,0.2,380,13.036652596461318,0.0973957223540438,1,1.0083682758886088,4.085503820571777,4.105163207565319
Typhoon,ph,0.9,0.055,0.2,381,12.664157981339653,0.100231255555824,1,1.0186395009347382,4.046580287083487,4.042701649035752
Typhoon,ph,0.9,0.055,0.2,382,12.93055632087066,0.1211313071597815,1,0.9217648427360006,4.320713620403398,4.12989684552035
Typhoon,ph,0.9,0.055,0.2,383,11.54055114149455,0.1017847505707132,1,1.0852391326059032,3.8355763404572345,3.923141693211097
Typhoon,ph,0.9,0.055,0.2,384,11.029812008942136,0.0959709899099741,1,1.0951936311201722,3.5758850736395456,3.7270803002974695
Typhoon,ph,0.9,0.055,0.2,385,12.901001638439707,0.1003821550026558,1,1.0281244916243233,4.144522868072242,4.045010490018597
Typhoon,ph,0.9,0.055,0.2,386,12.629028511390498,0.1305726451626028,1,0.9056480207963472,4.342859366844468,4.432038219160517
Typhoon,ph,0.9,0.055,0.2,387,13.547878122457798,0.1280191727994901,1,0.8,4.335645675467287,4.315311559950516
Typhoon,ph,0.9,0.055,0.2,388,13.973140396542476,0.0948161947602067,1,0.9430709520797594,4.178375513267737,4.059083284723477
Typhoon,ph,0.9,0.055,0.2,389,12.841902266693369,0.1063599007144328,1,1.120561984021933,4.433393337791552,4.144119195819099
Typhoon,ph,0.9,0.055,0.2,390,11.820214949035163,0.0868152635484232,1,1.0051308868422888,3.491682349508974,3.9919792889313706
Typhoon,ph,0.9,0.055,0.2,391,12.787376439832922,0.1048322603444614,1,0.9839633905380502,4.106940352942507,3.795222835376586
Typhoon,ph,0.9,0.055,0.2,392,14.643525473155778,0.1044320729721026,1,1.0653188623097056,4.884300829102646,4.583142988450096
Typhoon,ph,0.9,0.055,0.2,393,12.348565549955802,0.0993197474070254,1,1.1471045606772097,4.168077810434333,4.101763260156928
Typhoon,ph,0.9,0.055,0.2,394,12.169026679394596,0.1071535623570771,1,0.9496018399182596,3.881771113821404,3.853434352873606
Typhoon,ph,0.9,0.055,0.2,395,11.30774248493323,0.0958205708460758,1,1.0688798913014457,3.618842982018918,3.880068757471343
Typhoon,ph,0.9,0.055,0.2,396,14.597691049674758,0.0978916341770869,1,0.97324773281275,4.505766248303276,4.074111891970718
Typhoon,ph,0.9,0.055,0.2,397,11.270170348150206,0.0822000617779495,1,0.9284339599190584,3.113451186845375,3.2543851925238974
Typhoon,ph,0.9,0.055,0.2,398,14.4450784540203,0.1102225813871305,1,0.8693849007844086,4.471582424328465,4.203536649082821
Typhoon,ph,0.9,0.055,0.2,399,12.109982084806893,0.1114893161564483,1,0.9769139116608098,3.996577817634434,4.02124904560397
Ocean,lambda_ci,0.9,0.055,0.2,0,107.3361724003616,0.1007902342428081,1,0.9704869609897264,33.56991054567919,34.80148586538098
Ocean,lambda_ci,0.9,0.055,0.2,1,126.66911453088112,0.1027166885172504,1,0.9705047931211774,39.99356161634821,36.81023901283311
Ocean,lambda_ci,0.9,0.055,0.2,2,109.77241332378216,0.0895947126155244,1,0.9033591360277315,31.22947066897389,33.89791048589573
Ocean,lambda_ci,0.9,0.055,0.2,3,97.41378358631486,0.0962974175194447,1,1.0079279919731083,30.34886720390725,34.91086042637944
Ocean,lambda_ci,0.9,0.055,0.2,4,125.84328504371842,0.0929333488190813,1,1.03093135007944,38.95208537960616,35.342232935099744
Ocean,lambda_ci,0.9,0.055,0.2,5,114.28150458518216,0.0920095171666449,1,1.0232568055412996,35.06587224548943,34.04104219038472
Ocean,lambda_ci,0.9,0.055,0.2,6,109.0873076413232,0.1044902961576713,1,1.07463224786493,36.55460855685278,35.083827536884755
Ocean,lambda_ci,0.9,0.055,0.2,7,122.99590339858813,0.0933937460743952,1,1.107574596940012,39.55815589496262,34.20838310643129
Ocean,lambda_ci,0.9,0.055,0.2,8,119.03833660268428,0.0907298118395644,1,0.9374458155283852,34.71642066180898,35.10452283095464
Ocean,lambda_ci,0.9,0.055,0.2,9,112.1210998543786,0.1073513934110494,1,1.0563236787251264,37.75632361568231,35.61545099772955
Ocean,lambda_ci,0.9,0.055,0.2,10,113.72228470816265,0.1027686276494092,1,1.1406148980874078,38.935465794402965,35.85694975694765
Ocean,lambda_ci,0.9,0.055,0.2,11,112.07415781972196,0.1202903060626734,1,0.8868662749089038,36.60579717810873,32.63754999607126
Ocean,lambda_ci,0.9,0.055,0.2,12,103.48360533689214,0.1152314399087668,1,0.9361110777852236,33.98761872766879,34.08296561007811
Ocean,lambda_ci,0.9,0.055,0.2,13,120.07879377175,0.0916098982512458,1,1.097613985436139,38.07696572381513,36.97610153050482
Ocean,lambda_ci,0.9,0.055,0.2,14,107.02448167744276,0.0992964818506306,1,0.896153523848225,31.92576204334948,33.90947886219119
Ocean,lambda_ci,0.9,0.055,0.2,15,116.29400832393142,0.0948587758093358,1,1.0333304721559946,36.40958390570951,36.56092436002265
Ocean,lambda_ci,0.9,0.055,0.2,16,110.81362394870276,0.1086678827081402,1,0.9535231362062402,35.670514880687186,33.821261895955416
Ocean,lambda_ci,0.9,0.055,0.2,17,113.22922665718328,0.1274084417191801,1,1.0100868963069125,40.61972807463931,36.113076178164704
Ocean,lambda_ci,0.9,0.055,0.2,18,106.6074157300716,0.1030207582404131,1,0.991107380626166,34.06513715673385,35.22386153487671
Ocean,lambda_ci,0.9,0.055,0.2,19,112.75041930425829,0.1194394919117448,1,1.095003953889533,40.77556457346643,35.76846638453786
Ocean,lambda_ci,0.9,0.055,0.2,20,107.19350249363497,0.1037918180266977,1,1.0923504531177315,36.09366786859716,33.821071677274446
Ocean,lambda_ci,0.9,0.055,0.2,21,128.10431258560803,0.1109246819547665,1,1.0302376932417128,43.30584968444245,38.60845170054046
Ocean,lambda_ci,0.9,0.055,0.2,22,100.49991333611932,0.1054708599623762,1,0.8880589499310007,30.75762718555096,34.185659493788314
Ocean,lambda_ci,0.9,0.055,0.2,23,92.6791597562314,0.0980948109713138,1,0.9946856149542628,28.949963713095507,33.14544371056782
Ocean,lambda_ci,0.9,0.055,0.2,24,96.84949719572175,0.0965920935197391,1,0.9390112630572908,29.167792423848606,33.41655738245032
Ocean,lambda_ci,0.9,0.055,0.2,25,91.81063469652126,0.1077929348118913,1,0.8980503457373731,28.5652796502331,34.76009434750996
Ocean,lambda_ci,0.9,0.055,0.2,26,119.6945097875217,0.1167789993166237,1,1.0552941547170818,42.01877349388404,36.84839938003138
Ocean,lambda_ci,0.9,0.055,0.2,27,108.29459079301728,0.0913469742362724,1,0.9273124912095216,31.518598845913708,33.69143789565156
Ocean,lambda_ci,0.9,0.055,0.2,28,112.01824861796176,0.1043549695579865,1,0.962518436128832,35.50175924648442,33.44551432354387
Ocean,lambda_ci,0.9,0.055,0.2,29,99.4126439094537,0.1138648696921862,1,1.0599326728214438,34.53628668288209,32.410100721760536
Ocean,lambda_ci,0.9,0.055,0.2,30,100.3987810466654,0.1317898986812372,1,1.0828776417919974,37.927934781869226,34.73471994656922
Ocean,lambda_ci,0.9,0.055,0.2,31,122.70629100533236,0.1217504443529801,1,1.0569136235366503,44.01714339748237,38.52411899807415
Ocean,lambda_ci,0.9,0.055,0.2,32,104.6024277325278,0.0948583916682193,1,1.0915692788597051,33.6593166638616,33.94720382325096
Ocean,lambda_ci,0.9,0.055,0.2,33,101.74121368566728,0.0951956038244605,1,0.9953810934980027,31.31843516345667,34.89841301180276
Ocean,lambda_ci,0.9,0.055,0.2,34,107.09230461023358,0.0857805421677338,1,1.0188092625201577,31.659139054292535,34.43991586887432
Ocean,lambda_ci,0.9,0.055,0.2,35,113.01719342709384,0.1057836501764816,1,1.0026122788990008,36.80614240507292,31.54872201549864
Ocean,lambda_ci,0.9,0.055,0.2,36,107.1184563667876,0.0964833960204352,1,0.8099447078197926,29.944583879503163,32.81579726643883
Ocean,lambda_ci,0.9,0.055,0.2,37,109.10982234006352,0.1232738028381461,1,1.0667936171757344,39.56757641045103,35.72838154170509
Ocean,lambda_ci,0.9,0.055,0.2,38,107.84256397241242,0.0952061827666727,1,0.965558930253508,32.697321197007426,34.59369377211926
Ocean,lambda_ci,0.9,0.055,0.2,39,119.25738223910145,0.1070738704627312,1,0.9287110763400896,37.606882706937256,34.833886574185975
Ocean,lambda_ci,0.9,0.055,0.2,40,117.12007587499554,0.1012791347085728,1,1.061789525922613,38.4070149652101,36.44337503624805
Ocean,lambda_ci,0.9,0.055,0.2,41,112.29820357151355,0.1089162375885268,1,1.021925983194839,37.465268123446,36.10632205222608
Ocean,lambda_ci,0.9,0.055,0.2,42,102.57875375728518,0.1223537207852063,1,0.9012940872831292,34.06428438949305,35.459717863590114
Ocean,lambda_ci,0.9,0.055,0.2,43,102.79943431201724,0.0942812697999548,1,1.0866671386408455,32.904227811335566,33.39554224450568
Ocean,lambda_ci,0.9,0.055,0.2,44,107.80144375517852,0.0941289553127056,1,0.9186963880181864,31.700944446600527,33.88596501683123
Ocean,lambda_ci,0.9,0.055,0.2,45,108.15024254299618,0.1076809072761999,1,0.8639213532188825,32.98632662749783,36.18169924346284
Ocean,lambda_ci,0.9,0.055,0.2,46,106.15139809988156,0.1105253923171919,1,0.9773546086662246,34.888543056719946,36.277503407307606
Ocean,lambda_ci,0.9,0.055,0.2,47,93.79595527865663,0.135224193148975,1,1.15612056034483,37.08624582086196,33.51937734392371
Ocean,lambda_ci,0.9,0.055,0.2,48,94.18244557730516,0.100131345000235,1,0.9265853023466548,28.68782954338521,32.91899642005359
Ocean,lambda_ci,0.9,0.055,0.2,49,122.9611317066088,0.0972619321461237,1,1.118803393753948,40.56170345109099,39.58132167908521
Ocean,lambda_ci,0.9,0.055,0.2,50,115.3462984906282,0.0937639082775674,1,0.859760314402818,32.74991750876302,36.79637408627745
Ocean,lambda_ci,0.9,0.055,0.2,51,108.14407960709572,0.0882931737167938,1,1.025153745125289,32.53574937816278,35.23351442365452
Ocean,lambda_ci,0.9,0.055,0.2,52,127.09867666679656,0.1044289628927469,1,1.026761172170748,41.61848144059108,36.30298442570477
Ocean,lambda_ci,0.9,0.055,0.2,53,98.96208990921444,0.0958658018340812,1,0.9917283779219892,30.513855348399154,34.18387789049084
Ocean,lambda_ci,0.9,0.055,0.2,54,111.64036372534564,0.090836181163944,1,1.0954556136995173,35.21665228245689,34.9260061085025
Ocean,lambda_ci,0.9,0.055,0.2,55,106.07751666163526,0.0929658021841243,1,1.0354650410068271,32.9118788064699,36.23430405240824
Ocean,lambda_ci,0.9,0.055,0.2,56,102.77834247122448,0.1074048990308262,1,0.9699310891219906,33.1729500677692,34.06599539877875
Ocean,lambda_ci,0.9,0.055,0.2,57,124.29438138581222,0.1105668078908387,1,0.93800411381368,40.02821782826948,37.15318540727437
Ocean,lambda_ci,0.9,0.055,0.2,58,109.16925613241231,0.0920490761083066,1,1.0663477323597743,34.20262926067252,36.33383598343318
Ocean,lambda_ci,0.9,0.055,0.2,59,111.27131812262664,0.1002604424651569,1,1.093376017477764,36.841119015685805,35.563622348965126
Ocean,lambda_ci,0.9,0.055,0.2,60,117.9078549405195,0.1129964807979141,1,0.9811581903992224,39.25949547562945,32.63347682730137
Ocean,lambda_ci,0.9,0.055,0.2,61,95.4044943316743,0.0969232212525898,1,1.061724419840644,30.60473736367912,34.026230431789195
Ocean,lambda_ci,0.9,0.055,0.2,62,93.55405521474864,0.0973878106941528,1,1.0297276310320052,29.62621034208542,34.660006269932765
Ocean,lambda_ci,0.9,0.055,0.2,63,117.28721976355772,0.089778892761196,1,1.011947907373734,35.35223638289619,35.78665664160441
Ocean,lambda_ci,0.9,0.055,0.2,64,113.84767478633584,0.0902769527900269,1,0.8923842832256557,32.313839772389144,34.42170013442848
Ocean,lambda_ci,0.9,0.055,0.2,65,118.30576099200805,0.1298395367962616,1,1.083188529534953,44.36713635381323,36.72711503051564
Ocean,lambda_ci,0.9,0.055,0.2,66,121.27437389618328,0.1228331279137008,1,0.8964734167461935,40.24347777739132,36.09096119807079
Ocean,lambda_ci,0.9,0.055,0.2,67,115.09552316438416,0.1271497411135755,1,1.0359502890914722,41.77203463605833,32.8546663978446
Ocean,lambda_ci,0.9,0.055,0.2,68,108.12112933674725,0.0929180790601385,1,0.9819698832963591,32.659517841880174,35.64865574712382
Ocean,lambda_ci,0.9,0.055,0.2,69,112.4212034527001,0.1142137341152862,1,0.9976415479476218,37.94850393468008,34.86946932728667
Ocean,lambda_ci,0.9,0.055,0.2,70,108.09097294192576,0.0981554811509741,1,0.8658963158893703,31.512267183464143,35.212442617140084
Ocean,lambda_ci,0.9,0.055,0.2,71,106.12635019443664,0.1104374070215007,1,1.0095856503517446,35.43667077529835,33.675040333410365
Ocean,lambda_ci,0.9,0.055,0.2,72,100.3975932995084,0.1154522541383544,1,0.9163833630676208,32.6560091071801,33.502666605783546
Ocean,lambda_ci,0.9,0.055,0.2,73,103.52697185757634,0.0915250987555761,1,1.1117384606719638,33.023639100198906,35.24901291264561
Ocean,lambda_ci,0.9,0.055,0.2,74,112.72029765093528,0.0911052509412701,1,0.9569686288200424,33.28301661307304,34.13207199417897
Ocean,lambda_ci,0.9,0.055,0.2,75,127.93593948177252,0.0967545375612874,1,1.1202193355620964,42.119166249108616,38.97366734947472
Ocean,lambda_ci,0.9,0.055,0.2,76,113.41053912877838,0.1036548882655096,1,1.1057720199788394,38.39556892910086,34.94186501783598
Ocean,lambda_ci,0.9,0.055,0.2,77,104.92379212731608,0.0941099476440363,1,1.0465344304965951,32.92823895938014,34.488451104772466
Ocean,lambda_ci,0.9,0.055,0.2,78,105.03928376240115,0.099675974470156,1,0.9492641276412732,32.3102658562828,34.286704573159305
Ocean,lambda_ci,0.9,0.055,0.2,79,107.44687536121756,0.0935669071805907,1,1.1179744769437734,34.75128530342537,33.869955537885865
Ocean,lambda_ci,0.9,0.055,0.2,80,112.79779585976594,0.0855723188525903,1,1.05051575557758,33.819606399083646,30.955480641395933
Ocean,lambda_ci,0.9,0.055,0.2,81,120.13733407936444,0.117824793622546,1,1.0130575335785514,41.50623967875369,39.55437743406018
Ocean,lambda_ci,0.9,0.055,0.2,82,113.99308990442664,0.1051260473395538,1,1.0198550633312506,37.32526689349796,37.63778565762715
Ocean,lambda_ci,0.9,0.055,0.2,83,125.52657352510438,0.081502036767072,1,0.9031788563446418,34.05703112160552,34.63502734868983
Ocean,lambda_ci,0.9,0.055,0.2,84,124.74848561469445,0.0900095290508568,1,0.9417592738373008,36.32030439931376,38.89241293497464
Ocean,lambda_ci,0.9,0.055,0.2,85,119.62479047253768,0.1143926691921308,1,0.939755849377501,39.22182573736629,34.76436971142104
Ocean,lambda_ci,0.9,0.055,0.2,86,120.49130967488226,0.0949505778672749,1,0.9295607824400488,35.796735887285564,36.31776908580725
Ocean,lambda_ci,0.9,0.055,0.2,87,116.19992238673436,0.0901267410223003,1,1.1385084523403146,37.2220939713306,34.27264746704338
Ocean,lambda_ci,0.9,0.055,0.2,88,98.55949525704682,0.0929960431781952,1,0.98837428383772,29.88074522073812,33.42111697928783
Ocean,lambda_ci,0.9,0.055,0.2,89,97.22558590039822,0.105351538966316,1,0.9725166961944036,31.12071340098444,34.867497465485
Ocean,lambda_ci,0.9,0.055,0.2,90,106.8332623032464,0.0844394256579241,1,0.9833158569244576,30.784042293948257,35.82331576352478
Ocean,lambda_ci,0.9,0.055,0.2,91,109.77177811515496,0.0746931596239818,1,1.0184042424974622,30.275492353111023,34.411111746660495
Ocean,lambda_ci,0.9,0.055,0.2,92,117.31314496437726,0.0820543051822742,1,1.083690576067658,34.98243309035121,34.1845420733653
Ocean,lambda_ci,0.9,0.055,0.2,93,110.77714321031075,0.0936302454816362,1,0.9154400617153176,32.4319602619098,32.83944051063366
Ocean,lambda_ci,0.9,0.055,0.2,94,98.83626322925228,0.1078524565856999,1,1.0421108110607105,33.13510024792784,34.1705360352957
Ocean,lambda_ci,0.9,0.055,0.2,95,112.94284411571816,0.1148684775182814,1,0.903053637752644,36.37608244979183,35.7440588749954
Ocean,lambda_ci,0.9,0.055,0.2,96,101.09982482549694,0.139115793771408,1,0.9382349649483994,36.525353596811335,35.37540123829001
Ocean,lambda_ci,0.9,0.055,0.2,97,119.49538499504726,0.0894395381587547,1,1.0502319522051686,36.62338819390239,34.999066121435334
Ocean,lambda_ci,0.9,0.055,0.2,98,96.92921804381578,0.0884110600166643,1,1.015995585129528,29.05052052030893,34.52191665993094
Ocean,lambda_ci,0.9,0.055,0.2,99,107.51041702443992,0.1045448161109461,1,0.8154858499773086,31.391351423832237,36.10623831191358
Ocean,lambda_ci,0.9,0.055,0.2,100,107.2146777930065,0.1167347704398013,1,0.9210848962206132,35.15638339625698,33.94731013808036
Ocean,lambda_ci,0.9,0.055,0.2,101,107.18064602624004,0.089381198502574,1,1.0324438562648353,32.55912157859828,35.9755434267778
Ocean,lambda_ci,0.9,0.055,0.2,102,101.22822282538468,0.0918689010785101,1,0.8653448143042021,28.54174165664464,31.30208490500594
Ocean,lambda_ci,0.9,0.055,0.2,103,114.63680438241197,0.1127565834451789,1,0.9662802404048207,37.83960328685667,35.6784246241263
Ocean,lambda_ci,0.9,0.055,0.2,104,102.71400350335568,0.0857589219901187,1,1.0010068992087775,30.09454967784336,32.27753797796525
Ocean,lambda_ci,0.9,0.055,0.2,105,106.82058778393797,0.0971189151249084,1,1.1592906436047774,35.84289169588509,33.4225883077244
Ocean,lambda_ci,0.9,0.055,0.2,106,119.23727959769772,0.094533122747867,1,0.9596087220332288,35.91295609200832,36.12409449989036
Ocean,lambda_ci,0.9,0.055,0.2,107,118.55838055409195,0.0997206141541166,1,1.0195343333357336,37.80294709012714,34.83799032343626
Ocean,lambda_ci,0.9,0.055,0.2,108,115.32256828528271,0.0977439721555202,1,1.0927482050065962,37.68941084488368,33.491299373068934
Ocean,lambda_ci,0.9,0.055,0.2,109,105.90415522267908,0.1083092893005023,1,1.1941160764685623,38.08632999582522,32.39313265175804
Ocean,lambda_ci,0.9,0.055,0.2,110,108.00451465219736,0.101136391264065,1,0.9745573693855698,33.907778783740426,34.67651088860651
Ocean,lambda_ci,0.9,0.055,0.2,111,110.56611334666044,0.1013095909242941,1,0.988801339387884,34.99466555354382,33.4567974552735
Ocean,lambda_ci,0.9,0.055,0.2,112,108.7579086284013,0.0886918675437959,1,1.099296838725127,33.959417877136325,36.16900662627311
Ocean,lambda_ci,0.9,0.055,0.2,113,115.4172541903425,0.0939685792996581,1,0.9683740322030606,34.81638178209542,32.67478232327803
Ocean,lambda_ci,0.9,0.055,0.2,114,117.07782405108604,0.1015785099213815,1,0.9413293625180934,36.20315035663568,35.38865503306039
Ocean,lambda_ci,0.9,0.055,0.2,115,115.7951383620214,0.106212547100951,1,1.0123365638394923,37.970008946875936,32.864546147603896
Ocean,lambda_ci,0.9,0.055,0.2,116,101.56352561024526,0.0970741104720627,1,0.9008591133813,30.034327789909987,33.43253791012143
Ocean,lambda_ci,0.9,0.055,0.2,117,111.78532597770338,0.0892994905941588,1,0.8522952758645589,30.839287020221004,33.08114049109018
Ocean,lambda_ci,0.9,0.055,0.2,118,107.37059935737068,0.0928526503811873,1,1.0624737836321176,33.724198829380555,35.78857601284269
Ocean,lambda_ci,0.9,0.055,0.2,119,98.10270256991494,0.0996923978739841,1,0.9614232554772156,30.371714176224543,35.21466943406517
Ocean,lambda_ci,0.9,0.055,0.2,120,110.24813114192791,0.0996920241388311,1,1.099679091059794,36.50349327229726,35.53387604331492
Ocean,lambda_ci,0.9,0.055,0.2,121,95.03944006892468,0.0898440040606874,1,0.8429162629050971,26.15415148756823,30.920445006626608
Ocean,lambda_ci,0.9,0.055,0.2,122,114.80754859882548,0.0999826084446735,1,1.1242513720708125,38.49146035705164,34.647788128615744
Ocean,lambda_ci,0.9,0.055,0.2,123,101.5115389828225,0.1165937876517429,1,1.0527916483359208,35.56512447603396,33.0720431131551
Ocean,lambda_ci,0.9,0.055,0.2,124,108.6677679896579,0.1043096392917323,1,0.9476218220301488,34.1649268529706,36.28986502807609
Ocean,lambda_ci,0.9,0.055,0.2,125,114.6190695957292,0.1182865572235636,1,0.9929387043226005,39.28129478077352,35.43972191139947
Ocean,lambda_ci,0.9,0.055,0.2,126,114.86521303824075,0.1011588175866372,1,1.0854170759156196,38.0617471123805,35.83438549104258
Ocean,lambda_ci,0.9,0.055,0.2,127,121.77299032681528,0.1059393520056094,1,1.0027637740052795,39.68980316768744,37.10438385902205
Ocean,lambda_ci,0.9,0.055,0.2,128,121.13224928528317,0.1034455307762984,1,1.1204482453176683,41.239325000716455,36.486927929232266
Ocean,lambda_ci,0.9,0.055,0.2,129,119.75328574618294,0.083840815830221,1,0.844119424996285,31.857899163289545,33.976228210464164
Ocean,lambda_ci,0.9,0.055,0.2,130,115.79914588512668,0.1119625682169542,1,1.049988942574335,39.703989268729465,37.6896855312128
Ocean,lambda_ci,0.9,0.055,0.2,131,111.93673523111886,0.110490895938112,1,0.9861700968906134,36.94977501725323,36.14020867534839
Ocean,lambda_ci,0.9,0.055,0.2,132,117.12970371374288,0.1135542842462726,1,0.8360686235777413,36.090239945151566,36.17884908098894
Ocean,lambda_ci,0.9,0.055,0.2,133,122.14544402055031,0.1170092694551617,1,0.8856356815611581,39.32013129383873,36.4117829376239
Ocean,lambda_ci,0.9,0.055,0.2,134,116.7795916118902,0.1439069121946434,1,0.9972563758644823,44.23959986918696,38.7032901398166
Ocean,lambda_ci,0.9,0.055,0.2,135,108.10192547931312,0.0918891242857326,1,0.9912561674606464,32.625594727093784,35.12563923144935
Ocean,lambda_ci,0.9,0.055,0.2,136,108.67088741581011,0.0869595067998676,1,0.8477628667304695,29.50590518338316,33.71499299371755
Ocean,lambda_ci,0.9,0.055,0.2,137,93.46743583833997,0.098377473293549,1,0.9729129847271708,28.916462365153706,32.15594344700249
Ocean,lambda_ci,0.9,0.055,0.2,138,111.9753417273102,0.1087155319411077,1,1.043830126408806,37.72099218891709,34.604652693796105
Ocean,lambda_ci,0.9,0.055,0.2,139,134.19448577299954,0.1072756214147848,1,1.068438556659415,45.43180231283922,40.161635092126986
Ocean,lambda_ci,0.9,0.055,0.2,140,108.4848519944911,0.1099840067886724,1,1.119226906107758,38.062117047332336,37.56572767485694
Ocean,lambda_ci,0.9,0.055,0.2,141,111.34266754169006,0.0922962415378198,1,1.135857475996291,36.0508534452551,32.097682261177
Ocean,lambda_ci,0.9,0.055,0.2,142,112.80970385742764,0.1005656763187153,1,0.9190139604591852,34.29512600018636,33.81155244155971
Ocean,lambda_ci,0.9,0.055,0.2,143,115.06391621605536,0.1183584102219218,1,0.9723083783148158,39.03379049390967,35.327376946563845
Ocean,lambda_ci,0.9,0.055,0.2,144,109.06739779359904,0.1116498078253391,1,0.9103124929337671,34.77116108525644,35.206614820281615
Ocean,lambda_ci,0.9,0.055,0.2,145,106.3025966528692,0.1119505724287395,1,0.9877855740382392,35.34991485580345,33.75206803189159
Ocean,lambda_ci,0.9,0.055,0.2,146,127.53804277400302,0.0987554976636197,1,1.1060499758653923,42.15098852802563,36.8116547297848
Ocean,lambda_ci,0.9,0.055,0.2,147,105.5613140396475,0.0754406738515186,1,0.907071803859312,27.61394152171566,32.82807538897049
Ocean,lambda_ci,0.9,0.055,0.2,148,107.62926728419022,0.100042950259308,1,1.1159324348682131,35.96189588140606,35.122416860227304
Ocean,lambda_ci,0.9,0.055,0.2,149,105.98511728236087,0.1035077713211264,1,1.052816093334454,34.98707379641293,34.74425770587432
Ocean,lambda_ci,0.9,0.055,0.2,150,107.69901439544522,0.107715965461056,1,0.9132555410955776,33.779088478265734,36.34353401082326
Ocean,lambda_ci,0.9,0.055,0.2,151,94.80069949674228,0.0838985929201126,1,0.999612966700418,27.4539488991141,31.80696115132888
Ocean,lambda_ci,0.9,0.055,0.2,152,106.87949294623012,0.1018654947382132,1,0.9432181329723348,33.129433128970874,34.88544008284726
Ocean,lambda_ci,0.9,0.055,0.2,153,94.7243208908486,0.1070968945833388,1,0.8179365543960595,28.03559310603269,34.14734954079604
Ocean,lambda_ci,0.9,0.055,0.2,154,124.76151727210136,0.1036774329467572,1,0.9934921664810304,40.04100681101348,37.2858879052342
Ocean,lambda_ci,0.9,0.055,0.2,155,119.46199443075892,0.0884797308169121,1,0.9418116237979242,34.48527396160001,34.28300621373845
Ocean,lambda_ci,0.9,0.055,0.2,156,117.24364710351794,0.0917091767708222,1,0.983637516217773,35.21382968123163,35.2226408152075
Ocean,lambda_ci,0.9,0.055,0.2,157,112.96306972697757,0.0824078452240053,1,1.2,35.5231433112959,34.80952114278299
Ocean,lambda_ci,0.9,0.055,0.2,158,112.5804465428822,0.1094361774684188,1,1.0734916408356796,38.587154854720985,35.88462253199484
Ocean,lambda_ci,0.9,0.055,0.2,159,126.12257180049654,0.0985594249157232,1,1.0378466619269873,40.33745507983472,36.4997483692466
Ocean,lambda_ci,0.9,0.055,0.2,160,124.07023812683106,0.1126086909323249,1,1.0304274637497632,42.263190887458926,34.02620567307903
Ocean,lambda_ci,0.9,0.055,0.2,161,105.19727350604651,0.1174735135897142,1,0.9325552500505736,34.81863560274318,32.58862947852678
Ocean,lambda_ci,0.9,0.055,0.2,162,127.6180114621889,0.1050384943505102,1,0.9655557413511174,40.641983237581705,33.92271426370075
Ocean,lambda_ci,0.9,0.055,0.2,163,124.41362067379016,0.1022179355892334,1,1.0597155205368043,40.94738099470756,36.81632864813472
Ocean,lambda_ci,0.9,0.055,0.2,164,108.975502860671,0.1204750564776983,1,1.0278329882776576,38.34764754748501,33.72107026097178
Ocean,lambda_ci,0.9,0.055,0.2,165,119.33317026077268,0.0939194200366693,1,0.871895334306805,34.14845475819494,35.93562752755085
Ocean,lambda_ci,0.9,0.055,0.2,166,107.4597624200984,0.1023376312158631,1,0.847946908647083,31.65540591304081,34.039314840884266
Ocean,lambda_ci,0.9,0.055,0.2,167,111.29463944907928,0.1072844236689966,1,0.9695243122113896,35.89400633982875,36.17120475843629
Ocean,lambda_ci,0.9,0.055,0.2,168,109.07167894798046,0.0987615523217649,1,0.8858923373503067,32.262381669363,33.49763332199275
Ocean,lambda_ci,0.9,0.055,0.2,169,114.70342975300578,0.111354536073622,1,0.9369303032972398,37.04964092091206,37.08587353343019
Ocean,lambda_ci,0.9,0.055,0.2,170,109.13222753738478,0.0942583353553665,1,1.2,36.703165810319405,35.651528031614774
Ocean,lambda_ci,0.9,0.055,0.2,171,102.18226602440087,0.087123648481326,1,0.952063799035586,29.429073018584624,34.24028922625632
Ocean,lambda_ci,0.9,0.055,0.2,172,109.93010092924534,0.1086172865633735,1,0.9211739449184824,34.7725807323197,38.438286954006365
Ocean,lambda_ci,0.9,0.055,0.2,173,111.83502641605848,0.100271573398369,1,1.1157596938154593,37.40693231710427,36.60148289078506
Ocean,lambda_ci,0.9,0.055,0.2,174,112.16043749486737,0.0944064599196162,1,0.9994427095673426,34.45240177072035,34.44991762199259
Ocean,lambda_ci,0.9,0.055,0.2,175,102.063326472355,0.1019556063280119,1,1.0299418835375285,33.07361255257956,35.093160123879194
Ocean,lambda_ci,0.9,0.055,0.2,176,89.00932527868468,0.0916598571320452,1,1.0614924280009437,27.76409662743505,32.42625650717561
Ocean,lambda_ci,0.9,0.055,0.2,177,112.29286546525252,0.1098059244732166,1,1.0673337276296122,38.442813720767255,33.39685235494794
Ocean,lambda_ci,0.9,0.055,0.2,178,109.68843175107838,0.0925622756419786,1,0.950988777817362,32.54359562686453,36.10753557456067
Ocean,lambda_ci,0.9,0.055,0.2,179,120.92225296435456,0.1017544077305538,1,0.855251198372382,35.67218332305206,33.9541811554131
Ocean,lambda_ci,0.9,0.055,0.2,180,117.50686409992078,0.101494581741448,1,1.053881300279458,38.43089642881743,35.92919453097287
Ocean,lambda_ci,0.9,0.055,0.2,181,106.93583664448067,0.0757312989815894,1,1.0433114688425924,30.058545755904337,34.70284403175706
Ocean,lambda_ci,0.9,0.055,0.2,182,107.55903886859625,0.0942883206945584,1,1.0497427830371602,33.838983760476275,35.49163924241626
Ocean,lambda_ci,0.9,0.055,0.2,183,104.56021728648064,0.089334307170948,1,0.9228271167379074,30.021735034414707,32.682645403235554
Ocean,lambda_ci,0.9,0.055,0.2,184,100.97914281929164,0.0857728868395539,1,0.9521477855644472,28.857511292057023,33.115282505381145
Ocean,lambda_ci,0.9,0.055,0.2,185,128.11140749352728,0.0967331387460637,1,0.918362666551147,38.18409946658415,33.74974173049305
Ocean,lambda_ci,0.9,0.055,0.2,186,111.43571121650898,0.0941970879141007,1,0.9261792729037042,32.91475724923039,35.50801763710333
Ocean,lambda_ci,0.9,0.055,0.2,187,104.38572320257802,0.1044940938006529,1,0.8622264373594835,31.332687259710852,34.82859039078132
Ocean,lambda_ci,0.9,0.055,0.2,188,115.8607365030546,0.099874585898044,1,0.9388625001475844,35.47846137692145,35.264020040005185
Ocean,lambda_ci,0.9,0.055,0.2,189,117.62309256441796,0.0972298931055864,1,1.1029822639317972,38.51915597714024,36.87243552938972
Ocean,lambda_ci,0.9,0.055,0.2,190,112.56155956569886,0.0830460979976702,1,0.943377471245778,31.50594190118733,36.29036741045456
Ocean,lambda_ci,0.9,0.055,0.2,191,122.71942072473595,0.0857894475959639,1,0.9726089277541868,35.44862205738383,32.735115963668285
Ocean,lambda_ci,0.9,0.055,0.2,192,99.41682552056317,0.093734538271084,1,1.1317430015003227,32.380505367106,35.99116870401878
Ocean,lambda_ci,0.9,0.055,0.2,193,113.71627789050966,0.0962160345074918,1,0.9672884749372044,34.691603143779375,36.76741029639675
Ocean,lambda_ci,0.9,0.055,0.2,194,102.46914695829636,0.1098584235059545,1,0.9398813564647928,32.92655691678345,35.85546380733713
Ocean,lambda_ci,0.9,0.055,0.2,195,131.63128242204616,0.0986758374495131,1,0.9850513020162456,41.03873331761592,37.77865442858225
Ocean,lambda_ci,0.9,0.055,0.2,196,104.53107249941422,0.1037476702012271,1,1.0399904330645864,34.33596478193125,34.519848035187835
Ocean,lambda_ci,0.9,0.055,0.2,197,117.89777400289766,0.1078118574285847,1,0.9516286151362424,37.76353278504122,34.78680046767062
Ocean,lambda_ci,0.9,0.055,0.2,198,110.69121268994506,0.1003137198419855,1,0.9246910912748784,33.712553590610334,35.52091571906309
Ocean,lambda_ci,0.9,0.055,0.2,199,120.71645516097657,0.1064899804157159,1,1.078302335051834,40.90638677213609,36.03610071693966
Ocean,lambda_ci,0.9,0.055,0.2,200,110.93410291082826,0.1155741229175986,1,0.915216068867881,36.07922475691925,34.19680800854462
Ocean,lambda_ci,0.9,0.055,0.2,201,102.22338210822528,0.0886534045042949,1,1.025802570165751,30.82689947627297,35.04808628971182
Ocean,lambda_ci,0.9,0.055,0.2,202,114.74294758209624,0.0911170497387247,1,1.0129246588689067,34.858957807398255,36.33094465831454
Ocean,lambda_ci,0.9,0.055,0.2,203,115.18798073050728,0.099247186660659,1,1.089784753530059,37.882325491213415,36.737999419742
Ocean,lambda_ci,0.9,0.055,0.2,204,100.46621774487488,0.0986074871926404,1,1.1020120273339054,33.11830990949978,35.03656496188737
Ocean,lambda_ci,0.9,0.055,0.2,205,120.1215019915421,0.1058420060158425,1,0.907820292240492,37.23486025471593,34.95556717733798
Ocean,lambda_ci,0.9,0.055,0.2,206,96.12285195868968,0.0917454868080147,1,0.9311434371411148,28.094887398901783,32.78616388045791
Ocean,lambda_ci,0.9,0.055,0.2,207,116.82847885935875,0.1076950883130881,1,1.0172841459995998,38.66943339182025,35.48867290287971
Ocean,lambda_ci,0.9,0.055,0.2,208,113.72888194817664,0.1141196988909048,1,0.8733923372380532,35.905069099874346,32.61532635778985
Ocean,lambda_ci,0.9,0.055,0.2,209,94.73929271319878,0.1247201846562372,1,1.0667652712529567,34.55675429361206,31.669329063652437
Ocean,lambda_ci,0.9,0.055,0.2,210,111.67286117556876,0.0879677333134883,1,1.0550360615334704,34.02068049163005,33.84607238271593
Ocean,lambda_ci,0.9,0.055,0.2,211,109.70970684488172,0.0956845224604778,1,1.081963354087779,35.29979450840324,33.40527057962172
Ocean,lambda_ci,0.9,0.055,0.2,212,111.48168138189313,0.0878003420049355,1,1.1143021484457587,34.87009237794753,34.61873127549693
Ocean,lambda_ci,0.9,0.055,0.2,213,98.7784312619512,0.1061133234542202,1,1.0570749282046823,33.082625542047126,34.3919727029402
Ocean,lambda_ci,0.9,0.055,0.2,214,106.93445370229382,0.1003919715004455,1,1.0125097570865496,34.093120627131945,35.06532079126709
Ocean,lambda_ci,0.9,0.055,0.2,215,100.32923229052574,0.1149706198147169,1,0.9855585663493468,33.772417074688946,33.58224853304848
Ocean,lambda_ci,0.9,0.055,0.2,216,105.09240624992724,0.1025717773575219,1,1.0108277127948813,33.839492913290066,32.68822522637321
Ocean,lambda_ci,0.9,0.055,0.2,217,104.1853676988792,0.0909023697131467,1,0.9434516661104512,30.51083962677473,33.98714502533688
Ocean,lambda_ci,0.9,0.055,0.2,218,94.26632687282154,0.1000224934730293,1,0.9437169165910788,28.961849569146057,32.06983630469662
Ocean,lambda_ci,0.9,0.055,0.2,219,104.77149775460502,0.0986381807320603,1,1.015397061307553,33.15764139444306,34.837920447496344
Ocean,lambda_ci,0.9,0.055,0.2,220,105.49918506274624,0.0927565038161394,1,1.0915646062941682,33.56958813934927,35.150836270820314
Ocean,lambda_ci,0.9,0.055,0.2,221,115.9458372708192,0.0941790307055548,1,0.9304408164300144,34.322320790063955,33.38495962164479
Ocean,lambda_ci,0.9,0.055,0.2,222,126.41200221807864,0.0993620220096142,1,1.0506605694399194,40.84413823642529,37.65870358557588
Ocean,lambda_ci,0.9,0.055,0.2,223,110.2454749565195,0.0935792438451965,1,0.9851445679434448,33.47345355573217,32.84827612066388
Ocean,lambda_ci,0.9,0.055,0.2,224,108.8646478182983,0.1162698733621429,1,1.0565377968089813,38.15601323677891,35.410710698872855
Ocean,lambda_ci,0.9,0.055,0.2,225,104.73220911615678,0.0934520268234987,1,1.0018114210880973,32.04554159838818,33.00419223185656
Ocean,lambda_ci,0.9,0.055,0.2,226,114.93227534999362,0.0875893629543619,1,0.977364035673686,33.627599436035965,35.22698796107684
Ocean,lambda_ci,0.9,0.055,0.2,227,125.80071870788656,0.076305858134974,1,1.1444241412553269,37.17539296249834,35.584176921201646
Ocean,lambda_ci,0.9,0.055,0.2,228,108.43498290439152,0.1035104316700155,1,0.9188344990017362,33.44106667338169,33.28629297845579
Ocean,lambda_ci,0.9,0.055,0.2,229,117.14721388360636,0.1122018883363856,1,1.082280928819469,40.822730518359165,35.04961611523976
Ocean,lambda_ci,0.9,0.055,0.2,230,105.6703581570626,0.0974584414796249,1,1.0941532342242766,34.506585308116136,36.27969821241546
Ocean,lambda_ci,0.9,0.055,0.2,231,116.60919595869856,0.1070101857716386,1,1.0982217635218343,39.975175840514765,33.87461899262068
Ocean,lambda_ci,0.9,0.055,0.2,232,101.53907363865387,0.1278372699115007,1,1.0177193214655378,36.624858074773606,35.405623455138404
Ocean,lambda_ci,0.9,0.055,0.2,233,115.00279374272456,0.0822929918174154,1,1.0314934946572871,33.50603696088944,36.43423785102996
Ocean,lambda_ci,0.9,0.055,0.2,234,107.94565575317988,0.09177354420118,1,1.1483058160142583,35.04230805825931,34.098049815416594
Ocean,lambda_ci,0.9,0.055,0.2,235,122.8041255043919,0.1010228939906075,1,1.0408870261063865,39.82214572561379,38.50742021901258
Ocean,lambda_ci,0.9,0.055,0.2,236,114.87185611003632,0.0840085307294998,1,0.9895064393787164,33.11956663563574,33.15138432501597
Ocean,lambda_ci,0.9,0.055,0.2,237,99.62083226474223,0.0886913348430752,1,1.0255890462856287,30.04536249839961,33.503794104364424
Ocean,lambda_ci,0.9,0.055,0.2,238,109.84941619517484,0.1059387737970449,1,0.991178138060968,35.59599042711565,33.19912604625834
Ocean,lambda_ci,0.9,0.055,0.2,239,118.48925195457558,0.0975692192572528,1,0.9662416968317084,36.381303901841,33.93267392893323
Ocean,lambda_ci,0.9,0.055,0.2,240,116.15550268427567,0.1187745842243126,1,0.9334359286369468,38.67620064877734,36.32147275583002
Ocean,lambda_ci,0.9,0.055,0.2,241,109.40937252635744,0.1064191478313381,1,0.9236394395810278,34.30170047535425,33.21676681030564
Ocean,lambda_ci,0.9,0.055,0.2,242,107.0835365934714,0.0963909760198681,1,1.1237411650889062,35.243094957183104,33.57885084110821
Ocean,lambda_ci,0.9,0.055,0.2,243,114.35309949378517,0.0849455800132698,1,1.0433106744132905,34.042791030286814,37.13924018868182
Ocean,lambda_ci,0.9,0.055,0.2,244,101.32712791063784,0.1003870932905366,1,1.0692575813628642,33.197535323779135,33.59660134980872
Ocean,lambda_ci,0.9,0.055,0.2,245,110.48313652303123,0.1287936098695044,1,1.1398369837483946,42.33158453399182,37.42553491864549
Ocean,lambda_ci,0.9,0.055,0.2,246,95.37215781598624,0.0997096097244779,1,0.9899883023947654,29.96436981826219,33.74064120796376
Ocean,lambda_ci,0.9,0.055,0.2,247,104.81166485000143,0.1208700115383604,1,0.9652305467865296,35.80011568741627,35.7304661208241
Ocean,lambda_ci,0.9,0.055,0.2,248,106.59561125007107,0.0872833879462639,1,1.0223282687345014,31.84199771311337,35.215671231905496
Ocean,lambda_ci,0.9,0.055,0.2,249,133.11684980788942,0.1052718279652777,1,1.0161335465314665,43.53760233981924,38.9673913305869
Ocean,lambda_ci,0.9,0.055,0.2,250,105.30332337907346,0.1061865803584996,1,1.0215354197076236,34.68195816305664,34.31542912818372
Ocean,lambda_ci,0.9,0.055,0.2,251,118.29115904589992,0.1130992973284125,1,0.9778189552887356,39.33792667323125,35.216240013035936
Ocean,lambda_ci,0.9,0.055,0.2,252,100.13616955661676,0.1086545963032376,1,1.0612051761420718,34.00280193349593,34.35541001214626
Ocean,lambda_ci,0.9,0.055,0.2,253,117.21968646598818,0.1061435576467543,1,0.9368941669128182,36.96516447386467,34.576633227584765
Ocean,lambda_ci,0.9,0.055,0.2,254,119.70328580291635,0.09346830898717,1,0.9247781548517096,35.193061277098735,37.38127546482432
Ocean,lambda_ci,0.9,0.055,0.2,255,104.06298681007624,0.0756341139743885,1,0.8618151088483429,26.568204196315623,32.070270023841225
Ocean,lambda_ci,0.9,0.055,0.2,256,100.05520954003464,0.0803375036363949,1,1.0678648719749595,29.30603218961629,31.64389936487207
Ocean,lambda_ci,0.9,0.055,0.2,257,113.64841132174934,0.0872761632759022,1,1.001619016942115,33.60179461727519,34.62436518629458
Ocean,lambda_ci,0.9,0.055,0.2,258,127.25312583130744,0.1149534875804707,1,0.9797828503336792,42.70654635519098,37.55875658716036
Ocean,lambda_ci,0.9,0.055,0.2,259,116.39483519218896,0.1023750507547295,1,1.169792103117854,40.2795970583092,37.53767177841552
Ocean,lambda_ci,0.9,0.055,0.2,260,106.43222963911182,0.107787628559109,1,1.035578904444998,35.5589735646417,33.93106315791205
Ocean,lambda_ci,0.9,0.055,0.2,261,105.0916535068779,0.0995457413813152,1,0.8772620955179575,31.055909353146472,32.71273593987847
Ocean,lambda_ci,0.9,0.055,0.2,262,114.3999874281025,0.0816821972402888,1,1.056328951430089,33.60386830640574,36.77902715637019
Ocean,lambda_ci,0.9,0.055,0.2,263,108.2906341282462,0.1016027938392979,1,1.0995120207939455,36.19459428425098,34.02860435380863
Ocean,lambda_ci,0.9,0.055,0.2,264,111.15737980651284,0.0911353616292669,1,1.0285495179853448,34.032540042209526,34.493520780162164
Ocean,lambda_ci,0.9,0.055,0.2,265,116.73485747660186,0.1185394828499932,1,0.88627834341581,37.837038784406346,36.70270759460309
Ocean,lambda_ci,0.9,0.055,0.2,266,117.06985937361708,0.0945628006397529,1,0.9549812144005376,35.18055398879169,33.56089155049127
Ocean,lambda_ci,0.9,0.055,0.2,267,128.89450620507068,0.106901371332707,1,0.95005428399566,41.07714542813891,37.56899005943868
Ocean,lambda_ci,0.9,0.055,0.2,268,117.05721028644696,0.084967887614027,1,0.994838434704834,34.03312730203973,33.355090406381386
Ocean,lambda_ci,0.9,0.055,0.2,269,124.5974884998582,0.0838386826874992,1,0.8905164891013543,34.04493379833304,35.903704233680166
Ocean,lambda_ci,0.9,0.055,0.2,270,107.37411440852632,0.0960509280391926,1,0.87345772264794,31.1007829301699,35.65882038246419
Ocean,lambda_ci,0.9,0.055,0.2,271,108.01174361973166,0.1253928961053192,1,0.9645506469363192,37.56383824561477,37.48376576188272
Ocean,lambda_ci,0.9,0.055,0.2,272,105.4047724815126,0.1108653617236294,1,0.8,31.390859551912303,34.85413633130818
Ocean,lambda_ci,0.9,0.055,0.2,273,118.70270208406006,0.1142450549641492,1,0.946039662987306,39.02419768095184,38.2936680991683
Ocean,lambda_ci,0.9,0.055,0.2,274,116.52777196128072,0.1157459004128892,1,1.1134923867655155,41.833661464647584,38.8604444369636
Ocean,lambda_ci,0.9,0.055,0.2,275,94.17213018072214,0.1076264373828383,1,0.9772337569820908,30.54084907999768,33.98648635250439
Ocean,lambda_ci,0.9,0.055,0.2,276,96.8648839492954,0.0996209233952949,1,1.0154787669137906,30.808962064710983,34.230653291588915
Ocean,lambda_ci,0.9,0.055,0.2,277,104.30872868302323,0.1045112829552944,1,0.8457977282530618,31.01240871549821,33.28965079026012
Ocean,lambda_ci,0.9,0.055,0.2,278,138.60777583525058,0.1104128567964716,1,1.0341100107013876,46.8361069766216,42.24785341796258
Ocean,lambda_ci,0.9,0.055,0.2,279,122.70830756284626,0.1011692751960357,1,0.8429131446640675,35.83353871465224,35.074612633201106
Ocean,lambda_ci,0.9,0.055,0.2,280,98.71069945172832,0.0903728349803281,1,1.0383766485562054,30.238527500519783,35.10633921312289
Ocean,lambda_ci,0.9,0.055,0.2,281,109.70804238644436,0.098247195340662,1,0.913279235545072,32.86248025296206,35.18538599206991
Ocean,lambda_ci,0.9,0.055,0.2,282,119.70751158862228,0.0984546413457295,1,1.0921133741235556,39.253045981361694,32.73611815216151
Ocean,lambda_ci,0.9,0.055,0.2,283,106.91824635132048,0.1027531377437288,1,0.8724528114805729,32.01255565640825,33.94900662455247
Ocean,lambda_ci,0.9,0.055,0.2,284,107.81838601996954,0.0975118911516422,1,1.1315454328170882,35.81439457772959,34.30987743699672
Ocean,lambda_ci,0.9,0.055,0.2,285,107.09522238982984,0.0963391304831004,1,0.9777847526360016,32.86949929508038,33.8354178508386
Ocean,lambda_ci,0.9,0.055,0.2,286,93.33975006839808,0.1075915113993435,1,0.948718469867879,29.8211450830845,33.272639868957675
Ocean,lambda_ci,0.9,0.055,0.2,287,102.79693870145186,0.0876293357081521,1,0.9242865005890782,29.255548593760835,35.79713773615031
Ocean,lambda_ci,0.9,0.055,0.2,288,111.5582325192084,0.0978709626476493,1,0.8974226611367588,33.06184388140304,35.14699036833457
Ocean,lambda_ci,0.9,0.055,0.2,289,100.45300244854108,0.0989488998328947,1,1.0825748784259717,32.87739347658096,34.37664531020631
Ocean,lambda_ci,0.9,0.055,0.2,290,118.6759996459684,0.1363059141917663,1,0.8387946425932157,40.12805153179021,36.6267827938833
Ocean,lambda_ci,0.9,0.055,0.2,291,131.37273712350952,0.0853831997578602,1,1.081495010817618,39.92121234089047,32.88916487704222
Ocean,lambda_ci,0.9,0.055,0.2,292,114.2965750393013,0.1009094749813904,1,0.9510651158034568,35.40823803995564,33.3821556385523
Ocean,lambda_ci,0.9,0.055,0.2,293,97.51907370312794,0.1119558385894237,1,0.9479509631552696,31.769170626098365,35.62945912462104
Ocean,lambda_ci,0.9,0.055,0.2,294,105.29037647324364,0.1075032252122687,1,0.8588191071796872,31.99265439320238,35.255017161380955
Ocean,lambda_ci,0.9,0.055,0.2,295,100.63166572007792,0.0833435013959585,1,0.8645792676288798,27.013007611804294,32.925566063800666
Ocean,lambda_ci,0.9,0.055,0.2,296,111.04407737589688,0.1332251178018824,1,1.038429989904022,41.302569205553546,38.15247378985608
Ocean,lambda_ci,0.9,0.055,0.2,297,117.59634932393168,0.1111591548935165,1,0.9260377000771244,37.72947756756666,37.42955002467244
Ocean,lambda_ci,0.9,0.055,0.2,298,99.0018742757294,0.0955208460263779,1,1.0069762715066868,30.704506054135127,33.05407304038552
Ocean,lambda_ci,0.9,0.055,0.2,299,118.47683328377109,0.1034882396022779,1,1.014374048667034,38.386454600391474,36.12780374720423
Ocean,lambda_ci,0.9,0.055,0.2,300,103.568221108414,0.0953506432796924,1,0.993900718536408,31.88304798635889,35.461906674996754
Ocean,lambda_ci,0.9,0.055,0.2,301,106.3059964791162,0.0906227951314581,1,1.0413714739012376,32.65722871824773,33.91783114289024
Ocean,lambda_ci,0.9,0.055,0.2,302,117.18301714523652,0.0995357240254465,1,1.0066267219992615,37.09269539948217,34.500643959795866
Ocean,lambda_ci,0.9,0.055,0.2,303,113.08001982133209,0.0826200335613557,1,1.0317664652457033,33.01560527307546,34.74247979596988
Ocean,lambda_ci,0.9,0.055,0.2,304,103.94818292695078,0.0995596493403761,1,1.0228476309097296,33.17141922151163,35.99591070569869
Ocean,lambda_ci,0.9,0.055,0.2,305,109.72120777378422,0.1077696139166618,1,0.9517210285306484,35.13933801810399,32.449576043158785
Ocean,lambda_ci,0.9,0.055,0.2,306,106.74458650539862,0.0962569054460487,1,1.0182475427627882,33.41861848549283,35.34394833160229
Ocean,lambda_ci,0.9,0.055,0.2,307,117.62764443274934,0.0993857716758843,1,1.0374550166599672,37.77079662929142,34.94953664991383
Ocean,lambda_ci,0.9,0.055,0.2,308,96.24614916455668,0.0876843974543846,1,1.0497389317635064,29.200156250697543,33.77275424756537
Ocean,lambda_ci,0.9,0.055,0.2,309,102.85464186801698,0.1099293179323346,1,0.98575537295674,33.85830707582828,33.88022382337573
Ocean,lambda_ci,0.9,0.055,0.2,310,121.82778544199506,0.0870958925897678,1,0.8577172355110744,33.29793149729534,35.774529930000725
Ocean,lambda_ci,0.9,0.055,0.2,311,102.72339875074444,0.0905807567788931,1,1.074138819582095,32.04184821391515,34.5768230220224
Ocean,lambda_ci,0.9,0.055,0.2,312,100.36453076595237,0.1058616560495244,1,0.9967074330231372,32.60118969643515,35.80495075149853
Ocean,lambda_ci,0.9,0.055,0.2,313,104.4416752435527,0.1200083743497101,1,0.9719384329712932,35.66966113090592,33.39732902176391
Ocean,lambda_ci,0.9,0.055,0.2,314,105.38890409210744,0.094934371167903,1,0.8765807563012492,30.402030726246515,32.21171060820013
Ocean,lambda_ci,0.9,0.055,0.2,315,106.96835966881044,0.1131975156669908,1,0.8766857848468276,33.69735135022255,35.84092310920839
Ocean,lambda_ci,0.9,0.055,0.2,316,97.40808926597184,0.0884894262988878,1,1.0057551485434166,29.059413606033477,33.04080203467855
Ocean,lambda_ci,0.9,0.055,0.2,317,123.39932708729388,0.1096859058078531,1,0.981833623598114,40.49553629669681,35.19074869881503
Ocean,lambda_ci,0.9,0.055,0.2,318,113.81580671734604,0.112908575836548,1,1.0248343716836394,38.71621447786649,36.75621589789393
Ocean,lambda_ci,0.9,0.055,0.2,319,120.41273434943352,0.1098038570874464,1,0.9507199386431452,38.90518793108864,34.632308006626005
Ocean,lambda_ci,0.9,0.055,0.2,320,110.49681281205118,0.0827596903083679,1,1.0964940375102337,33.286054273734194,35.52684568841546
Ocean,lambda_ci,0.9,0.055,0.2,321,112.16617200216598,0.123676133523698,1,1.0330873159632157,40.09344395746997,36.24523888102992
Ocean,lambda_ci,0.9,0.055,0.2,322,99.18745674622616,0.1076548820843906,1,0.9911969790458294,32.400641163878205,34.67673399906208
Ocean,lambda_ci,0.9,0.055,0.2,323,96.38745349133488,0.0977153940471518,1,1.0177560668524737,30.396518943230543,34.22096324957675
Ocean,lambda_ci,0.9,0.055,0.2,324,104.54419816054671,0.1053006649616323,1,1.0825084957244329,35.29645990657307,34.89092638304489
Ocean,lambda_ci,0.9,0.055,0.2,325,116.64787341427524,0.0880937100066185,1,1.0279500925670713,35.10227714790062,34.62875641285482
Ocean,lambda_ci,0.9,0.055,0.2,326,109.11154279636278,0.092016886425492,1,0.9667827926174696,32.543849253013384,35.77045519831338
Ocean,lambda_ci,0.9,0.055,0.2,327,108.74534068749368,0.1156210080757352,1,1.0692484139439058,38.235638011669415,35.29013207660142
Ocean,lambda_ci,0.9,0.055,0.2,328,114.07369411385493,0.0947797486728777,1,1.0129769682195695,35.346227441687816,34.48472267459981
Ocean,lambda_ci,0.9,0.055,0.2,329,117.00566275397034,0.104079903824771,1,0.991618851054212,37.58916765811925,33.816921648927774
Ocean,lambda_ci,0.9,0.055,0.2,330,115.19008224725752,0.0885664903420125,1,0.9723127557862534,33.802809473139966,33.88569012313693
Ocean,lambda_ci,0.9,0.055,0.2,331,117.86088899237969,0.1111536175424766,1,0.9808213865936826,38.91584606238414,34.69334882623123
Ocean,lambda_ci,0.9,0.055,0.2,332,119.1105588278924,0.111535854988469,1,0.9789080361827772,39.35758657918986,34.33282996754444
Ocean,lambda_ci,0.9,0.055,0.2,333,86.80208829981747,0.074775079787805,1,0.990298027699896,23.62063524740654,27.73614664067005
Ocean,lambda_ci,0.9,0.055,0.2,334,119.06458511480042,0.0938423156432842,1,1.0522114567258505,37.4139424611595,35.56820771618024
Ocean,lambda_ci,0.9,0.055,0.2,335,93.09008228195998,0.1060676016370773,1,1.1564899592194735,32.6036124278304,36.69256562261032
Ocean,lambda_ci,0.9,0.055,0.2,336,98.74609015268898,0.1033741630876919,1,1.0777131365457684,32.95926364139912,32.9871933047963
Ocean,lambda_ci,0.9,0.055,0.2,337,107.3716252403975,0.0901110858769392,1,1.0228443702841654,32.59743425290697,35.530458723021226
Ocean,lambda_ci,0.9,0.055,0.2,338,112.57137789908585,0.0919725388645627,1,1.1068532659816908,35.91716874020767,35.33620058638186
Ocean,lambda_ci,0.9,0.055,0.2,339,114.6329702836274,0.1187593411094285,1,0.9869677306905558,39.245955954365066,34.96549002514626
Ocean,lambda_ci,0.9,0.055,0.2,340,112.26974313811894,0.0980289034198431,1,1.010980201922739,35.34362793621365,34.424159386271896
Ocean,lambda_ci,0.9,0.055,0.2,341,102.40698055893176,0.1032405638251996,1,1.034984812915242,33.47508848639199,34.71961145376856
Ocean,lambda_ci,0.9,0.055,0.2,342,116.04582214599093,0.1010402561608395,1,1.0885765430653842,38.48630478920384,35.19687615381188
Ocean,lambda_ci,0.9,0.055,0.2,343,100.4498206856655,0.1076332803966071,1,1.04038074363219,33.6138770180271,35.97625705798443
Ocean,lambda_ci,0.9,0.055,0.2,344,109.29384551737984,0.1135247529030791,1,1.0797002839801355,38.264196434621226,35.17957134143608
Ocean,lambda_ci,0.9,0.055,0.2,345,126.24661453599585,0.0994787078240285,1,1.0201646139490943,40.21795057884887,37.80516463774516
Ocean,lambda_ci,0.9,0.055,0.2,346,129.6723557534096,0.1030431131146248,1,1.1784595933678916,45.18707545321132,39.92663742235105
Ocean,lambda_ci,0.9,0.055,0.2,347,113.08855895940708,0.0971072629405927,1,1.002019809951877,35.276271832031924,33.42801915707295
Ocean,lambda_ci,0.9,0.055,0.2,348,118.92503521251636,0.0916590639603276,1,1.0703594309869042,37.24996058960265,34.42828716495223
Ocean,lambda_ci,0.9,0.055,0.2,349,118.8132246172676,0.0937745721035809,1,0.9928890509340208,36.25414682245764,33.17070847653069
Ocean,lambda_ci,0.9,0.055,0.2,350,111.84731623360904,0.0796107181661431,1,1.0917598404669386,32.97424770661934,35.94439289475588
Ocean,lambda_ci,0.9,0.055,0.2,351,115.77904354528089,0.1084981929594253,1,1.0833818157700874,39.6946503629098,36.24677854533967
Ocean,lambda_ci,0.9,0.055,0.2,352,120.48957706193336,0.1261664338595635,1,1.016501851800396,43.14947150882852,39.75450739613939
Ocean,lambda_ci,0.9,0.055,0.2,353,111.10788834601412,0.115916946075291,1,0.8531858106914472,34.94138948007881,33.6051236526388
Ocean,lambda_ci,0.9,0.055,0.2,354,104.56275009305328,0.111819156819232,1,0.9520955561387454,34.11735643000587,34.64855803099026
Ocean,lambda_ci,0.9,0.055,0.2,355,105.88191994928522,0.1222751045529901,1,1.0483026292142197,37.908287585251394,36.85139904537274
Ocean,lambda_ci,0.9,0.055,0.2,356,125.49753653299354,0.1258219903732121,1,1.110809407328847,46.917325879666535,40.68071115793364
Ocean,lambda_ci,0.9,0.055,0.2,357,101.77505254451978,0.1082204953771697,1,1.140401065556433,35.75402185471496,33.50838458649802
Ocean,lambda_ci,0.9,0.055,0.2,358,111.8667108736415,0.1130210816282897,1,0.9918399809855204,37.45427578860972,36.621411479815976
Ocean,lambda_ci,0.9,0.055,0.2,359,100.39284802804484,0.1064471405357457,1,0.8,29.296434501820368,35.60046932509182
Ocean,lambda_ci,0.9,0.055,0.2,360,104.43241505913446,0.097802055003532,1,1.0404277616180762,33.31311756595241,33.44448655066465
Ocean,lambda_ci,0.9,0.055,0.2,361,113.39804338445452,0.1060432393937265,1,0.9927593507708016,36.79332590473586,34.84939708596481
Ocean,lambda_ci,0.9,0.055,0.2,362,122.2589244183694,0.0973515287325998,1,0.9777082221836876,37.71868925277944,35.81436941527762
Ocean,lambda_ci,0.9,0.055,0.2,363,95.86414314978356,0.098006710947945,1,0.9641828844924016,29.46889227328765,33.79335071492756
Ocean,lambda_ci,0.9,0.055,0.2,364,103.32970433922388,0.0739021360742659,1,1.000354281302943,28.09510115213299,31.430060827266782
Ocean,lambda_ci,0.9,0.055,0.2,365,113.5451099523145,0.1301320977444852,1,0.8787769278575847,38.39723692860984,36.29440311529076
Ocean,lambda_ci,0.9,0.055,0.2,366,106.72058364336073,0.0977058381965938,1,1.0301304042344783,33.857473861649815,33.693739729439045
Ocean,lambda_ci,0.9,0.055,0.2,367,113.46706742773146,0.0971992084146206,1,0.9479010845948952,34.441551318047864,33.71697102342291
Ocean,lambda_ci,0.9,0.055,0.2,368,118.6731842012892,0.0965244915656788,1,1.004567206710117,36.95394900376682,36.45193433361789
Ocean,lambda_ci,0.9,0.055,0.2,369,99.54096710280928,0.1073732380557336,1,0.8762449974068272,30.53252046083944,32.68538685792172
Ocean,lambda_ci,0.9,0.055,0.2,370,110.86980567504244,0.1068517993597455,1,0.8856393548974772,34.106147016457605,35.34846889616478
Ocean,lambda_ci,0.9,0.055,0.2,371,120.82252326419308,0.0892652939657515,1,0.8873783041882004,34.00506616688041,36.86047798415379
Ocean,lambda_ci,0.9,0.055,0.2,372,105.71538938914748,0.0844910010498292,1,0.8868069337380732,28.93729833000261,32.941368043586046
Ocean,lambda_ci,0.9,0.055,0.2,373,101.30570324857143,0.0882679025038829,1,0.9697614832415856,29.63928784597711,32.83329920952933
Ocean,lambda_ci,0.9,0.055,0.2,374,103.85032161499718,0.107587100097182,1,0.9638811952879104,33.442574287804526,34.56306403319599
Ocean,lambda_ci,0.9,0.055,0.2,375,107.73065733087172,0.0980474616872117,1,1.008612340739062,33.878145273078225,32.73371896612221
Ocean,lambda_ci,0.9,0.055,0.2,376,108.08350291813774,0.120524567849208,1,0.8822520188275842,35.24467687913356,35.582623850064046
Ocean,lambda_ci,0.9,0.055,0.2,377,113.19901513848832,0.1045790290711662,1,0.9574088147644298,35.819016904759195,35.47405743892514
Ocean,lambda_ci,0.9,0.055,0.2,378,106.90078303429054,0.0991667630946742,1,0.9200864275485224,32.29076004561648,33.0519379049416
Ocean,lambda_ci,0.9,0.055,0.2,379,95.76965169286746,0.1014552674388467,1,0.8351486666765257,27.877068611939663,32.60920470943986
Ocean,lambda_ci,0.9,0.055,0.2,380,106.83293873560908,0.113828215740125,1,1.0057996786356376,36.14813416042093,34.7448796872253
Ocean,lambda_ci,0.9,0.055,0.2,381,129.7636856342601,0.0790906390189633,1,0.8072130778788466,32.78761365973241,37.28469972386869
Ocean,lambda_ci,0.9,0.055,0.2,382,121.96085089401768,0.1121768005066463,1,1.0771542657387727,42.39463719369909,36.82479322913256
Ocean,lambda_ci,0.9,0.055,0.2,383,113.29493833800714,0.1158683968757613,1,0.9527083602555808,37.64202637235131,35.195567724907576
Ocean,lambda_ci,0.9,0.055,0.2,384,109.22835728514916,0.1178683597950783,1,1.123508661720465,39.748636423131785,38.646310457874655
Ocean,lambda_ci,0.9,0.055,0.2,385,105.23427589873332,0.1128081727425704,1,1.160849611860273,38.081625661831296,35.499678977208234
Ocean,lambda_ci,0.9,0.055,0.2,386,119.08833573119884,0.1047574546622795,1,0.9265669354503044,37.10223689163072,37.03424836120493
Ocean,lambda_ci,0.9,0.055,0.2,387,113.85252741878988,0.101271270456661,1,1.097683323516703,37.95983694430666,35.996561706409054
Ocean,lambda_ci,0.9,0.055,0.2,388,100.1722836405144,0.1018357780902684,1,1.0129266409085118,32.172644814269546,35.29327039213588
Ocean,lambda_ci,0.9,0.055,0.2,389,105.299958090675,0.1093893443658912,1,1.023189777316894,35.22847181735614,34.14561695224733
Ocean,lambda_ci,0.9,0.055,0.2,390,132.7775274077085,0.1063770673399589,1,1.1238420553834276,45.909358410401175,40.14068451692312
Ocean,lambda_ci,0.9,0.055,0.2,391,107.99601543563664,0.1075463914720817,1,0.986151873885106,35.17042010513025,35.18872845815015
Ocean,lambda_ci,0.9,0.055,0.2,392,98.40086583683689,0.1051143063420211,1,0.9816968965759724,31.609566743725853,33.75647834777647
Ocean,lambda_ci,0.9,0.055,0.2,393,96.62771693618316,0.1152518887784105,1,1.1322507215645077,34.90575589207566,36.115437350164086
Ocean,lambda_ci,0.9,0.055,0.2,394,113.31529566539122,0.0765212377393303,1,0.9721081571571808,30.905574644474516,33.29797936865717
Ocean,lambda_ci,0.9,0.055,0.2,395,99.38313916613708,0.0829411845625823,1,0.9891247279280504,28.465797590982756,32.303636042110426
Ocean,lambda_ci,0.9,0.055,0.2,396,105.2627500924952,0.0918346181654293,1,0.8430069449136498,29.28825524504076,31.67548965214193
Ocean,lambda_ci,0.9,0.055,0.2,397,103.3075768061064,0.1027355786262202,1,1.0841173043051533,34.47710160319305,32.92573014179399
Ocean,lambda_ci,0.9,0.055,0.2,398,115.10659833945076,0.1163378458432226,1,0.9764634464027676,38.796158400028304,34.96075515974243
Ocean,lambda_ci,0.9,0.055,0.2,399,106.27620689855937,0.1061920403622908,1,0.9115263362602704,33.064856240326186,35.16377600352986
Ocean,gamma2,0.85,0.055,0.2,0,106.74392111478572,0.0932052020612236,1,1.051225281102674,33.41266578316145,33.66327998349893
Ocean,gamma2,0.85,0.055,0.2,1,100.7530395736366,0.1084505658955274,1,1.0517336397000292,34.0272577521086,53.131733399384544
Ocean,gamma2,0.85,0.055,0.2,2,125.558150162241,0.085875488327887,1,1.0887823095160896,38.39282297578057,35.720953768854
Ocean,gamma2,0.85,0.055,0.2,3,115.07303987149028,0.0915419722750928,1,1.0754233655021272,36.10550739203078,44.77333353975517
Ocean,gamma2,0.85,0.055,0.2,4,107.61946044338596,0.083558449107717,1,0.990824186976254,30.965941961203335,34.66773874449767
Ocean,gamma2,0.85,0.055,0.2,5,103.0079855225528,0.0938800580897333,1,1.0328454394702586,32.075633084526885,51.31067879611825
Ocean,gamma2,0.85,0.055,0.2,6,93.33734781847264,0.11491559291904,1,1.119098838330403,33.471807085084066,37.363684512735546
Ocean,gamma2,0.85,0.055,0.2,7,107.9341658497966,0.1064121975129904,1,0.975042948729246,34.76694402871915,33.22233537063024
Ocean,gamma2,0.85,0.055,0.2,8,119.74014114806172,0.1001483451499196,1,0.9186534616330776,36.31930358213755,37.80185204980857
Ocean,gamma2,0.85,0.055,0.2,9,115.7445211610014,0.0992890988572394,1,0.8686954707386825,33.99264867366212,37.55200720664472
Ocean,gamma2,0.85,0.055,0.2,10,109.28358608447012,0.1009560773787528,1,1.0072281584827096,34.84858117488991,16.57254330842593
Ocean,gamma2,0.85,0.055,0.2,11,104.72578057611688,0.0993005239403616,1,0.8972022022764895,31.25896120756396,74.08939925517033
Ocean,gamma2,0.85,0.055,0.2,12,113.22534287543328,0.0954562705998753,1,0.9576473499085258,34.233293340442025,50.39583775023724
Ocean,gamma2,0.85,0.055,0.2,13,91.4457598691099,0.0998007940937585,1,0.9076195742415504,27.52215892060468,50.35795295908001
Ocean,gamma2,0.85,0.055,0.2,14,111.4953800889343,0.1181421226343105,1,0.9256335955646104,36.87048169681216,13.788975394246233
Ocean,gamma2,0.85,0.055,0.2,15,100.68197411606644,0.114864455710907,1,0.8663211730754757,31.76025760185732,48.69339877547144
Ocean,gamma2,0.85,0.055,0.2,16,114.38108769239332,0.0911609213969842,1,1.0090723353623674,34.691232134609585,51.794291240707246
Ocean,gamma2,0.85,0.055,0.2,17,97.15106141240116,0.0985688296384993,1,1.1015376343678085,32.01231042006248,53.19364029099979
Ocean,gamma2,0.85,0.055,0.2,18,126.17921653754316,0.1053135375368152,1,0.8683468157557045,38.15720322656268,18.990140696187677
Ocean,gamma2,0.85,0.055,0.2,19,127.1873903248404,0.0951722217188666,1,1.0301594074056846,39.82459580551563,33.05775099584145
Ocean,gamma2,0.85,0.055,0.2,20,107.6097428994028,0.1035187249324645,1,0.998223989933692,34.59195061420458,40.31196720329117
Ocean,gamma2,0.85,0.055,0.2,21,132.30708052297595,0.0854524474346191,1,0.9365558735987308,37.42934138904412,49.82825933956224
Ocean,gamma2,0.85,0.055,0.2,22,117.89332217434428,0.0999797564169039,1,1.0591552423590314,38.364103440431,31.745922762371904
Ocean,gamma2,0.85,0.055,0.2,23,103.2320033590198,0.095793052929659,1,0.9954369951162156,31.877793375349057,50.77669062482981
Ocean,gamma2,0.85,0.055,0.2,24,100.0301876531386,0.1009520185505606,1,0.8892951835736201,29.97171244225509,31.524192623505385
Ocean,gamma2,0.85,0.055,0.2,25,91.89184252962272,0.1051592900458871,1,1.0131182566718466,29.993755931403705,35.72448117671195
Ocean,gamma2,0.85,0.055,0.2,26,92.82652740758137,0.097518457390339,1,1.0864663969631625,30.215074174217445,54.133641767877776
Ocean,gamma2,0.85,0.055,0.2,27,91.14912175197937,0.0969387201110892,1,1.0515957092330903,29.102180624722976,30.456118067030765
Ocean,gamma2,0.85,0.055,0.2,28,102.06174639965027,0.1120470065964935,1,1.095213707763968,35.753005858532724,23.05985453126405
Ocean,gamma2,0.85,0.055,0.2,29,111.08114316149756,0.1177292292729295,1,0.8976034998603959,36.1097731088464,34.60688571110005
Ocean,gamma2,0.85,0.055,0.2,30,112.5648695851485,0.0877745228883935,1,1.0567481128257152,34.2825289736079,47.608897159050095
Ocean,gamma2,0.85,0.055,0.2,31,107.9958941973489,0.0875188266009757,1,1.130617077825946,33.971580961729366,42.90325988929086
Ocean,gamma2,0.85,0.055,0.2,32,118.9070764704846,0.114422865734306,1,0.9932305659756226,40.08567026453316,11.158551699345296
Ocean,gamma2,0.85,0.055,0.2,33,108.74860856000804,0.1040970791246357,1,0.8711430587258927,32.7482216365967,32.19183627650784
Ocean,gamma2,0.85,0.055,0.2,34,111.0032915103923,0.0958437023726985,1,1.041714061993664,35.0745341135617,34.75067250750929
Ocean,gamma2,0.85,0.055,0.2,35,94.0435796228621,0.1011762838530088,1,1.0224251533176807,30.247137191211262,41.59916571424034
Ocean,gamma2,0.85,0.055,0.2,36,108.934833530704,0.1001215075149422,1,1.03192083989731,35.01496170717449,35.36414719102574
Ocean,gamma2,0.85,0.055,0.2,37,119.18029513697032,0.1065318199246768,1,0.9776441543901628,38.46223647186187,34.84423305850486
Ocean,gamma2,0.85,0.055,0.2,38,112.45496431650145,0.0860088673306602,1,1.135031427500239,35.13615138860505,34.77861438501088
Ocean,gamma2,0.85,0.055,0.2,39,103.5838153060552,0.1115901000764681,1,0.9218504815671976,33.22270426801922,31.30858800913037
Ocean,gamma2,0.85,0.055,0.2,40,113.11130345418668,0.1184056772083669,1,0.95339196618594,38.00388664929808,5.812393548412373
Ocean,gamma2,0.85,0.055,0.2,41,121.89231276719536,0.0972869270826979,1,1.0936626656547828,39.75989728344496,23.802661356368645
Ocean,gamma2,0.85,0.055,0.2,42,116.48943408027216,0.1251460350680123,1,1.0774591356678642,42.77553860794898,20.658178574641155
Ocean,gamma2,0.85,0.055,0.2,43,102.37450594647922,0.0947364092175483,1,0.9789769109590224,31.177156522056865,46.029479053266144
Ocean,gamma2,0.85,0.055,0.2,44,101.53728591980088,0.1191052502726774,1,1.0670615166783806,36.19809640324954,5.189017516637652
Ocean,gamma2,0.85,0.055,0.2,45,108.93151889148466,0.0954209241327125,1,0.957118667837169,32.919881396400484,68.20555350027186
Ocean,gamma2,0.85,0.055,0.2,46,116.8763046341782,0.0914635389264561,1,1.1206366606701454,37.41819942524128,16.958920847224768
Ocean,gamma2,0.85,0.055,0.2,47,113.5279026344542,0.1092054937177719,1,1.048458336455816,38.414965411678416,10.78217239629057
Ocean,gamma2,0.85,0.055,0.2,48,109.47486909882171,0.1123645758519296,1,0.8934981844520865,34.687737990603374,26.720626881281994
Ocean,gamma2,0.85,0.055,0.2,49,117.57750989224526,0.1003423830423062,1,0.8977706401317564,35.289797231893786,17.180008746030005
Ocean,gamma2,0.85,0.055,0.2,50,113.14274354207168,0.0935705522159606,1,1.0976788218597513,36.26051302863874,23.461080535435748
Ocean,gamma2,0.85,0.055,0.2,51,121.7008311865788,0.0947186301006398,1,1.0218399896434518,37.86192543862187,23.561434540678786
Ocean,gamma2,0.85,0.055,0.2,52,115.441362927931,0.1194268674295,1,0.9960570842266608,39.81572060973316,26.735244302639774
Ocean,gamma2,0.85,0.055,0.2,53,124.3430462316726,0.1168277272020674,1,1.0646468561810514,43.85279257235342,27.94182729128176
Ocean,gamma2,0.85,0.055,0.2,54,107.64043107025483,0.0971328123534349,1,1.0673287056688374,34.65831981613636,15.166730989096584
Ocean,gamma2,0.85,0.055,0.2,55,101.61786212378732,0.0974848516003281,1,0.8890901523213229,29.91655085076729,55.652743165896325
Ocean,gamma2,0.85,0.055,0.2,56,96.04044405089849,0.0895634150533109,1,0.9430573261384338,27.91184395343897,40.012156709800784
Ocean,gamma2,0.85,0.055,0.2,57,109.10614666398918,0.1055078846651415,1,0.9398690876011878,34.35780091182266,47.066509548756976
Ocean,gamma2,0.85,0.055,0.2,58,113.179226710158,0.0927198231265814,1,1.0420246357393927,35.17969038604512,34.135551089338655
Ocean,gamma2,0.85,0.055,0.2,59,106.744873103339,0.0917972065557218,1,0.8331473558402878,29.520429253277417,56.7611079190026
Ocean,gamma2,0.85,0.055,0.2,60,121.70226994901982,0.1127298688621868,1,1.068254268666094,42.23334673377675,40.70858493807973
Ocean,gamma2,0.85,0.055,0.2,61,109.46048667322894,0.1082488480198584,1,1.1170393397051932,38.063020646491935,9.070077682174247
Ocean,gamma2,0.85,0.055,0.2,62,104.41184212204703,0.1124989423471236,1,0.9787261024233208,34.64611664898301,35.211887710937
Ocean,gamma2,0.85,0.055,0.2,63,109.2052744576267,0.10369381377854,1,1.0495339524470992,36.026185829649066,42.11793582366405
Ocean,gamma2,0.85,0.055,0.2,64,118.45318119218926,0.1008580896644714,1,0.949043111660976,36.64756032049018,13.512114663706598
Ocean,gamma2,0.85,0.055,0.2,65,99.96235330852164,0.1045977572789958,1,1.065559513989672,33.37232878672486,40.040166263463234
Ocean,gamma2,0.85,0.055,0.2,66,109.75934374685484,0.0974052681374757,1,0.9418811265847268,33.245339485520475,64.78590264621762
Ocean,gamma2,0.85,0.055,0.2,67,122.72186096334111,0.1057251879398574,1,1.0266544874250645,40.431822699538834,1.7225521654300984
Ocean,gamma2,0.85,0.055,0.2,68,111.18057608417044,0.1038458693590951,1,1.0103400795314212,36.01283605865999,33.00186010710312
Ocean,gamma2,0.85,0.055,0.2,69,115.64996773990856,0.1162772640192247,1,1.0347194127980412,40.11476170666983,46.763576437574656
Ocean,gamma2,0.85,0.055,0.2,70,97.88123546110776,0.1042698935048021,1,1.0204184837902546,31.927731738226885,39.152864531210994
Ocean,gamma2,0.85,0.055,0.2,71,109.72095637278508,0.1008299297906061,1,1.0994303947039348,36.531557329357234,24.32885468496089
Ocean,gamma2,0.85,0.055,0.2,72,112.2458441826424,0.1170117206019163,1,1.004510560747777,38.48240507657019,33.69869215029904
Ocean,gamma2,0.85,0.055,0.2,73,102.09264295002714,0.0856511786486741,1,0.920633958525214,28.668476470591,24.922351867643105
Ocean,gamma2,0.85,0.055,0.2,74,112.18731823718612,0.1029844412476594,1,0.9154094055767312,34.445878099210766,31.029385943675443
Ocean,gamma2,0.85,0.055,0.2,75,98.167123953852,0.1037435144757759,1,1.0117218523529243,31.80366065353561,33.35848854477081
Ocean,gamma2,0.85,0.055,0.2,76,113.79949567110882,0.0891574564634657,1,1.0021590020717428,34.01633253776957,35.36844869813863
Ocean,gamma2,0.85,0.055,0.2,77,123.06885817320588,0.1230891049483058,1,0.9957029337621612,43.08467997874218,41.87791634450785
Ocean,gamma2,0.85,0.055,0.2,78,102.58159196606408,0.1008075620604829,1,1.2,35.67850214689106,31.50311877437316
Ocean,gamma2,0.85,0.055,0.2,79,98.24296733082453,0.0886991150890839,1,1.017725339836245,29.517285024535376,29.56841271510087
Ocean,gamma2,0.85,0.055,0.2,80,110.71617462983752,0.096120012600563,1,0.952918177860712,33.50779018348971,51.885049756758605
Ocean,gamma2,0.85,0.055,0.2,81,96.0863070281764,0.1089405080961751,1,0.9877313024825132,31.519230700116186,42.93531987699952
Ocean,gamma2,0.85,0.055,0.2,82,112.95611023528257,0.0961462064147225,1,0.9448189934008476,34.04474712935187,35.36896779587554
Ocean,gamma2,0.85,0.055,0.2,83,112.63868743645364,0.1143700533783226,1,1.1181238206627966,40.27992867594784,9.98510812762762
Ocean,gamma2,0.85,0.055,0.2,84,119.51148028084889,0.0982371401033868,1,1.166004256035793,40.44804624751797,29.301374299235874
Ocean,gamma2,0.85,0.055,0.2,85,108.26289800664402,0.0952347135344332,1,1.132496957469985,35.55460106412803,43.6686363277353
Ocean,gamma2,0.85,0.055,0.2,86,107.32539588140696,0.1047640182675489,1,0.9329884708019937,33.55418629616752,65.81406483826703
Ocean,gamma2,0.85,0.055,0.2,87,108.72114212780149,0.1005301954227328,1,1.0512900639852236,35.34463892647584,46.51241027486163
Ocean,gamma2,0.85,0.055,0.2,88,111.35364711898674,0.0857245123408793,1,1.0488448296187156,33.38970471196673,46.23841338129577
Ocean,gamma2,0.85,0.055,0.2,89,100.57105444677792,0.131320678650175,1,1.0084991798001182,36.599684144692745,25.200652945736724
Ocean,gamma2,0.85,0.055,0.2,90,108.23440146065516,0.1032569458375241,1,0.8913903974855,32.836656743162685,42.22986019178296
Ocean,gamma2,0.85,0.055,0.2,91,105.90192187532742,0.1175831070088098,1,1.032455631585459,36.89877992558297,35.64719113760822
Ocean,gamma2,0.85,0.055,0.2,92,112.6125262875535,0.0946096783936916,1,1.0796245424881863,35.990746835043,19.22100475662154
Ocean,gamma2,0.85,0.055,0.2,93,126.29024952514904,0.1002335260495357,1,1.010776417655066,40.19794725117048,23.27977649783307
Ocean,gamma2,0.85,0.055,0.2,94,106.5923553695328,0.0938906044419716,1,1.1298860420106631,34.71797996529701,32.92620593768714
Ocean,gamma2,0.85,0.055,0.2,95,100.51160380815575,0.1266757770588844,1,0.9514227253672954,34.89391924683063,31.884589705752173
Ocean,gamma2,0.85,0.055,0.2,96,107.67524133763835,0.1038845786522544,1,0.9511467490494327,33.846608585658416,30.942618930651037
Ocean,gamma2,0.85,0.055,0.2,97,110.7667403257967,0.1085384641363753,1,0.9628930801703032,35.8088393000962,30.64353529540545
Ocean,gamma2,0.85,0.055,0.2,98,105.05152208564712,0.0801579870306089,1,1.003089644905962,29.78829348608834,36.59470363251251
Ocean,gamma2,0.85,0.055,0.2,99,100.1350357361782,0.1034272418778115,1,1.0080723461847745,32.33325142954035,59.74463640334431
Ocean,gamma2,0.85,0.055,0.2,100,110.74528899198953,0.0958205799769849,1,1.0675641890852785,35.42025283822803,51.87724292892595
Ocean,gamma2,0.85,0.055,0.2,101,112.86410175876571,0.1108420578293384,1,0.9604246640580664,36.82474699997559,41.052886045379424
Ocean,gamma2,0.85,0.055,0.2,102,117.24738445993373,0.1015668118004532,1,0.8853724254270192,35.15944971961502,11.421440220570004
Ocean,gamma2,0.85,0.055,0.2,103,123.92789531613003,0.102094560116354,1,1.1723301614475163,42.874132373531936,20.01290751088153
Ocean,gamma2,0.85,0.055,0.2,104,125.37967555145708,0.1175846341103238,1,0.9089679705917516,40.98988669414645,39.36128343218349
Ocean,gamma2,0.85,0.055,0.2,105,116.5871494277902,0.1014888593179632,1,0.9833510299453424,36.83105490789527,39.34366050865744
Ocean,gamma2,0.85,0.055,0.2,106,99.73578914277992,0.0880354393233729,1,1.0135985341910096,29.79290029025714,50.293577590138
Ocean,gamma2,0.85,0.055,0.2,107,93.89250738655994,0.0944867097771019,1,0.992815986946683,28.75747037142547,61.396364892787375
Ocean,gamma2,0.85,0.055,0.2,108,128.96679447081917,0.1025614768604335,1,0.9595747902520642,40.45846981470446,12.171403832171611
Ocean,gamma2,0.85,0.055,0.2,109,103.79319446858128,0.1076650306609892,1,0.9432343022017576,33.07623020162158,62.91708909072141
Ocean,gamma2,0.85,0.055,0.2,110,96.32570510902848,0.1054207942070531,1,1.043117419744885,31.942723165569557,80.46665224757821
Ocean,gamma2,0.85,0.055,0.2,111,106.71921621847147,0.0981911191218504,1,1.067514512401662,34.55139812384511,26.625938697341837
Ocean,gamma2,0.85,0.055,0.2,112,109.25591489944904,0.1133427534295384,1,1.0915470064028572,38.42935178237743,16.884987901360514
Ocean,gamma2,0.85,0.055,0.2,113,121.29473283702472,0.1124748157287347,1,0.979547115428892,40.26078629621118,23.99699103071865
Ocean,gamma2,0.85,0.055,0.2,114,112.03230392855411,0.1003662820606112,1,1.0458410638741318,36.29694141963886,42.552837883431486
Ocean,gamma2,0.85,0.055,0.2,115,105.02011913554034,0.0983319207203378,1,0.8572326549264847,30.490821183452965,31.61621568738832
Ocean,gamma2,0.85,0.055,0.2,116,91.20844641335437,0.1131851728645602,1,0.9455393124639472,29.837994020695845,55.35667063441545
Ocean,gamma2,0.85,0.055,0.2,117,109.56695315944732,0.1053363943467146,1,0.9817837320524908,35.23519870411833,49.320971707487296
Ocean,gamma2,0.85,0.055,0.2,118,107.9997630136906,0.101765436432136,1,0.8547884409218945,31.853141626033477,34.889915476414515
Ocean,gamma2,0.85,0.055,0.2,119,115.43490458947385,0.1035179711932617,1,1.0173264343267874,37.4606396633056,38.87514771386913
Ocean,gamma2,0.85,0.055,0.2,120,116.58961600273818,0.0875778322388219,1,1.1664179955185785,37.2635368331229,36.775135923833
Ocean,gamma2,0.85,0.055,0.2,121,107.2971320263134,0.0995089109032076,1,1.174639385064221,36.68355187487116,15.718554404467143
Ocean,gamma2,0.85,0.055,0.2,122,106.10983867199664,0.0906405343114705,1,1.0281287147247464,32.39221356450196,58.38648456758123
Ocean,gamma2,0.85,0.055,0.2,123,108.8713317185358,0.1060540127345164,1,1.0181936349685876,35.77604077768809,18.57367775673119
Ocean,gamma2,0.85,0.055,0.2,124,111.90740766515262,0.0928689527784851,1,1.1130670572735242,35.979471049148295,3.287272040892578
Ocean,gamma2,0.85,0.055,0.2,125,112.20811527004471,0.0978832025466663,1,0.9318850517386152,33.88906021197753,37.572767755509936
Ocean,gamma2,0.85,0.055,0.2,126,111.47650703534325,0.0796414932929362,1,1.0003272506286958,31.46473652332574,64.4404843591311
Ocean,gamma2,0.85,0.055,0.2,127,115.96794620791547,0.1009256267246314,1,1.0863332944891315,38.39902864667362,56.34208221198712
Ocean,gamma2,0.85,0.055,0.2,128,119.75156763197174,0.1015227021950465,1,0.8588594673433952,35.36094358309154,30.55938891000368
Ocean,gamma2,0.85,0.055,0.2,129,111.31675041517188,0.092554809870359,1,1.0231560058285132,34.25555003161303,37.56865161440592
Ocean,gamma2,0.85,0.055,0.2,130,105.66847451215928,0.1011807027438859,1,1.0570041534828554,34.556729255912344,60.65288555520323
Ocean,gamma2,0.85,0.055,0.2,131,98.52423161352336,0.0794610638070848,1,0.9991074005635154,27.76043914250083,35.66290560362273
Ocean,gamma2,0.85,0.055,0.2,132,102.6788089885795,0.1056169590676326,1,0.9602957536735066,32.70018097800759,37.32980166342577
Ocean,gamma2,0.85,0.055,0.2,133,131.93926829681155,0.0999429311706345,1,1.0196339714909113,42.1184384045812,23.604391366392875
Ocean,gamma2,0.85,0.055,0.2,134,107.2318544371576,0.1018211917426334,1,1.1100288459679728,36.05039577541399,26.01205553518633
Ocean,gamma2,0.85,0.055,0.2,135,114.16207297800746,0.1049815284591344,1,0.8721768386696331,34.54463169109496,70.99321205532898
Ocean,gamma2,0.85,0.055,0.2,136,103.70854598915815,0.1014324027444764,1,0.9161315643864496,31.61417298601898,25.77431198724941
Ocean,gamma2,0.85,0.055,0.2,137,112.1029963100887,0.1004893637852522,1,0.967748237069119,34.958956711312126,18.443201567687225
Ocean,gamma2,0.85,0.055,0.2,138,109.62413944820428,0.1033769161389485,1,0.9890065591983056,35.05238469401927,9.942576902111366
Ocean,gamma2,0.85,0.055,0.2,139,95.52618698698949,0.1047421764696809,1,0.8725282114117602,28.87839010445626,49.48052202799217
Ocean,gamma2,0.85,0.055,0.2,140,96.66115383806626,0.0956660635420504,1,1.0561142114727051,30.724609393036296,51.72170748091297
Ocean,gamma2,0.85,0.055,0.2,141,121.0293462690652,0.1085557049673994,1,1.0198624226487774,40.27057295522438,26.634718884881856
Ocean,gamma2,0.85,0.055,0.2,142,95.1782727938986,0.0856543063790441,1,0.9985325328399322,27.83514770258843,37.14455743589534
Ocean,gamma2,0.85,0.055,0.2,143,107.54575882414092,0.1068405649009194,1,0.9406507186758808,34.093812769831324,49.06357540800947
Ocean,gamma2,0.85,0.055,0.2,144,119.23008290749328,0.1047581504925961,1,0.997295088597311,38.5382151746208,23.683477538020277
Ocean,gamma2,0.85,0.055,0.2,145,103.34914404969932,0.1149189032047892,1,0.878376819047852,32.83545610330444,32.81375520878576
Ocean,gamma2,0.85,0.055,0.2,146,108.30868548478772,0.092339449240292,1,1.1815911427833643,35.7758975580684,54.5899850600709
Ocean,gamma2,0.85,0.055,0.2,147,103.3322832750766,0.1123486952065299,1,0.9834905850452424,34.34829195952195,46.22918403507973
Ocean,gamma2,0.85,0.055,0.2,148,104.18461332497652,0.0959835152901626,1,0.9490697963174296,31.444955620889377,39.9091362632193
Ocean,gamma2,0.85,0.055,0.2,149,130.89599827229756,0.1097325592186293,1,1.0943720964299846,45.360374262438754,16.598977267718446
Ocean,gamma2,0.85,0.055,0.2,150,97.34928092950588,0.0921821827424083,1,1.0194954703025754,29.843440677925965,35.63458009027357
Ocean,gamma2,0.85,0.055,0.2,151,102.06691898898325,0.1055574785738247,1,1.0604690933620498,34.14904139996138,48.76511144913885
Ocean,gamma2,0.85,0.055,0.2,152,114.4647675878876,0.1409986095541233,1,1.0208751555420277,43.42757341583139,21.76392589717632
Ocean,gamma2,0.85,0.055,0.2,153,106.67368751739096,0.1024664843084425,1,0.9626911753219785,33.5036190019011,18.023769503029776
Ocean,gamma2,0.85,0.055,0.2,154,105.87219678709224,0.0877420541650605,1,1.0137929282759826,31.57624274578044,38.79904467727407
Ocean,gamma2,0.85,0.055,0.2,155,116.403842428937,0.0955730675888497,1,1.033549447061343,36.58480198101902,46.90082299636499
Ocean,gamma2,0.85,0.055,0.2,156,132.29547123606446,0.1121109946760628,1,1.0602015856623337,45.61033952770196,54.33533646918711
Ocean,gamma2,0.85,0.055,0.2,157,105.8303175550424,0.1225462526239743,1,0.9401601060560734,35.922042830532845,47.00752163299008
Ocean,gamma2,0.85,0.055,0.2,158,98.33465327747106,0.1141703879835108,1,0.8302037111812869,30.27440834835286,53.92430936482099
Ocean,gamma2,0.85,0.055,0.2,159,117.63165245262763,0.0886418380947687,1,0.9004750065614808,33.23375439449142,21.734142918536687
Ocean,gamma2,0.85,0.055,0.2,160,98.35292335231392,0.1039790231458671,1,0.9639439652677364,31.13766442924317,55.42751285892181
Ocean,gamma2,0.85,0.055,0.2,161,100.16426346940196,0.0935424990214163,1,1.0757641804800313,31.77428785943589,52.96424900405
Ocean,gamma2,0.85,0.055,0.2,162,108.97871836430215,0.0932681874311837,1,1.013221483291823,33.50122281034824,36.27089311693534
Ocean,gamma2,0.85,0.055,0.2,163,124.41551254605902,0.0951841168026362,1,1.0230091898094762,38.82366606485349,24.71744958276773
Ocean,gamma2,0.85,0.055,0.2,164,116.21372171697026,0.1007579521409533,1,0.9896276768056051,36.69720533616661,32.38996973644209
Ocean,gamma2,0.85,0.055,0.2,165,115.22099111564135,0.1035323389448302,1,0.9922971714516976,36.93095141431675,26.459018016354054
Ocean,gamma2,0.85,0.055,0.2,166,120.52994129655173,0.0937848360554623,1,1.140548350083327,39.42013498822283,9.760100323421137
Ocean,gamma2,0.85,0.055,0.2,167,100.7847112298311,0.0984853565567614,1,0.9193310880026128,30.326092812779915,46.02411389967952
Ocean,gamma2,0.85,0.055,0.2,168,115.70760867638091,0.093704850822121,1,1.070374226448891,36.64466674915904,27.644429678625357
Ocean,gamma2,0.85,0.055,0.2,169,124.48777307335298,0.0987588216940335,1,0.8739584245358425,36.572953551405455,25.727500899562187
Ocean,gamma2,0.85,0.055,0.2,170,120.23023183234974,0.1173230325828595,1,0.96306099878935,40.41403585017577,45.67221525068926
Ocean,gamma2,0.85,0.055,0.2,171,111.9574628186148,0.108859370606109,1,1.0470628926083172,37.79830645224215,7.734461913530829
Ocean,gamma2,0.85,0.055,0.2,172,110.57774363867156,0.0954458854750094,1,1.1494678893129937,36.62644362414732,45.72893334409714
Ocean,gamma2,0.85,0.055,0.2,173,108.49523494646331,0.090769720600669,1,1.0507925912787328,33.507317818604534,29.089801111512664
Ocean,gamma2,0.85,0.055,0.2,174,117.79575932039836,0.1094801902943998,1,1.0269827102445372,39.49835364119937,14.052241449494309
Ocean,gamma2,0.85,0.055,0.2,175,112.49011577689063,0.1001326361860071,1,0.9272326005493942,34.27650518220809,26.17766630186662
Ocean,gamma2,0.85,0.055,0.2,176,107.38341462578283,0.1148725041254942,1,1.0845170023092785,37.902114253984266,11.778789645216916
Ocean,gamma2,0.85,0.055,0.2,177,112.81939756504468,0.1060309705085971,1,0.9036824888425548,34.92272129413355,36.35691293788757
Ocean,gamma2,0.85,0.055,0.2,178,126.6590126970166,0.107918634638345,1,1.0661815904989458,42.96352526875939,51.014503198374825
Ocean,gamma2,0.85,0.055,0.2,179,110.14984904530957,0.0988119865592024,1,0.861564425823617,32.13901785432758,49.77450770777421
Ocean,gamma2,0.85,0.055,0.2,180,101.6504131727896,0.1058890200831038,1,0.9662424895630206,32.51454481348207,46.85254967203649
Ocean,gamma2,0.85,0.055,0.2,181,119.21498296649388,0.0962817417225079,1,1.1484758321027742,39.64274695809756,26.269323361704544
Ocean,gamma2,0.85,0.055,0.2,182,113.10855114998462,0.0966947833376926,1,1.0064623651235576,35.28545578481643,25.823724699628954
Ocean,gamma2,0.85,0.055,0.2,183,111.2178911691182,0.104791465655221,1,0.9390215500825818,34.88794531806721,29.90419743330275
Ocean,gamma2,0.85,0.055,0.2,184,109.8447822765955,0.095528022823693,1,0.9439462715019908,32.98515009442215,39.17111966602763
Ocean,gamma2,0.85,0.055,0.2,185,96.18529487191286,0.0878047007667628,1,0.8859240568850704,26.826610998340502,51.01495284924691
Ocean,gamma2,0.85,0.055,0.2,186,105.50363902386584,0.1033338948901302,1,1.008235900698311,34.054140061906494,33.079210775695856
Ocean,gamma2,0.85,0.055,0.2,187,105.54158375605574,0.0880054397631539,1,1.0007336498680297,31.321144075842813,35.648175357385284
Ocean,gamma2,0.85,0.055,0.2,188,120.93991745528646,0.0984293853583148,1,0.9947460722560518,37.84322770609691,21.47344917287462
Ocean,gamma2,0.85,0.055,0.2,189,113.37004689517912,0.0942913188231799,1,1.0214217984639682,35.18331384415322,36.09588277398096
Ocean,gamma2,0.85,0.055,0.2,190,104.30979678167256,0.1147203012848818,1,1.0254399333593052,35.776705971040215,30.16409999578981
Ocean,gamma2,0.85,0.055,0.2,191,119.45215419149336,0.0944120220834154,1,1.0832295591221954,38.200397943769815,17.85406991786933
Ocean,gamma2,0.85,0.055,0.2,192,115.12480758917022,0.0888599565211289,1,1.0654252014277417,35.42284576906961,21.059125228401765
Ocean,gamma2,0.85,0.055,0.2,193,102.86985587691804,0.1069440946682939,1,0.9673681463675676,33.08738363392887,22.39337043051149
Ocean,gamma2,0.85,0.055,0.2,194,102.39074273127308,0.0983909997772373,1,1.0057357975863286,32.20922938605248,45.48522358427476
Ocean,gamma2,0.85,0.055,0.2,195,106.51136978670937,0.1058905147448153,1,1.0008189154901657,34.67386485547487,40.96576359100367
Ocean,gamma2,0.85,0.055,0.2,196,110.64540330394148,0.0915950798238609,1,0.9771740281389164,33.10208935322493,49.42700832225929
Ocean,gamma2,0.85,0.055,0.2,197,93.58335572150996,0.0993914803558856,1,0.9659800431669008,28.99728057224127,32.38061959496035
Ocean,gamma2,0.85,0.055,0.2,198,121.24059949096728,0.1011026097188867,1,1.1193660430910124,40.78639512017588,38.99224548898022
Ocean,gamma2,0.85,0.055,0.2,199,105.23618055268574,0.0830730268728032,1,0.9086547670841276,28.913092757632125,37.902864560792736
Ocean,gamma2,0.85,0.055,0.2,200,106.5491055903665,0.0990473104467663,1,1.041697285525527,34.22487875169559,33.6125021803832
Ocean,gamma2,0.85,0.055,0.2,201,100.71361746112488,0.0824239564104485,1,0.9364787500710872,27.98104226580814,45.02060952928059
Ocean,gamma2,0.85,0.055,0.2,202,95.29867230083411,0.111570152734781,1,1.0493083825064216,32.6071194959563,26.6745172842705
Ocean,gamma2,0.85,0.055,0.2,203,108.50624888583242,0.1083639742711271,1,0.9645642542841042,35.08025922458908,37.27455961854303
Ocean,gamma2,0.85,0.055,0.2,204,130.19444245098757,0.0744944934388267,1,1.016498868630285,35.82679688486014,36.36111175602599
Ocean,gamma2,0.85,0.055,0.2,205,116.11251116107582,0.1000780572663068,1,0.9532043098567334,35.862573337671066,35.901898738339185
Ocean,gamma2,0.85,0.055,0.2,206,104.19184728739243,0.121815837794937,1,1.0517154946878513,37.29363812557772,38.33324715163225
Ocean,gamma2,0.85,0.055,0.2,207,139.60344352568845,0.0974056107904877,1,0.8482328438967724,40.12782863477798,56.54645775197678
Ocean,gamma2,0.85,0.055,0.2,208,101.2301364162924,0.1008007114227172,1,0.84865479497376,29.60786933057693,49.20081152802623
Ocean,gamma2,0.85,0.055,0.2,209,107.88525526236536,0.1244806850852324,1,0.8748712506479456,35.60288168426878,48.51847036651763
Ocean,gamma2,0.85,0.055,0.2,210,104.78757495099622,0.1081062164987194,1,1.061825855485275,35.502731828715675,31.57205173028574
Ocean,gamma2,0.85,0.055,0.2,211,119.98044200902432,0.1185314250300747,1,0.9877091745790124,41.05270271769853,21.90498745503546
Ocean,gamma2,0.85,0.055,0.2,212,120.82770171351848,0.086737160928011,1,0.8414028494992062,32.64157496236263,24.81367330829119
Ocean,gamma2,0.85,0.055,0.2,213,99.07455326291516,0.1130323065943897,1,0.8257516852425499,30.26830852923326,21.828408733312912
Ocean,gamma2,0.85,0.055,0.2,214,103.51665584000014,0.0925799749821228,1,1.0111193245952868,31.67159741438713,29.41791227905249
Ocean,gamma2,0.85,0.055,0.2,215,117.51607351102471,0.111510763957359,1,1.1696429593241486,42.44067897969965,40.45368561579486
Ocean,gamma2,0.85,0.055,0.2,216,103.24816475083706,0.0935474904619977,1,1.1022243820041668,33.15380802104903,53.42030332874569
Ocean,gamma2,0.85,0.055,0.2,217,106.81035341373004,0.0918237398262358,1,1.083377078366863,33.688421472547745,52.11712296142334
Ocean,gamma2,0.85,0.055,0.2,218,124.4130361456058,0.0958639023826394,1,1.1194461590093916,40.7563277399596,1.695536086675821
Ocean,gamma2,0.85,0.055,0.2,219,117.69624385616656,0.0927252103630428,1,0.8449079279422567,32.94323234308613,43.47920102944452
Ocean,gamma2,0.85,0.055,0.2,220,94.37699618721513,0.1152805462609484,1,1.1624761696022117,34.549056587591075,31.30112089610332
Ocean,gamma2,0.85,0.055,0.2,221,95.18706260904946,0.1002531497067964,1,1.1522114933397776,32.35139703140516,34.17880105042204
Ocean,gamma2,0.85,0.055,0.2,222,115.32644790488744,0.1338777119382712,1,0.9232656487919212,40.54584867731938,43.7853810762585
Ocean,gamma2,0.85,0.055,0.2,223,109.02709549498243,0.0926392105282401,1,0.9713944460977176,32.70616875468772,50.00191620187391
Ocean,gamma2,0.85,0.055,0.2,224,129.2628003803202,0.0877494687767068,1,1.032432728145619,38.90690548501463,37.45928591134748
Ocean,gamma2,0.85,0.055,0.2,225,102.0252654319715,0.1101603135560189,1,0.8874503911105215,31.900122999247248,53.1514151056408
Ocean,gamma2,0.85,0.055,0.2,226,99.98656460530589,0.113730357653931,1,0.8527588907789444,31.13816225646653,40.109036527023335
Ocean,gamma2,0.85,0.055,0.2,227,125.87559440942466,0.1094085872737217,1,0.9089143835089812,39.69435300737404,20.60971207619194
Ocean,gamma2,0.85,0.055,0.2,228,104.20430987516276,0.0963992260578216,1,1.0343177021380447,32.90405588264109,28.88262913189321
Ocean,gamma2,0.85,0.055,0.2,229,94.85994229154898,0.0975088044690671,1,0.8874907108386624,27.90529898349309,28.933343534602816
Ocean,gamma2,0.85,0.055,0.2,230,119.8574420889711,0.1105538784274,1,0.9549160295826408,38.94346482675125,24.297739355465
Ocean,gamma2,0.85,0.055,0.2,231,115.10856472957651,0.0941050527500644,1,0.8690969261884507,32.91911999586402,55.976534663790616
Ocean,gamma2,0.85,0.055,0.2,232,103.54992475564596,0.092438979020539,1,0.8829403868068737,29.583056905422534,43.9716771393017
Ocean,gamma2,0.85,0.055,0.2,233,115.84915189557856,0.0941704037772833,1,0.9593007295028196,34.81989542131905,36.60923482860608
Ocean,gamma2,0.85,0.055,0.2,234,130.4139714183325,0.1066320399697785,1,1.0780379672423284,44.21656566117549,9.39838516660037
Ocean,gamma2,0.85,0.055,0.2,235,119.08592937089772,0.1001736313499674,1,0.928687304331234,36.32218058913488,12.06081013646411
Ocean,gamma2,0.85,0.055,0.2,236,103.1298072120509,0.1012800050285851,1,0.8755503161361462,30.71048092976264,31.745718171383984
Ocean,gamma2,0.85,0.055,0.2,237,108.98106913503467,0.0927046541146777,1,1.0614455152853668,34.186188762530854,38.81990563204157
Ocean,gamma2,0.85,0.055,0.2,238,122.48449991607352,0.0988222849352879,1,0.911267508352006,36.75627751179078,35.48939588951269
Ocean,gamma2,0.85,0.055,0.2,239,122.66223145440456,0.1024366659354656,1,0.916004519603253,37.573996163962505,26.23562078611843
Ocean,gamma2,0.85,0.055,0.2,240,123.09783645483722,0.0915868736991612,1,0.8787277371682537,34.921605736662464,27.47953655657347
Ocean,gamma2,0.85,0.055,0.2,241,116.30028968349528,0.0920635923461432,1,0.9703268362633868,34.76032084860369,25.374496524442776
Ocean,gamma2,0.85,0.055,0.2,242,106.05718054761095,0.0897431367638695,1,0.8011207175762858,28.437386567997716,50.829828724199615
Ocean,gamma2,0.85,0.055,0.2,243,98.45865287981658,0.0991214404343261,1,1.1478315229722602,33.210603339588005,22.865782342279125
Ocean,gamma2,0.85,0.055,0.2,244,117.92623586286932,0.0907782908643301,1,1.161317197433714,38.28925055682994,21.024356110329627
Ocean,gamma2,0.85,0.055,0.2,245,106.89927141091484,0.1115757562943412,1,0.8962271652573142,33.804048539127415,27.347673035432763
Ocean,gamma2,0.85,0.055,0.2,246,103.75137336986414,0.1198514748660189,1,1.11052045461579,37.85112802443725,30.882539272259017
Ocean,gamma2,0.85,0.055,0.2,247,114.26717020731344,0.1110559432742843,1,1.0029245452275442,38.13524185645202,44.87095047600982
Ocean,gamma2,0.85,0.055,0.2,248,101.31757787029083,0.1124552766916316,1,1.0439587885719082,34.71493812124498,33.73071276889357
Ocean,gamma2,0.85,0.055,0.2,249,100.92729149418967,0.1110822790442652,1,0.8103367732142175,30.280551672293928,52.09889787571366
Ocean,gamma2,0.85,0.055,0.2,250,113.85708199149316,0.1124966374894272,1,0.9934001622775674,38.062028782518745,32.02245306855588
Ocean,gamma2,0.85,0.055,0.2,251,104.61996306631758,0.09957515028785,1,1.0126448127534604,33.22145266846509,58.012855624248
Ocean,gamma2,0.85,0.055,0.2,252,113.67635039126915,0.1015152571797038,1,1.050585097388524,37.123712409786265,47.91513009098152
Ocean,gamma2,0.85,0.055,0.2,253,108.3061224092981,0.0743812143595247,1,1.0861308379524155,30.78404689535075,52.20165464318984
Ocean,gamma2,0.85,0.055,0.2,254,109.54003412058816,0.1281404587152378,1,1.0514078465371388,40.20699500204253,47.58912613409689
Ocean,gamma2,0.85,0.055,0.2,255,112.60006743823406,0.1143155613097943,1,0.9323561083894224,36.76057005165677,50.74674134845734
Ocean,gamma2,0.85,0.055,0.2,256,105.49152041025776,0.0893662789997047,1,1.042780084815765,32.20332785674455,22.69211189957549
Ocean,gamma2,0.85,0.055,0.2,257,104.56686443602686,0.1129732747677453,1,1.0339729743076476,35.73851789698267,27.163547795928
Ocean,gamma2,0.85,0.055,0.2,258,108.97842531981765,0.086669990303456,1,1.0161705897844424,32.341355106161174,41.5995965179354
Ocean,gamma2,0.85,0.055,0.2,259,108.48851572282712,0.1109111202562457,1,0.9621991985681768,35.44082384917303,35.812895237606455
Ocean,gamma2,0.85,0.055,0.2,260,90.8541547990229,0.0785006458712844,1,1.0156717610770591,25.654177570578785,46.35190982277183
Ocean,gamma2,0.85,0.055,0.2,261,110.66966814037524,0.1029870808705527,1,0.879511944759046,33.30740921897808,67.6500382133076
Ocean,gamma2,0.85,0.055,0.2,262,115.07426602276914,0.084563039548402,1,0.9184315589030936,32.069479055321686,28.289447496873336
Ocean,gamma2,0.85,0.055,0.2,263,109.4945744978644,0.1156057072521546,1,1.0474081245005284,38.10133623337448,-5.300798800500806
Ocean,gamma2,0.85,0.055,0.2,264,108.56551933459022,0.1056171107183086,1,1.1195418304260063,37.33182472356233,21.845095069321808
Ocean,gamma2,0.85,0.055,0.2,265,121.27436557110384,0.0915524110185155,1,0.9040159429233529,34.88927533786381,46.3234641513643
Ocean,gamma2,0.85,0.055,0.2,266,116.07790946450238,0.1214297039147977,1,1.0575210200456262,41.596477045831456,29.873017674662226
Ocean,gamma2,0.85,0.055,0.2,267,119.01022479339716,0.0852176378601091,1,0.9630611758060904,34.09384317294932,51.6706412975562
Ocean,gamma2,0.85,0.055,0.2,268,107.6226676130629,0.085789301586799,1,1.042103664088224,32.17923980040224,52.314594895896114
Ocean,gamma2,0.85,0.055,0.2,269,109.04752680229736,0.10215257076428,1,0.979767596923142,34.49864253498034,42.0248149481722
Ocean,gamma2,0.85,0.055,0.2,270,133.03886279962157,0.1066859200599239,1,1.0090153665569248,43.64967028383519,46.39548425057534
Ocean,gamma2,0.85,0.055,0.2,271,111.31077793550344,0.1068335267761104,1,1.038628807842719,37.07841686651084,25.9711727080354
Ocean,gamma2,0.85,0.055,0.2,272,105.81248836339482,0.1158774521576451,1,0.9106408374692438,34.37240795328413,40.52145995511362
Ocean,gamma2,0.85,0.055,0.2,273,98.2216429968315,0.0888496934550406,1,0.9531058686893747,28.58286336316762,38.761669312044376
Ocean,gamma2,0.85,0.055,0.2,274,111.03121502556117,0.0866382566904796,1,1.110237125711864,34.43561294742825,38.61812666611013
Ocean,gamma2,0.85,0.055,0.2,275,107.25562971150433,0.1297422760811699,1,0.9735277440625728,38.118431299442754,48.26275049042228
Ocean,gamma2,0.85,0.055,0.2,276,114.29527430241212,0.0908426195001496,1,0.9906692237469746,34.28762740581721,33.19333254133995
Ocean,gamma2,0.85,0.055,0.2,277,118.3148851160228,0.1244833917283543,1,0.9000412308167961,39.602836718772565,38.75659531227505
Ocean,gamma2,0.85,0.055,0.2,278,106.3081250709518,0.112167598101854,1,1.010954191747763,35.79858884926669,42.62717135916296
Ocean,gamma2,0.85,0.055,0.2,279,125.27730619035192,0.0740291248478275,1,1.1064881800869624,35.85478341392271,28.687100228676304
Ocean,gamma2,0.85,0.055,0.2,280,101.95159391896712,0.0899627677942623,1,1.0685296010715497,31.60957837827117,47.98682965655552
Ocean,gamma2,0.85,0.055,0.2,281,113.94823419548592,0.0918571482601326,1,0.998505676007704,34.509554094259,57.29085070838751
Ocean,gamma2,0.85,0.055,0.2,282,102.34621028241304,0.1018857394713824,1,0.9883402666937354,32.47743421844014,44.225869606016914
Ocean,gamma2,0.85,0.055,0.2,283,125.20344266942058,0.0909722143927269,1,0.995295899919597,37.67443615368928,32.31956790459307
Ocean,gamma2,0.85,0.055,0.2,284,117.09324373508964,0.096228653535207,1,1.125508517716795,38.53527251565954,47.29267500249885
Ocean,gamma2,0.85,0.055,0.2,285,107.84326624361036,0.0989504419226715,1,1.0480078212026191,34.72835112232262,51.30053070084575
Ocean,gamma2,0.85,0.055,0.2,286,110.19298846340186,0.115284070648219,1,1.0694580782079766,38.69193909677976,28.872564908581587
Ocean,gamma2,0.85,0.055,0.2,287,116.01205519837676,0.0886737548460888,1,0.8623347255031795,32.08031378291767,52.99680644658675
Ocean,gamma2,0.85,0.055,0.2,288,111.95213611656108,0.1149638477941074,1,0.8839201743959773,35.68778166361676,58.45327240487284
Ocean,gamma2,0.85,0.055,0.2,289,117.89029288095674,0.1102411595979943,1,1.2,42.87859595306876,2.7755503365332928
Ocean,gamma2,0.85,0.055,0.2,290,102.27250089526888,0.0986184425705787,1,1.1081958612209082,33.8100807302472,60.57337375593853
Ocean,gamma2,0.85,0.055,0.2,291,100.84186591008816,0.0738574037404399,1,1.0308501394999068,27.825031108468345,35.24608446526106
Ocean,gamma2,0.85,0.055,0.2,292,119.57897367617048,0.1050146782003134,1,0.997998618203954,38.71192739427903,47.43369691922972
Ocean,gamma2,0.85,0.055,0.2,293,102.61818558416424,0.1023313933498235,1,0.9647498154825886,32.24305079052441,55.34857572954449
Ocean,gamma2,0.85,0.055,0.2,294,120.69133197784092,0.1139335086738814,1,1.038746335766026,41.51992579925344,12.811002540729294
Ocean,gamma2,0.85,0.055,0.2,295,118.72326849365128,0.0964145993630287,1,0.9188311021825428,35.33662670174129,32.15813311059382
Ocean,gamma2,0.85,0.055,0.2,296,109.82763543230207,0.0991105517385901,1,0.9470240996122954,33.6474453028244,40.8961577712727
Ocean,gamma2,0.85,0.055,0.2,297,113.79995212010398,0.1124129545361421,1,1.0918620539525232,39.86889023327062,43.46506236158064
Ocean,gamma2,0.85,0.055,0.2,298,109.87340296633172,0.0954618768959516,1,0.9289706313571684,32.71964267455669,68.92677589170583
Ocean,gamma2,0.85,0.055,0.2,299,99.79437163588824,0.0943192439800586,1,0.9538885862026656,29.933329722436795,48.09136887476001
Ocean,gamma2,0.85,0.055,0.2,300,114.9448527377604,0.1019085152360648,1,1.0119293811814143,36.91219471843069,22.149040192147567
Ocean,gamma2,0.85,0.055,0.2,301,115.92011231791945,0.1039207409504763,1,0.9967352783150728,37.307815941325046,32.4782115302385
Ocean,gamma2,0.85,0.055,0.2,302,104.57964399039642,0.1080628133431134,1,1.0870613532000075,35.843657770872184,51.70601869266769
Ocean,gamma2,0.85,0.055,0.2,303,109.47167410055852,0.0890689532519966,1,0.9004308166529644,31.002028334178323,47.47375564031203
Ocean,gamma2,0.85,0.055,0.2,304,106.9651231663792,0.1356846988637566,1,0.9901678250670346,39.20685785772661,22.145309427845547
Ocean,gamma2,0.85,0.055,0.2,305,112.06487092792632,0.1121864195071032,1,1.0130999911244962,37.780334153459485,30.175887186560463
Ocean,gamma2,0.85,0.055,0.2,306,109.78876724354896,0.0861863774689049,1,1.0695225958836667,33.332831306036304,46.3605186707135
Ocean,gamma2,0.85,0.055,0.2,307,104.09186994752244,0.1103772088478308,1,0.8924439185389138,32.66983804250434,33.39714197942688
Ocean,gamma2,0.85,0.055,0.2,308,105.51251278152338,0.0926764576612955,1,1.009671357827432,32.2759249456352,40.98892720712235
Ocean,gamma2,0.85,0.055,0.2,309,111.06216327973932,0.1258682867368636,1,1.1424554781452052,42.11569104445159,53.692187543630425
Ocean,gamma2,0.85,0.055,0.2,310,118.15038760422752,0.0958814075442975,1,1.0063186256581058,36.70034160408889,24.764213568544964
Ocean,gamma2,0.85,0.055,0.2,311,96.57521476818536,0.0998855679141412,1,0.8915684264626997,28.820027728413148,45.4821420404693
Ocean,gamma2,0.85,0.055,0.2,312,96.67778103791296,0.0981158480587712,1,0.8718998551105527,28.276754260373306,41.02240728841316
Ocean,gamma2,0.85,0.055,0.2,313,107.37982683504369,0.1085583861983634,1,0.9243993612339528,34.01607551070124,11.544970421386472
Ocean,gamma2,0.85,0.055,0.2,314,110.82457116579872,0.1001174969143426,1,1.07876975518622,36.42129905902693,20.031613002324583
Ocean,gamma2,0.85,0.055,0.2,315,108.66812455909005,0.0916630457552205,1,0.8560945364501471,30.441088414289613,54.42365558776083
Ocean,gamma2,0.85,0.055,0.2,316,104.02354192202776,0.0989059995454448,1,0.8750111945442696,30.601996409311884,51.97907883252602
Ocean,gamma2,0.85,0.055,0.2,317,117.54237334308092,0.1052935659913253,1,0.8912827840562265,36.00834255618156,44.923384140520426
Ocean,gamma2,0.85,0.055,0.2,318,116.546988983919,0.0901778085866698,1,1.131172187979956,37.22333285815616,20.948668384618397
Ocean,gamma2,0.85,0.055,0.2,319,112.72397862393554,0.094669604608359,1,1.0211214874340646,35.047762574367425,18.988775600512238
Ocean,gamma2,0.85,0.055,0.2,320,102.11579373705474,0.1221926664950051,1,1.0624296299244578,36.79303177895098,17.37937382052116
Ocean,gamma2,0.85,0.055,0.2,321,108.47940881916116,0.1125418774126501,1,1.0275863248484918,36.89041540514854,38.09772919659738
Ocean,gamma2,0.85,0.055,0.2,322,123.31791364651798,0.1000849778888543,1,1.016145662650808,39.32679924075021,17.019442074615448
Ocean,gamma2,0.85,0.055,0.2,323,112.85711943888296,0.094792672008661,1,0.9547267689617672,33.95125977822816,14.19085479964125
Ocean,gamma2,0.85,0.055,0.2,324,115.90335051322488,0.0974803297304497,1,0.9727633559934612,35.690948249594285,20.59667921679797
Ocean,gamma2,0.85,0.055,0.2,325,115.74009979877648,0.0893338933736122,1,0.9927932170975023,34.46842062951984,31.779714517981265
Ocean,gamma2,0.85,0.055,0.2,326,101.9183531580784,0.1040459996075618,1,0.9021349053320052,31.224884056156057,47.24060546719815
Ocean,gamma2,0.85,0.055,0.2,327,94.30889935367637,0.1091775158393969,1,0.9693011025210464,30.679525186561477,43.06520326872636
Ocean,gamma2,0.85,0.055,0.2,328,117.93997337116876,0.1001012594381288,1,0.9736360433990136,36.81960436719565,36.45563234414142
Ocean,gamma2,0.85,0.055,0.2,329,112.39000892387476,0.110256051062973,1,1.017973382775848,37.652787546068815,9.972743052060371
Ocean,gamma2,0.85,0.055,0.2,330,99.10687689863552,0.126171503420829,1,0.9264582147285396,33.88420869372914,54.8375667641176
Ocean,gamma2,0.85,0.055,0.2,331,110.68487883799762,0.1017995164072649,1,1.0507163763635514,36.19961086694194,3.6785413577394506
Ocean,gamma2,0.85,0.055,0.2,332,108.52903968644937,0.0925533960611663,1,1.1339306782390954,35.15890916570349,28.054912217113703
Ocean,gamma2,0.85,0.055,0.2,333,126.13949725609444,0.1060567778565428,1,1.1981541705612535,44.965213713834885,48.953683205741456
Ocean,gamma2,0.85,0.055,0.2,334,111.97476693378049,0.0867352579338548,1,1.1217418918756208,34.927256522264635,33.28240109878817
Ocean,gamma2,0.85,0.055,0.2,335,108.50514643091788,0.0976959794704437,1,1.0602493480287445,34.92148393489228,31.311266028830048
Ocean,gamma2,0.85,0.055,0.2,336,96.3885079159061,0.1097984090133584,1,0.8551312662445151,29.53518353978268,22.641039757798413
Ocean,gamma2,0.85,0.055,0.2,337,96.7153877816694,0.0967958175228664,1,0.9778552284835402,29.75508222026662,27.61469735437372
Ocean,gamma2,0.85,0.055,0.2,338,115.0974084638156,0.1199986973064016,1,1.0049675449942783,39.9696024978829,39.17257244303601
Ocean,gamma2,0.85,0.055,0.2,339,107.37919356645904,0.1054349961671917,1,1.0152661080406389,35.13196776893536,33.00425827804585
Ocean,gamma2,0.85,0.055,0.2,340,112.59450058151084,0.0973532758796213,1,1.008448661150858,35.27925136476835,34.04829970027844
Ocean,gamma2,0.85,0.055,0.2,341,119.21087509054183,0.0990734167170185,1,0.9811689288511936,37.16775585505185,20.83764019587202
Ocean,gamma2,0.85,0.055,0.2,342,94.75495522937426,0.0962888944652109,1,1.0521252652778077,30.15947350699433,39.65704374457072
Ocean,gamma2,0.85,0.055,0.2,343,122.76155695588304,0.1031722163858459,1,1.1119987634058974,41.58109483383455,28.829674884822413
Ocean,gamma2,0.85,0.055,0.2,344,98.30624973396564,0.0931971017428334,1,1.1190787492924652,31.7477284088705,45.03139442152335
Ocean,gamma2,0.85,0.055,0.2,345,112.4959702820409,0.0988872809532625,1,1.054763939441682,36.33162478966786,12.792800072271618
Ocean,gamma2,0.85,0.055,0.2,346,117.95481229775864,0.0955176205484863,1,1.027852322837808,36.95921788243513,0.1357266660670175
Ocean,gamma2,0.85,0.055,0.2,347,105.4968321104451,0.1026885022608227,1,0.9646283409510614,33.20323026209945,43.43460811135818
Ocean,gamma2,0.85,0.055,0.2,348,106.95427905133178,0.1111214034062232,1,1.045123965108194,36.44860629739574,25.530364949642955
Ocean,gamma2,0.85,0.055,0.2,349,114.91513229124304,0.1034186224314991,1,0.9679268332416092,36.35782211536011,20.85731869793969
Ocean,gamma2,0.85,0.055,0.2,350,121.0639356227021,0.1009830958736183,1,1.0682011130309197,39.76176384883826,1.477317744722784
Ocean,gamma2,0.85,0.055,0.2,351,94.05302828423989,0.0965647659224593,1,0.985252210592472,29.010541708671227,42.26524815351147
Ocean,gamma2,0.85,0.055,0.2,352,88.29364983061465,0.0938979760010273,1,1.057043618817521,27.81659963267018,54.84572217987623
Ocean,gamma2,0.85,0.055,0.2,353,111.99724273324078,0.0954017145309429,1,1.037194180644163,35.230228215942134,53.52094894356805
Ocean,gamma2,0.85,0.055,0.2,354,107.6078863599316,0.089474076495158,1,0.957757354730046,31.50071860233205,41.69900384723968
Ocean,gamma2,0.85,0.055,0.2,355,103.7142470051696,0.1167284768853651,1,0.9107002619368668,33.81540231049897,41.55944677157319
Ocean,gamma2,0.85,0.055,0.2,356,88.86649785998529,0.1056576018190145,1,1.0571428201986433,29.699919498034895,42.52660548341376
Ocean,gamma2,0.85,0.055,0.2,357,109.43994594652332,0.1259575873495491,1,0.9992963577014584,38.82712096781349,16.279676078130343
Ocean,gamma2,0.85,0.055,0.2,358,104.18789467811004,0.084968727038654,1,0.8194615436342805,27.492302068511695,35.30893188218966
Ocean,gamma2,0.85,0.055,0.2,359,114.34981583890992,0.0936906461824001,1,1.0156682369336798,35.27439080271949,16.59290288707406
Ocean,gamma2,0.85,0.055,0.2,360,121.56598293129254,0.1091228831738445,1,0.9333870760754543,38.79724377399625,46.444119748379656
Ocean,gamma2,0.85,0.055,0.2,361,101.00641923318796,0.1067735486475461,1,0.9636258446411152,32.3992556983425,41.64948551420012
Ocean,gamma2,0.85,0.055,0.2,362,101.80837721488363,0.0913417196480817,1,0.8738638622657828,28.7633851593257,51.468027961586415
Ocean,gamma2,0.85,0.055,0.2,363,115.45083450294196,0.0908700870426636,1,1.0504848097398174,35.66994476697891,49.03829538551789
Ocean,gamma2,0.85,0.055,0.2,364,115.7206932876661,0.1098382000804993,1,0.994737100198592,38.25092030137572,59.44104653812057
Ocean,gamma2,0.85,0.055,0.2,365,115.15413087550344,0.0989031039853129,1,1.0466871850764523,37.05040300190847,23.701736102154776
Ocean,gamma2,0.85,0.055,0.2,366,93.25231867504915,0.0950499051303458,1,0.924636834019834,27.64528541622925,32.717980387177555
Ocean,gamma2,0.85,0.055,0.2,367,107.71999852934724,0.098357112098414,1,0.9679015600232171,33.23646436525045,63.87881235320495
Ocean,gamma2,0.85,0.055,0.2,368,112.87512121327384,0.0991444051013877,1,1.0775383196265496,36.89340140711853,28.661967702461084
Ocean,gamma2,0.85,0.055,0.2,369,114.43209445167112,0.1280204576056087,1,0.9347922919861577,39.58631679705667,17.15879932907969
Ocean,gamma2,0.85,0.055,0.2,370,116.24843290094525,0.0790971645237654,1,1.2,35.814441881129945,27.45292506051487
Ocean,gamma2,0.85,0.055,0.2,371,103.33840701210038,0.1262525284981343,1,0.9684547492584588,36.13445188913743,26.66553982434472
Ocean,gamma2,0.85,0.055,0.2,372,98.89048701360618,0.1159383466515713,1,0.9309245631792064,32.48817470631114,48.82690156874171
Ocean,gamma2,0.85,0.055,0.2,373,107.92623314788764,0.0906190254752128,1,1.1292549424977147,34.524922572107,42.11390097854921
Ocean,gamma2,0.85,0.055,0.2,374,107.17102304242142,0.124731737442093,1,1.0935097468274635,39.58012774793551,10.893647579648926
Ocean,gamma2,0.85,0.055,0.2,375,109.82139004436884,0.1149467835312273,1,0.9607108927081318,36.49486029268644,34.714604099135826
Ocean,gamma2,0.85,0.055,0.2,376,115.17909162595362,0.1021443118885148,1,1.0230010833100909,37.23220776625783,30.449936645672693
Ocean,gamma2,0.85,0.055,0.2,377,118.54905516290484,0.0861547429377561,1,1.0677182256621065,35.95555696392469,24.60125069247512
Ocean,gamma2,0.85,0.055,0.2,378,98.1430460712357,0.0954519202067758,1,1.0104445884045554,30.479519695344333,31.922835437990678
Ocean,gamma2,0.85,0.055,0.2,379,106.46189082147326,0.1061999203252866,1,0.9064992897110216,33.032390555935365,48.75076010107209
Ocean,gamma2,0.85,0.055,0.2,380,111.8830384380104,0.0915025916181311,1,1.076816083179795,35.119774300151306,22.195108204795947
Ocean,gamma2,0.85,0.055,0.2,381,114.02551150704475,0.1314589935194668,1,0.8915432986713456,39.03627785114571,57.18477466508679
Ocean,gamma2,0.85,0.055,0.2,382,118.76812121428712,0.0946977876488585,1,0.8935171639250481,34.54786808842241,39.68968931157965
Ocean,gamma2,0.85,0.055,0.2,383,113.37253917700085,0.108660239934602,1,1.087649602913909,38.97514200297982,26.132115396328835
Ocean,gamma2,0.85,0.055,0.2,384,104.07782983175402,0.0971482643915481,1,1.063519309969784,33.45402991121992,23.49665302431061
Ocean,gamma2,0.85,0.055,0.2,385,100.49085099844632,0.1083076834658282,1,1.0398449492939923,33.72410640556004,32.202740500626234
Ocean,gamma2,0.85,0.055,0.2,386,115.36111416490417,0.1036481204463421,1,1.1488435907884171,39.80802305592399,4.151854763892869
Ocean,gamma2,0.85,0.055,0.2,387,102.7481790226116,0.101289073795879,1,0.9342009620102678,31.60644051321287,39.46387966078194
Ocean,gamma2,0.85,0.055,0.2,388,106.41548199794931,0.1244601684601842,1,0.9403525213881624,36.40536212905218,32.831504322607515
Ocean,gamma2,0.85,0.055,0.2,389,105.03291200203007,0.1068396970098719,1,1.0187374691222568,34.65156629633903,49.213167266369055
Ocean,gamma2,0.85,0.055,0.2,390,106.6473146543437,0.0998481927758179,1,0.996299421375086,33.63682284382626,29.35781230099493
Ocean,gamma2,0.85,0.055,0.2,391,123.57555080971848,0.1031831611162977,1,1.0209680089379638,40.10911101747388,19.196365297264947
Ocean,gamma2,0.85,0.055,0.2,392,100.22102929503411,0.0951640147328353,1,1.1216200808257952,32.74297409761835,37.11875899617838
Ocean,gamma2,0.85,0.055,0.2,393,114.56795503149225,0.0977144781270979,1,1.094818793174007,37.47259260788968,29.623773120611855
Ocean,gamma2,0.85,0.055,0.2,394,122.58820622166007,0.0999141411761862,1,0.9662071458879112,38.08880020848686,45.033184588801575
Ocean,gamma2,0.85,0.055,0.2,395,105.69675448360827,0.0999995888503863,1,1.0045501926854044,33.500136756382005,60.28434153134739
Ocean,gamma2,0.85,0.055,0.2,396,109.26618927836785,0.0920944242893088,1,1.0248326203342142,33.56826816770198,28.15850743982856
Ocean,gamma2,0.85,0.055,0.2,397,116.11142530373348,0.1082033807668501,1,1.0793121676321855,39.67974823339157,45.84243494353299
Ocean,gamma2,0.85,0.055,0.2,398,108.8033411018385,0.0806149669551669,1,0.9851698145462854,30.662362961226076,34.58811143634695
Ocean,gamma2,0.85,0.055,0.2,399,101.5266041389895,0.1020538856122105,1,1.0068431254772974,32.54434514262437,15.5675423915365
Ocean,ph,0.9,0.08,0.2,0,107.75097589971205,0.0808145438139563,1,1.0190625149770058,30.92191546579568,35.12727275840187
Ocean,ph,0.9,0.08,0.2,1,104.6994371334954,0.0925029053464656,1,1.0341759176627572,32.38316135193025,35.97145219673623
Ocean,ph,0.9,0.08,0.2,2,112.50917904867396,0.1077373659635442,1,1.1782606553146384,40.08591676923471,35.4260997984449
Ocean,ph,0.9,0.08,0.2,3,115.18178083786826,0.0901803180353348,1,0.9409111885677566,33.55165802759421,33.19937436269939
Ocean,ph,0.9,0.08,0.2,4,127.40807014090842,0.111799305112666,1,1.0654390356909105,43.97246296623747,35.79754054082988
Ocean,ph,0.9,0.08,0.2,5,117.12056057877292,0.0996214770778407,1,0.9361597688141388,35.767173179403024,33.58784291928409
Ocean,ph,0.9,0.08,0.2,6,97.93786239609824,0.1016652782775792,1,1.0022616573794478,31.26277362043995,39.30525856851599
Ocean,ph,0.9,0.08,0.2,7,104.04382141685348,0.118593705883737,1,0.9709010040504328,35.30486785358297,33.61859107127374
Ocean,ph,0.9,0.08,0.2,8,112.358673813417,0.099276021131943,1,1.0775206857731738,36.74866731495388,34.686384803970675
Ocean,ph,0.9,0.08,0.2,9,107.0327130407685,0.1159975497774894,1,0.9606900716275716,35.72996518581542,31.864749399792107
Ocean,ph,0.9,0.08,0.2,10,107.35496939118124,0.103215821121667,1,1.156759760230326,37.09512805879065,33.94596933967143
Ocean,ph,0.9,0.08,0.2,11,116.74724417958367,0.1172795264090685,1,1.0342824611914911,40.66093113141292,35.0834115368744
Ocean,ph,0.9,0.08,0.2,12,109.41645684006193,0.0938472618664913,1,0.9809115763009054,33.19772936419747,36.88497051188257
Ocean,ph,0.9,0.08,0.2,13,102.57947203882252,0.1083629176660692,1,1.047699283485366,34.56361252798353,31.457321627326458
Ocean,ph,0.9,0.08,0.2,14,114.11982060875054,0.1036075406246551,1,1.0861094561553908,38.28190666995988,32.825618641169406
Ocean,ph,0.9,0.08,0.2,15,110.88697136188746,0.1023433662721222,1,1.0470758482273332,36.29939960270043,33.05096627558993
Ocean,ph,0.9,0.08,0.2,16,123.48582999704227,0.1081772282557012,1,1.09107698501959,42.42411070955304,35.84000680139846
Ocean,ph,0.9,0.08,0.2,17,123.67262427006123,0.1011756087331321,1,1.0398326947787218,40.11374632018657,35.665831526440165
Ocean,ph,0.9,0.08,0.2,18,125.14815496706196,0.1103891597708807,1,0.9163111164237442,39.80238926864278,33.44277466377695
Ocean,ph,0.9,0.08,0.2,19,122.42365347529044,0.1216265599725218,1,1.0957955378170163,44.69349438475159,39.49099445335673
Ocean,ph,0.9,0.08,0.2,20,128.66991469206323,0.1090155725367013,1,1.0096441031418455,42.68796379613481,35.63215207666669
Ocean,ph,0.9,0.08,0.2,21,116.17571698115762,0.1178160026905627,1,1.1033109505602694,41.885766525718005,38.55559553803244
Ocean,ph,0.9,0.08,0.2,22,127.464865698938,0.1464991080873931,1,0.8729826994806849,45.583828880350445,37.67915567367608
Ocean,ph,0.9,0.08,0.2,23,97.83535687317604,0.0906898476228657,1,0.998283230564045,29.43757679970375,36.3453691559508
Ocean,ph,0.9,0.08,0.2,24,111.72454166169288,0.0913050710694914,1,0.8959318618478557,31.95461003509334,35.380383115273055
Ocean,ph,0.9,0.08,0.2,25,109.95952859775484,0.0989535762576941,1,0.9959538875157132,34.51979692660362,35.65133097742012
Ocean,ph,0.9,0.08,0.2,26,125.22129332324415,0.0980207518588501,1,0.9627722509205784,38.467944603406295,33.243318248101914
Ocean,ph,0.9,0.08,0.2,27,120.51231732046736,0.0738759091288741,1,0.8167703436363398,29.6028031315301,32.97745194764731
Ocean,ph,0.9,0.08,0.2,28,118.08086596722616,0.1022213759870335,1,1.0468825711393257,38.62774676239773,34.9826478914153
Ocean,ph,0.9,0.08,0.2,29,121.06376537183364,0.0945185775002383,1,1.087051264449504,38.80590164440072,35.30237061825479
Ocean,ph,0.9,0.08,0.2,30,108.16676418169452,0.1055512392613972,1,1.1078241807436495,36.98800660048523,35.599647039817185
Ocean,ph,0.9,0.08,0.2,31,113.00040202875444,0.1052996819048114,1,1.0771321014012512,38.05642625793256,34.68088720258405
Ocean,ph,0.9,0.08,0.2,32,111.79932969644824,0.0907183900824935,1,1.0105376833548834,33.850346885802345,33.05676850143677
Ocean,ph,0.9,0.08,0.2,33,131.18679708665005,0.0826536784424873,1,1.0012676369481777,37.73951473878806,36.2933119200622
Ocean,ph,0.9,0.08,0.2,34,105.99786797275036,0.0990872145406369,1,0.9852828172637084,33.11970002117856,35.44485259817816
Ocean,ph,0.9,0.08,0.2,35,105.4508110345714,0.0908083462319727,1,1.0359267190183117,32.3427783824116,33.36600782496997
Ocean,ph,0.9,0.08,0.2,36,123.40567497617546,0.106573746778449,1,0.977855218897322,39.838000062628666,34.412526047453305
Ocean,ph,0.9,0.08,0.2,37,111.69559945821756,0.1055403828700535,1,0.8748314371184852,33.93966774718422,33.2418224939509
Ocean,ph,0.9,0.08,0.2,38,118.92081895416588,0.0966466591203422,1,0.8512867773565274,34.110592109175165,32.354831883381074
Ocean,ph,0.9,0.08,0.2,39,113.7020008028944,0.0858130775932672,1,1.0203836030410964,33.645468606651555,34.58384077260305
Ocean,ph,0.9,0.08,0.2,40,115.02960280383552,0.1085771806172223,1,0.9721618680389364,37.37215931177935,37.499647730772224
Ocean,ph,0.9,0.08,0.2,41,110.19632122087827,0.1121762212648108,1,1.032989147819315,37.51158188963974,33.641926719085305
Ocean,ph,0.9,0.08,0.2,42,118.59141705938008,0.1393506472292169,1,0.9248552711229292,42.57401821860717,35.73918151265721
Ocean,ph,0.9,0.08,0.2,43,118.20247587440772,0.1001764468624253,1,0.8972814848370197,35.43837002051539,33.74529756522607
Ocean,ph,0.9,0.08,0.2,44,104.14611424216253,0.0911446806101111,1,1.075840964806526,32.61240093967164,36.28102720404663
Ocean,ph,0.9,0.08,0.2,45,91.34002070156056,0.10865139043838,1,0.9145096365853184,28.792070232858894,34.15908580971441
Ocean,ph,0.9,0.08,0.2,46,131.2241663407319,0.1038562938024579,1,1.0731343743935644,43.808389295048826,37.06913780929882
Ocean,ph,0.9,0.08,0.2,47,110.79675524510088,0.1043984862133276,1,1.1515706817651152,38.41664571024019,36.23950330659605
Ocean,ph,0.9,0.08,0.2,48,90.19732246665708,0.1062623737300315,1,0.9063832077026844,27.99234793134487,32.839249529718245
Ocean,ph,0.9,0.08,0.2,49,114.44299612541558,0.08504303658788,1,0.9834147012368314,33.09610965254797,36.70044793988573
Ocean,ph,0.9,0.08,0.2,50,106.299429527562,0.1191167320113006,1,0.8421599776371558,33.667790648207216,36.11858161117015
Ocean,ph,0.9,0.08,0.2,51,116.06989484342758,0.1020157036141439,1,0.9756501916452354,36.61846815806201,33.26891388072797
Ocean,ph,0.9,0.08,0.2,52,98.06753315951862,0.1147481789109395,1,1.1552818408303105,35.706076029965025,35.35198714025478
Ocean,ph,0.9,0.08,0.2,53,112.73482551185472,0.0749977817894001,1,0.9614601493391388,30.272476473049316,33.35730404764961
Ocean,ph,0.9,0.08,0.2,54,125.0397914797796,0.101156849304809,1,0.9059437137347433,37.85266800584271,32.855800313137586
Ocean,ph,0.9,0.08,0.2,55,108.30906232604138,0.0982145634478516,1,0.9115777460334156,32.407803618219965,33.64616681678226
Ocean,ph,0.9,0.08,0.2,56,112.55629347888146,0.0827979959067055,1,1.041374786609066,33.05089503651559,36.37421977234316
Ocean,ph,0.9,0.08,0.2,57,99.58339534132038,0.1139750872849278,1,1.010625063263966,33.79768302884668,34.757454083750694
Ocean,ph,0.9,0.08,0.2,58,105.64491772377556,0.0965483194939167,1,1.0790185714435634,34.09851207193166,36.15960288883564
Ocean,ph,0.9,0.08,0.2,59,114.97866610735996,0.0976099131809221,1,0.9276786943331552,34.598958071501336,37.796782761585725
Ocean,ph,0.9,0.08,0.2,60,97.95118934819791,0.0875986044678804,1,1.171920220110487,31.383930343017603,36.44251418364087
Ocean,ph,0.9,0.08,0.2,61,114.40765005997456,0.0828178497622929,1,1.032639585119849,33.45734118565773,36.82035157969726
Ocean,ph,0.9,0.08,0.2,62,131.25989401608643,0.0923390250045761,1,1.0531116065738138,40.931898749542185,36.2925741037982
Ocean,ph,0.9,0.08,0.2,63,107.55305862617443,0.120122519176315,1,1.0265294053749092,37.76771224182271,35.60429126269318
Ocean,ph,0.9,0.08,0.2,64,90.7963879767962,0.1187885375214516,1,0.9225222451593572,30.056905323251307,37.28219980711192
Ocean,ph,0.9,0.08,0.2,65,113.19745584338544,0.1174652119286118,1,1.0884810784077947,40.47638715413564,36.36971326144577
Ocean,ph,0.9,0.08,0.2,66,97.20167799034677,0.0796143621369493,1,1.007803054954198,27.53323917618817,31.21672935395969
Ocean,ph,0.9,0.08,0.2,67,108.78225859547736,0.086280777808074,1,0.8033536903860705,28.63970194473325,35.33506945967369
Ocean,ph,0.9,0.08,0.2,68,108.37018238748388,0.1122942467180495,1,0.9974360240235745,36.26862424673166,31.370372211095148
Ocean,ph,0.9,0.08,0.2,69,107.95346221733236,0.1063408802031485,1,0.8787707946035304,33.000803045191546,33.11696550600904
Ocean,ph,0.9,0.08,0.2,70,113.67750559300364,0.1135935029310544,1,1.0164411725493985,38.62712684700142,33.84640693692262
Ocean,ph,0.9,0.08,0.2,71,105.49575545946882,0.0892561267435426,1,0.8748953335433705,29.480310603932036,36.97886021279884
Ocean,ph,0.9,0.08,0.2,72,112.120701690231,0.0929109248014105,1,1.0688253843057138,35.33235442978448,36.055015523852695
Ocean,ph,0.9,0.08,0.2,73,122.28865127678692,0.1218816297990856,1,1.0043842619105228,42.78634918202286,37.02175797787958
Ocean,ph,0.9,0.08,0.2,74,111.86993350226471,0.1044152608656963,1,1.005670462196417,36.25126918146604,34.986929991011
Ocean,ph,0.9,0.08,0.2,75,106.78822122894154,0.0981203575675938,1,0.9495548658539166,32.59589764654986,34.3243990945718
Ocean,ph,0.9,0.08,0.2,76,111.12933569805548,0.1097642202550916,1,0.97471425740534,36.34944430061645,38.97334121759243
Ocean,ph,0.9,0.08,0.2,77,118.0510263919563,0.1181150733722529,1,0.8655794952283993,37.74643229119095,30.495125727865023
Ocean,ph,0.9,0.08,0.2,78,106.8330620110261,0.1105564205111826,1,0.9335882746274148,34.32221875524497,32.445873093381806
Ocean,ph,0.9,0.08,0.2,79,126.93735936072156,0.0958475207402122,1,1.017077555321565,39.63299902669959,34.1846112846974
Ocean,ph,0.9,0.08,0.2,80,101.1126594517274,0.086082297859403,1,1.1082415818358011,31.23055337376785,32.78344928709084
Ocean,ph,0.9,0.08,0.2,81,94.92591774291078,0.0936192375374143,1,0.9957404583976158,28.98280609335867,35.31690181747339
Ocean,ph,0.9,0.08,0.2,82,114.26471156559188,0.1030824767427782,1,0.959173326674341,35.92965909687999,35.23248561776098
Ocean,ph,0.9,0.08,0.2,83,101.24136429399134,0.1102131041970116,1,0.9796204955834678,33.26622630799824,34.12325158418684
Ocean,ph,0.9,0.08,0.2,84,105.34231189169896,0.1045008864595885,1,1.0356077737177902,34.65456753249141,32.671865089592764
Ocean,ph,0.9,0.08,0.2,85,112.0036299078367,0.1072290614684734,1,0.9462863212452088,35.67792855143622,32.62299662696749
Ocean,ph,0.9,0.08,0.2,86,116.73257160685982,0.0894464669701298,1,0.9617437479042428,34.2376016384223,32.03306086483273
Ocean,ph,0.9,0.08,0.2,87,105.92091929381913,0.1084746954448095,1,0.9660971977548524,34.289122593099634,35.17325298353218
Ocean,ph,0.9,0.08,0.2,88,110.18731438891928,0.093749263540578,1,0.9528276012907304,32.93234792768504,34.690826891280395
Ocean,ph,0.9,0.08,0.2,89,112.57015803749444,0.1090186418555907,1,0.9577302732205092,36.37435216268913,34.10386289765034
Ocean,ph,0.9,0.08,0.2,90,97.98789126609807,0.1073485699841093,1,0.8816311016155711,30.144910209653837,34.74597821912255
Ocean,ph,0.9,0.08,0.2,91,106.14855508369726,0.1047193600882846,1,0.9936906934952032,34.2415320539607,37.628701728529165
Ocean,ph,0.9,0.08,0.2,92,91.63736217808584,0.1050164649322729,1,0.9191748072376996,28.47084343915689,34.2169405473341
Ocean,ph,0.9,0.08,0.2,93,102.8931531994158,0.107795395785391,1,0.9710319654069826,33.28919901928833,35.34175626249844
Ocean,ph,0.9,0.08,0.2,94,104.23593473195582,0.0999618301967799,1,0.9505038690214328,32.13005798151824,35.15162874093242
Ocean,ph,0.9,0.08,0.2,95,96.99570052205858,0.0912104139519768,1,1.0687838320654142,30.284446112056997,36.66320588872838
Ocean,ph,0.9,0.08,0.2,96,110.03996711983496,0.105067214756897,1,0.985423060832833,35.407512933902225,33.923622959515654
Ocean,ph,0.9,0.08,0.2,97,114.09235501008902,0.1061655201456191,1,0.9106927574611056,35.475966156395835,36.614286947154085
Ocean,ph,0.9,0.08,0.2,98,105.43150623699032,0.0914154705011222,1,0.9391630777913867,30.89233713156741,36.3265482653039
Ocean,ph,0.9,0.08,0.2,99,107.25682358008422,0.1040114411774661,1,1.083540729918962,36.00709699583797,33.76220242422143
Ocean,ph,0.9,0.08,0.2,100,108.44943324875462,0.0899217453118436,1,0.9171930958070706,31.14512218752356,35.05397773705063
Ocean,ph,0.9,0.08,0.2,101,117.82723580375097,0.0957370396754471,1,0.88393110560875,34.27637574829028,33.08602428118258
Ocean,ph,0.9,0.08,0.2,102,109.46664685009546,0.0979631307809601,1,0.9078966329198066,32.64610295621939,34.929627995497924
Ocean,ph,0.9,0.08,0.2,103,110.13132239649744,0.0936483302274719,1,0.9404151444577394,32.68290716345459,34.9672623084042
Ocean,ph,0.9,0.08,0.2,104,108.88254629034375,0.0969191228174402,1,0.925425456994096,32.608718151958264,37.23209031624795
Ocean,ph,0.9,0.08,0.2,105,130.41829698903533,0.0910460315145565,1,0.978297125980896,38.922831309137614,33.67759398864526
Ocean,ph,0.9,0.08,0.2,106,111.27821477219148,0.1023205721222124,1,0.9754171830363066,35.1549780044102,32.52060639764088
Ocean,ph,0.9,0.08,0.2,107,123.64378852298992,0.0987510632233787,1,1.0136670739874754,39.11928097710222,37.76390574743628
Ocean,ph,0.9,0.08,0.2,108,117.6128435900452,0.1005559537082012,1,0.9298608424543788,35.96396983092416,33.2096104463438
Ocean,ph,0.9,0.08,0.2,109,91.24865761643208,0.0997843598508539,1,1.046932596823387,29.49287315101717,32.94586356706554
Ocean,ph,0.9,0.08,0.2,110,113.76023747277462,0.0986727165800933,1,1.0010926481549467,35.75412618023165,35.8589142229653
Ocean,ph,0.9,0.08,0.2,111,110.32610739622577,0.1108881746172198,1,1.0397145245052322,37.460879379916825,33.97813735685535
Ocean,ph,0.9,0.08,0.2,112,105.42881776222572,0.0979318823622522,1,1.0338625594251012,33.546930706568936,35.44558264360532
Ocean,ph,0.9,0.08,0.2,113,102.95128529527936,0.0888938244581087,1,0.9668526765072694,30.18197954352257,36.17975443257077
Ocean,ph,0.9,0.08,0.2,114,105.6386378179296,0.1195292772497593,1,0.9699136236148376,35.96884306443878,33.73207581308499
Ocean,ph,0.9,0.08,0.2,115,114.04284408493822,0.0918702886343444,1,1.014237449311986,34.811713534589984,35.21737364788242
Ocean,ph,0.9,0.08,0.2,116,121.29420413486554,0.0892297973833266,1,0.9529199351861196,35.369034847056284,37.85939416920452
Ocean,ph,0.9,0.08,0.2,117,96.460564165749,0.0932895250623149,1,1.120562476399006,31.18776666884269,33.82848789534112
Ocean,ph,0.9,0.08,0.2,118,116.42648517216617,0.1036074256656159,1,0.949019936901753,36.50773556483543,34.180771035342225
Ocean,ph,0.9,0.08,0.2,119,128.71065574682146,0.12113893392572,1,1.0407155290440089,45.70065178909032,39.8755989371744
Ocean,ph,0.9,0.08,0.2,120,112.67662393905252,0.0912457734665279,1,1.0391579539666502,34.69612610032787,34.13248675242082
Ocean,ph,0.9,0.08,0.2,121,89.34510487795093,0.0961941436208759,1,0.9975159797186324,27.676107580005887,33.07274658859675
Ocean,ph,0.9,0.08,0.2,122,97.5689706394793,0.1043146410536286,1,1.032867847553703,32.02629770257389,33.814971389130726
Ocean,ph,0.9,0.08,0.2,123,114.44510605725397,0.0949347176310427,1,0.957813619127298,34.51042132235938,35.20829957828493
Ocean,ph,0.9,0.08,0.2,124,115.36529002052184,0.0917099996356749,1,0.8969417252805819,33.0876270472876,32.06527847663192
Ocean,ph,0.9,0.08,0.2,125,118.3410102820526,0.0969891674351288,1,0.9223723449690188,35.395660821580044,35.70799151272012
Ocean,ph,0.9,0.08,0.2,126,126.33680885197784,0.1162470573199029,1,0.9459648378237104,41.894632356058615,38.25655591329479
Ocean,ph,0.9,0.08,0.2,127,114.72048640863088,0.099021837743584,1,1.1894757813561616,39.37170956113826,31.920159790206668
Ocean,ph,0.9,0.08,0.2,128,95.40291954856367,0.09805965872101,1,0.9368452283149284,28.916170616648053,33.06925434894127
Ocean,ph,0.9,0.08,0.2,129,107.80758860837732,0.111951310210115,1,0.93124326006902,34.80931633056783,35.41315799291004
Ocean,ph,0.9,0.08,0.2,130,94.68764900659346,0.0959244145988729,1,1.0989174654466836,30.74258979840324,33.50315982046899
Ocean,ph,0.9,0.08,0.2,131,111.41445241515048,0.1007277777426354,1,1.044074112663439,36.13115296242914,35.44137498103048
Ocean,ph,0.9,0.08,0.2,132,104.38195245668506,0.0994699492932638,1,1.019487616602904,33.24010153987301,35.61830600783542
Ocean,ph,0.9,0.08,0.2,133,111.59676609568776,0.0995274374135407,1,0.9733442392278342,34.73411614088401,37.36896461786574
Ocean,ph,0.9,0.08,0.2,134,117.95739961739416,0.1158618500360788,1,0.9921838810592564,39.99369248669392,32.460414626453414
Ocean,ph,0.9,0.08,0.2,135,99.5918319827288,0.1041149413300966,1,1.134298979036758,34.22504447819441,36.78968601139946
Ocean,ph,0.9,0.08,0.2,136,106.47034915360624,0.0920250237211087,1,1.0642497926076917,33.31988044260786,33.34000915699703
Ocean,ph,0.9,0.08,0.2,137,110.45077481402416,0.0878087290468908,1,0.9430816769952152,31.78427180313633,35.624473631998185
Ocean,ph,0.9,0.08,0.2,138,104.60329908572064,0.1073016162911419,1,0.9591710728682102,33.55803712713503,35.21179641594516
Ocean,ph,0.9,0.08,0.2,139,119.44398292687596,0.0923746604482792,1,0.9717972928236228,35.787268090345805,33.279033927345054
Ocean,ph,0.9,0.08,0.2,140,104.9991744709126,0.11925915404055,1,0.9723249536386,35.755055996352446,31.68311161976088
Ocean,ph,0.9,0.08,0.2,141,102.41227638037869,0.1093265377762968,1,0.9846779348764008,33.60175183756676,31.331852570572885
Ocean,ph,0.9,0.08,0.2,142,97.81968118599823,0.0967654099977107,1,1.0518809995022074,31.208264546692448,36.46926063939444
Ocean,ph,0.9,0.08,0.2,143,104.13361033115534,0.0898979186200083,1,1.0629444594627968,32.19000397902359,34.86159221676388
Ocean,ph,0.9,0.08,0.2,144,104.34817474936592,0.1134589733534635,1,0.9812002892429096,34.816340041896645,36.19106630741893
Ocean,ph,0.9,0.08,0.2,145,111.58426929289624,0.117638914687744,1,0.9918935108204642,38.11632338264271,32.62962887144143
Ocean,ph,0.9,0.08,0.2,146,122.48082327045378,0.1177894952873282,1,0.9473008922043814,40.91337914154456,37.29852825814094
Ocean,ph,0.9,0.08,0.2,147,122.65669253388384,0.1058926934010676,1,0.9316105070733616,38.52489254838978,34.33890452406471
Ocean,ph,0.9,0.08,0.2,148,103.10487643443936,0.0994133734528417,1,1.0780392505691516,33.753506657953416,32.892955433915056
Ocean,ph,0.9,0.08,0.2,149,119.172708856724,0.087880069746477,1,0.9864658551280442,35.088357273645286,34.090578430925184
Ocean,ph,0.9,0.08,0.2,150,98.83667928221848,0.1053107048010788,1,0.98218208225656,31.787063446651985,35.27669366424786
Ocean,ph,0.9,0.08,0.2,151,96.80444918667035,0.0943151074137844,1,1.0038356844126488,29.78634840143234,35.31254838982812
Ocean,ph,0.9,0.08,0.2,152,111.27676261318474,0.0870247266721969,1,1.0087825009675404,32.97042809749838,36.017943340516794
Ocean,ph,0.9,0.08,0.2,153,120.05195186651513,0.1036320690453726,1,1.1438995122072124,41.33426765473845,38.32209286495321
Ocean,ph,0.9,0.08,0.2,154,103.0453150916959,0.0947041768711283,1,1.052809003447667,32.53775716202587,35.93457948824762
Ocean,ph,0.9,0.08,0.2,155,92.96473412746862,0.0920341121966291,1,1.069321705928802,29.16398300591304,36.52209536391098
Ocean,ph,0.9,0.08,0.2,156,106.44410009702972,0.105977676376696,1,0.9839847886083556,34.37343891617328,33.17825280114429
Ocean,ph,0.9,0.08,0.2,157,129.89738618887586,0.1009096044440757,1,0.9556483179612836,40.33812560928179,38.38755534878491
Ocean,ph,0.9,0.08,0.2,158,116.56043191956856,0.1030814806456497,1,0.9548841350032504,36.56931378549121,36.72350692968167
Ocean,ph,0.9,0.08,0.2,159,112.48380546175495,0.1071272776609877,1,0.9281432255082098,35.4688848627511,33.71909363470881
Ocean,ph,0.9,0.08,0.2,160,126.0158149985671,0.0852558696287773,1,0.8498493596013887,33.920181906418264,35.96495564104604
Ocean,ph,0.9,0.08,0.2,161,107.32794934071076,0.1134469372088793,1,1.0524274626076686,37.08559963443379,35.92928511476922
Ocean,ph,0.9,0.08,0.2,162,110.66979913698836,0.1069007842458557,1,0.9020164564605356,34.36582686730751,34.21228869537464
Ocean,ph,0.9,0.08,0.2,163,97.3541213795716,0.1042709662026506,1,0.9765887633017314,31.066469548547296,37.014210535673
Ocean,ph,0.9,0.08,0.2,164,102.73797463193782,0.1066302832180773,1,0.9914274704258766,33.404252303304006,34.97012458129425
Ocean,ph,0.9,0.08,0.2,165,109.46874069124624,0.0956891873756973,1,1.0573817974982056,34.82069781429666,35.752608650960035
Ocean,ph,0.9,0.08,0.2,166,109.58579737692888,0.0999551116998309,1,1.042854055926793,35.38087292500922,33.44882402989356
Ocean,ph,0.9,0.08,0.2,167,95.16959964700656,0.0920753946240091,1,1.01373169990503,29.07579180375982,32.929072114186376
Ocean,ph,0.9,0.08,0.2,168,105.83097376043328,0.0958012727825375,1,0.9389102512247322,31.7402594212225,36.50962917303247
Ocean,ph,0.9,0.08,0.2,169,117.87280527380894,0.0879787098697185,1,1.00145875246799,34.98798626193201,38.28772046024959
Ocean,ph,0.9,0.08,0.2,170,114.86490972251376,0.1105640040512593,1,0.9386284377502384,37.00335554811719,37.5696526794345
Ocean,ph,0.9,0.08,0.2,171,118.09692305096966,0.1066599911541588,1,0.9160443082000572,36.91455134447865,37.89988709860637
Ocean,ph,0.9,0.08,0.2,172,116.34702970535956,0.1149032183590738,1,0.9622505755943728,38.68703859546565,34.26117821687176
Ocean,ph,0.9,0.08,0.2,173,122.5539790233194,0.1102557912627449,1,0.9846554252668476,40.38036688657549,34.78729814713868
Ocean,ph,0.9,0.08,0.2,174,116.6371092748858,0.088683930722689,1,0.9634294869443628,34.09331112611891,32.97883766756687
Ocean,ph,0.9,0.08,0.2,175,98.4984229059636,0.0829477435066626,1,1.0375446719517285,28.89581626747029,32.164667504593766
Ocean,ph,0.9,0.08,0.2,176,134.70777056063238,0.0945023176557683,1,0.9701117076079536,40.78728065592086,33.18593474201142
Ocean,ph,0.9,0.08,0.2,177,114.06407029980276,0.0880148641162165,1,0.8884497712986028,31.896520991390325,35.71784204033381
Ocean,ph,0.9,0.08,0.2,178,127.1383725357568,0.0823750502483654,1,0.8950279446631149,34.52174908665266,33.57836784668901
Ocean,ph,0.9,0.08,0.2,179,96.80123187462534,0.0878744138110881,1,0.9733864923976838,28.31097082488852,37.33785678895708
Ocean,ph,0.9,0.08,0.2,180,107.95362227327875,0.1005108320149939,1,1.0745708448568252,35.478167502766844,35.23047522563298
Ocean,ph,0.9,0.08,0.2,181,121.49033287215089,0.0937792611327773,1,0.9354909638322336,35.98445452647387,31.021737235981107
Ocean,ph,0.9,0.08,0.2,182,107.6749614996754,0.0871712580516553,1,1.0178996939385665,32.07405531940893,35.87896762081359
Ocean,ph,0.9,0.08,0.2,183,125.93677348600116,0.1117166211736664,1,1.1448130317627336,45.03796310004302,39.15374568447625
Ocean,ph,0.9,0.08,0.2,184,108.21769688871797,0.0820543701498147,1,0.9326772758329676,29.93745257749009,32.41140152121937
Ocean,ph,0.9,0.08,0.2,185,112.23443067516313,0.1108976192306989,1,0.8131296751758593,33.702888587453444,31.74454158883883
Ocean,ph,0.9,0.08,0.2,186,91.5386017612834,0.0918588164174998,1,0.973124998740716,27.368374987100687,36.04239402827587
Ocean,ph,0.9,0.08,0.2,187,97.50918265646744,0.1302117828321348,1,0.9186542129176012,33.72459121897831,34.48015068508276
Ocean,ph,0.9,0.08,0.2,188,128.10792378607894,0.1020897551875279,1,1.0638927616035476,42.21978340581289,40.18312576287354
Ocean,ph,0.9,0.08,0.2,189,94.16892906036614,0.0959397179999671,1,1.139064000081088,31.130128497743502,36.3861612959675
Ocean,ph,0.9,0.08,0.2,190,110.5759180025374,0.0978519088061328,1,1.195797687719506,37.82457519336546,34.50333940605908
Ocean,ph,0.9,0.08,0.2,191,108.07351212782362,0.1066080152251329,1,1.0758037594104657,36.59996945848734,35.2405473384417
Ocean,ph,0.9,0.08,0.2,192,113.12761719110637,0.0896738963312282,1,1.059186238721339,34.86485189107625,35.84245623349121
Ocean,ph,0.9,0.08,0.2,193,111.02509786060288,0.0999341605657498,1,0.9129145031751968,33.534605552333986,35.1409294183008
Ocean,ph,0.9,0.08,0.2,194,113.6197156942038,0.1175414938152056,1,0.8552401927589806,36.02411766487886,33.942552708241536
Ocean,ph,0.9,0.08,0.2,195,116.02450866300973,0.1111640037332785,1,1.0980197780142262,40.53562834882667,41.208595655855405
Ocean,ph,0.9,0.08,0.2,196,117.8911562237732,0.1093180462875094,1,0.9059601390973148,37.10066573787645,34.96299096803735
Ocean,ph,0.9,0.08,0.2,197,112.50781005520844,0.0832530788215327,1,1.0199270792472546,32.78441089665601,35.410825031312875
Ocean,ph,0.9,0.08,0.2,198,135.1477513194057,0.1161464812646702,1,0.9514395914753844,44.92648717919348,40.51903801945349
Ocean,ph,0.9,0.08,0.2,199,104.08167319079818,0.1244766715586725,1,1.0447078911072971,37.53320806070497,32.32865083926391
Ocean,ph,0.9,0.08,0.2,200,108.83182972457072,0.0993623902744506,1,1.0823645187412445,35.69058935893994,35.30437429667245
Ocean,ph,0.9,0.08,0.2,201,118.76885408482327,0.0996850950973038,1,1.030834749621237,38.072570994782254,36.73421707218743
Ocean,ph,0.9,0.08,0.2,202,123.49956889357368,0.095558947209626,1,0.9604098901188663,37.413594216909566,35.72473967235284
Ocean,ph,0.9,0.08,0.2,203,111.3774144008552,0.1001821405611574,1,1.0648747727469514,36.37822915599224,35.75152816111729
Ocean,ph,0.9,0.08,0.2,204,104.69741532527378,0.1015740978363507,1,0.9548343438164268,32.6055449330814,35.84325218732754
Ocean,ph,0.9,0.08,0.2,205,106.20023738569284,0.0823679453850593,1,1.0778361338210347,31.643242060179865,36.97982694812855
Ocean,ph,0.9,0.08,0.2,206,106.29702857659797,0.0899341538055436,1,0.9114648211474636,30.43360548172313,36.73265130895399
Ocean,ph,0.9,0.08,0.2,207,121.0424918685634,0.0958695564617642,1,1.0357797937335151,38.14274391060551,32.550956344556006
Ocean,ph,0.9,0.08,0.2,208,111.44042136859277,0.0964966759141419,1,0.8964843452462674,32.77708121294883,37.20462397483665
Ocean,ph,0.9,0.08,0.2,209,103.25145110072964,0.1090091910679142,1,1.1049692393424333,35.83462107162087,34.67197093682327
Ocean,ph,0.9,0.08,0.2,210,101.00529858164842,0.1048958503366515,1,0.9055071206296303,31.129292171880223,34.63468174590831
Ocean,ph,0.9,0.08,0.2,211,100.99060570928064,0.1002369017323915,1,0.9356549719643186,30.92805856244663,34.3064550328484
Ocean,ph,0.9,0.08,0.2,212,106.32801327595574,0.0984100871491003,1,0.9894067516884888,33.17836207226505,37.03196506458572
Ocean,ph,0.9,0.08,0.2,213,100.48300890700332,0.1001246994392715,1,0.9453786612835956,30.91477867656174,35.1010826485764
Ocean,ph,0.9,0.08,0.2,214,104.3685258697388,0.1118306940490215,1,1.0924843289621546,36.48023837755335,32.43127794051871
Ocean,ph,0.9,0.08,0.2,215,103.00949917323058,0.1038232745652647,1,0.8778838655758749,31.098766996742217,36.698899095977
Ocean,ph,0.9,0.08,0.2,216,101.53111716967716,0.110030361147785,1,0.977410373888346,33.296141318704414,35.22503157409315
Ocean,ph,0.9,0.08,0.2,217,117.54769588620118,0.118994687574722,1,1.1159400907495276,42.83495818828965,34.19814695262767
Ocean,ph,0.9,0.08,0.2,218,101.73942446143394,0.0983819630512401,1,1.048921770078419,32.68274820510151,34.75162732642277
Ocean,ph,0.9,0.08,0.2,219,113.25792922596229,0.1080509395788601,1,0.9948293653588578,37.13275642941948,34.54169680381433
Ocean,ph,0.9,0.08,0.2,220,108.74630382437628,0.1008360400398622,1,0.917055919424762,33.06894234292798,34.452270538955574
Ocean,ph,0.9,0.08,0.2,221,95.57139172676489,0.1062260987876242,1,0.9655496813064768,30.607710063429288,35.22407494349218
Ocean,ph,0.9,0.08,0.2,222,116.05708572301418,0.0946848867197032,1,1.0461069874892854,36.52582587044175,32.76494416912108
Ocean,ph,0.9,0.08,0.2,223,108.12496221518896,0.0909160515042899,1,0.9752412924537484,32.196027701231515,37.229418030796
Ocean,ph,0.9,0.08,0.2,224,113.5101645607758,0.0877497830146247,1,0.847024077082703,30.946080909320035,31.61929000240045
Ocean,ph,0.9,0.08,0.2,225,97.96838765141167,0.0914318425154754,1,1.0998060458082808,31.06653004665068,38.18302123790821
Ocean,ph,0.9,0.08,0.2,226,89.78538479940991,0.1076977820496178,1,1.0495609762402358,30.186507236559255,33.97573114467336
Ocean,ph,0.9,0.08,0.2,227,109.32520152790929,0.0961353751020116,1,0.9703487809142276,33.390723665135866,36.16317860904907
Ocean,ph,0.9,0.08,0.2,228,103.138320136607,0.0931222710769028,1,1.012035968140388,31.66247114256442,36.7071074558208
Ocean,ph,0.9,0.08,0.2,229,97.08117332038374,0.0886248421806704,1,1.034632264611654,29.397186171347904,35.57165986724588
Ocean,ph,0.9,0.08,0.2,230,113.30259432963106,0.0862068553001973,1,0.94332156497001,32.31027370902413,34.29199419011056
Ocean,ph,0.9,0.08,0.2,231,106.73110124181228,0.1037269270863069,1,0.8826379899809476,32.29446204827729,35.437197880337266
Ocean,ph,0.9,0.08,0.2,232,117.76552229347458,0.100306040430136,1,0.8747323790399498,34.88344011375426,33.29721506067556
Ocean,ph,0.9,0.08,0.2,233,106.83020354127147,0.0960368122585646,1,1.114691979572512,34.953475257725074,34.746450291451026
Ocean,ph,0.9,0.08,0.2,234,100.99424245551972,0.1037318965568327,1,1.0602623759338303,33.49341652071183,36.50818232487981
Ocean,ph,0.9,0.08,0.2,235,111.85531806593715,0.0862511486195734,1,1.0816030275683826,34.16433941918723,32.9817629355866
Ocean,ph,0.9,0.08,0.2,236,104.02341226580351,0.1216182429957694,1,1.0013926576179182,36.30217613506052,32.16435716141402
Ocean,ph,0.9,0.08,0.2,237,103.40655063469444,0.1056417751227649,1,0.9914943171406032,33.46655517077881,34.68935384999828
Ocean,ph,0.9,0.08,0.2,238,101.12719243876992,0.1081872597053812,1,0.88267375643673,31.25043864895281,36.31681324176515
Ocean,ph,0.9,0.08,0.2,239,100.46576099515434,0.1152705180797071,1,0.9356042668662335,32.993113241414555,34.07837350192725
Ocean,ph,0.9,0.08,0.2,240,109.39405471305068,0.1045813642948233,1,0.983831181520258,35.08982181117212,39.41065230002884
Ocean,ph,0.9,0.08,0.2,241,118.98054077624704,0.0783080658924376,1,1.0307245004159773,33.8026296331807,32.44540068431276
Ocean,ph,0.9,0.08,0.2,242,100.10043691487284,0.1153179433530488,1,0.9429290679488764,33.008358636466745,37.97620120720876
Ocean,ph,0.9,0.08,0.2,243,108.11471840830396,0.0879668342985819,1,1.114243583108568,33.848106118332964,32.03403573838912
Ocean,ph,0.9,0.08,0.2,244,106.46549575034466,0.108464675182236,1,1.0091926742128976,35.224114595460726,36.31954869682508
Ocean,ph,0.9,0.08,0.2,245,111.47660651818325,0.1022178450342829,1,1.0195225756068098,35.98699004195228,30.591685862856465
Ocean,ph,0.9,0.08,0.2,246,111.25092073907348,0.0893770206035085,1,0.9970997083090274,33.211297674558004,37.28264519699224
Ocean,ph,0.9,0.08,0.2,247,106.79798284092011,0.0933262109774684,1,0.8529442802573575,30.131808424238816,35.25540688490724
Ocean,ph,0.9,0.08,0.2,248,116.58948602827356,0.1550877814631601,1,1.1791584640050667,49.85793256183327,42.90256464688411
Ocean,ph,0.9,0.08,0.2,249,142.5118367061331,0.1005491960352134,1,1.1797608445473422,49.08369260885915,40.97199810054175
Ocean,ph,0.9,0.08,0.2,250,98.47112525944208,0.1088383344011705,1,1.076916527139406,33.71249268688179,31.21633162748201
Ocean,ph,0.9,0.08,0.2,251,89.20581863381167,0.0913312869442209,1,0.9578614729772078,26.384831465168546,30.65274808707194
Ocean,ph,0.9,0.08,0.2,252,98.8283973028754,0.1062800029841755,1,0.9218353132069044,30.933866139506367,34.60361830970717
Ocean,ph,0.9,0.08,0.2,253,126.48107007273704,0.1054823046614759,1,1.0480789190815796,42.05448598154826,37.87408530251338
Ocean,ph,0.9,0.08,0.2,254,114.53544316872537,0.0840671575953242,1,0.9719837760385543,32.74029516210966,35.41083811460737
Ocean,ph,0.9,0.08,0.2,255,116.56528156683358,0.0806147434963971,1,0.9389011090840272,32.06907116117451,35.602485156016215
Ocean,ph,0.9,0.08,0.2,256,98.1420501728412,0.0881904410879547,1,1.066157087347135,30.093762042189017,36.79365117304777
Ocean,ph,0.9,0.08,0.2,257,124.90830861975076,0.0932013070419828,1,1.0335866951730184,38.76821311514605,32.93283368206026
Ocean,ph,0.9,0.08,0.2,258,100.26824990663408,0.1089074041342799,1,0.9456118624011924,32.17722548459487,35.53803369420276
Ocean,ph,0.9,0.08,0.2,259,97.01041500280328,0.0947488049377364,1,1.0724367249267617,30.923672970181656,32.68617132746663
Ocean,ph,0.9,0.08,0.2,260,121.303087204438,0.0916465415334926,1,0.9384387073433372,35.574012274117976,36.37744158619545
Ocean,ph,0.9,0.08,0.2,261,106.7380031135482,0.0995244805944752,1,1.0855830357911405,35.08452147971552,34.20210480914041
Ocean,ph,0.9,0.08,0.2,262,112.48854928426044,0.0900517102051551,1,1.0597356874781545,34.74986152864758,37.15232313625104
Ocean,ph,0.9,0.08,0.2,263,128.16977536790324,0.1181221162849925,1,1.0725239619786433,45.61994261965751,39.420512706310085
Ocean,ph,0.9,0.08,0.2,264,111.94725677169434,0.1166161766253822,1,1.0059721100350938,38.34297666452344,36.331217813053065
Ocean,ph,0.9,0.08,0.2,265,103.48590860910208,0.097903841228837,1,0.9517083113453916,31.588791691159507,34.83912501030672
Ocean,ph,0.9,0.08,0.2,266,114.20379509421802,0.0891046638348137,1,0.9783547435880235,33.719329616112574,35.815969460057346
Ocean,ph,0.9,0.08,0.2,267,118.254116259198,0.1199082052522763,1,1.004987836354038,41.05075234029022,33.78954144395695
Ocean,ph,0.9,0.08,0.2,268,114.33190849040568,0.0856398203093082,1,1.0462851781474003,34.22396816583774,33.49261945831029
Ocean,ph,0.9,0.08,0.2,269,103.67519720169872,0.0917133452505098,1,0.96147075795319,30.786419124613,32.96447859383239
Ocean,ph,0.9,0.08,0.2,270,110.35800538551877,0.1159234919749343,1,1.0370736570081556,38.26435272768535,37.21282254885492
Ocean,ph,0.9,0.08,0.2,271,110.8719222037115,0.0940245016065601,1,0.9670300673538512,33.431979038563995,35.33029580779993
Ocean,ph,0.9,0.08,0.2,272,101.88809139763772,0.0940194394098518,1,1.0810524019695638,32.482962345768875,35.425530264970234
Ocean,ph,0.9,0.08,0.2,273,115.957849857726,0.1051862419394857,1,0.9516981466454796,36.68843909803112,32.27616572448175
Ocean,ph,0.9,0.08,0.2,274,112.6455922440319,0.1032790292622635,1,1.0495021090571357,37.08616568085329,33.6075969475617
Ocean,ph,0.9,0.08,0.2,275,114.71863905717956,0.1378021659889945,1,0.9497306172873724,41.50135033293277,39.504425095527424
Ocean,ph,0.9,0.08,0.2,276,111.35713758327556,0.1015439358111817,1,1.037540758662688,36.14495084364901,32.92098199022369
Ocean,ph,0.9,0.08,0.2,277,98.5345922365314,0.0806689396866536,1,1.0512980871140292,28.694907895864944,34.43907577393207
Ocean,ph,0.9,0.08,0.2,278,103.97262587487428,0.1081735517772253,1,1.0446629988433125,34.951648449854595,35.87281224148997
Ocean,ph,0.9,0.08,0.2,279,125.08123413741436,0.0893431465795374,1,0.9216076907667728,35.891848398230806,32.04569346406701
Ocean,ph,0.9,0.08,0.2,280,95.43454973764578,0.098615207930786,1,0.8988006407694253,28.412487842447675,34.787791025599475
Ocean,ph,0.9,0.08,0.2,281,103.83421126694144,0.087198103879372,1,0.8825751603814562,28.805129969618072,36.07696811147005
Ocean,ph,0.9,0.08,0.2,282,124.38477222996492,0.0934503420923427,1,0.8874279088704042,35.81988641753965,32.37608088282421
Ocean,ph,0.9,0.08,0.2,283,111.4213298207312,0.1174509811285557,1,0.9620966121259314,37.45467255813145,32.32593602416482
Ocean,ph,0.9,0.08,0.2,284,101.12644112625924,0.1143530801084528,1,0.94158907016949,33.1832838046846,34.62155114214787
Ocean,ph,0.9,0.08,0.2,285,105.52041030154076,0.1003874615142917,1,1.0662843134735298,34.523333015904136,33.796122630860445
Ocean,ph,0.9,0.08,0.2,286,107.96112176839854,0.108545965657612,1,1.0100816237525057,35.74805906329973,35.62455905859993
Ocean,ph,0.9,0.08,0.2,287,106.50175956191931,0.0903235952446732,1,0.9675260962098854,31.483915260387388,33.918099169994704
Ocean,ph,0.9,0.08,0.2,288,92.25030418483134,0.090759595157935,1,1.1379017181885374,29.64602417818724,33.26553203891147
Ocean,ph,0.9,0.08,0.2,289,105.38665893763486,0.1076083067091774,1,1.0482331133600755,35.394637802907,33.232532835298024
Ocean,ph,0.9,0.08,0.2,290,118.18865720734368,0.0942274458725239,1,0.8656596733526947,33.75499914587918,33.19556636860983
Ocean,ph,0.9,0.08,0.2,291,110.41549331439798,0.0956750064199303,1,1.0546784802423552,35.074324003378926,38.22344948810341
Ocean,ph,0.9,0.08,0.2,292,120.30556816336848,0.0929762992868661,1,0.910617179031687,35.00578137157184,33.510705303537634
Ocean,ph,0.9,0.08,0.2,293,111.42513683780165,0.0903587681877298,1,1.047698560893754,34.28360641804418,35.48852024553527
Ocean,ph,0.9,0.08,0.2,294,115.44060723245622,0.0927237893267923,1,1.0207887615708602,35.51584306756707,33.38494204326612
Ocean,ph,0.9,0.08,0.2,295,111.197417252267,0.1010920743969293,1,0.9034560468347964,33.60522200251394,36.78197805505732
Ocean,ph,0.9,0.08,0.2,296,106.08707927839656,0.1008642161114476,1,1.0930881846057356,35.22562047645463,32.292925528706164
Ocean,ph,0.9,0.08,0.2,297,124.52418455489844,0.1114699222778867,1,1.057854522372264,42.760771190880085,39.32886128033968
Ocean,ph,0.9,0.08,0.2,298,98.62234699528176,0.0960929662225684,1,1.001321625374831,30.592004265557424,35.64813470197514
Ocean,ph,0.9,0.08,0.2,299,119.3461777124116,0.1199871337827363,1,0.8612892596506012,38.36633988123425,33.14787113366484
Ocean,ph,0.9,0.08,0.2,300,106.90671999094212,0.0871547342107867,1,0.9673137218869088,31.040890429617797,34.35250438074302
Ocean,ph,0.9,0.08,0.2,301,114.41074589063362,0.0873186952560416,1,1.1355506064120653,36.026633592338065,36.089998685704096
Ocean,ph,0.9,0.08,0.2,302,101.48121490443826,0.1185979648959478,1,1.0068842532484896,35.068246504400946,36.973997037151406
Ocean,ph,0.9,0.08,0.2,303,109.46721755286536,0.1186611914994827,1,1.1760208366740013,40.892714462789776,34.07299456574454
Ocean,ph,0.9,0.08,0.2,304,105.31578876878444,0.1025251017999857,1,1.088926792578247,35.189081504604474,37.05158355168607
Ocean,ph,0.9,0.08,0.2,305,111.70576435778574,0.1212768914780933,1,1.0080098735194545,39.05683131573121,33.66036000958481
Ocean,ph,0.9,0.08,0.2,306,104.5556356412625,0.0808194080335755,1,0.9731299654322874,29.321805063388314,33.438326418297734
Ocean,ph,0.9,0.08,0.2,307,131.02105017932843,0.0994495390735105,1,0.9851934658460048,41.01127061285106,35.16318073398013
Ocean,ph,0.9,0.08,0.2,308,120.52507202877388,0.0890296979343077,1,0.998962907209858,35.94343103074286,36.66695386918659
Ocean,ph,0.9,0.08,0.2,309,109.45871715542314,0.1228329718928111,1,0.9024999984801833,36.44445320336656,32.54063749072251
Ocean,ph,0.9,0.08,0.2,310,106.18413368464005,0.1034666334210646,1,0.8235283583396557,30.99552998897042,35.210611887773894
Ocean,ph,0.9,0.08,0.2,311,104.79429753405788,0.1001161284863178,1,1.0236217103815095,33.54744260277076,33.69647258806253
Ocean,ph,0.9,0.08,0.2,312,103.70338357714272,0.0947586790873662,1,0.9126274822645524,30.496443650728267,33.26999430859899
Ocean,ph,0.9,0.08,0.2,313,110.22068629263,0.0997369026443801,1,1.1003153116775004,36.51317743456288,32.63923005304672
Ocean,ph,0.9,0.08,0.2,314,104.21342094465624,0.0940810079554643,1,0.857653603890931,29.602650087294816,35.77579315137558
Ocean,ph,0.9,0.08,0.2,315,105.61486217808194,0.102014680496281,1,0.8,30.171810195585667,35.634964742686776
Ocean,ph,0.9,0.08,0.2,316,118.23237882356462,0.1108180515586873,1,1.0277234085036313,39.90063496132888,35.23648121455045
Ocean,ph,0.9,0.08,0.2,317,116.17797202093746,0.0872471018376166,1,1.0700891033748157,35.49843989543935,34.26250986957169
Ocean,ph,0.9,0.08,0.2,318,108.43819922433406,0.097969839693514,1,0.9672301609713364,33.38054406261564,38.11606799665896
Ocean,ph,0.9,0.08,0.2,319,103.21175795781149,0.0756085816806472,1,0.8979877702887027,26.893661355057485,35.78635964531572
Ocean,ph,0.9,0.08,0.2,320,127.01736537440802,0.0922071251825437,1,0.9871548522369638,38.32110146076536,33.41523782594005
Ocean,ph,0.9,0.08,0.2,321,105.38828895512556,0.1156742296366284,1,0.9878984145843752,35.62597884638311,35.45341152109852
Ocean,ph,0.9,0.08,0.2,322,114.70189770950924,0.088413804557808,1,0.9860294035724676,33.86691016682414,33.73048583206423
Ocean,ph,0.9,0.08,0.2,323,102.13384410229294,0.1126428434651657,1,1.1202853334557803,36.28154776857986,34.27474333186926
Ocean,ph,0.9,0.08,0.2,324,112.38262440741846,0.1018319734728885,1,1.016479600747744,36.15684967139045,35.14854525716147
Ocean,ph,0.9,0.08,0.2,325,98.96187550145068,0.1061204987946249,1,0.9800161849915237,31.91421619373786,37.37733951009184
Ocean,ph,0.9,0.08,0.2,326,121.53662820703356,0.0980701563929606,1,0.9552378172426592,37.19900908898448,32.3502870482798
Ocean,ph,0.9,0.08,0.2,327,104.19335944211342,0.0942073354168941,1,0.975000981999011,31.57802233958704,37.48713329778069
Ocean,ph,0.9,0.08,0.2,328,109.6282142279734,0.1107087268128583,1,0.848626602841176,33.60249993329346,32.421974778019795
Ocean,ph,0.9,0.08,0.2,329,105.04583512037144,0.1075569793689903,1,1.029608705980838,34.95700685146006,37.23759862599215
Ocean,ph,0.9,0.08,0.2,330,114.23124659141357,0.1022408705613765,1,0.9905258492032536,36.35214921796548,29.884358237116228
Ocean,ph,0.9,0.08,0.2,331,113.27253025447968,0.0968340511449274,1,1.070681082489502,36.472767411029245,33.584399185885296
Ocean,ph,0.9,0.08,0.2,332,114.31758178344693,0.1245571120347465,1,0.9385784819458384,39.0870226760224,34.025324808046165
Ocean,ph,0.9,0.08,0.2,333,107.51397686435617,0.1181093368305874,1,1.096068492734428,38.68351136484308,35.78465918893687
Ocean,ph,0.9,0.08,0.2,334,110.01912975163091,0.109890496382362,1,1.0690957680519195,37.7100039714109,33.81008559442892
Ocean,ph,0.9,0.08,0.2,335,122.39712757839736,0.1037962159104274,1,0.994086835720318,39.31643645805509,33.42447964851457
Ocean,ph,0.9,0.08,0.2,336,122.5133279191797,0.1156148493385073,1,1.2,45.63318365275236,43.25566524838143
Ocean,ph,0.9,0.08,0.2,337,115.92114382271303,0.0889700328482322,1,0.9922470423153924,34.442481971366185,33.60303976709343
Ocean,ph,0.9,0.08,0.2,338,119.80096173214758,0.09521085487912,1,1.0004894808484888,36.97513771326554,35.79650035833701
Ocean,ph,0.9,0.08,0.2,339,113.57862090964494,0.0787482736843361,1,1.0399156081700278,32.50245460529527,33.35367221123174
Ocean,ph,0.9,0.08,0.2,340,117.55493696152486,0.1105101868702732,1,1.0795518963985993,40.6035299890986,30.08568323514266
Ocean,ph,0.9,0.08,0.2,341,103.6931298593204,0.1013488372462323,1,0.9842688645234916,32.75037236736124,35.36791366709576
Ocean,ph,0.9,0.08,0.2,342,125.70053596679917,0.1103376119713021,1,0.982937374831934,41.39633034915894,40.88915073856043
Ocean,ph,0.9,0.08,0.2,343,123.55470814691492,0.0938243728328647,1,1.06235000445358,39.00775410235138,34.59700007906136
Ocean,ph,0.9,0.08,0.2,344,115.82319411365786,0.097177818530142,1,1.0202429817669731,36.46959314424716,32.91725516489978
Ocean,ph,0.9,0.08,0.2,345,94.98706800987624,0.1077723276247008,1,0.9964661884082652,31.127869513220265,35.5438302993133
Ocean,ph,0.9,0.08,0.2,346,102.02466581708516,0.0943154948142147,1,1.0459358747960608,32.04418528960973,35.81267720521159
Ocean,ph,0.9,0.08,0.2,347,101.93952219975056,0.1060687124767562,1,0.9633332191749154,32.58550909688259,34.70718831281202
Ocean,ph,0.9,0.08,0.2,348,111.20849406593403,0.0987056192296023,1,0.9198229000535276,33.50896449187162,36.92740266531637
Ocean,ph,0.9,0.08,0.2,349,98.49591304792266,0.1047767399095579,1,0.9360688265986336,30.846404001328267,35.88492795689635
Ocean,ph,0.9,0.08,0.2,350,106.3107780237482,0.0864117092641439,1,0.945919462652239,30.39419707193696,34.177377910727785
Ocean,ph,0.9,0.08,0.2,351,116.402836638068,0.0898320566988728,1,1.0333941613209163,35.46600222876128,34.053994549398574
Ocean,ph,0.9,0.08,0.2,352,109.90639611067218,0.1072973581028212,1,0.880311693797717,33.77813889895932,35.60559707725979
Ocean,ph,0.9,0.08,0.2,353,114.2036660211963,0.0907858027622617,1,1.0756253857078848,35.68778025207263,32.31325299395199
Ocean,ph,0.9,0.08,0.2,354,106.12909188999288,0.0896976198191244,1,1.0131389664161203,31.993327902596544,37.10073404732984
Ocean,ph,0.9,0.08,0.2,355,121.17766279633486,0.1094338580196415,1,0.9115947253634946,38.27360132604993,35.00807568256574
Ocean,ph,0.9,0.08,0.2,356,106.8977991568345,0.0963302648567096,1,0.9161457816244292,31.756485595907133,33.217997210909225
Ocean,ph,0.9,0.08,0.2,357,118.09439837171465,0.097099937488656,1,0.9496909579123084,35.86162168148684,34.996562870698234
Ocean,ph,0.9,0.08,0.2,358,111.75340075115064,0.1188107315636948,1,0.9561852203855252,37.66687547050397,34.84354564164273
Ocean,ph,0.9,0.08,0.2,359,124.1266964546792,0.0983977004235107,1,0.9989034167406894,38.91521380961702,39.20335632043765
Ocean,ph,0.9,0.08,0.2,360,112.859730875567,0.1023011213692033,1,0.9443568529284918,35.07900574669246,33.79321177619911
Ocean,ph,0.9,0.08,0.2,361,100.65597663752293,0.0829200212250835,1,0.9144316209818136,27.71691481637016,34.0309016813767
Ocean,ph,0.9,0.08,0.2,362,119.32304247386574,0.1012993027835096,1,1.0014840493857524,38.00577254154162,34.94673380719144
Ocean,ph,0.9,0.08,0.2,363,120.97313605644769,0.1047281556545933,1,0.8985680421366607,37.110444074967134,32.563891441577965
Ocean,ph,0.9,0.08,0.2,364,114.8859811178049,0.1006649352905646,1,1.01198686936717,36.66853722881152,32.29705383172731
Ocean,ph,0.9,0.08,0.2,365,94.07584033177328,0.0947996605406377,1,0.9609520382571072,28.394377608648917,35.279060299195905
Ocean,ph,0.9,0.08,0.2,366,110.9353136572698,0.1145777964849946,1,1.09498570263581,39.2938219410961,36.96577656782743
Ocean,ph,0.9,0.08,0.2,367,114.1515641448082,0.0887115191952014,1,0.9763293022042748,33.59464351251025,34.19854619956279
Ocean,ph,0.9,0.08,0.2,368,97.17461316009366,0.1176665639660823,1,1.0209314564876435,33.680431657323375,33.98799469922157
Ocean,ph,0.9,0.08,0.2,369,110.20378199098788,0.1052938547740949,1,0.9801331435154356,35.40303946958852,34.38094264057642
Ocean,ph,0.9,0.08,0.2,370,118.08665101950665,0.100947906175407,1,0.965568697527998,36.86727621512658,30.514964318263665
Ocean,ph,0.9,0.08,0.2,371,121.1154625117272,0.1071771855654798,1,0.976953285025382,39.19111910687894,35.360253342562146
Ocean,ph,0.9,0.08,0.2,372,111.87968796201984,0.1126796540056516,1,1.023489847307579,37.9940656051976,35.170806894678975
Ocean,ph,0.9,0.08,0.2,373,107.66545217303872,0.0954176193807821,1,0.9922076906634532,33.12775088109744,37.38180976316049
Ocean,ph,0.9,0.08,0.2,374,109.3734300511385,0.11058483142078,1,0.9898448410275974,36.186216254596566,34.33206417439148
Ocean,ph,0.9,0.08,0.2,375,130.67487110655816,0.0955281354353819,1,1.028081394883041,40.95165717089892,35.654672486433434
Ocean,ph,0.9,0.08,0.2,376,101.08169608242382,0.1030301466224698,1,1.0187490634732062,32.748264593445704,33.99513938179237
Ocean,ph,0.9,0.08,0.2,377,117.06392427896904,0.1150117405648852,1,1.014720676550547,39.99147492510006,33.48321119662728
Ocean,ph,0.9,0.08,0.2,378,113.58666558112158,0.1093806947913179,1,1.1786539753249237,40.78409710974651,41.35501100622229
Ocean,ph,0.9,0.08,0.2,379,101.40538333926251,0.1134467470894672,1,1.0869708235410878,35.60950842310122,33.87359211366602
Ocean,ph,0.9,0.08,0.2,380,128.26676596332877,0.0954766494283752,1,1.0308409790074688,40.24005513939686,34.77640485834152
Ocean,ph,0.9,0.08,0.2,381,135.25612294746972,0.1076620356184509,1,1.0592251333717364,45.6754007521082,42.40965823271561
Ocean,ph,0.9,0.08,0.2,382,111.02466714622526,0.1062727367413866,1,1.107101990881665,38.082392783276745,33.903420529663315
Ocean,ph,0.9,0.08,0.2,383,121.11064615737968,0.0822275225481482,1,1.0047047359708476,34.81049097230103,34.40436597822433
Ocean,ph,0.9,0.08,0.2,384,115.10104800941718,0.0959115901158568,1,1.0006630046858045,35.65814490422028,34.98150754022887
Ocean,ph,0.9,0.08,0.2,385,104.5875735355683,0.1061085363540019,1,0.921465799283347,32.703547096605895,35.81922963879348
Ocean,ph,0.9,0.08,0.2,386,113.92520297115514,0.0972068230061494,1,1.0887913236321174,37.06299503154505,34.802702532092304
Ocean,ph,0.9,0.08,0.2,387,102.05183868632363,0.0845066110666136,1,0.9855190930394476,29.450908608079317,35.06078080427258
Ocean,ph,0.9,0.08,0.2,388,119.8841191105567,0.1035723763730974,1,1.176795065073949,41.85371822705,36.63993287248505
Ocean,ph,0.9,0.08,0.2,389,104.23268061876264,0.1045039667686983,1,0.854567296149623,31.148951254272102,33.732096765728215
Ocean,ph,0.9,0.08,0.2,390,128.28455163990313,0.1072568050546054,1,1.0340545654584965,42.72268282254127,36.51731688185179
Ocean,ph,0.9,0.08,0.2,391,104.93257995667255,0.114993256591044,1,0.9437932339784704,34.56885280280119,34.93394210501179
Ocean,ph,0.9,0.08,0.2,392,104.75698528758872,0.1087499224415931,1,0.975547355318028,34.12099189864168,36.48268901063475
Ocean,ph,0.9,0.08,0.2,393,106.35612500011617,0.0998675395843266,1,1.028798327596894,34.09100510878331,33.61279656501932
Ocean,ph,0.9,0.08,0.2,394,117.83047562241252,0.1018489230132927,1,1.1442876533188104,40.22568581505061,38.923672166660296
Ocean,ph,0.9,0.08,0.2,395,100.76522993111908,0.1013455823058758,1,1.0832560992862588,33.387098846696325,36.18243627265108
Ocean,ph,0.9,0.08,0.2,396,99.22361223547462,0.098942427672377,1,1.1320559729474102,33.207812234573474,33.630844689009784
Ocean,ph,0.9,0.08,0.2,397,107.0457691025902,0.1009137929361332,1,1.1282706993379388,36.12030648358724,31.20046160439768
Ocean,ph,0.9,0.08,0.2,398,106.60701803920118,0.0847120328142195,1,1.007848596307256,31.14985253611218,36.94256561793352
Ocean,ph,0.9,0.08,0.2,399,110.21452663273354,0.0927519868349239,1,1.0089042636628585,33.715175842522186,35.04848711152788
2D Turbulence,lambda_ci,0.85,0.055,0.2,0,0.8297140829217876,0.1997125913342238,1,0.8428241094140033,0.3404079232839488,0.5665609447290877
2D Turbulence,lambda_ci,0.85,0.055,0.2,1,0.8859541872150546,0.1755291384601043,1,0.9421172331515676,0.3602785030890986,0.5754807332928271
2D Turbulence,lambda_ci,0.85,0.055,0.2,2,0.9673965727953632,0.1644352523554857,1,0.9731248292886224,0.3869780090657585,0.2795160308588918
2D Turbulence,lambda_ci,0.85,0.055,0.2,3,0.7277967908326416,0.1855826712600283,1,0.9695811337717154,0.3087243786710982,0.84612493253333
2D Turbulence,lambda_ci,0.85,0.055,0.2,4,0.8778973496856359,0.2184989921308163,1,1.0676975770370989,0.4240260961545209,0.2375953280785847
2D Turbulence,lambda_ci,0.85,0.055,0.2,5,1.0110143455989151,0.1880832231153112,1,1.0730714106603871,0.4541995079517256,0.2949788694409461
2D Turbulence,lambda_ci,0.85,0.055,0.2,6,0.8049890059425789,0.1315185407781322,1,0.9492065101326868,0.2844223981888313,0.6947576390097656
2D Turbulence,lambda_ci,0.85,0.055,0.2,7,0.924877635653856,0.1653563711442882,1,1.1275175245464593,0.3993524882203685,0.8253727905011337
2D Turbulence,lambda_ci,0.85,0.055,0.2,8,1.0144545905858149,0.1966794258254932,1,0.9708681295698764,0.4432943540943181,0.1834862876568847
2D Turbulence,lambda_ci,0.85,0.055,0.2,9,1.0639681588103624,0.1674046321229171,1,1.074090116506241,0.4511622217671756,0.8975474105240744
2D Turbulence,lambda_ci,0.85,0.055,0.2,10,0.8588812029956084,0.1653128858930284,1,0.9960453490055828,0.3485186377214662,0.5834767348891554
2D Turbulence,lambda_ci,0.85,0.055,0.2,11,0.8936627647859546,0.1546874913755408,1,1.1428909478161533,0.3757540391666143,0.2156194107359248
2D Turbulence,lambda_ci,0.85,0.055,0.2,12,0.8908147534177108,0.1585711136508943,1,0.9375834442110328,0.3434823331299033,0.3121476238300571
2D Turbulence,lambda_ci,0.85,0.055,0.2,13,0.9155883162438816,0.1959075591010076,1,0.9575876709945718,0.3965656666985537,0.4466128887080876
2D Turbulence,lambda_ci,0.85,0.055,0.2,14,0.903212523193668,0.1338643640719929,1,0.9888512304271884,0.32861540545798,0.4208193354355763
2D Turbulence,lambda_ci,0.85,0.055,0.2,15,0.8405438581076241,0.1651245658740513,1,0.8712071575977023,0.3188063337047291,0.7700643834870005
2D Turbulence,lambda_ci,0.85,0.055,0.2,16,0.9036320350024244,0.1921080076264298,1,0.9235305088582734,0.3806185726509924,0.7666048691995152
2D Turbulence,lambda_ci,0.85,0.055,0.2,17,0.8010206307672976,0.2112895183588564,1,0.9622165025503708,0.3611761620956192,0.7201945588303523
2D Turbulence,lambda_ci,0.85,0.055,0.2,18,0.9713157264912208,0.1781628874346786,1,1.0453332016481838,0.4191760047467402,0.7708194365260035
2D Turbulence,lambda_ci,0.85,0.055,0.2,19,0.7803989684894627,0.1621019446168019,1,1.0587012469975168,0.3232939008096679,0.9140710474099096
2D Turbulence,lambda_ci,0.85,0.055,0.2,20,0.9569127623567432,0.1778420490141848,1,0.9447223157059635,0.3922307700899219,0.3633931257330814
2D Turbulence,lambda_ci,0.85,0.055,0.2,21,1.1096414870054117,0.1785266320236298,1,1.0846786852107255,0.4882977741792146,0.1338926869012675
2D Turbulence,lambda_ci,0.85,0.055,0.2,22,0.9627058832819192,0.1747742877013673,1,1.0493035162994675,0.4122711648954184,-0.2054288236355176
2D Turbulence,lambda_ci,0.85,0.055,0.2,23,0.9151981233706532,0.1839936356598032,1,0.993242543926972,0.3912408359909211,0.383192231794449
2D Turbulence,lambda_ci,0.85,0.055,0.2,24,0.988107890208544,0.1796176802698444,1,1.1362043003506543,0.4463824619983135,0.2036767264420885
2D Turbulence,lambda_ci,0.85,0.055,0.2,25,1.0964820400338284,0.2223330242690251,1,1.0085217121167651,0.5192136918535047,0.1968263967297485
2D Turbulence,lambda_ci,0.85,0.055,0.2,26,0.849545636726331,0.227159573779476,1,1.016470761523047,0.4082250789139708,0.5827821662576237
2D Turbulence,lambda_ci,0.85,0.055,0.2,27,0.8877139203647526,0.1652392528923543,1,0.8660237292569383,0.3358107057711955,0.3767379943190454
2D Turbulence,lambda_ci,0.85,0.055,0.2,28,0.8754275726276908,0.192028095743841,1,1.1263539706856835,0.4071365160015616,0.5813235928530378
2D Turbulence,lambda_ci,0.85,0.055,0.2,29,0.8833715239592976,0.1950174275478263,1,1.0560410100618003,0.4008856392663484,0.1541286075766235
2D Turbulence,lambda_ci,0.85,0.055,0.2,30,0.8206258290550064,0.1821158479954836,1,1.0578499783288815,0.3601895370948909,0.8389136696413123
2D Turbulence,lambda_ci,0.85,0.055,0.2,31,0.8972705066755853,0.185169430726191,1,1.1027719839777756,0.4054626930022053,0.1862100530978205
2D Turbulence,lambda_ci,0.85,0.055,0.2,32,0.9006679303883023,0.1580530103707333,1,1.0074797966805298,0.3594051188556125,0.4748542153246361
2D Turbulence,lambda_ci,0.85,0.055,0.2,33,1.073094084331841,0.1882373780132164,1,1.0625224746701316,0.4799099957812089,0.3450625322958773
2D Turbulence,lambda_ci,0.85,0.055,0.2,34,0.9335544222528316,0.1999912939857715,1,0.9353422713490128,0.4037666706295928,0.5589991326805647
2D Turbulence,lambda_ci,0.85,0.055,0.2,35,0.9099676610967554,0.1750291273516923,1,0.9198534769389866,0.3651240578165725,0.1565040334744449
2D Turbulence,lambda_ci,0.85,0.055,0.2,36,0.902488316405788,0.2046407287226156,1,1.1143842727738065,0.4309780107063686,0.6928703561629691
2D Turbulence,lambda_ci,0.85,0.055,0.2,37,0.9849915935393015,0.1752269195215014,1,1.1110377617815368,0.4346076304928508,0.0248738976387708
2D Turbulence,lambda_ci,0.85,0.055,0.2,38,0.9771598134082043,0.1940041538942298,1,0.9542355472821088,0.4204350437339335,0.3817104629054914
2D Turbulence,lambda_ci,0.85,0.055,0.2,39,0.8415108944084982,0.2129983546810595,1,1.129665630093099,0.4127839713180374,0.3154496349748457
2D Turbulence,lambda_ci,0.85,0.055,0.2,40,0.8040570983401972,0.1900790427841542,1,0.9173463584091744,0.335753600879498,0.2353195816972347
2D Turbulence,lambda_ci,0.85,0.055,0.2,41,0.8846283414989946,0.1727117078000406,1,1.0023761023701196,0.3680756522967647,0.4593346879047016
2D Turbulence,lambda_ci,0.85,0.055,0.2,42,0.9920638405662462,0.1922619639200098,1,1.057373084191767,0.4473015809125609,0.1789693865583613
2D Turbulence,lambda_ci,0.85,0.055,0.2,43,0.8627485110450652,0.1830887940741363,1,1.0367217003737486,0.3758773835586477,0.4544550522664977
2D Turbulence,lambda_ci,0.85,0.055,0.2,44,0.9072565267886148,0.188817869868668,1,1.0090311448959748,0.3960079766414224,0.141566009174839
2D Turbulence,lambda_ci,0.85,0.055,0.2,45,0.8930372657727798,0.1653227183353789,1,0.981304695831413,0.3596978064694194,0.6300088894497715
2D Turbulence,lambda_ci,0.85,0.055,0.2,46,1.0519925787036095,0.1568235150009431,1,1.1157694778507137,0.4400535273102739,-0.2962320564606144
2D Turbulence,lambda_ci,0.85,0.055,0.2,47,0.9144873852226744,0.1659811819134964,1,0.9881548798192076,0.3703562305626345,0.4414280501443965
2D Turbulence,lambda_ci,0.85,0.055,0.2,48,0.9983490145432116,0.1832029871558888,1,0.9990071801007102,0.4271033459334393,0.8999875132303504
2D Turbulence,lambda_ci,0.85,0.055,0.2,49,0.982614829932799,0.1708158937027157,1,0.9901801507371548,0.4041146187234719,0.6617245681081626
2D Turbulence,lambda_ci,0.85,0.055,0.2,50,0.818323759818209,0.1864731435595319,1,0.9228081696758098,0.3394603248143908,0.4501738056254447
2D Turbulence,lambda_ci,0.85,0.055,0.2,51,0.934642374181936,0.1884617914599871,1,1.0194374337197116,0.4096730666411921,0.6288263084567425
2D Turbulence,lambda_ci,0.85,0.055,0.2,52,0.9013130538422688,0.1823909047540955,1,0.8440639591925374,0.3536428877373314,0.9434209085254228
2D Turbulence,lambda_ci,0.85,0.055,0.2,53,0.9898991175290628,0.1917180878360974,1,0.91235690033137,0.4140043096382376,0.6248498720780666
2D Turbulence,lambda_ci,0.85,0.055,0.2,54,1.045484262518774,0.1815841313587326,1,1.0906848318344853,0.4652711059189721,0.0231876871426433
2D Turbulence,lambda_ci,0.85,0.055,0.2,55,0.9394245231186892,0.1902572579132794,1,0.9234677989346084,0.3937706909880179,0.3912754854743233
2D Turbulence,lambda_ci,0.85,0.055,0.2,56,0.8908904589627686,0.1882410863812658,1,1.0888013763428532,0.4033256559043611,0.7663672394770576
2D Turbulence,lambda_ci,0.85,0.055,0.2,57,0.9005130062844506,0.2054049234979426,1,1.1244386363643908,0.4327761253553797,0.8988311581849129
2D Turbulence,lambda_ci,0.85,0.055,0.2,58,0.9185431208967036,0.1586729376845581,1,1.0864448941453666,0.3813772930170249,0.6477303028825683
2D Turbulence,lambda_ci,0.85,0.055,0.2,59,0.8499483781060999,0.1956237898205919,1,0.9632241397811488,0.3689496159947844,-0.0261079101088116
2D Turbulence,lambda_ci,0.85,0.055,0.2,60,0.7978864874680793,0.1716805188459318,1,1.0411977609385956,0.3373403036366317,0.9532142861976612
2D Turbulence,lambda_ci,0.85,0.055,0.2,61,0.9089950116798404,0.178604861788434,1,1.0100594768596345,0.3860838293569854,0.2438994865996714
2D Turbulence,lambda_ci,0.85,0.055,0.2,62,0.8634903463818328,0.2106134508809944,1,1.0951384678626608,0.4147009743839023,0.2328975506672695
2D Turbulence,lambda_ci,0.85,0.055,0.2,63,0.9280741127765308,0.1713243106996955,1,1.0758060989150235,0.3984365366980681,0.3359417481009456
2D Turbulence,lambda_ci,0.85,0.055,0.2,64,1.013746212490224,0.1846159406469992,1,0.9124987359869544,0.4160830067338051,0.9061783725687992
2D Turbulence,lambda_ci,0.85,0.055,0.2,65,1.1514049129029669,0.163845732337579,1,0.9847231615473364,0.462490399163772,0.1417908607308215
2D Turbulence,lambda_ci,0.85,0.055,0.2,66,0.9448447047895572,0.1646589070220269,1,1.1120172983056942,0.4043047271821808,0.2312055396407201
2D Turbulence,lambda_ci,0.85,0.055,0.2,67,0.8803637840835538,0.2241662458498253,1,1.0393978988258097,0.4249503537405328,0.2277886367691181
2D Turbulence,lambda_ci,0.85,0.055,0.2,68,0.8559178946074527,0.1833300693146372,1,1.048403500595809,0.3752435091985317,-0.0470206852487945
2D Turbulence,lambda_ci,0.85,0.055,0.2,69,0.9504244772277988,0.1883845540822967,1,0.8315068074159332,0.3761604773310505,0.5240583183633937
2D Turbulence,lambda_ci,0.85,0.055,0.2,70,0.9352000577017436,0.1564665920009196,1,1.1365929607791416,0.3943826652115879,0.2621350053493792
2D Turbulence,lambda_ci,0.85,0.055,0.2,71,0.9606746965810282,0.2000628799796187,1,0.8632005749732318,0.3992229233857119,-0.1204673518141031
2D Turbulence,lambda_ci,0.85,0.055,0.2,72,0.9002935740620753,0.1840128976724949,1,0.9115662402405196,0.3687248425508139,0.1571040711402468
2D Turbulence,lambda_ci,0.85,0.055,0.2,73,1.0206946141905635,0.2011893197320635,1,1.0701762866008142,0.4736155424361895,0.2437254070371082
2D Turbulence,lambda_ci,0.85,0.055,0.2,74,0.9864348294592592,0.1651629403079511,1,0.9198392419879904,0.3844861212210133,-0.0886922198183711
2D Turbulence,lambda_ci,0.85,0.055,0.2,75,0.9618506033412526,0.1429248252829039,1,1.0369129348228696,0.3702820016641184,0.5388448896723548
2D Turbulence,lambda_ci,0.85,0.055,0.2,76,0.8952748448171333,0.1818405496682725,1,0.9464027512963497,0.3713981591523601,0.4337604167295006
2D Turbulence,lambda_ci,0.85,0.055,0.2,77,0.7462375633994422,0.1724991879937597,1,0.8,0.2772142986861481,0.6611418494531832
2D Turbulence,lambda_ci,0.85,0.055,0.2,78,0.938828217175729,0.2256379761216413,1,0.9747159843387464,0.4402823501853026,0.4911615708550519
2D Turbulence,lambda_ci,0.85,0.055,0.2,79,0.8602760487697733,0.175491262457694,1,1.163113836009783,0.3886661262450573,0.688731350546369
2D Turbulence,lambda_ci,0.85,0.055,0.2,80,0.957014082404536,0.1971537379866165,1,1.0980734188260075,0.4452834209962689,0.4360439570079053
2D Turbulence,lambda_ci,0.85,0.055,0.2,81,1.077791879822929,0.1990722304449602,1,1.051166962298842,0.4930331261375212,0.8404822872653867
2D Turbulence,lambda_ci,0.85,0.055,0.2,82,0.9622285002278108,0.1833045283524264,1,1.003853534094148,0.4127622671484905,0.5189926966689885
2D Turbulence,lambda_ci,0.85,0.055,0.2,83,0.9254357750106867,0.1713660446050207,1,0.9614149846437104,0.3756333244762002,0.8727379210591374
2D Turbulence,lambda_ci,0.85,0.055,0.2,84,0.9679337322655872,0.1610472766468634,1,1.0445244345821478,0.3969918762048982,0.9087644085160628
2D Turbulence,lambda_ci,0.85,0.055,0.2,85,0.9775212779458766,0.1621472181802614,1,1.037538670711039,0.4009434443934206,0.4940993917317871
2D Turbulence,lambda_ci,0.85,0.055,0.2,86,1.1191677690668678,0.1716563702318604,1,1.0174271696825734,0.467710179619882,0.857405832394675
2D Turbulence,lambda_ci,0.85,0.055,0.2,87,0.91552167315586,0.1926875598220819,1,1.0103968762352562,0.4039628855088539,0.8135639936962061
2D Turbulence,lambda_ci,0.85,0.055,0.2,88,0.9055120600826436,0.1927539428727385,1,1.0780440078101323,0.4127756966822693,-0.0801778071933462
2D Turbulence,lambda_ci,0.85,0.055,0.2,89,0.9337141292517508,0.1906083747713763,1,1.058783950066733,0.4194581089183209,0.4978801755006145
2D Turbulence,lambda_ci,0.85,0.055,0.2,90,1.0432915045514963,0.1639646192057898,1,0.9882704651842992,0.419970370697979,0.4621855284643761
2D Turbulence,lambda_ci,0.85,0.055,0.2,91,0.9828410266061784,0.1668104816081757,1,1.009407579630058,0.4033000034898595,0.2516214581951822
2D Turbulence,lambda_ci,0.85,0.055,0.2,92,1.0300001425651422,0.1881356049142682,1,0.9473912868604212,0.4348479980290675,0.0339906990829549
2D Turbulence,lambda_ci,0.85,0.055,0.2,93,0.8001158891937286,0.1681472787768108,1,0.962765567443471,0.3219275107242099,0.7635602378615898
2D Turbulence,lambda_ci,0.85,0.055,0.2,94,0.8845842194862297,0.1721451724577566,1,1.1384117093333015,0.3915942341660319,-0.1140441484945128
2D Turbulence,lambda_ci,0.85,0.055,0.2,95,0.9426058126677598,0.1759424816586415,1,0.9452497160773106,0.3844047522358009,0.4548282761844772
2D Turbulence,lambda_ci,0.85,0.055,0.2,96,0.9391835720976976,0.2090846083881631,1,0.9870491722158704,0.4266590024295832,0.1576581820681666
2D Turbulence,lambda_ci,0.85,0.055,0.2,97,0.909691627468584,0.1748950951371832,1,1.0355931904480298,0.3871485220411343,0.9541822291380478
2D Turbulence,lambda_ci,0.85,0.055,0.2,98,1.0987571320802652,0.2002062902890585,1,0.949228708250194,0.4789895058329608,0.358789817869321
2D Turbulence,lambda_ci,0.85,0.055,0.2,99,0.9292673137395836,0.1907003376643963,1,0.9081059636098116,0.3867093353953179,0.4707161633901858
2D Turbulence,lambda_ci,0.85,0.055,0.2,100,0.9296051932506456,0.2054427828333937,1,1.0358079552576855,0.4288284664403902,0.33846201667234
2D Turbulence,lambda_ci,0.85,0.055,0.2,101,0.8148214018896555,0.1924750769989199,1,1.0625315350863396,0.3684856610795202,0.3228057979341198
2D Turbulence,lambda_ci,0.85,0.055,0.2,102,0.9583817278901609,0.1901647252469537,1,1.136077730176139,0.4454587853728869,0.5107646866710779
2D Turbulence,lambda_ci,0.85,0.055,0.2,103,0.9245612978073912,0.1865243018172118,1,0.9577529440913788,0.3907780570443701,0.2078567809778487
2D Turbulence,lambda_ci,0.85,0.055,0.2,104,0.8813483846248561,0.1899476942601418,1,0.9486913183103372,0.3741339240803504,0.3854047012516976
2D Turbulence,lambda_ci,0.85,0.055,0.2,105,0.9579888374799848,0.211303894595448,1,0.94432932095997,0.4279331561530383,0.756505613915784
2D Turbulence,lambda_ci,0.85,0.055,0.2,106,0.9217934458309238,0.1702353351911235,1,0.9902188584581492,0.3784635576336373,0.753241981421367
2D Turbulence,lambda_ci,0.85,0.055,0.2,107,0.8755728728525922,0.1968504264120553,1,1.0491191712561052,0.3978990381228158,0.3332268049696357
2D Turbulence,lambda_ci,0.85,0.055,0.2,108,0.8651155918990832,0.1622564880445537,1,0.9813567590081672,0.3452141861183723,0.3101039003695969
2D Turbulence,lambda_ci,0.85,0.055,0.2,109,0.9454171888991948,0.1937523435183082,1,0.9470052826204054,0.4049703029691783,0.5788900345280342
2D Turbulence,lambda_ci,0.85,0.055,0.2,110,0.8505349444929117,0.1862537388585691,1,1.0434130016436614,0.374949503818423,0.6030130123174542
2D Turbulence,lambda_ci,0.85,0.055,0.2,111,0.9850984717822634,0.2478841970602411,1,0.965099772941324,0.4818259345819311,-0.0855038959876553
2D Turbulence,lambda_ci,0.85,0.055,0.2,112,0.9398951091060098,0.1931513973454706,1,0.8537773472497316,0.3816810785272907,0.465116470933369
2D Turbulence,lambda_ci,0.85,0.055,0.2,113,0.968501932415327,0.1542691301345641,1,0.9379333118799156,0.3684053999205674,0.494099093651726
2D Turbulence,lambda_ci,0.85,0.055,0.2,114,0.9781601924557844,0.1827887240388401,1,0.995466114350185,0.4172515185128313,0.219316700401795
2D Turbulence,lambda_ci,0.85,0.055,0.2,115,0.8153376809329355,0.1952175323529719,1,0.936963329729562,0.3487050365491723,0.5849076385995995
2D Turbulence,lambda_ci,0.85,0.055,0.2,116,0.9104979979264216,0.164236175682941,1,0.9492151641020092,0.3594973893037825,0.4158519883091929
2D Turbulence,lambda_ci,0.85,0.055,0.2,117,0.933414480958356,0.1913105887258983,1,0.9311976415519596,0.3939716506014454,0.7126520417788007
2D Turbulence,lambda_ci,0.85,0.055,0.2,118,1.0123617370022606,0.1491724543286893,1,0.957122796321554,0.3825285638753808,0.4682054981002375
2D Turbulence,lambda_ci,0.85,0.055,0.2,119,0.958506286725157,0.2397438930784305,1,1.0147048769747504,0.4727577055857571,-0.1751444817488961
2D Turbulence,lambda_ci,0.85,0.055,0.2,120,0.9525639116130442,0.1845277543523827,1,1.0557065911698087,0.4204327987416035,0.2289181832160827
2D Turbulence,lambda_ci,0.85,0.055,0.2,121,0.896196140798758,0.1670510680018852,1,0.896976959992986,0.3469112162553562,0.7906135585211056
2D Turbulence,lambda_ci,0.85,0.055,0.2,122,1.079928414009386,0.2072777470364196,1,0.9958697942161115,0.4906508864285923,0.6782562466797997
2D Turbulence,lambda_ci,0.85,0.055,0.2,123,0.9079129271478884,0.200549915585658,1,1.0065203958502478,0.4079122345895091,0.2360056508136083
2D Turbulence,lambda_ci,0.85,0.055,0.2,124,1.0038962258955808,0.1775273617978199,1,0.9537523512377676,0.413084863794792,-0.2129796816192199
2D Turbulence,lambda_ci,0.85,0.055,0.2,125,0.970218436823348,0.165470146040801,1,1.089276079324201,0.4119062024164908,0.1248157505734521
2D Turbulence,lambda_ci,0.85,0.055,0.2,126,0.8456060615125791,0.2075075860848919,1,1.052504340808514,0.3951818813299905,0.940953660928604
2D Turbulence,lambda_ci,0.85,0.055,0.2,127,0.8603621807431523,0.1573331734810418,1,0.9934665555706088,0.3401481308007237,0.7928699535154369
2D Turbulence,lambda_ci,0.85,0.055,0.2,128,0.9262471512488658,0.1770633243012105,1,1.0769147982241645,0.4044658551385214,0.4135845196952669
2D Turbulence,lambda_ci,0.85,0.055,0.2,129,0.9284677948134468,0.1861459682813556,1,0.913929132851526,0.3829569204041202,0.0809769620452524
2D Turbulence,lambda_ci,0.85,0.055,0.2,130,0.8807738974720782,0.1680455003039542,1,0.9775595531623156,0.3569846083127717,0.2856162631568746
2D Turbulence,lambda_ci,0.85,0.055,0.2,131,0.9739542279495352,0.2290167374549872,1,0.8451041700652139,0.4284767698026954,0.220470173182357
2D Turbulence,lambda_ci,0.85,0.055,0.2,132,0.8757328377307609,0.175838577829794,1,0.9898885555606342,0.3653607312712335,0.207335069940624
2D Turbulence,lambda_ci,0.85,0.055,0.2,133,0.9165835214678908,0.1909943044637168,1,0.9314392914032932,0.3865979354751014,0.955996866303362
2D Turbulence,lambda_ci,0.85,0.055,0.2,134,0.8950272342356498,0.2126303956362336,1,0.9116901216663496,0.3940692511614321,0.4486318084746018
2D Turbulence,lambda_ci,0.85,0.055,0.2,135,0.8933146833951263,0.1967611783099324,1,1.073835255880736,0.4106227518228899,0.2703703065105771
2D Turbulence,lambda_ci,0.85,0.055,0.2,136,1.0327897734678346,0.1460047740212641,1,0.8,0.3529721584426044,0.0426265820016178
2D Turbulence,lambda_ci,0.85,0.055,0.2,137,0.9048983070333302,0.1601850406149172,1,0.943154114776742,0.3517240663242751,0.988969472489308
2D Turbulence,lambda_ci,0.85,0.055,0.2,138,1.144737242172317,0.1759216045154075,1,0.9364527071134808,0.4646311531583397,0.1620915788661484
2D Turbulence,lambda_ci,0.85,0.055,0.2,139,0.9621367076049916,0.2037443462929862,1,1.089887828148584,0.4533884669826502,0.3403667479300953
2D Turbulence,lambda_ci,0.85,0.055,0.2,140,0.9952824523672164,0.1732304069232911,1,0.9603711146760452,0.4059550558322648,-0.0883972634179087
2D Turbulence,lambda_ci,0.85,0.055,0.2,141,0.9629341441342582,0.2175838289893661,1,1.05617078932261,0.4616118721992201,-0.1097991259933541
2D Turbulence,lambda_ci,0.85,0.055,0.2,142,0.9274959832142384,0.1737768203446592,1,1.121099727953064,0.409383264012806,0.6557777840987231
2D Turbulence,lambda_ci,0.85,0.055,0.2,143,0.8750357813045919,0.2603019219082828,1,0.9657142454020614,0.4387213994789008,0.2372091477501544
2D Turbulence,lambda_ci,0.85,0.055,0.2,144,0.9711700993911928,0.1684888552242054,1,1.1226023513960688,0.4223707806365107,0.2373598115476928
2D Turbulence,lambda_ci,0.85,0.055,0.2,145,0.871880060459472,0.1805267555283761,1,0.9567181429472504,0.3623427191195369,0.3479050710724339
2D Turbulence,lambda_ci,0.85,0.055,0.2,146,0.8694147489801227,0.1858780710804154,1,1.004366263297223,0.3756532409471425,-0.0492411957426729
2D Turbulence,lambda_ci,0.85,0.055,0.2,147,0.9586406283515672,0.1922171699707105,1,1.0728750929221873,0.435337924043278,-0.2810678387698939
2D Turbulence,lambda_ci,0.85,0.055,0.2,148,0.9501155473309022,0.2075006734951317,1,0.992239740564841,0.4311163450208474,-0.2702287438332613
2D Turbulence,lambda_ci,0.85,0.055,0.2,149,0.805418406574562,0.179910485743635,1,0.8420516369400105,0.313486722110145,0.6170263612168716
2D Turbulence,lambda_ci,0.85,0.055,0.2,150,0.984863060723907,0.1568528481776022,1,0.847421213185934,0.3590638795015237,0.6767331797743226
2D Turbulence,lambda_ci,0.85,0.055,0.2,151,0.9710423926206272,0.1358654139490112,1,1.2,0.3920877478071858,0.9450737474572678
2D Turbulence,lambda_ci,0.85,0.055,0.2,152,0.8149895411135808,0.1675575819082388,1,1.0563350954312845,0.3428742984410737,0.2601331235327457
2D Turbulence,lambda_ci,0.85,0.055,0.2,153,0.9275450256893744,0.1555469490477231,1,0.9329045745983896,0.3533331299856059,0.557138080128475
2D Turbulence,lambda_ci,0.85,0.055,0.2,154,0.9327119469562992,0.2021390595224921,1,1.0328572343837945,0.4261797476183168,0.552542918592601
2D Turbulence,lambda_ci,0.85,0.055,0.2,155,0.8281886638017651,0.2066741307516048,1,0.8597544409325586,0.3491078025201867,0.4964688100668357
2D Turbulence,lambda_ci,0.85,0.055,0.2,156,0.8819397531184665,0.1959321317898675,1,0.9964759739975796,0.3896952987482961,-0.0128626050912659
2D Turbulence,lambda_ci,0.85,0.055,0.2,157,0.8385402168681205,0.1777233334988696,1,1.1069143121978653,0.3719230743872538,0.4595463855714522
2D Turbulence,lambda_ci,0.85,0.055,0.2,158,0.9735575762084244,0.1724988712509337,1,1.0346319909725417,0.4112895933951052,0.3745097878551352
2D Turbulence,lambda_ci,0.85,0.055,0.2,159,0.8974325794601272,0.1725243392925169,1,1.1325839338053236,0.3967000145849982,0.3888255273922736
2D Turbulence,lambda_ci,0.85,0.055,0.2,160,1.0076907718684336,0.1741340574241564,1,1.1437290478400666,0.4497081070105024,0.1158830392827325
2D Turbulence,lambda_ci,0.85,0.055,0.2,161,0.8987473009277387,0.2027369023527275,1,1.0404434902185336,0.4127748716774573,0.6535205430646746
2D Turbulence,lambda_ci,0.85,0.055,0.2,162,0.9181113637193974,0.1634986638672619,1,1.113388717986214,0.3917201164067435,0.7708364037157296
2D Turbulence,lambda_ci,0.85,0.055,0.2,163,1.0309362569250409,0.1982295052841101,1,1.0642734245344747,0.4735246273641247,-0.2254237222808716
2D Turbulence,lambda_ci,0.85,0.055,0.2,164,0.9025469165499272,0.2035286743544526,1,1.0146755198328985,0.4101532716546627,0.2052718692725161
2D Turbulence,lambda_ci,0.85,0.055,0.2,165,0.9090427422271016,0.2066796705323993,1,1.057795361492702,0.4250441205897347,0.863513358320013
2D Turbulence,lambda_ci,0.85,0.055,0.2,166,0.9950711718443735,0.1842824297499346,1,1.078965080634953,0.4437106002423906,0.1068229989232133
2D Turbulence,lambda_ci,0.85,0.055,0.2,167,1.0130698955907873,0.1741451897043052,1,1.0363873664707444,0.4303840881809525,-0.1877342669711609
2D Turbulence,lambda_ci,0.85,0.055,0.2,168,0.9494556660188188,0.2040731150689379,1,1.0038489451639097,0.4297360335084976,0.3085391806038858
2D Turbulence,lambda_ci,0.85,0.055,0.2,169,0.8882003927907718,0.1778384349393058,1,1.02228711116909,0.3787130035761346,-0.0597675832514798
2D Turbulence,lambda_ci,0.85,0.055,0.2,170,0.9860735979130504,0.1498012272682432,1,1.0307802347320043,0.387480683912345,-0.0012559988060621
2D Turbulence,lambda_ci,0.85,0.055,0.2,171,0.980189616492716,0.206820207751356,1,0.9341486093717896,0.4308385627007501,0.437312456665115
2D Turbulence,lambda_ci,0.85,0.055,0.2,172,0.8164472195877907,0.1743667672733171,1,0.8737826834186051,0.3186850489783964,0.7569788232441788
2D Turbulence,lambda_ci,0.85,0.055,0.2,173,1.0531134960583757,0.1977240402353966,1,1.0683806455358913,0.4840251435749798,0.6929704448249104
2D Turbulence,lambda_ci,0.85,0.055,0.2,174,0.9101418906641068,0.1706336010163918,1,1.0095418604879522,0.3777491952158909,0.7695540158208372
2D Turbulence,lambda_ci,0.85,0.055,0.2,175,0.9610614602182372,0.1561915541777522,1,0.9805919174702016,0.3761179753666072,0.0096307992642709
2D Turbulence,lambda_ci,0.85,0.055,0.2,176,0.8161770960291422,0.16585694565381,1,0.9699968981215328,0.3273681375445942,0.5156729528931211
2D Turbulence,lambda_ci,0.85,0.055,0.2,177,0.9510240487488671,0.1799350109690961,1,1.0653422524180725,0.4163838844924042,0.6794993657060419
2D Turbulence,lambda_ci,0.85,0.055,0.2,178,0.8882775007186289,0.151736100056145,1,1.1046005933679666,0.3636601862588582,0.7865398528826044
2D Turbulence,lambda_ci,0.85,0.055,0.2,179,0.8310602888784666,0.1692274595021225,1,0.9306437243575088,0.3298068522363602,0.5231064393151117
2D Turbulence,lambda_ci,0.85,0.055,0.2,180,0.9041783088076856,0.1728219289399054,1,0.9708064687219844,0.370356387211167,0.6769351380938189
2D Turbulence,lambda_ci,0.85,0.055,0.2,181,0.8966757314128835,0.1803399771389479,1,0.9287473605566292,0.3669697086750934,0.0723473263365937
2D Turbulence,lambda_ci,0.85,0.055,0.2,182,0.8709410990372645,0.1679062339980978,1,1.0337942911701583,0.3628601370564371,0.4969953054152681
2D Turbulence,lambda_ci,0.85,0.055,0.2,183,0.895439840092719,0.1987670328114637,1,1.0615423426268729,0.4113175605987489,0.1629220798329613
2D Turbulence,lambda_ci,0.85,0.055,0.2,184,0.9541263821616606,0.1870443096851489,1,0.963857519217267,0.4051208307991858,0.6683441889992542
2D Turbulence,lambda_ci,0.85,0.055,0.2,185,0.9413996899845948,0.1619759575752468,1,0.8898917828244817,0.3574110104275483,0.3900788474632642
2D Turbulence,lambda_ci,0.85,0.055,0.2,186,1.0298818376232968,0.1677648453785049,1,1.0854334930440612,0.4394803775280373,0.4731128290888852
2D Turbulence,lambda_ci,0.85,0.055,0.2,187,0.971372873570772,0.1707249913585774,1,0.9784074296054937,0.3970035515251832,-0.0059605511882351
2D Turbulence,lambda_ci,0.85,0.055,0.2,188,0.961250602171529,0.1443818160243597,1,1.0184631487744744,0.3686086603527361,0.2313255266557853
2D Turbulence,lambda_ci,0.85,0.055,0.2,189,0.8256993088315788,0.1786205231865839,1,1.0731713726809815,0.3615115183527609,0.7264488642332063
2D Turbulence,lambda_ci,0.85,0.055,0.2,190,0.90100386095916,0.2320499278462619,1,0.975622664660546,0.4287047656144612,0.2495949266474584
2D Turbulence,lambda_ci,0.85,0.055,0.2,191,1.0800980982736743,0.2362556546073769,1,0.9342891534034092,0.5074519909935977,-0.2270989254084021
2D Turbulence,lambda_ci,0.85,0.055,0.2,192,0.9220757224277312,0.1750560503500021,1,1.0168208390041436,0.3890248728280125,0.635490500271964
2D Turbulence,lambda_ci,0.85,0.055,0.2,193,1.0377855550767914,0.2024348452843963,1,1.0455825515954202,0.4774516737365674,0.3411383726256656
2D Turbulence,lambda_ci,0.85,0.055,0.2,194,0.9655208805548772,0.2014462967894237,1,1.026980167077395,0.4391595614645694,0.3963878298858748
2D Turbulence,lambda_ci,0.85,0.055,0.2,195,0.9639398280518984,0.2079418798219327,1,0.9060075188734896,0.4183953109129927,0.597897620281374
2D Turbulence,lambda_ci,0.85,0.055,0.2,196,1.0983608099610145,0.2133787010203198,1,1.0599757944868122,0.5223583436304593,0.4454444470565933
2D Turbulence,lambda_ci,0.85,0.055,0.2,197,0.8169707101396266,0.1986169569007957,1,1.0827044373171906,0.3788520195687484,0.4921674244793976
2D Turbulence,lambda_ci,0.85,0.055,0.2,198,0.9730758614565485,0.1478388800023454,1,1.0344390932766028,0.380534024097955,0.9614181473766216
2D Turbulence,lambda_ci,0.85,0.055,0.2,199,0.9011846788441854,0.1844569366178586,1,0.9511950599415744,0.3774818619460164,0.4860111634432999
2D Turbulence,lambda_ci,0.85,0.055,0.2,200,0.9169781325680182,0.2012879803349189,1,0.969379198136955,0.4050557001774081,0.0913480999355759
2D Turbulence,lambda_ci,0.85,0.055,0.2,201,0.8698632025578703,0.1717998717361413,1,1.1568048304746923,0.3877862659552211,0.9334190603198608
2D Turbulence,lambda_ci,0.85,0.055,0.2,202,0.9365440901129146,0.1465959999710966,1,0.8978027430604975,0.3397658704803927,0.3081085225747337
2D Turbulence,lambda_ci,0.85,0.055,0.2,203,0.9526819619190516,0.1962001514790939,1,1.089403696950627,0.4404453546890719,-0.2598781236549151
2D Turbulence,lambda_ci,0.85,0.055,0.2,204,0.8949897356469415,0.1577495179829407,1,0.958014538326482,0.3479269939887862,0.157709716270285
2D Turbulence,lambda_ci,0.85,0.055,0.2,205,1.0141463817060887,0.1791746898490146,1,1.0163846906110727,0.4327808480714722,0.247058013124428
2D Turbulence,lambda_ci,0.85,0.055,0.2,206,0.907709417818546,0.1968661238979028,1,1.0490179185031032,0.4124998452617077,-0.1955534010522677
2D Turbulence,lambda_ci,0.85,0.055,0.2,207,1.031467509822097,0.1725787575769935,1,1.0876277762533548,0.4468784035457327,0.4016328638128356
2D Turbulence,lambda_ci,0.85,0.055,0.2,208,1.030767228271933,0.2011127170682185,1,1.1054674094495556,0.4860191044398661,0.8288474604701309
2D Turbulence,lambda_ci,0.85,0.055,0.2,209,0.8626173616478596,0.1807113721328467,1,1.054051028545524,0.3764798655640862,0.4684304965390425
2D Turbulence,lambda_ci,0.85,0.055,0.2,210,0.958899714821277,0.197580463571535,1,0.9278640587740832,0.4105701446981613,0.4061842755737311
2D Turbulence,lambda_ci,0.85,0.055,0.2,211,0.9019599458218684,0.2075841906682494,1,1.197545724631347,0.4497078221985426,0.1646858427486974
2D Turbulence,lambda_ci,0.85,0.055,0.2,212,0.9642482436116416,0.1636874238172472,1,1.1009315181096555,0.4093329127513444,0.4645638614044403
2D Turbulence,lambda_ci,0.85,0.055,0.2,213,0.8052447580349319,0.1448901425449558,1,1.0800001894030324,0.3185365280021871,0.9446259115781204
2D Turbulence,lambda_ci,0.85,0.055,0.2,214,0.954983168012969,0.1841012811728479,1,1.0563885759083615,0.421149190645228,0.7556785243073518
2D Turbulence,lambda_ci,0.85,0.055,0.2,215,1.020483977631245,0.1916781258497749,1,0.912197720043391,0.4267140657869293,0.0885306426190619
2D Turbulence,lambda_ci,0.85,0.055,0.2,216,0.9061261036241688,0.1722570436476068,1,0.9377546218683818,0.3641847391195612,0.827869088208924
2D Turbulence,lambda_ci,0.85,0.055,0.2,217,1.1228743303843056,0.2136878657467894,1,0.8191221207900276,0.469780960653087,0.0225266760955111
2D Turbulence,lambda_ci,0.85,0.055,0.2,218,0.9936542060160084,0.1916766607972835,1,1.0635577373293152,0.4486425168976301,-0.279667336862031
2D Turbulence,lambda_ci,0.85,0.055,0.2,219,0.8807869800772469,0.1759805012227525,1,1.1594942445666825,0.3978665792495885,-0.0244769454878234
2D Turbulence,lambda_ci,0.85,0.055,0.2,220,0.9088212602659432,0.1536958490363085,1,0.9993189267517104,0.3561734997459994,0.3820197311627067
2D Turbulence,lambda_ci,0.85,0.055,0.2,221,0.8839243779078483,0.1713613469528284,1,0.9662532253228072,0.359680607800191,0.3958853516196212
2D Turbulence,lambda_ci,0.85,0.055,0.2,222,0.8273911757516781,0.1987764819727527,1,1.1959885476831138,0.4034195079089395,0.2002090776910561
2D Turbulence,lambda_ci,0.85,0.055,0.2,223,1.1370302506368468,0.1685232933595576,1,1.0939256423834816,0.4881978802635505,0.1801272721330451
2D Turbulence,lambda_ci,0.85,0.055,0.2,224,0.9190439010904392,0.1985987113080425,1,0.9922911907234494,0.4079848517743492,0.7074780667828392
2D Turbulence,lambda_ci,0.85,0.055,0.2,225,0.7498224374476633,0.2166806431960104,1,0.931493060874935,0.3368668705252798,0.7452013042634754
2D Turbulence,lambda_ci,0.85,0.055,0.2,226,1.0467293335831362,0.1564619979151763,1,1.1070361690051032,0.435631961872428,0.0591344428107156
2D Turbulence,lambda_ci,0.85,0.055,0.2,227,0.9564295409595258,0.2146628765190698,1,1.0413895675681408,0.4522078168370642,0.3670846228016004
2D Turbulence,lambda_ci,0.85,0.055,0.2,228,0.8780213855228121,0.1773654049683764,1,0.9618222134020068,0.3626493912757703,0.3345066142148576
2D Turbulence,lambda_ci,0.85,0.055,0.2,229,0.9743326065896748,0.1847921870452173,1,1.0145418622529712,0.4218752283720095,0.5863042278493416
2D Turbulence,lambda_ci,0.85,0.055,0.2,230,0.949853922919738,0.1690084083420502,1,1.06812677919566,0.4035732556662411,0.1307146462954624
2D Turbulence,lambda_ci,0.85,0.055,0.2,231,0.9163857175542008,0.2309972545601835,1,0.9874220048479232,0.437656236662116,0.1811573766481276
2D Turbulence,lambda_ci,0.85,0.055,0.2,232,0.9450058518913776,0.1593233150373984,1,0.9369302592771724,0.3651134212856874,0.2397594015071813
2D Turbulence,lambda_ci,0.85,0.055,0.2,233,0.9838494873797056,0.1445394609235982,1,1.0460179207715394,0.3825528497824216,0.3048007725997123
2D Turbulence,lambda_ci,0.85,0.055,0.2,234,1.0129578868990303,0.2127195264114806,1,1.0602804490543594,0.4810668661864037,-0.2847814908642821
2D Turbulence,lambda_ci,0.85,0.055,0.2,235,0.8999186782644494,0.160432881923199,1,0.8083080891203993,0.3240696953869416,0.4531754996695631
2D Turbulence,lambda_ci,0.85,0.055,0.2,236,0.961753818187647,0.1678535302204291,1,1.0272473056962026,0.3993619317119812,0.331789404387929
2D Turbulence,lambda_ci,0.85,0.055,0.2,237,0.8045947262906326,0.1559440674859364,1,0.9556641302594124,0.3106091558525998,0.6997579418009441
2D Turbulence,lambda_ci,0.85,0.055,0.2,238,0.9228200623508104,0.1838580331607586,1,0.8810779010682704,0.3714201720577584,0.7742534081681078
2D Turbulence,lambda_ci,0.85,0.055,0.2,239,0.8185220179330961,0.1877138565834544,1,0.9916478010382952,0.3531484130861646,0.2420932529137295
2D Turbulence,lambda_ci,0.85,0.055,0.2,240,0.9046167763295316,0.1648770122393805,1,0.9730590090261916,0.3623383322010483,0.4766855539750076
2D Turbulence,lambda_ci,0.85,0.055,0.2,241,1.0138723344935203,0.1582920894131113,1,1.1188156645207603,0.4266700390934532,0.4993327996404047
2D Turbulence,lambda_ci,0.85,0.055,0.2,242,1.1080578220865305,0.1662699954462387,1,1.045972857834979,0.4620931959954277,-0.1474427850454711
2D Turbulence,lambda_ci,0.85,0.055,0.2,243,1.0301439932978196,0.1951602658438924,1,0.930702303338992,0.4390348844560441,0.2877595756145611
2D Turbulence,lambda_ci,0.85,0.055,0.2,244,1.0006175292567356,0.19363148927076,1,0.871419739113833,0.411026474750863,0.0565165965400392
2D Turbulence,lambda_ci,0.85,0.055,0.2,245,0.98351743016101,0.1787335858436736,1,1.2,0.4554867712953037,0.1796916657113521
2D Turbulence,lambda_ci,0.85,0.055,0.2,246,0.892510693163612,0.1805811035970817,1,1.0196324981557752,0.3829758722968973,0.4147160189886418
2D Turbulence,lambda_ci,0.85,0.055,0.2,247,0.9678828876219182,0.1812467650770431,1,1.0201326367321832,0.4161848476552191,0.6486743016532465
2D Turbulence,lambda_ci,0.85,0.055,0.2,248,0.9391488322228368,0.176484302088124,1,0.9958527906773952,0.3937177876725947,0.2241307853905463
2D Turbulence,lambda_ci,0.85,0.055,0.2,249,0.8549612296991137,0.1601142924278518,1,1.1155947886650728,0.3613388929841377,0.9083741178547442
2D Turbulence,lambda_ci,0.85,0.055,0.2,250,1.2179097863349224,0.1892074002751374,1,1.0030327759246225,0.5305688414993326,0.6184482585033139
2D Turbulence,lambda_ci,0.85,0.055,0.2,251,0.932374819354298,0.2026007995015539,1,0.9623967917057976,0.411706948436576,0.4802592105913145
2D Turbulence,lambda_ci,0.85,0.055,0.2,252,0.9451851696391864,0.1423758231006038,1,1.0832657818824885,0.3711953568214763,0.5851077929174102
2D Turbulence,lambda_ci,0.85,0.055,0.2,253,0.8082724981492739,0.1714031885652392,1,0.8989600758734567,0.3172761687478947,0.818097925581402
2D Turbulence,lambda_ci,0.85,0.055,0.2,254,0.8849752256041817,0.1645839681062944,1,1.0552327202333232,0.3688068697825593,0.6988438449591508
2D Turbulence,lambda_ci,0.85,0.055,0.2,255,0.9004790571274525,0.2118409746843012,1,1.015636768597045,0.4176839691101873,0.822063134063196
2D Turbulence,lambda_ci,0.85,0.055,0.2,256,0.9453303902853598,0.1942317593676042,1,1.0287987083486734,0.4225800079244321,0.1838861003443215
2D Turbulence,lambda_ci,0.85,0.055,0.2,257,1.021616275631584,0.1707031191047538,1,0.9878537642743824,0.4195221165013238,0.3239637366427634
2D Turbulence,lambda_ci,0.85,0.055,0.2,258,0.9599127066535162,0.2439622732820405,1,1.0348066985541002,0.4823060303838967,0.6662225308661764
2D Turbulence,lambda_ci,0.85,0.055,0.2,259,0.8296762189556526,0.1785600834536549,1,0.9876509669308629,0.3484196007889846,0.5080672781597833
2D Turbulence,lambda_ci,0.85,0.055,0.2,260,1.0580530279843838,0.1684457185112396,1,0.9208836759667092,0.4167156491279384,0.5470537272859036
2D Turbulence,lambda_ci,0.85,0.055,0.2,261,0.9254595211591466,0.2282924642432855,1,0.9724405695557776,0.4360484532802195,-0.2402183682845416
2D Turbulence,lambda_ci,0.85,0.055,0.2,262,0.9405120807099484,0.1891562471650428,1,0.9549310953969868,0.3997244748713686,0.2074381068734351
2D Turbulence,lambda_ci,0.85,0.055,0.2,263,0.965579033267611,0.1907513865168023,1,1.0499443808466569,0.4321204556483085,0.4688317332606617
2D Turbulence,lambda_ci,0.85,0.055,0.2,264,1.0574916882141563,0.1970273040335781,1,0.9768999588538247,0.4639436293968733,0.6929732694944598
2D Turbulence,lambda_ci,0.85,0.055,0.2,265,0.940167707246664,0.1877858376124447,1,0.8178231225553232,0.3684397173897482,0.8140748036177973
2D Turbulence,lambda_ci,0.85,0.055,0.2,266,0.9166835955684096,0.185677401213477,1,0.9910393551536726,0.39322800014883,0.1015836159583922
2D Turbulence,lambda_ci,0.85,0.055,0.2,267,0.8057725716125008,0.1944159767497678,1,1.009662727327071,0.3569986861939527,0.4344566367644969
2D Turbulence,lambda_ci,0.85,0.055,0.2,268,0.9798563276946524,0.1937358858506309,1,1.0443383617805422,0.44074566924274,0.8958251991287782
2D Turbulence,lambda_ci,0.85,0.055,0.2,269,0.9340671548618128,0.1692040889142118,1,1.090028514421961,0.4011459920152916,0.9005927563086981
2D Turbulence,lambda_ci,0.85,0.055,0.2,270,0.891619393532329,0.1966524177562652,1,0.9627604394655236,0.3879611782047805,0.8007374759070218
2D Turbulence,lambda_ci,0.85,0.055,0.2,271,0.9289450326747092,0.1425286701515483,1,0.9072035122412522,0.3340361694264482,0.6938502047168975
2D Turbulence,lambda_ci,0.85,0.055,0.2,272,0.9387810088409828,0.18152559874973,1,0.9447215511026696,0.3887631977194936,0.2977942022162012
2D Turbulence,lambda_ci,0.85,0.055,0.2,273,0.9140131158637592,0.161839916026989,1,0.8652763620668062,0.3420366702058018,0.6187464387337872
2D Turbulence,lambda_ci,0.85,0.055,0.2,274,0.8972797398561538,0.2114231660333708,1,1.0088075984133038,0.4143890969267815,0.2707923659233718
2D Turbulence,lambda_ci,0.85,0.055,0.2,275,0.8582333320150409,0.1795948650624495,1,1.0801383081476137,0.3780001914215743,0.962709188189324
2D Turbulence,lambda_ci,0.85,0.055,0.2,276,0.9948022815615284,0.1933774068308754,1,1.0787861558894287,0.4543675641800892,0.4453071803481271
2D Turbulence,lambda_ci,0.85,0.055,0.2,277,0.9619048974730808,0.1618372424228882,1,1.026553779483139,0.3920687462989815,0.6635275318231939
2D Turbulence,lambda_ci,0.85,0.055,0.2,278,0.876884641269786,0.1661157732598385,1,0.9618030610122328,0.3505023845845587,0.1486942432903048
2D Turbulence,lambda_ci,0.85,0.055,0.2,279,0.8893702559382265,0.1879450293395053,1,1.0168790530823233,0.3888057451356158,0.2898977162044662
2D Turbulence,lambda_ci,0.85,0.055,0.2,280,0.9283165055901637,0.2215934878177273,1,0.8163823727782619,0.394840213799006,-0.1297222877854843
2D Turbulence,lambda_ci,0.85,0.055,0.2,281,0.8595265667113406,0.1650441243376356,1,1.0659694865084846,0.3605219613687052,0.6169534959107047
2D Turbulence,lambda_ci,0.85,0.055,0.2,282,0.9385510988705612,0.1438582544454839,1,0.9413888487836556,0.3453900644829185,0.0497066024927189
2D Turbulence,lambda_ci,0.85,0.055,0.2,283,0.8777922678807194,0.1916859875067832,1,1.0914197951371811,0.4014975018852279,0.2699715457145692
2D Turbulence,lambda_ci,0.85,0.055,0.2,284,0.954540406242006,0.1806947358808346,1,1.011959180561165,0.4081770331773725,0.493058395120665
2D Turbulence,lambda_ci,0.85,0.055,0.2,285,0.892821996066336,0.1741747922767203,1,1.0347536638031816,0.3790321232310051,0.4018426860503388
2D Turbulence,lambda_ci,0.85,0.055,0.2,286,0.8718571026811217,0.1672286422582712,1,0.9897044294622472,0.3546936379979035,0.294519654816565
2D Turbulence,lambda_ci,0.85,0.055,0.2,287,0.8640425253181327,0.1929389663974002,1,1.1203747654263614,0.4017230493321393,0.4393269076960414
2D Turbulence,lambda_ci,0.85,0.055,0.2,288,0.8372100563108686,0.2063942735502295,1,0.9429707466482248,0.3693451224196599,0.4054577507123533
2D Turbulence,lambda_ci,0.85,0.055,0.2,289,0.9415148383639446,0.1942997876494728,1,1.052154065239137,0.4256993633461609,-0.2491493862548436
2D Turbulence,lambda_ci,0.85,0.055,0.2,290,0.991594609795713,0.1775250634671503,1,0.887818747422911,0.3936644082101382,0.4460992895803649
2D Turbulence,lambda_ci,0.85,0.055,0.2,291,0.8671600407828643,0.1765802812389174,1,1.0317684756096217,0.3701361356147025,0.5175622765726754
2D Turbulence,lambda_ci,0.85,0.055,0.2,292,1.0135260057611604,0.2021209602917223,1,1.0458587310487073,0.465990524984572,0.4927773800373617
2D Turbulence,lambda_ci,0.85,0.055,0.2,293,0.8710780896216206,0.156609763496361,1,0.9113461454021826,0.3290850759035947,0.6544174980888385
2D Turbulence,lambda_ci,0.85,0.055,0.2,294,1.053158973927519,0.172405490756344,1,1.0166373640379291,0.4409126029725252,0.1998896705412613
2D Turbulence,lambda_ci,0.85,0.055,0.2,295,0.8404693130733727,0.1874442534365412,1,1.0091140905932023,0.3655342380745247,0.8333128310788026
2D Turbulence,lambda_ci,0.85,0.055,0.2,296,0.8742271126670852,0.1776318879699699,1,1.0861540160079897,0.3839993093895917,-0.0854069622558121
2D Turbulence,lambda_ci,0.85,0.055,0.2,297,0.7981613555373367,0.1857514766174773,1,0.9772161232038272,0.3400573343366282,0.9700064862893956
2D Turbulence,lambda_ci,0.85,0.055,0.2,298,1.135167203454592,0.183152085078478,1,1.1425690788239171,0.5192864640014664,0.5364704437657339
2D Turbulence,lambda_ci,0.85,0.055,0.2,299,0.9285032095453832,0.2196472520796053,1,0.9849181736332184,0.4318633725970199,-0.1098656093663428
2D Turbulence,lambda_ci,0.85,0.055,0.2,300,1.0376669455938834,0.1792997505312453,1,0.9702846262929868,0.4328101135739162,0.2789144993761546
2D Turbulence,lambda_ci,0.85,0.055,0.2,301,1.0187844536195425,0.1724563385620291,1,0.9403839528960998,0.4102744713448704,0.9004797010004372
2D Turbulence,lambda_ci,0.85,0.055,0.2,302,0.8481150424208885,0.178973611692396,1,1.0366106594823914,0.3653062498180799,0.300119056973653
2D Turbulence,lambda_ci,0.85,0.055,0.2,303,0.8910210887206323,0.1655400413845804,1,0.9526975766173672,0.3538482426143021,0.7893552760792925
2D Turbulence,lambda_ci,0.85,0.055,0.2,304,0.879522020738204,0.2180344513490535,1,0.9274171384782796,0.3955003177586849,0.2263145463517614
2D Turbulence,lambda_ci,0.85,0.055,0.2,305,0.9240846288506084,0.2316918983630871,1,1.110957199974456,0.4688304752223105,0.3528353681561603
2D Turbulence,lambda_ci,0.85,0.055,0.2,306,1.0341981459301242,0.1978091022870927,1,0.9434970092963526,0.4467835296509294,0.6683195619130409
2D Turbulence,lambda_ci,0.85,0.055,0.2,307,0.8321939403013545,0.1665195859150352,1,1.1029877298820994,0.3566502648222419,0.793816468337572
2D Turbulence,lambda_ci,0.85,0.055,0.2,308,0.9151331583256256,0.1284632730758308,1,1.04162525350393,0.3347568968644911,0.5208119957076595
2D Turbulence,lambda_ci,0.85,0.055,0.2,309,0.935566630680193,0.1878610166607406,1,0.9329353016781587,0.3916686587495402,0.17550223836638
2D Turbulence,lambda_ci,0.85,0.055,0.2,310,0.9036900208910632,0.1580785318458285,1,1.0645908662154222,0.3707210967874175,0.5888309123606685
2D Turbulence,lambda_ci,0.85,0.055,0.2,311,0.8290412326573183,0.1946966594463372,1,0.9681289447559484,0.3599332627575379,0.1434950946183745
2D Turbulence,lambda_ci,0.85,0.055,0.2,312,0.9103279715973857,0.1803078823341335,1,1.0050698280871548,0.3875282451689297,0.3700681499382558
2D Turbulence,lambda_ci,0.85,0.055,0.2,313,0.8203186006554471,0.1916741478334407,1,0.9878782378101068,0.356957111784644,0.1042962485145469
2D Turbulence,lambda_ci,0.85,0.055,0.2,314,0.8246549962280592,0.2243128306484257,1,0.9296762992861964,0.3765869204918808,0.596495779271635
2D Turbulence,lambda_ci,0.85,0.055,0.2,315,0.839155816329359,0.178938350153699,1,1.0453940669846766,0.3629395855426168,0.9801265924457708
2D Turbulence,lambda_ci,0.85,0.055,0.2,316,0.9665047304395478,0.2142759649179197,1,0.9669453758095876,0.439938210693086,0.0863483517844032
2D Turbulence,lambda_ci,0.85,0.055,0.2,317,0.8850080998737604,0.1825394004846282,1,1.0781186722513465,0.3926077238638811,0.736647722678833
2D Turbulence,lambda_ci,0.85,0.055,0.2,318,1.0110657021660856,0.2190225182617055,1,1.005590495942528,0.474497952088184,0.8229010537054342
2D Turbulence,lambda_ci,0.85,0.055,0.2,319,1.0007552222691811,0.2042383637990647,1,0.9585266407243545,0.4427908321005405,0.4660469508931164
2D Turbulence,lambda_ci,0.85,0.055,0.2,320,0.804858076408313,0.1846340460090631,1,1.0507155333090008,0.3545012542795505,0.6127314434262634
2D Turbulence,lambda_ci,0.85,0.055,0.2,321,0.8527876787097657,0.1950776209715163,1,1.0759590404157218,0.3906991907708173,0.0276068683356316
2D Turbulence,lambda_ci,0.85,0.055,0.2,322,0.8704371816130886,0.1696016247406607,1,1.08538891324306,0.373460890854167,-0.0422366572493689
2D Turbulence,lambda_ci,0.85,0.055,0.2,323,0.9955103899802352,0.160671263888784,1,0.9478379562183836,0.3884918837345124,0.7298869418990794
2D Turbulence,lambda_ci,0.85,0.055,0.2,324,0.90855460870496,0.1958358883876005,1,1.0704774705827926,0.4159929233444617,0.2292589590760471
2D Turbulence,lambda_ci,0.85,0.055,0.2,325,0.941745966164908,0.1915238084783173,1,0.9940050266901368,0.4109031243989547,0.538460576614736
2D Turbulence,lambda_ci,0.85,0.055,0.2,326,0.7901514953412592,0.1502248640114556,1,0.987505930527102,0.3043344612229847,0.7887039204990657
2D Turbulence,lambda_ci,0.85,0.055,0.2,327,0.9312760611070656,0.1930776632934594,1,0.9918297177887412,0.4075332189169743,0.4332300759737366
2D Turbulence,lambda_ci,0.85,0.055,0.2,328,1.0318056440142986,0.2137425666453122,1,1.0004771236920644,0.4771412792576846,0.287968166480072
2D Turbulence,lambda_ci,0.85,0.055,0.2,329,0.8128788883402169,0.1755871230284904,1,1.1515135436593849,0.3655162598265135,0.3469016871429461
2D Turbulence,lambda_ci,0.85,0.055,0.2,330,0.917641356067147,0.156214794010033,1,0.9476476857125772,0.3530673122099735,0.0324503617870445
2D Turbulence,lambda_ci,0.85,0.055,0.2,331,1.0250282566409503,0.1551271530952009,1,1.1632135376900623,0.4354211021569519,0.8451032253235768
2D Turbulence,lambda_ci,0.85,0.055,0.2,332,0.8350024517477117,0.1975219717930859,1,1.0314901552321452,0.3769016168495958,0.67079371025052
2D Turbulence,lambda_ci,0.85,0.055,0.2,333,0.8832233249384034,0.2175023400588338,1,1.1731283481120058,0.4461442102498962,0.5858965761998537
2D Turbulence,lambda_ci,0.85,0.055,0.2,334,0.9876513966898764,0.223009910059016,1,0.9277727641873325,0.4492484352171647,0.1766615631867753
2D Turbulence,lambda_ci,0.85,0.055,0.2,335,0.9989326860367664,0.168916709170941,1,0.959472271048008,0.4021506211913517,0.0386729366519217
2D Turbulence,lambda_ci,0.85,0.055,0.2,336,1.1181589048921847,0.1708402763737659,1,0.8986859866590102,0.4381296497116684,0.9000344870747724
2D Turbulence,lambda_ci,0.85,0.055,0.2,337,0.88823157341699,0.1790082890533305,1,1.0740315745149542,0.3894675710170532,0.5674127149275408
2D Turbulence,lambda_ci,0.85,0.055,0.2,338,0.8740360912133098,0.2164586992219331,1,0.884919014848923,0.3825327758016591,0.7269057606830592
2D Turbulence,lambda_ci,0.85,0.055,0.2,339,1.0344788324094314,0.1878813022874433,1,0.968689764916834,0.441322169993801,0.3182002714109432
2D Turbulence,lambda_ci,0.85,0.055,0.2,340,0.9689799659396224,0.1682132471447919,1,0.8809256502362626,0.3730048879676255,0.9149032599112612
2D Turbulence,lambda_ci,0.85,0.055,0.2,341,0.8926054834403867,0.1746732533506571,1,1.0296377102582308,0.378542786880913,0.2293506527854273
2D Turbulence,lambda_ci,0.85,0.055,0.2,342,0.8045939874695617,0.2267661057300466,1,1.0058063345688548,0.3842581053767473,0.7662940327056859
2D Turbulence,lambda_ci,0.85,0.055,0.2,343,0.8750987340328669,0.1783165748928219,1,0.8987879872949412,0.3503333984237031,0.7886788294717892
2D Turbulence,lambda_ci,0.85,0.055,0.2,344,0.9264039429091382,0.215631792326207,1,1.028614619098882,0.436297914820818,0.3021731252900788
2D Turbulence,lambda_ci,0.85,0.055,0.2,345,1.017586117859767,0.1846656667897042,1,1.040995867389248,0.4461580728397968,0.7170255241608976
2D Turbulence,lambda_ci,0.85,0.055,0.2,346,0.9238258701630726,0.2005258169964431,1,0.9455299184785108,0.4022656087692635,-0.1634855828311153
2D Turbulence,lambda_ci,0.85,0.055,0.2,347,0.9048876704841043,0.1668615434324523,1,0.9558198433127256,0.3613772595950137,0.5981312456448001
2D Turbulence,lambda_ci,0.85,0.055,0.2,348,0.8927053546631215,0.2170061026733707,1,1.1346006286571706,0.4429611350714095,0.2850850583996311
2D Turbulence,lambda_ci,0.85,0.055,0.2,349,0.9799796531776136,0.196832172276079,1,0.9235023058933493,0.4178150635020518,0.258358386506298
2D Turbulence,lambda_ci,0.85,0.055,0.2,350,1.0106387604268734,0.1770660030172967,1,0.811681454914718,0.3831389935912763,0.5279658066240888
2D Turbulence,lambda_ci,0.85,0.055,0.2,351,0.9772165718405884,0.1626572686917916,1,0.943181890921893,0.3827588911812064,0.518038235925166
2D Turbulence,lambda_ci,0.85,0.055,0.2,352,0.9687665489500044,0.1795103658450191,1,1.1037477480873383,0.4312199210038889,0.3325142564666344
2D Turbulence,lambda_ci,0.85,0.055,0.2,353,0.9069858251176796,0.2327609893765926,1,1.0380639722698952,0.4458283239202095,0.4025538193628497
2D Turbulence,lambda_ci,0.85,0.055,0.2,354,0.8956791055116363,0.2059922598795998,1,0.9530552356203078,0.3968596361631515,0.019717336956748
2D Turbulence,lambda_ci,0.85,0.055,0.2,355,0.8813636095284809,0.173170173758162,1,0.8950597625165837,0.3469905747702226,0.2115502490106183
2D Turbulence,lambda_ci,0.85,0.055,0.2,356,0.9557559196288608,0.1920538188261397,1,1.021428995640667,0.4233139311544568,0.1523969005543888
2D Turbulence,lambda_ci,0.85,0.055,0.2,357,0.920148963046892,0.1944885342109669,1,0.9816576084406844,0.4020547164478665,0.5125963049610762
2D Turbulence,lambda_ci,0.85,0.055,0.2,358,0.981636527504038,0.1700802833529782,1,0.8333519235162135,0.3695659213236405,0.3804389607989086
2D Turbulence,lambda_ci,0.85,0.055,0.2,359,0.9138518165258706,0.2189015780217252,1,0.9704713265824736,0.421203120263034,0.3525319941522609
2D Turbulence,lambda_ci,0.85,0.055,0.2,360,0.8701624519709734,0.1939227163808377,1,1.11877689238894,0.4053091667172032,-0.0821754076052956
2D Turbulence,lambda_ci,0.85,0.055,0.2,361,0.928459285005824,0.1787998898635221,1,0.9663116178815424,0.3859269326666302,0.3930792218997176
2D Turbulence,lambda_ci,0.85,0.055,0.2,362,0.9509390291976764,0.1961373985196208,1,0.8977874495761727,0.3990429503284455,0.553581404037477
2D Turbulence,lambda_ci,0.85,0.055,0.2,363,0.8982228358174379,0.1626820977487258,1,1.0280997915603811,0.3673428656220739,0.3686943135493729
2D Turbulence,lambda_ci,0.85,0.055,0.2,364,0.8630702829816522,0.1915756003933992,1,1.025803686619121,0.3826030156359135,0.4100970683289654
2D Turbulence,lambda_ci,0.85,0.055,0.2,365,0.912018119204142,0.1917201394727861,1,0.8216226713656656,0.361970803597947,0.5182447112828413
2D Turbulence,lambda_ci,0.85,0.055,0.2,366,0.839930644602526,0.1730851779629618,1,1.0586561211403611,0.3595429873878756,0.1896983818954841
2D Turbulence,lambda_ci,0.85,0.055,0.2,367,0.8672191350004121,0.1958540430964304,1,1.0811599526696527,0.3990617455237013,0.8927065439374761
2D Turbulence,lambda_ci,0.85,0.055,0.2,368,0.9250900631007192,0.1994576058058834,1,1.0064463335282383,0.4144810007392249,0.5120342975541223
2D Turbulence,lambda_ci,0.85,0.055,0.2,369,1.0012265533087024,0.180368695166429,1,1.0916909742162288,0.4442861761741176,0.8958687156998805
2D Turbulence,lambda_ci,0.85,0.055,0.2,370,0.9491377865915142,0.2157390149362616,1,0.9922513543493314,0.4391414783114723,0.383444585398526
2D Turbulence,lambda_ci,0.85,0.055,0.2,371,0.9315085477098,0.1746752302930119,1,0.9363389782871786,0.3767203301548482,0.324721243350933
2D Turbulence,lambda_ci,0.85,0.055,0.2,372,0.8101649153045337,0.1611588624942855,1,1.022162148636142,0.3288216663709704,0.367233682852195
2D Turbulence,lambda_ci,0.85,0.055,0.2,373,0.8823284814567921,0.2123273132220986,1,0.9197771456563212,0.3899191253297149,0.1818314975728622
2D Turbulence,lambda_ci,0.85,0.055,0.2,374,0.912513925341121,0.1891402658153535,1,1.0823507140483255,0.4128720676548296,0.197801968078229
2D Turbulence,lambda_ci,0.85,0.055,0.2,375,0.9323859434038584,0.2113324198504844,1,0.975117661563129,0.4232600625085126,0.4989323735890356
2D Turbulence,lambda_ci,0.85,0.055,0.2,376,0.9312375001154756,0.1603063344874142,1,1.0070529256361356,0.3741639536527689,0.4975729299804147
2D Turbulence,lambda_ci,0.85,0.055,0.2,377,1.023453684125565,0.1519670740520568,1,1.0045016382246308,0.399869490402063,0.3837217141685142
2D Turbulence,lambda_ci,0.85,0.055,0.2,378,0.9692000611650552,0.1680244137566132,1,1.0630426437724834,0.4096141686135701,0.3468022436483922
2D Turbulence,lambda_ci,0.85,0.055,0.2,379,1.0758366906306145,0.2031421386847432,1,0.8813105120684628,0.4552089967384995,0.6190051036533741
2D Turbulence,lambda_ci,0.85,0.055,0.2,380,0.8635758674054946,0.188625048464753,1,0.9601139543940476,0.367503577042822,0.2885995131025134
2D Turbulence,lambda_ci,0.85,0.055,0.2,381,0.9753523402943898,0.2029040134188,1,0.8957255118592806,0.4158094172553649,0.6541096846951894
2D Turbulence,lambda_ci,0.85,0.055,0.2,382,1.0231548216663715,0.1542815947664587,1,1.0361111656952533,0.4090737310591456,0.2264344136624461
2D Turbulence,lambda_ci,0.85,0.055,0.2,383,0.9064194202399324,0.1745226637886958,1,0.9921505254682572,0.3771758708473663,0.4829714085825301
2D Turbulence,lambda_ci,0.85,0.055,0.2,384,0.9508685502020536,0.1966876810797593,1,0.9939737661565268,0.4204327365981081,-0.0545413066140572
2D Turbulence,lambda_ci,0.85,0.055,0.2,385,0.9818820350411968,0.1948629029157322,1,0.9711134242350954,0.4271288209745328,0.0315233651576706
2D Turbulence,lambda_ci,0.85,0.055,0.2,386,0.9048060917052588,0.1748341644709811,1,1.0927726481988926,0.3954882409575739,0.5565655115810403
2D Turbulence,lambda_ci,0.85,0.055,0.2,387,0.7834321158822636,0.1987918495161634,1,0.9960364222130128,0.348608737427112,0.2984815585901514
2D Turbulence,lambda_ci,0.85,0.055,0.2,388,0.942330882154864,0.1955581495077245,1,0.8400705794439722,0.3819436299553481,0.5160315175762845
2D Turbulence,lambda_ci,0.85,0.055,0.2,389,0.9336997534796676,0.1827952460948863,1,0.900653028212308,0.3788510100083648,0.3963251014810365
2D Turbulence,lambda_ci,0.85,0.055,0.2,390,0.9342094359448392,0.1985321823329642,1,0.9147339971882672,0.3981136955410942,0.7224964312293772
2D Turbulence,lambda_ci,0.85,0.055,0.2,391,1.0330967083817806,0.151518810547491,1,0.9832967587319495,0.3987645638044543,0.1135303331658644
2D Turbulence,lambda_ci,0.85,0.055,0.2,392,0.94400352420268,0.1779026117920544,1,0.9961204617268704,0.3973934533240026,0.3672471551887855
2D Turbulence,lambda_ci,0.85,0.055,0.2,393,0.9671317485427112,0.1714289512368387,1,0.8491066637336159,0.3689851168267937,0.343205752163607
2D Turbulence,lambda_ci,0.85,0.055,0.2,394,0.8641796966383024,0.2022823545824924,1,1.1318259897218843,0.4134975016166588,0.2488108097566774
2D Turbulence,lambda_ci,0.85,0.055,0.2,395,0.9993590577249446,0.1844702134677939,1,0.9827640886982464,0.425509555659036,0.2700557517552072
2D Turbulence,lambda_ci,0.85,0.055,0.2,396,0.994022046555385,0.1740856036052059,1,1.1421916695606502,0.4432481583151346,0.8965349020430056
2D Turbulence,lambda_ci,0.85,0.055,0.2,397,0.905237585941416,0.2203166248077416,1,1.1507208301998362,0.4557967246183513,0.4337945860533672
2D Turbulence,lambda_ci,0.85,0.055,0.2,398,0.8405709850566201,0.1671691731301718,1,1.046255949411306,0.3515373401092746,0.4846782089855129
2D Turbulence,lambda_ci,0.85,0.055,0.2,399,1.0565731285230424,0.2136733651762644,1,0.982196374664428,0.4840318274271028,0.0549404362574292
2D Turbulence,gamma2,0.85,0.055,0.2,0,0.9361334332868374,0.2140054278010004,1,0.9746213116464008,0.4275314838141113,0.3215536091395821
2D Turbulence,gamma2,0.85,0.055,0.2,1,0.8824349743512968,0.1810589176889672,1,1.0173557294370408,0.3787294613362832,0.0948471947134676
2D Turbulence,gamma2,0.85,0.055,0.2,2,0.9791660590218622,0.2386952828089196,1,0.946640290180035,0.4654475638614826,0.1554605033406911
2D Turbulence,gamma2,0.85,0.055,0.2,3,1.0279608834151963,0.1973808815506329,1,0.9649904032986076,0.4486323931527692,-0.1928231045090406
2D Turbulence,gamma2,0.85,0.055,0.2,4,0.8047750271407068,0.1793893231431533,1,1.0241005125567118,0.344940412794307,0.1679528167812447
2D Turbulence,gamma2,0.85,0.055,0.2,5,0.9635993704032756,0.2067165956559742,1,0.8,0.3918584110532574,-0.0951643789581291
2D Turbulence,gamma2,0.85,0.055,0.2,6,0.8909086960802463,0.1809006381865832,1,0.9866204760689672,0.3763815355823924,0.4245788675337576
2D Turbulence,gamma2,0.85,0.055,0.2,7,0.9882801022866446,0.2023238158138302,1,0.9498626305120542,0.4332453958354807,0.5901135469540045
2D Turbulence,gamma2,0.85,0.055,0.2,8,0.9459008134317116,0.18482624870669,1,1.0028253781367704,0.4072302973626318,0.3213178093095849
2D Turbulence,gamma2,0.85,0.055,0.2,9,0.9589301796534818,0.2108131363905354,1,1.0607821304687852,0.4534703743074514,0.142831921361402
2D Turbulence,gamma2,0.85,0.055,0.2,10,0.9265475659592604,0.1894323108277296,1,0.9945120712923696,0.4021608383192709,0.419108952250198
2D Turbulence,gamma2,0.85,0.055,0.2,11,0.941911587527334,0.18928061876389,1,1.0656468384405955,0.4230287301009895,0.39285578620646
2D Turbulence,gamma2,0.85,0.055,0.2,12,0.9195920325434992,0.2567241576408522,1,1.0333841124979943,0.4736520908460598,0.9192955237573824
2D Turbulence,gamma2,0.85,0.055,0.2,13,0.8860264537208452,0.1718787255424723,1,1.018079108497728,0.3706367797021344,0.3220137902238641
2D Turbulence,gamma2,0.85,0.055,0.2,14,0.9275745598120194,0.1776784902832341,1,0.953822346688574,0.381856337839764,0.4263275020373127
2D Turbulence,gamma2,0.85,0.055,0.2,15,1.058843104569236,0.1772704169401219,1,0.922159705984079,0.4281074806465572,0.3590415589334518
2D Turbulence,gamma2,0.85,0.055,0.2,16,0.9644475328729,0.1643440500134279,1,0.8950884464043171,0.3699036143220666,0.5347320155108526
2D Turbulence,gamma2,0.85,0.055,0.2,17,0.949226821522761,0.2011905168672029,1,1.0030864506192172,0.4264252732958162,0.2552828476628603
2D Turbulence,gamma2,0.85,0.055,0.2,18,0.7774100999242547,0.166322178308757,1,0.9591990061412766,0.3105128810412514,0.7499386773688154
2D Turbulence,gamma2,0.85,0.055,0.2,19,0.9086104571507808,0.2077529000052595,1,0.9869118163243964,0.4114247866310672,0.0260220974472744
2D Turbulence,gamma2,0.85,0.055,0.2,20,0.8564715947875028,0.2328145034766732,1,1.0183598803787497,0.417031269932953,0.3385786556001577
2D Turbulence,gamma2,0.85,0.055,0.2,21,0.955141546167409,0.1557503287072199,1,1.1815018510474102,0.4097315676082758,0.2985959069876218
2D Turbulence,gamma2,0.85,0.055,0.2,22,0.8874163683531275,0.1920281790122252,1,0.8989788057919955,0.3687097680095476,0.2483082521248156
2D Turbulence,gamma2,0.85,0.055,0.2,23,0.8443637892586346,0.170253055674196,1,1.0731332546518453,0.3609141293066252,0.6026306312994427
2D Turbulence,gamma2,0.85,0.055,0.2,24,0.9220366351382608,0.1793262489092457,1,1.057430792356465,0.4015097405747111,0.6212771917276895
2D Turbulence,gamma2,0.85,0.055,0.2,25,0.9894463617628022,0.1511495392865504,1,0.9698978641329412,0.3788424802826896,0.4339242740136989
2D Turbulence,gamma2,0.85,0.055,0.2,26,0.8954829365892804,0.199353994254932,1,1.0223563420427282,0.4042694590035254,0.9397648939593524
2D Turbulence,gamma2,0.85,0.055,0.2,27,1.0210577903184166,0.1931148293231928,1,0.9689775728338196,0.4416873876268875,0.6218734507681092
2D Turbulence,gamma2,0.85,0.055,0.2,28,0.8914074910429021,0.1793992321372474,1,1.0240276960205914,0.3820695446003269,0.8253096367864023
2D Turbulence,gamma2,0.85,0.055,0.2,29,1.0575836370982092,0.1454198857286886,1,0.8149536607278649,0.3640768624004095,0.3569948290996579
2D Turbulence,gamma2,0.85,0.055,0.2,30,0.942239547989197,0.1956955946895265,1,1.00135137372058,0.4171047179745859,-0.0330575770995347
2D Turbulence,gamma2,0.85,0.055,0.2,31,0.9984247894997386,0.147371884420655,1,1.116770342705496,0.4050462445459605,0.4200382747559376
2D Turbulence,gamma2,0.85,0.055,0.2,32,0.8921582507789385,0.1610983105186014,1,1.041383669885662,0.3654203849303766,0.1969489526081121
2D Turbulence,gamma2,0.85,0.055,0.2,33,0.8636753048167521,0.2002411510615585,1,1.0878575505799557,0.4031003578517077,0.4939218269042077
2D Turbulence,gamma2,0.85,0.055,0.2,34,0.7995041469917799,0.1555645406425672,1,1.0659569416359944,0.3255711077958872,0.690925478911087
2D Turbulence,gamma2,0.85,0.055,0.2,35,1.0220023157117202,0.1620655208081059,1,1.077988410693142,0.4271734382884078,0.3660456652773607
2D Turbulence,gamma2,0.85,0.055,0.2,36,1.0402572675553574,0.2247074903610831,1,1.0808037815460838,0.512652360052676,0.3541280974109713
2D Turbulence,gamma2,0.85,0.055,0.2,37,0.9028132960536226,0.19962445257922,1,0.9860689650808456,0.400551590642172,0.2815726285370305
2D Turbulence,gamma2,0.85,0.055,0.2,38,0.9554151753683504,0.1642324141643176,1,0.9445731223834958,0.3763044598018565,0.7103683741999413
2D Turbulence,gamma2,0.85,0.055,0.2,39,0.9365510062735768,0.1866443149487306,1,1.0292322609049005,0.4104833189946569,0.5872077012179385
2D Turbulence,gamma2,0.85,0.055,0.2,40,1.0530232626232754,0.1596407213640128,1,0.9953245907022232,0.4197514191884607,-0.1220885158411906
2D Turbulence,gamma2,0.85,0.055,0.2,41,0.9549883489742352,0.125094632261397,1,0.9866887136631132,0.3355115619099506,0.5185523156826424
2D Turbulence,gamma2,0.85,0.055,0.2,42,0.9935834185860069,0.2018418942205537,1,0.8618706223179722,0.4144107671056058,0.3995840031630888
2D Turbulence,gamma2,0.85,0.055,0.2,43,0.8975291371597539,0.1860302912450622,1,0.8495899373585628,0.3568166153052932,0.2224145215112726
2D Turbulence,gamma2,0.85,0.055,0.2,44,0.8871191404105319,0.2048276210804877,1,0.9560810059126612,0.3925758279726172,0.2931106354000889
2D Turbulence,gamma2,0.85,0.055,0.2,45,0.9262762523436076,0.1739499254419199,1,1.190522683255412,0.4215232078114815,0.4682619046026387
2D Turbulence,gamma2,0.85,0.055,0.2,46,1.0530336594006515,0.163146484199398,1,0.9589622152114372,0.4165161646314857,0.2160141186591704
2D Turbulence,gamma2,0.85,0.055,0.2,47,0.8890185065513085,0.2008716670572307,1,1.0547690461642285,0.4092124437903154,-0.0554022396644149
2D Turbulence,gamma2,0.85,0.055,0.2,48,0.9317329334955357,0.199921533913323,1,1.0737337861350438,0.4316875698444187,0.8429431147791304
2D Turbulence,gamma2,0.85,0.055,0.2,49,0.9935380434444724,0.1879936871531353,1,1.0134461352265332,0.4336670938376259,0.3745141129328784
2D Turbulence,gamma2,0.85,0.055,0.2,50,0.9408856930051598,0.1614464923813232,1,1.0033430774635608,0.3786830802027517,0.529459771754557
2D Turbulence,gamma2,0.85,0.055,0.2,51,0.9104811766031712,0.1729168861747157,1,0.9984184184426838,0.3783083845460341,-0.0742941864495729
2D Turbulence,gamma2,0.85,0.055,0.2,52,0.8287602830175674,0.1677765950226536,1,0.985224817785244,0.336947539814972,0.460770191151616
2D Turbulence,gamma2,0.85,0.055,0.2,53,0.8939086311387343,0.2192692736774505,1,1.0065748046690677,0.4199572153859847,0.3005507230251617
2D Turbulence,gamma2,0.85,0.055,0.2,54,0.8937565171782434,0.1960143201185492,1,0.9218512744863367,0.3799212208464217,0.158557030276591
2D Turbulence,gamma2,0.85,0.055,0.2,55,0.972098404911904,0.175178638495918,1,1.1240757040430256,0.4313686550222362,0.1299897457006464
2D Turbulence,gamma2,0.85,0.055,0.2,56,1.0635138388123682,0.1724998341443406,1,1.0300820276348757,0.4483048025249306,-0.1024007747657479
2D Turbulence,gamma2,0.85,0.055,0.2,57,0.9009040519944698,0.1744155952768193,1,0.9983782158139298,0.3759401805652207,0.3984959971105666
2D Turbulence,gamma2,0.85,0.055,0.2,58,0.9225535769077544,0.1690245689453587,1,0.810842070932912,0.3415345568538948,0.402601831211343
2D Turbulence,gamma2,0.85,0.055,0.2,59,0.8863065830948677,0.172638968230545,1,0.967411707235559,0.3622088524461389,0.9955231127041492
2D Turbulence,gamma2,0.85,0.055,0.2,60,0.9488697051311688,0.1655775424189946,1,1.0651553550497703,0.3984866484898724,0.2352429474694865
2D Turbulence,gamma2,0.85,0.055,0.2,61,0.955711692020633,0.1836599914631118,1,1.0048331490347877,0.4105642741778327,0.6858770920879881
2D Turbulence,gamma2,0.85,0.055,0.2,62,0.8928511244903853,0.1930486463209888,1,1.0492748874717162,0.40184361279203,0.7425498002859621
2D Turbulence,gamma2,0.85,0.055,0.2,63,0.9483639930799532,0.1492398067923277,1,0.9698411900575952,0.3608009797388241,0.2582772815729101
2D Turbulence,gamma2,0.85,0.055,0.2,64,1.059068295729828,0.1980518524701537,1,0.8414423808009668,0.4323401936913088,0.6784664528346358
2D Turbulence,gamma2,0.85,0.055,0.2,65,1.0517885173896178,0.1751754252296116,1,1.1382447972033456,0.4696592198314365,-0.0127818004309773
2D Turbulence,gamma2,0.85,0.055,0.2,66,0.9061347891806892,0.2715636369672659,1,0.9908347861494532,0.4700339584462911,-0.0027039479830012
2D Turbulence,gamma2,0.85,0.055,0.2,67,0.9371540554950756,0.18676090159398,1,0.927780538328801,0.390100582643907,-0.1227051831306703
2D Turbulence,gamma2,0.85,0.055,0.2,68,0.96726903433543,0.1712494048674802,1,1.0397053761993416,0.4081473348795769,0.932527958187011
2D Turbulence,gamma2,0.85,0.055,0.2,69,0.9514362457143412,0.1678423540932264,1,1.057893848443239,0.4009142741446284,0.315840287941797
2D Turbulence,gamma2,0.85,0.055,0.2,70,0.9137069103685034,0.1821813024266886,1,0.9687664722179692,0.3838560242035889,0.2267128248554566
2D Turbulence,gamma2,0.85,0.055,0.2,71,0.9873704754471164,0.1613330678322319,1,0.9311408579673954,0.3826921243093597,0.3615442710672635
2D Turbulence,gamma2,0.85,0.055,0.2,72,0.9369723824024347,0.1827938340915409,1,1.0671005619080989,0.413818817638541,-0.2283294592002633
2D Turbulence,gamma2,0.85,0.055,0.2,73,1.0281951899103796,0.2034740552616627,1,1.0581455204984365,0.4770927171310467,0.5453443004459705
2D Turbulence,gamma2,0.85,0.055,0.2,74,1.0247768615928945,0.1721561058590721,1,0.9446781848997384,0.4132686574573909,0.4953010661831004
2D Turbulence,gamma2,0.85,0.055,0.2,75,0.9586895428142026,0.2206748707995978,1,1.0436864470322134,0.4600864601654012,-0.2051543848233172
2D Turbulence,gamma2,0.85,0.055,0.2,76,0.9076092996616278,0.1536115103280698,1,1.087152947433038,0.3708994083752368,0.7043588110713557
2D Turbulence,gamma2,0.85,0.055,0.2,77,0.785103292358225,0.1387804768596146,1,1.0690198512982945,0.3024014514165522,0.4711820526349604
2D Turbulence,gamma2,0.85,0.055,0.2,78,1.0499061064042132,0.1924709803356735,1,1.0308851712236695,0.4676686273836466,0.0429044100377412
2D Turbulence,gamma2,0.85,0.055,0.2,79,0.948333735863848,0.1687491331828267,1,1.0174491479520458,0.3929509398958784,0.0491336862487558
2D Turbulence,gamma2,0.85,0.055,0.2,80,0.9460587246298128,0.1472618198681986,1,1.0697527917145508,0.3754956334247631,0.591723275484357
2D Turbulence,gamma2,0.85,0.055,0.2,81,1.050748984920545,0.1698522177230245,1,0.994809616225802,0.4319212559661023,0.0093096215418782
2D Turbulence,gamma2,0.85,0.055,0.2,82,0.8878048485419161,0.2021055364418385,1,1.04896285655338,0.4087772079020506,0.7174369335328415
2D Turbulence,gamma2,0.85,0.055,0.2,83,1.0674447145553168,0.1905374950181287,1,1.0943357661765762,0.4874284940638578,0.171487847577961
2D Turbulence,gamma2,0.85,0.055,0.2,84,0.9616467608909868,0.153332533413557,1,1.0779418934385203,0.3909582699074821,0.5374059277779171
2D Turbulence,gamma2,0.85,0.055,0.2,85,0.913050914237135,0.1831203962903796,1,0.93987562353019,0.3787900377075964,0.9641170203511028
2D Turbulence,gamma2,0.85,0.055,0.2,86,0.8776692409668043,0.2051800833085761,1,1.0330139410421768,0.4040653133731658,0.290543288916929
2D Turbulence,gamma2,0.85,0.055,0.2,87,1.0455011197236914,0.1970916780142557,1,0.986494355522455,0.4610053316361038,0.9376326868626654
2D Turbulence,gamma2,0.85,0.055,0.2,88,0.9646148742103128,0.210591859869707,1,0.8824798238654094,0.4158408375808968,0.3500301837812882
2D Turbulence,gamma2,0.85,0.055,0.2,89,0.8347668275032922,0.1796152175302656,1,0.99339246574591,0.3526120727994794,0.7369054491456618
2D Turbulence,gamma2,0.85,0.055,0.2,90,0.8592022890908521,0.1888890097979864,1,0.9710677240390232,0.3679794196218195,0.6693488830634486
2D Turbulence,gamma2,0.85,0.055,0.2,91,1.0192088636775445,0.2056023384947513,1,0.9950502737491704,0.4609987296668446,-0.3480944929172673
2D Turbulence,gamma2,0.85,0.055,0.2,92,0.9818591572275592,0.1608095408584207,1,1.0975972171064603,0.4125025137854681,0.3421332686282621
2D Turbulence,gamma2,0.85,0.055,0.2,93,0.8361697754781255,0.1710481683003057,1,1.1379745638494112,0.3689095997897791,0.3917040338614127
2D Turbulence,gamma2,0.85,0.055,0.2,94,1.0162101459472148,0.1830105486023843,1,0.8667557230622596,0.4047342403140354,-0.1653252949315666
2D Turbulence,gamma2,0.85,0.055,0.2,95,0.973421695631384,0.1718573319644825,1,1.0005673798645502,0.4036530368537201,0.7114951020673759
2D Turbulence,gamma2,0.85,0.055,0.2,96,0.9849314613220932,0.1734724723530771,1,1.001418649596758,0.410515095631163,0.6632629639182642
2D Turbulence,gamma2,0.85,0.055,0.2,97,0.9260790891996272,0.250595415648606,1,1.133028215376894,0.4934634621312532,0.8063210934348872
2D Turbulence,gamma2,0.85,0.055,0.2,98,1.067929420867867,0.1875022796986305,1,0.98156284647305,0.4581470379942222,0.3722341019817284
2D Turbulence,gamma2,0.85,0.055,0.2,99,0.9721539027834516,0.2200923669563057,1,1.060824103953086,0.4697417962026185,0.0555097254520889
2D Turbulence,gamma2,0.85,0.055,0.2,100,0.9185914238126968,0.1819964746643895,1,1.0193400964723471,0.3956520571675211,0.4735886148325997
2D Turbulence,gamma2,0.85,0.055,0.2,101,0.8234127255479701,0.1689485164524708,1,0.8924010782008391,0.3197236844120951,0.4247193789378407
2D Turbulence,gamma2,0.85,0.055,0.2,102,0.8473017150357897,0.1807512264207369,1,0.9338413602083112,0.3481090101898691,0.7059877384792109
2D Turbulence,gamma2,0.85,0.055,0.2,103,0.9612992577424492,0.2008954629052542,1,1.090684651237935,0.4499800628610562,0.8333716305520976
2D Turbulence,gamma2,0.85,0.055,0.2,104,0.9305056247517656,0.2010246478892697,1,1.0308123963074964,0.4235780767090107,0.1485394256494359
2D Turbulence,gamma2,0.85,0.055,0.2,105,1.035459753953907,0.2238091253749642,1,1.0095850157488762,0.4922022181873225,0.4505043035705867
2D Turbulence,gamma2,0.85,0.055,0.2,106,0.8669199554726812,0.1939147556040026,1,1.1278479649951494,0.4054242376602579,0.2843778013107652
2D Turbulence,gamma2,0.85,0.055,0.2,107,0.976865797772812,0.1940189859131085,1,1.062664804502869,0.4435628526972015,0.0077495054621807
2D Turbulence,gamma2,0.85,0.055,0.2,108,0.9518009547539182,0.1960982367582739,1,1.064323956799406,0.434830400316836,0.2228384007130616
2D Turbulence,gamma2,0.85,0.055,0.2,109,0.8369163513798459,0.2081218856581732,1,1.0992089919176204,0.4002958293907826,0.7577521169330597
2D Turbulence,gamma2,0.85,0.055,0.2,110,0.983056036791266,0.2080497128095382,1,0.9239438429135316,0.4310072967666555,0.2062494293599803
2D Turbulence,gamma2,0.85,0.055,0.2,111,0.9588221969003792,0.1685196846292526,1,0.8,0.3520532775077833,0.2287919516860693
2D Turbulence,gamma2,0.85,0.055,0.2,112,0.9659480471755708,0.1825763772322611,1,0.9499651079239972,0.4022813403804938,0.6253220109855085
2D Turbulence,gamma2,0.85,0.055,0.2,113,0.9583132112584324,0.1706835185243749,1,0.9876040291920948,0.3934546618118251,0.2077046500139898
2D Turbulence,gamma2,0.85,0.055,0.2,114,1.0859539545847767,0.1757865011679902,1,1.1738361672725333,0.4932963652489102,0.1645378253846426
2D Turbulence,gamma2,0.85,0.055,0.2,115,0.8665805399287023,0.1965981816212926,1,1.0788999307373923,0.3991069247690596,0.6067410218587234
2D Turbulence,gamma2,0.85,0.055,0.2,116,0.8115588204580128,0.2113369966713364,1,1.064452363771008,0.3849203599871988,0.7614532298588286
2D Turbulence,gamma2,0.85,0.055,0.2,117,1.0110336165973786,0.178233818211911,1,0.9885745731820524,0.4243902222416216,0.5208802380700746
2D Turbulence,gamma2,0.85,0.055,0.2,118,0.9154963529209056,0.1669264965357153,1,0.9863570243778764,0.3714807627984504,0.1930912521828373
2D Turbulence,gamma2,0.85,0.055,0.2,119,0.9448213656251052,0.1812002421584158,1,0.9118092170525964,0.3840440857932394,0.2984533032795302
2D Turbulence,gamma2,0.85,0.055,0.2,120,0.9773061947712712,0.1975177817436915,1,1.1122905202276354,0.4580816228938731,0.1287345567629751
2D Turbulence,gamma2,0.85,0.055,0.2,121,0.9031934883999984,0.192340910325503,1,0.9716341014241072,0.3904523183776575,0.9649943547210575
2D Turbulence,gamma2,0.85,0.055,0.2,122,0.9272714728740832,0.1831421868583051,1,1.0240544201112725,0.4015712524943496,0.0561497301838191
2D Turbulence,gamma2,0.85,0.055,0.2,123,0.9846526708596216,0.1652493211255979,1,0.979922705974714,0.3962313331917396,-0.093556782952819
2D Turbulence,gamma2,0.85,0.055,0.2,124,1.0558151175306063,0.2205925019298256,1,1.127413353215386,0.5265320798876981,0.1963592291211051
2D Turbulence,gamma2,0.85,0.055,0.2,125,0.968955606085644,0.1712003398771445,1,1.0066408368739488,0.4022476016465449,-0.0701305989690883
2D Turbulence,gamma2,0.85,0.055,0.2,126,0.8216975513732881,0.2033883653524014,1,0.9668538945554636,0.3643807884191768,0.9395731925435148
2D Turbulence,gamma2,0.85,0.055,0.2,127,0.9999206462628968,0.1885021514245623,1,1.074637056406303,0.4500436076803631,-0.1227068069488684
2D Turbulence,gamma2,0.85,0.055,0.2,128,1.0768925041628976,0.1910351190135553,1,1.060592581228968,0.4847337435501488,-0.056291115911727
2D Turbulence,gamma2,0.85,0.055,0.2,129,0.966535544603966,0.1742435328964343,1,1.0435714281900588,0.4121518504508545,-0.1494747515049006
2D Turbulence,gamma2,0.85,0.055,0.2,130,0.9214658798867884,0.1695435002142852,1,0.9484774993215332,0.3695160846347389,0.9764771707660512
2D Turbulence,gamma2,0.85,0.055,0.2,131,0.8574593038022195,0.1569994851966442,1,0.923290940545068,0.3264614598016348,0.4477059732664338
2D Turbulence,gamma2,0.85,0.055,0.2,132,1.1227812262798154,0.1668589645727298,1,1.01099604149258,0.4611525792501848,0.1950482842169039
2D Turbulence,gamma2,0.85,0.055,0.2,133,1.033214524278191,0.1777612484956849,1,0.9945629712330044,0.4344353849094428,-0.1435814913962317
2D Turbulence,gamma2,0.85,0.055,0.2,134,0.9202818682659014,0.1753037447801468,1,1.1019165322708644,0.4044741878585975,0.293428380451071
2D Turbulence,gamma2,0.85,0.055,0.2,135,0.8555836374802238,0.1483507908486122,1,1.0186711297274718,0.3326016522083247,0.4792105148832567
2D Turbulence,gamma2,0.85,0.055,0.2,136,0.9140784607908408,0.1990993453271061,1,0.8513332351997973,0.3763294324330934,0.4056216477195872
2D Turbulence,gamma2,0.85,0.055,0.2,137,0.8323582900127977,0.1919461424939781,1,1.0186093638158702,0.3680474691891798,0.4110057855970481
2D Turbulence,gamma2,0.85,0.055,0.2,138,0.8505570697888004,0.1922968220414309,1,0.9142658561410464,0.3566364784589041,0.9987008119792524
2D Turbulence,gamma2,0.85,0.055,0.2,139,0.8579746522080807,0.2022259357690011,1,0.8707971735701728,0.3600405277160095,0.700436646948996
2D Turbulence,gamma2,0.85,0.055,0.2,140,0.8950127575359531,0.1725210037401789,1,1.028778822201199,0.3770606585503282,0.2152893142722866
2D Turbulence,gamma2,0.85,0.055,0.2,141,0.9357731967245948,0.1694744767803549,1,1.026409302148887,0.3902860621820595,0.9655682308608816
2D Turbulence,gamma2,0.85,0.055,0.2,142,0.96757884471758,0.1949010278906449,1,1.1289219265395285,0.4538636309530374,0.3116691687493931
2D Turbulence,gamma2,0.85,0.055,0.2,143,0.9262910732736256,0.1893764753335647,1,1.01378890272212,0.4058674845240851,0.0916855509443923
2D Turbulence,gamma2,0.85,0.055,0.2,144,0.9577877252821532,0.1595406757000078,1,1.0734351766091663,0.3963628039447038,0.0662923611719326
2D Turbulence,gamma2,0.85,0.055,0.2,145,1.0853463925285256,0.1982583124712124,1,1.027786363680939,0.4899316491076433,0.7578934167180793
2D Turbulence,gamma2,0.85,0.055,0.2,146,0.8792542692766454,0.2104852538611905,1,0.976833854876637,0.3986903049373363,0.1672629599446154
2D Turbulence,gamma2,0.85,0.055,0.2,147,0.956598240118813,0.1504175834454729,1,0.9956626496247888,0.3701987849499186,0.5924519947621649
2D Turbulence,gamma2,0.85,0.055,0.2,148,0.8853183526492233,0.1707178902307522,1,1.0883490400907945,0.3816129324208874,0.4491551647138282
2D Turbulence,gamma2,0.85,0.055,0.2,149,0.8906626583520001,0.1789341194458617,1,1.0413627631942093,0.3844685740427683,0.8338867100706748
2D Turbulence,gamma2,0.85,0.055,0.2,150,0.8945017450044797,0.1868783600982259,1,0.9370370982380024,0.374316603980582,0.8668647237772329
2D Turbulence,gamma2,0.85,0.055,0.2,151,0.899334676901781,0.1868067493339633,1,0.909312493121992,0.3706587015445408,0.2384436340965627
2D Turbulence,gamma2,0.85,0.055,0.2,152,0.93316980742027,0.1543312073183462,1,1.0341316902826645,0.3727996355657591,0.7927883820155539
2D Turbulence,gamma2,0.85,0.055,0.2,153,1.0059660224163076,0.181895190104018,1,0.8567914962990577,0.397128900569461,0.7488927192513523
2D Turbulence,gamma2,0.85,0.055,0.2,154,0.789318684096383,0.1881006182737465,1,0.8419960506897711,0.314125014719709,0.412760171246846
2D Turbulence,gamma2,0.85,0.055,0.2,155,0.936110787320594,0.1864684710916256,1,1.0708345487904665,0.4183031568603844,-0.0179057485152471
2D Turbulence,gamma2,0.85,0.055,0.2,156,0.9919161741800028,0.162761452865086,1,0.8809176725285895,0.3755937978551794,0.5665094891398625
2D Turbulence,gamma2,0.85,0.055,0.2,157,0.9039024674785092,0.1415303928208875,1,1.0188839729531858,0.3432486148762694,0.5258739399696695
2D Turbulence,gamma2,0.85,0.055,0.2,158,0.9461804717530212,0.1875879800174691,1,0.9271656212215408,0.3945982398933403,0.2420357548032786
2D Turbulence,gamma2,0.85,0.055,0.2,159,1.0081652358459243,0.1796291245428042,1,1.1395152848498966,0.4561211093066489,-0.2153293533845932
2D Turbulence,gamma2,0.85,0.055,0.2,160,0.9237121851095372,0.1680022228255706,1,1.039433906010968,0.3860047298041361,-0.1103914701982201
2D Turbulence,gamma2,0.85,0.055,0.2,161,0.9920703087635564,0.1840317215855038,1,1.0875097178831743,0.443818467723989,0.8705878651050434
2D Turbulence,gamma2,0.85,0.055,0.2,162,0.8493136414868891,0.1849170910341996,1,0.9852228270962742,0.3625132283876743,0.7197335672148337
2D Turbulence,gamma2,0.85,0.055,0.2,163,0.9390855229976808,0.1829084689561859,1,1.0243174151323,0.4064801395353759,0.4088210434243151
2D Turbulence,gamma2,0.85,0.055,0.2,164,1.0077681219384858,0.1988077812053822,1,0.9814719924918752,0.4451601306251601,0.504830126691255
2D Turbulence,gamma2,0.85,0.055,0.2,165,0.90480174559474,0.2048442049118104,1,1.091045409915423,0.4277467161836198,0.349726453656856
2D Turbulence,gamma2,0.85,0.055,0.2,166,0.9750849192165596,0.1759343230328927,1,1.1216913166913771,0.4331660448802127,0.2923048431483277
2D Turbulence,gamma2,0.85,0.055,0.2,167,0.8975426025584055,0.1780330246548951,1,0.8947565965343366,0.3582265837745138,0.4215877091585848
2D Turbulence,gamma2,0.85,0.055,0.2,168,0.8399052404651061,0.1832576680328261,1,0.992718090895066,0.3582402151674412,0.6784617483056745
2D Turbulence,gamma2,0.85,0.055,0.2,169,0.898924132424675,0.191145030174573,1,1.077571962693843,0.4079694908122167,0.0082316032132701
2D Turbulence,gamma2,0.85,0.055,0.2,170,1.0156945486941245,0.1890002847460944,1,0.850210412314393,0.4071529262762011,-0.0073587969465071
2D Turbulence,gamma2,0.85,0.055,0.2,171,0.8418105218059546,0.1600960019292557,1,1.0492326662952074,0.3450169999805787,0.4355251774159699
2D Turbulence,gamma2,0.85,0.055,0.2,172,0.8480058642846067,0.210187791980757,1,0.9670161172264092,0.3823133433115285,-0.0962934408074378
2D Turbulence,gamma2,0.85,0.055,0.2,173,1.0174372511457048,0.188709903001975,1,0.9698761356615134,0.4352743911320471,-0.073648559029684
2D Turbulence,gamma2,0.85,0.055,0.2,174,0.907149455064261,0.2059472043348265,1,0.951922262304611,0.401659031106106,0.8258389074332964
2D Turbulence,gamma2,0.85,0.055,0.2,175,0.9185151171499644,0.1655868532174096,1,0.8883441818491399,0.352281523671609,0.0137724036312827
2D Turbulence,gamma2,0.85,0.055,0.2,176,0.8642315546320981,0.2100663191663375,1,1.0094230409126903,0.3979650550966421,0.587125147015843
2D Turbulence,gamma2,0.85,0.055,0.2,177,0.8859380127796459,0.1785913270992506,1,1.0558937133633932,0.3847189870666715,0.154232686186426
2D Turbulence,gamma2,0.85,0.055,0.2,178,0.8895113911206451,0.1476100722205489,1,1.0090292189464547,0.3432901810119891,0.1416143239583937
2D Turbulence,gamma2,0.85,0.055,0.2,179,0.8002336579880704,0.1853364117283966,1,1.0025251486225175,0.3449410071554157,0.138092499360792
2D Turbulence,gamma2,0.85,0.055,0.2,180,0.9749318445343276,0.1700846768284303,1,1.0033716076365784,0.4027520452646178,0.4699994300927665
2D Turbulence,gamma2,0.85,0.055,0.2,181,0.907919628195596,0.2035853562236594,1,0.9106507497348276,0.3909278383061301,0.4617753316471259
2D Turbulence,gamma2,0.85,0.055,0.2,182,0.9012667639181792,0.1611845254874927,1,1.0513438321687074,0.3710115364058856,0.5579912260240396
2D Turbulence,gamma2,0.85,0.055,0.2,183,0.9510490128610556,0.1721602084054145,1,1.090009224145276,0.4119878188752773,0.2270818432950557
2D Turbulence,gamma2,0.85,0.055,0.2,184,0.9391889915310884,0.210433680452063,1,0.9890144492667552,0.4284616315748992,0.7912144687315932
2D Turbulence,gamma2,0.85,0.055,0.2,185,0.9059915711717784,0.1705541392584992,1,1.008612180905892,0.3757659237442635,0.9891136328698364
2D Turbulence,gamma2,0.85,0.055,0.2,186,0.9632068413426448,0.1660290731640086,1,0.9401704249433882,0.3805528011701307,0.3432526189380901
2D Turbulence,gamma2,0.85,0.055,0.2,187,0.9781970018070908,0.1968543501464598,1,1.0249575564735038,0.4393916265759066,0.2675970154435126
2D Turbulence,gamma2,0.85,0.055,0.2,188,0.811997408353556,0.1922417049878651,1,0.9077105748330166,0.3391971115888246,0.455051465302053
2D Turbulence,gamma2,0.85,0.055,0.2,189,0.8893421300560984,0.1764305298561527,1,1.0608723768629615,0.3847576877635245,0.4018880402044446
2D Turbulence,gamma2,0.85,0.055,0.2,190,0.91639206348292,0.1627119563350046,1,1.1283908678430927,0.3926637718529129,0.53649936643771
2D Turbulence,gamma2,0.85,0.055,0.2,191,0.8848110907585348,0.1939111370660988,1,1.0650382250662176,0.4021004247139952,0.7838946494002342
2D Turbulence,gamma2,0.85,0.055,0.2,192,0.8816983653825764,0.2074537276114088,1,0.9278591624790898,0.3868313713752037,0.2000382535008771
2D Turbulence,gamma2,0.85,0.055,0.2,193,0.9666109865959864,0.2135057720826101,1,1.0287023748882225,0.453003344693057,0.273367072479197
2D Turbulence,gamma2,0.85,0.055,0.2,194,0.9916733513938416,0.1434639205131933,1,0.9893987283851268,0.3736161701041008,-0.0167500664868069
2D Turbulence,gamma2,0.85,0.055,0.2,195,0.8973707389768224,0.1718947146335298,1,1.0523089582446596,0.3816583774179108,0.3134508711357742
2D Turbulence,gamma2,0.85,0.055,0.2,196,0.7624180335938002,0.1915404402350621,1,1.0450944323754163,0.3411152753892633,0.3744466234600079
2D Turbulence,gamma2,0.85,0.055,0.2,197,0.9034560067975806,0.1761010162805392,1,1.0940485048715527,0.3965575560185123,0.9562881056578596
2D Turbulence,gamma2,0.85,0.055,0.2,198,1.035144026465568,0.190480885511623,1,1.003486202835447,0.4525662711951668,0.5066347680542688
2D Turbulence,gamma2,0.85,0.055,0.2,199,1.0564062280787436,0.1709415350614477,1,1.0252431258039882,0.4422503504993644,0.1302628043440108
2D Turbulence,gamma2,0.85,0.055,0.2,200,0.7889503331101209,0.2102544253974737,1,0.9679844654646624,0.3559233090769333,0.5874118066819406
2D Turbulence,gamma2,0.85,0.055,0.2,201,0.9730976752514632,0.1681114450769448,1,0.9111321329939136,0.3808428068585091,0.1572352096285909
2D Turbulence,gamma2,0.85,0.055,0.2,202,0.9903494260140256,0.1786700967123564,1,1.153186399742527,0.4495356578886263,-0.3221731138170622
2D Turbulence,gamma2,0.85,0.055,0.2,203,0.8567774156760398,0.1676530173044776,1,0.9896876413669272,0.34899786540458,0.4912430405528237
2D Turbulence,gamma2,0.85,0.055,0.2,204,0.9250307585831484,0.1945393231858385,1,0.9881842348201354,0.4055821514954498,0.6128170011359978
2D Turbulence,gamma2,0.85,0.055,0.2,205,0.9478200305022866,0.1631002905630811,1,1.0741098918731251,0.3967140739990779,0.6040114358702114
2D Turbulence,gamma2,0.85,0.055,0.2,206,1.0008604095263822,0.201570881445501,1,1.1347780009572717,0.4786773321244429,0.2664047451759623
2D Turbulence,gamma2,0.85,0.055,0.2,207,0.9143686794814648,0.186556095832461,1,1.0684377331477988,0.4082260100774057,0.6889563551915749
2D Turbulence,gamma2,0.85,0.055,0.2,208,0.9016319034070084,0.1912145626626744,1,1.018639180547105,0.3979238236013757,0.1300183619322889
2D Turbulence,gamma2,0.85,0.055,0.2,209,0.9798823876689632,0.184320331283378,1,0.9175027608465108,0.4029621572068205,0.3931154696096966
2D Turbulence,gamma2,0.85,0.055,0.2,210,0.9011038841866308,0.1752009251088451,1,1.047562976644686,0.3860407313710897,0.1638600372069833
2D Turbulence,gamma2,0.85,0.055,0.2,211,0.9679154755007278,0.1892603906548841,1,0.9480121359769932,0.4099909290971744,-0.2139164968660182
2D Turbulence,gamma2,0.85,0.055,0.2,212,0.8668325529635618,0.1981551253442857,1,1.15564950189314,0.4148116409849927,0.5722951850653981
2D Turbulence,gamma2,0.85,0.055,0.2,213,0.893426790118155,0.1939818955893609,1,0.955428129230891,0.3846259502125948,0.8434217902746748
2D Turbulence,gamma2,0.85,0.055,0.2,214,0.8332386825758163,0.1806421440146716,1,0.9825180528009292,0.3510340402282878,0.4285442641109268
2D Turbulence,gamma2,0.85,0.055,0.2,215,0.877531683698171,0.1973227513131119,1,0.9123945412357402,0.3723425992190138,0.7284995689673701
2D Turbulence,gamma2,0.85,0.055,0.2,216,0.8761566136251357,0.1757186820974106,1,1.1351403298547664,0.3913050827943651,0.0539871399508788
2D Turbulence,gamma2,0.85,0.055,0.2,217,1.0010640483256756,0.2060070830023266,1,0.9884108067670788,0.4517224589220355,0.5091682869468817
2D Turbulence,gamma2,0.85,0.055,0.2,218,1.0583048527367949,0.2285057809041741,1,1.129007639921524,0.5375363323335078,0.2326301782058141
2D Turbulence,gamma2,0.85,0.055,0.2,219,0.8871882257605075,0.1556228796607751,1,0.9203589848063763,0.3357616738817876,0.6368666467761249
2D Turbulence,gamma2,0.85,0.055,0.2,220,0.9984908969108992,0.196981374844806,1,1.046907757053247,0.4534306787995749,0.4120396892667874
2D Turbulence,gamma2,0.85,0.055,0.2,221,1.009326960352292,0.2026519511084861,1,0.8468093555270804,0.4181191822919234,0.1996004137880659
2D Turbulence,gamma2,0.85,0.055,0.2,222,0.9368451552731836,0.2179591294493731,1,0.9959573949281728,0.4364914366232298,0.6042753437326198
2D Turbulence,gamma2,0.85,0.055,0.2,223,0.9038523262649332,0.1777837575750888,1,0.8707061732922977,0.3556143949043533,0.7878951145247457
2D Turbulence,gamma2,0.85,0.055,0.2,224,0.9158791979420494,0.1821912419988998,1,1.1401533425293282,0.4174299210750927,0.0563418517993804
2D Turbulence,gamma2,0.85,0.055,0.2,225,0.9658914535727344,0.1725214856129257,1,0.9005797673198519,0.3807246629412049,0.7292803678729878
2D Turbulence,gamma2,0.85,0.055,0.2,226,0.7500829494495973,0.17558946021543,1,1.1085031685379634,0.3309230243007269,0.7612886151584239
2D Turbulence,gamma2,0.85,0.055,0.2,227,0.8351934844166383,0.1634632554510778,1,0.9965248860436096,0.3370864100656193,0.6370876820441903
2D Turbulence,gamma2,0.85,0.055,0.2,228,0.9238642478242496,0.2165753922545745,1,1.0119755268683308,0.4325115610255064,0.2645309561349427
2D Turbulence,gamma2,0.85,0.055,0.2,229,0.9468278371812452,0.180895772581729,1,0.8496197143323192,0.3711910681216687,0.2908512222961362
2D Turbulence,gamma2,0.85,0.055,0.2,230,0.8940600985050802,0.1802927210732628,1,1.04294980382488,0.3876926012778174,0.387437500857785
2D Turbulence,gamma2,0.85,0.055,0.2,231,1.057900171287585,0.176156898332063,1,0.9921904301291702,0.4422746340546993,0.5475079605758812
2D Turbulence,gamma2,0.85,0.055,0.2,232,0.9278312176830704,0.1763509732265432,1,1.0359429290817834,0.3965754504844296,0.1954215871441891
2D Turbulence,gamma2,0.85,0.055,0.2,233,0.9228748930139716,0.1893800174591624,1,1.024776752078767,0.4065598986737624,0.1112364650520659
2D Turbulence,gamma2,0.85,0.055,0.2,234,0.8881281656582006,0.1751746877021797,1,0.9490126410648232,0.362115669391916,0.1355124883157464
2D Turbulence,gamma2,0.85,0.055,0.2,235,0.8470206476795663,0.1611080797601548,1,1.0230638672108323,0.3438777140477771,0.9821356514370504
2D Turbulence,gamma2,0.85,0.055,0.2,236,0.877269058089427,0.1803377079386296,1,0.9866139461717692,0.3700408838260718,0.3165834636052415
2D Turbulence,gamma2,0.85,0.055,0.2,237,0.8884814200032125,0.1876669245066626,1,0.963033686354378,0.3777138919256602,0.9821142745295018
2D Turbulence,gamma2,0.85,0.055,0.2,238,0.9037711856436452,0.1916516328051762,1,0.9069381444392786,0.3767936600577027,0.721212181968064
2D Turbulence,gamma2,0.85,0.055,0.2,239,0.9489269498604748,0.1623816986832467,1,0.982221367611954,0.378971028092364,-0.0813613333988295
2D Turbulence,gamma2,0.85,0.055,0.2,240,1.01024182218466,0.1636936945325185,1,0.9099682716426878,0.3899010850936857,0.1198653147693356
2D Turbulence,gamma2,0.85,0.055,0.2,241,0.8242712534405934,0.1849291491743798,1,1.0001408483224543,0.3544895380403129,0.3323532152233085
2D Turbulence,gamma2,0.85,0.055,0.2,242,0.876030536232985,0.2043896681338249,1,1.067390761871647,0.4091762652048452,0.7697571862700343
2D Turbulence,gamma2,0.85,0.055,0.2,243,0.9758541602241944,0.207555692061002,1,0.943833958256446,0.4319167448132773,0.425963565316041
2D Turbulence,gamma2,0.85,0.055,0.2,244,0.9673016734546632,0.1847284665280338,1,0.9347170124582708,0.4019471237170716,0.0534328497542572
2D Turbulence,gamma2,0.85,0.055,0.2,245,0.90283288066037,0.1557400687016414,1,0.9237864229286388,0.3424469763528862,0.1211113685572435
2D Turbulence,gamma2,0.85,0.055,0.2,246,0.8847446627650263,0.1846770193144346,1,1.067468947778647,0.3928276101475428,-0.13642177082519
2D Turbulence,gamma2,0.85,0.055,0.2,247,1.0096664182621138,0.1940772054730304,1,0.9693379193609386,0.4379280646901659,0.924152613763352
2D Turbulence,gamma2,0.85,0.055,0.2,248,0.9425735819156652,0.1489941634451008,1,0.973751347550622,0.35902436873018,0.5791287252881713
2D Turbulence,gamma2,0.85,0.055,0.2,249,0.8922839811168917,0.1677391866883377,1,1.0733693489440428,0.3786125080898751,0.4990073816247421
2D Turbulence,gamma2,0.85,0.055,0.2,250,0.9510370576420886,0.1995953015453497,1,1.0254605824233052,0.4302610991038936,-0.2717747002075088
2D Turbulence,gamma2,0.85,0.055,0.2,251,0.9733769337802612,0.157638611060222,1,0.94900775855783,0.3764846135570314,0.2557899104976691
2D Turbulence,gamma2,0.85,0.055,0.2,252,0.9225010290057396,0.1921032328463805,1,1.0347532282114984,0.4112942055085694,0.51378728344504
2D Turbulence,gamma2,0.85,0.055,0.2,253,0.9088101955124506,0.140150001731879,1,0.941073262999736,0.3300513106211799,0.0651912161728397
2D Turbulence,gamma2,0.85,0.055,0.2,254,0.8517310450040184,0.1730904982830918,1,0.9252056911195434,0.3408460293600763,0.0387107254061913
2D Turbulence,gamma2,0.85,0.055,0.2,255,0.9377457887815024,0.172450745610644,1,1.033954571079408,0.3959755671334302,-0.0052482929016303
2D Turbulence,gamma2,0.85,0.055,0.2,256,1.0626481957347058,0.2147870106476881,1,0.9907421269750126,0.4902005914608002,0.1744201939211143
2D Turbulence,gamma2,0.85,0.055,0.2,257,1.0259941398998262,0.1499078755893042,1,1.0419367308346754,0.4054877880122122,0.3423448250193889
2D Turbulence,gamma2,0.85,0.055,0.2,258,0.952804813178392,0.1848048300594969,1,1.0626576824999348,0.4222379792083776,0.7225422988274661
2D Turbulence,gamma2,0.85,0.055,0.2,259,1.0485046074925366,0.1834328716070839,1,0.9608486113400604,0.4401861857820272,0.099169965691363
2D Turbulence,gamma2,0.85,0.055,0.2,260,1.1194994034995516,0.1967424088251441,1,1.0178439817403924,0.5009720138630399,0.717493727735032
2D Turbulence,gamma2,0.85,0.055,0.2,261,0.963482202181708,0.1843887850469324,1,1.0076081816201965,0.4152950843397124,0.1248528041907334
2D Turbulence,gamma2,0.85,0.055,0.2,262,1.050510544092075,0.1805921001447739,1,0.863771798400206,0.4149056036145743,0.2415253839412712
2D Turbulence,gamma2,0.85,0.055,0.2,263,0.854812941181576,0.2081775066216015,1,0.9795106215945504,0.3860046750332974,0.6504013968794701
2D Turbulence,gamma2,0.85,0.055,0.2,264,0.9378780364939996,0.1748229913980487,1,1.0082762606126363,0.3937634578568548,0.958344078462298
2D Turbulence,gamma2,0.85,0.055,0.2,265,0.960243119840146,0.1722957018252312,1,0.9996934973833852,0.3985215946565181,0.0774487367929497
2D Turbulence,gamma2,0.85,0.055,0.2,266,0.927299984254511,0.1575477069765561,1,1.0622886762270525,0.3793565366385918,0.391556821723873
2D Turbulence,gamma2,0.85,0.055,0.2,267,0.927097039344422,0.1398375961683817,1,1.032803780764847,0.3523271238720061,0.3814191205598851
2D Turbulence,gamma2,0.85,0.055,0.2,268,0.9348513593289416,0.164619220731108,1,0.9309977739249554,0.3659798340619346,0.6477382479509304
2D Turbulence,gamma2,0.85,0.055,0.2,269,0.9839154259363329,0.2069512962507546,1,1.040950884190767,0.4566747127107831,0.3320521964748095
2D Turbulence,gamma2,0.85,0.055,0.2,270,0.9349447888170376,0.183292194378049,1,1.0367833209849486,0.4075697580526674,0.3843261835544607
2D Turbulence,gamma2,0.85,0.055,0.2,271,0.9504309903719136,0.1943409191792297,1,1.0762142395239973,0.4346624083443226,0.4243646170195016
2D Turbulence,gamma2,0.85,0.055,0.2,272,1.009901056759944,0.1747388629339439,1,1.11775676710388,0.4463209093337835,0.8748783518381495
2D Turbulence,gamma2,0.85,0.055,0.2,273,0.8293910965072515,0.1743918095841744,1,0.9329882945228836,0.3345495950360971,0.7641292389112777
2D Turbulence,gamma2,0.85,0.055,0.2,274,1.016315485368829,0.1571401132101879,1,0.9165292329993664,0.3856960884390568,0.5455155400037437
2D Turbulence,gamma2,0.85,0.055,0.2,275,0.8946458277410172,0.176607829138765,1,1.1390462876513974,0.401260863577292,0.5942519837185157
2D Turbulence,gamma2,0.85,0.055,0.2,276,0.9602300980061288,0.1836318215333649,1,1.0827988835899436,0.4281768525235265,0.0074881294453188
2D Turbulence,gamma2,0.85,0.055,0.2,277,0.9991570839815702,0.1786156078603024,1,1.0899128547816186,0.4408484947059042,0.3735361751103508
2D Turbulence,gamma2,0.85,0.055,0.2,278,0.8980872966249922,0.2074696893419172,1,1.1087812326816742,0.4307435816508293,-0.2344631389868461
2D Turbulence,gamma2,0.85,0.055,0.2,279,0.8711669874414153,0.1548804870940795,1,1.1069929616801002,0.3607216362984922,0.258907150884019
2D Turbulence,gamma2,0.85,0.055,0.2,280,0.9376671421130311,0.1519147033665269,1,0.9653420357823392,0.3590783423191988,0.956518461526448
2D Turbulence,gamma2,0.85,0.055,0.2,281,0.903117621266002,0.1826072380756385,1,0.9685172720162514,0.3798017794008336,0.4652894097406712
2D Turbulence,gamma2,0.85,0.055,0.2,282,0.928804999055705,0.1904313800351414,1,1.027648992256527,0.410881135175081,0.1717635670590767
2D Turbulence,gamma2,0.85,0.055,0.2,283,0.9654074758251976,0.218169152527645,1,1.092969849353623,0.4714237092952775,0.5115310233096115
2D Turbulence,gamma2,0.85,0.055,0.2,284,0.971466209364724,0.1566966200864176,1,1.0523479307293375,0.3944910814620385,0.6735920226194116
2D Turbulence,gamma2,0.85,0.055,0.2,285,0.8577793164012842,0.1609120008579571,1,1.0731789995976535,0.3564559515359112,0.0043440592795563
2D Turbulence,gamma2,0.85,0.055,0.2,286,0.9197411934481536,0.1607661689360586,1,0.9611628683852672,0.3615442524581668,0.2969956665740833
2D Turbulence,gamma2,0.85,0.055,0.2,287,0.952892158165184,0.1707621053832794,1,0.911549579057984,0.3759496204615035,0.3350365013737796
2D Turbulence,gamma2,0.85,0.055,0.2,288,1.0034075056085734,0.2004374163021386,1,1.0126859746767802,0.4520683899374916,-0.0774259237983731
2D Turbulence,gamma2,0.85,0.055,0.2,289,0.8439304803865795,0.1935161561338654,1,1.0482072823691446,0.3800921265175043,0.9113237721698084
2D Turbulence,gamma2,0.85,0.055,0.2,290,0.9492064954376432,0.161281647512617,1,1.0310846404791263,0.3870796464888155,0.3002355421751136
2D Turbulence,gamma2,0.85,0.055,0.2,291,1.0812466584996407,0.1900349528993923,1,1.0528029902338707,0.4836320538119367,0.7430280993441678
2D Turbulence,gamma2,0.85,0.055,0.2,292,0.99610826784301,0.2081087365168494,1,0.9338938850531492,0.4391374411770292,0.2064736014556055
2D Turbulence,gamma2,0.85,0.055,0.2,293,0.942758993390884,0.1689039695655601,1,0.9580818245671266,0.379246789474444,0.2403115594919954
2D Turbulence,gamma2,0.85,0.055,0.2,294,0.9589264829566596,0.1885168614941983,1,1.111083573975982,0.4388678598754592,-0.2994827446701271
2D Turbulence,gamma2,0.85,0.055,0.2,295,0.8998418886984494,0.2091136914494614,1,0.8828982477767257,0.3866453290703968,0.1462023166015555
2D Turbulence,gamma2,0.85,0.055,0.2,296,0.9319922322975602,0.1768757902828105,1,0.9131701190135532,0.3745608098586616,0.4081858247116922
2D Turbulence,gamma2,0.85,0.055,0.2,297,0.9227846018132096,0.1924242462347657,1,0.9258153100868824,0.3894865053852737,0.6373308663175193
2D Turbulence,gamma2,0.85,0.055,0.2,298,0.8991760602213753,0.218553139321191,1,1.0683146799044836,0.4344830698428078,-0.0711200879053618
2D Turbulence,gamma2,0.85,0.055,0.2,299,0.9136615926683432,0.2415550250307006,1,1.014359937880686,0.4522613256979591,0.6542454508739151
2D Turbulence,gamma2,0.85,0.055,0.2,300,1.049189695874272,0.2406777614415115,1,1.1013524758690203,0.5401758508257731,-0.0755964139855767
2D Turbulence,gamma2,0.85,0.055,0.2,301,0.8741462172214025,0.1927590803258701,1,1.0204074320722565,0.3876843875576388,0.5528756588017211
2D Turbulence,gamma2,0.85,0.055,0.2,302,1.0727893429812287,0.1994116923678808,1,0.9897779619261928,0.4766050614054848,0.1898132963348484
2D Turbulence,gamma2,0.85,0.055,0.2,303,0.9376740038660768,0.183073898843425,1,0.8051188855171745,0.3599938637009657,-0.0038603688602933
2D Turbulence,gamma2,0.85,0.055,0.2,304,0.9082746682088052,0.135062008844529,1,0.9990149154619408,0.3336336068089238,0.2183337098207371
2D Turbulence,gamma2,0.85,0.055,0.2,305,1.0047290039044354,0.1927928146041343,1,1.014158300299273,0.4442702538210055,0.4006230748974413
2D Turbulence,gamma2,0.85,0.055,0.2,306,0.8946254113025081,0.2053435932533395,1,1.014219869310932,0.4082703732029306,-0.131035961102987
2D Turbulence,gamma2,0.85,0.055,0.2,307,0.9834814276180558,0.2087014472815293,1,1.009982218295577,0.4515291128743374,0.4309630110693379
2D Turbulence,gamma2,0.85,0.055,0.2,308,0.9455814384346054,0.208395353596324,1,1.1004376289467102,0.4528200731952565,0.3271971555369734
2D Turbulence,gamma2,0.85,0.055,0.2,309,1.0120419438393986,0.1716915617336189,1,0.8463827571169155,0.3857948191635691,0.8896438230100737
2D Turbulence,gamma2,0.85,0.055,0.2,310,1.0217448229737909,0.1945853558946488,1,0.9042479075089987,0.4285892548158881,0.3922344949590429
2D Turbulence,gamma2,0.85,0.055,0.2,311,0.999640326101845,0.1596372263037216,1,0.876778317239543,0.373986352946982,0.0872096578779571
2D Turbulence,gamma2,0.85,0.055,0.2,312,1.0204074399943417,0.1704777719017697,1,1.0003732215710637,0.4213941727849109,0.3143512104477869
2D Turbulence,gamma2,0.85,0.055,0.2,313,0.9827351715221848,0.1627454647039507,1,1.037152328272657,0.4037497069873491,0.0513885732014782
2D Turbulence,gamma2,0.85,0.055,0.2,314,0.895276694731534,0.1876163313453196,1,0.93839005385449,0.3756507818684854,0.3028749849788344
2D Turbulence,gamma2,0.85,0.055,0.2,315,0.9553651386028204,0.1778559765637194,1,1.0066022106670842,0.4042337415875264,0.6677234712447858
2D Turbulence,gamma2,0.85,0.055,0.2,316,0.9384477971281144,0.1623688478781401,1,0.9072027806552024,0.360175078989717,0.9528927174493622
2D Turbulence,gamma2,0.85,0.055,0.2,317,1.0105438220094929,0.1941221916597779,1,0.8953494018329632,0.4212976321105193,0.2410637472780285
2D Turbulence,gamma2,0.85,0.055,0.2,318,1.011712269327797,0.1837055750112723,1,0.9791009636824798,0.429073728302853,-0.1480552724992229
2D Turbulence,gamma2,0.85,0.055,0.2,319,0.8778458675263241,0.1763701879015758,1,0.9590835695849828,0.3610431281352479,0.7527053170310024
2D Turbulence,gamma2,0.85,0.055,0.2,320,0.8396044932700796,0.166101563398893,1,0.9335896035012016,0.3306279905150757,0.9272402053796862
2D Turbulence,gamma2,0.85,0.055,0.2,321,0.9288894594942966,0.1631512467756709,1,0.9346752769753748,0.3627351241253547,0.5789824238025194
2D Turbulence,gamma2,0.85,0.055,0.2,322,0.9254692610971486,0.2053417014663831,1,0.9872789105782476,0.4166971275161151,0.3107354161967679
2D Turbulence,gamma2,0.85,0.055,0.2,323,0.9864182200635184,0.1496711662972166,1,1.0747390192265662,0.3956231214558284,0.6852412437509454
2D Turbulence,gamma2,0.85,0.055,0.2,324,0.9062095207451188,0.1876084806601826,1,1.0673726193996238,0.4055205644930971,0.1658722494692893
2D Turbulence,gamma2,0.85,0.055,0.2,325,0.8069124278281287,0.200934673418636,1,0.9004121919948366,0.343221535980684,0.9319134237546725
2D Turbulence,gamma2,0.85,0.055,0.2,326,0.8055799525243227,0.1819619355319522,1,0.9900800644556544,0.3419275400356981,0.0630962476141795
2D Turbulence,gamma2,0.85,0.055,0.2,327,0.9492070344034856,0.1795989746037977,1,0.9339025849059956,0.3887439678833015,0.4752207674947878
2D Turbulence,gamma2,0.85,0.055,0.2,328,0.8516235514139854,0.2044162658785611,1,1.1364801310384771,0.4104746226233013,0.3883270934684893
2D Turbulence,gamma2,0.85,0.055,0.2,329,0.9562154301235334,0.2057990607942389,1,1.0591297587858417,0.4464286181062242,0.4970942393276286
2D Turbulence,gamma2,0.85,0.055,0.2,330,0.9174857003426288,0.1700201449340544,1,0.974706894785052,0.3734964809556388,0.2344619800895785
2D Turbulence,gamma2,0.85,0.055,0.2,331,0.8973061367064797,0.2301671420344428,1,1.0029263490621003,0.4311186604314516,0.0047632672122604
2D Turbulence,gamma2,0.85,0.055,0.2,332,0.7914043162095937,0.1819771199705071,1,1.0569851048306576,0.34708931304641,0.465898417609627
2D Turbulence,gamma2,0.85,0.055,0.2,333,1.0052178848593734,0.1964821011549927,1,1.0271081793382286,0.4515749034209176,0.6652238625123567
2D Turbulence,gamma2,0.85,0.055,0.2,334,0.9036045113793368,0.1875674067872343,1,1.0569285768913066,0.4023276659875299,0.325677882365373
2D Turbulence,gamma2,0.85,0.055,0.2,335,0.9257639995204404,0.190203762406416,1,0.9485029577323014,0.393214192512804,0.5797914147961842
2D Turbulence,gamma2,0.85,0.055,0.2,336,0.9309546315514664,0.1648579539978359,1,1.0005426173934084,0.3780952885516594,0.542955181944574
2D Turbulence,gamma2,0.85,0.055,0.2,337,0.8894946869238254,0.1927561372091164,1,1.0761671426869786,0.4051234007720685,0.2008495662582012
2D Turbulence,gamma2,0.85,0.055,0.2,338,0.8553520623049551,0.1740779108285962,1,1.2,0.3909375283024077,0.8610377310111892
2D Turbulence,gamma2,0.85,0.055,0.2,339,0.8714351954921674,0.1941337948153649,1,1.0299966932154274,0.3896759325534007,0.2673567853918836
2D Turbulence,gamma2,0.85,0.055,0.2,340,0.9234584459166296,0.1328102791109541,1,0.9963306528605228,0.3359192935950212,0.6441913414433258
2D Turbulence,gamma2,0.85,0.055,0.2,341,1.0693130417001095,0.182009926224989,1,0.9873582108997988,0.4533042298392408,0.9298780392631648
2D Turbulence,gamma2,0.85,0.055,0.2,342,0.8871503078002997,0.2160799700611748,1,1.1976970035466328,0.4513131050526834,0.0516429383218045
2D Turbulence,gamma2,0.85,0.055,0.2,343,1.0173519146448748,0.1441826730489901,1,0.894669059337925,0.3653919307772212,0.0957126387090744
2D Turbulence,gamma2,0.85,0.055,0.2,344,0.9318978077254848,0.1810009365646606,1,1.115303555795124,0.4187022016227101,0.1214492494459415
2D Turbulence,gamma2,0.85,0.055,0.2,345,0.7954482041484091,0.229881156489406,1,1.0976583350243898,0.3995739640110308,0.3322405158594254
2D Turbulence,gamma2,0.85,0.055,0.2,346,0.8095701715173997,0.1624255875061613,1,1.141786698801259,0.3486375902746942,0.6246087372662218
2D Turbulence,gamma2,0.85,0.055,0.2,347,1.062747807377605,0.1602062222769288,1,1.0383137112948826,0.4334452040902141,-0.2159974672863001
2D Turbulence,gamma2,0.85,0.055,0.2,348,0.8586264340785573,0.1723834092748231,1,0.8330128755364474,0.3253702527233636,0.2944402627135489
2D Turbulence,gamma2,0.85,0.055,0.2,349,0.874762091038171,0.1975514740084658,1,1.0085030697128323,0.3904529456019181,-0.1257610045374939
2D Turbulence,gamma2,0.85,0.055,0.2,350,0.9604775453248048,0.1755124520910093,1,1.1276118638712185,0.4272883001289153,-0.2618494977186046
2D Turbulence,gamma2,0.85,0.055,0.2,351,1.091469787756881,0.2146567300385198,1,1.068140587239744,0.5226346292827839,0.6237603120905694
2D Turbulence,gamma2,0.85,0.055,0.2,352,0.860586833595494,0.2213762941989106,1,1.1139743630526018,0.427363917790287,0.5020754874570911
2D Turbulence,gamma2,0.85,0.055,0.2,353,0.9801131759124436,0.1950181866121458,1,0.9742269168643236,0.4272123970072002,-0.0384599536128838
2D Turbulence,gamma2,0.85,0.055,0.2,354,0.8733106746778904,0.1974101851756016,1,1.0229409459009189,0.3924450250481111,0.5947190581584607
2D Turbulence,gamma2,0.85,0.055,0.2,355,0.8956628426235924,0.1778959081824811,1,0.9722103778135318,0.3724840350207085,0.8025180528808376
2D Turbulence,gamma2,0.85,0.055,0.2,356,0.8752152973788758,0.1741535057760795,1,1.0160946229032983,0.368169736840265,0.9981368520967449
2D Turbulence,gamma2,0.85,0.055,0.2,357,0.9126636213487352,0.1793600988350878,1,0.8865433656060515,0.3639348534921295,0.9451648581073242
2D Turbulence,gamma2,0.85,0.055,0.2,358,0.9092885397104856,0.1558991209312833,1,1.0082100941994725,0.360494855364161,0.7252561415380271
2D Turbulence,gamma2,0.85,0.055,0.2,359,1.0687241145980917,0.1680578121157199,1,0.9885272884610424,0.435601426030011,0.3135939038112891
2D Turbulence,gamma2,0.85,0.055,0.2,360,0.9084345387031596,0.1804254145922556,1,0.9451593698873508,0.3751414180706646,0.0519066352032552
2D Turbulence,gamma2,0.85,0.055,0.2,361,0.9237943197394546,0.1619334662973731,1,1.2,0.4072247981558889,0.5843193316346103
2D Turbulence,gamma2,0.85,0.055,0.2,362,0.9131735853495008,0.2206555186459102,1,1.0092919275588483,0.4309423119189848,0.2154232235211679
2D Turbulence,gamma2,0.85,0.055,0.2,363,0.9645306796675812,0.1769272802748077,1,0.8753735262841096,0.3795859692387626,0.662322837450197
2D Turbulence,gamma2,0.85,0.055,0.2,364,0.9014681876879664,0.2188362675852445,1,1.0731229138712446,0.4368524632869534,0.511556701455552
2D Turbulence,gamma2,0.85,0.055,0.2,365,0.9636923612654816,0.1751450768624931,1,0.9894481678223038,0.4011750431649992,0.1970028094207996
2D Turbulence,gamma2,0.85,0.055,0.2,366,1.0374325104813844,0.1640888629096094,1,1.1088073381809025,0.4425144450887499,0.0965288582729905
2D Turbulence,gamma2,0.85,0.055,0.2,367,0.9551736955585198,0.1795761756637054,1,0.9691652287521264,0.3984791710923426,-0.0138378461022086
2D Turbulence,gamma2,0.85,0.055,0.2,368,0.91880846795925,0.1755799234587703,1,1.0043231364337657,0.3858328052661989,0.2984592290429517
2D Turbulence,gamma2,0.85,0.055,0.2,369,1.0827698096671654,0.1998010012103743,1,1.0429466313786335,0.4942720024636085,0.0001645314744434
2D Turbulence,gamma2,0.85,0.055,0.2,370,0.9920700910169729,0.1803101808409664,1,1.0746159669156004,0.4366959113182067,0.7834729862179182
2D Turbulence,gamma2,0.85,0.055,0.2,371,0.8310446568915836,0.1927785483977008,1,1.0077694457443476,0.3662977980426638,0.9965689975714778
2D Turbulence,gamma2,0.85,0.055,0.2,372,0.8167497104401183,0.2005246636910779,1,0.9464586917104196,0.355814563207375,0.312829497498897
2D Turbulence,gamma2,0.85,0.055,0.2,373,1.0697443986760622,0.1745126764972279,1,0.9939247033704516,0.4455231271529157,-0.3157252541874966
2D Turbulence,gamma2,0.85,0.055,0.2,374,1.148458815067024,0.1582662285820709,1,1.1285331899048192,0.4853630603824247,0.6840765992553635
2D Turbulence,gamma2,0.85,0.055,0.2,375,0.9668215169348156,0.1851054561849555,1,0.8295996092412414,0.3788699727594414,0.0223125916767464
2D Turbulence,gamma2,0.85,0.055,0.2,376,0.8281036447093989,0.1943642207533437,1,1.062842746170386,0.3763807152882352,0.4528921412677676
2D Turbulence,gamma2,0.85,0.055,0.2,377,0.9449757709805364,0.1770477380457333,1,1.1355019683043577,0.4237013135577782,0.3122578460140194
2D Turbulence,gamma2,0.85,0.055,0.2,378,0.8191513114165099,0.1522762078592006,1,1.0430712481274431,0.3264653884666388,0.9682272083327176
2D Turbulence,gamma2,0.85,0.055,0.2,379,0.8345169909124963,0.1795288826564159,1,1.085922973852092,0.3684697655209348,0.8511034376657934
2D Turbulence,gamma2,0.85,0.055,0.2,380,0.808134216970259,0.1689623881420094,1,1.1830461794253884,0.361309485923229,0.80407237014222
2D Turbulence,gamma2,0.85,0.055,0.2,381,0.8677313020842923,0.1766762013787255,1,1.071415073591187,0.3775314767729734,0.9115166455845196
2D Turbulence,gamma2,0.85,0.055,0.2,382,0.8323702046882845,0.1782559530086485,1,0.9620290881043916,0.3446931468880312,0.9895330812703064
2D Turbulence,gamma2,0.85,0.055,0.2,383,0.9224490501520124,0.1604220804028712,1,0.8613856112175744,0.3429045647773887,0.7319952266821446
2D Turbulence,gamma2,0.85,0.055,0.2,384,1.0265639744032184,0.1604942236919123,1,1.0452687943593506,0.4204648689468975,-0.1564243411435931
2D Turbulence,gamma2,0.85,0.055,0.2,385,0.9399887545914426,0.2016170303781156,1,1.0001529181164872,0.4221040003792005,0.6291202931816798
2D Turbulence,gamma2,0.85,0.055,0.2,386,0.9019761616542846,0.1990519865975947,1,0.9769606799240768,0.3977561106167354,0.9552706926387632
2D Turbulence,gamma2,0.85,0.055,0.2,387,1.082135855448288,0.1786700890862218,1,0.983551150371882,0.4536346182420571,0.8860541858556217
2D Turbulence,gamma2,0.85,0.055,0.2,388,0.9118247301466612,0.1869691215946909,1,0.911556414261702,0.3764333445031614,0.6261565191392539
2D Turbulence,gamma2,0.85,0.055,0.2,389,0.94866755148723,0.1633727325362584,1,1.0638254371133409,0.3954931973629887,0.0894044384459303
2D Turbulence,gamma2,0.85,0.055,0.2,390,1.0076161347935604,0.1745804708308421,1,0.91071486457298,0.4017761528694771,0.5336533586743291
2D Turbulence,gamma2,0.85,0.055,0.2,391,0.9140830753698066,0.15439840280997,1,0.970776131108664,0.3538886339629506,0.5130540634867718
2D Turbulence,gamma2,0.85,0.055,0.2,392,0.8564468221310816,0.1937428205577386,1,0.9659402239520692,0.3705001063527119,0.5235711367452394
2D Turbulence,gamma2,0.85,0.055,0.2,393,0.8522290935659329,0.1720999156239439,1,0.9881506130607116,0.3514457186496476,0.1826353495956373
2D Turbulence,gamma2,0.85,0.055,0.2,394,0.9090265101468542,0.1658205965040492,1,1.0085538832107643,0.3717451732342434,-0.045450147004276
2D Turbulence,gamma2,0.85,0.055,0.2,395,0.8974283307641244,0.2132272701536763,1,0.9746160088821778,0.4091079503608384,0.9309405527074236
2D Turbulence,gamma2,0.85,0.055,0.2,396,1.1160989165302269,0.1834175662085177,1,0.96057018532743,0.4684763820483916,0.2332414794210314
2D Turbulence,gamma2,0.85,0.055,0.2,397,0.9300031529062678,0.1630878608121551,1,1.0811357187352002,0.3905128660507982,0.1795605416684386
2D Turbulence,gamma2,0.85,0.055,0.2,398,0.9945562645855924,0.1867196827395792,1,1.0676422773671108,0.4440555364630171,0.089498431981073
2D Turbulence,gamma2,0.85,0.055,0.2,399,0.7790591297697558,0.1829634162048273,1,0.9217161359596784,0.3199271866598784,0.2285387059185918
2D Turbulence,ph,0.85,0.055,0.2,0,0.9989861954381734,0.2313136514788829,1,0.9991004769981362,0.4802470460891934,0.2672298319826867
2D Turbulence,ph,0.85,0.055,0.2,1,0.8826438964313188,0.1908398399518384,1,1.0649617405657437,0.3979120096460946,0.2257968044824423
2D Turbulence,ph,0.85,0.055,0.2,2,0.9514004830685328,0.218328912270068,1,0.8701925085822484,0.4146929605351265,-0.0944260879694714
2D Turbulence,ph,0.85,0.055,0.2,3,0.9153000240345444,0.1457788851838845,1,0.9906175239000304,0.3478273990857912,0.6070095029432816
2D Turbulence,ph,0.85,0.055,0.2,4,1.0092620266933483,0.1886735203769294,1,1.0356012353860715,0.4461241049464592,-0.0203181738151074
2D Turbulence,ph,0.85,0.055,0.2,5,0.9601703573488972,0.1850650552797043,1,0.9158855160184964,0.3953039011926648,0.5537498864301847
2D Turbulence,ph,0.85,0.055,0.2,6,0.9089773006985624,0.1537061276357084,1,0.929434089489062,0.343564219076062,0.422885412446834
2D Turbulence,ph,0.85,0.055,0.2,7,0.9085443604998936,0.1917885523467087,1,1.0384187098386743,0.4054559983036992,0.0603920231016689
2D Turbulence,ph,0.85,0.055,0.2,8,0.9515533712347488,0.1628231851242245,1,0.9641705134687872,0.3770233067068687,0.1814806575571494
2D Turbulence,ph,0.85,0.055,0.2,9,1.0482963711140976,0.1627677017724358,1,1.0713410884543733,0.4377559712616317,0.3494868808715899
2D Turbulence,ph,0.85,0.055,0.2,10,0.915711729405632,0.1741600141665733,1,1.1020638436537704,0.4011773266267428,0.6014584293783807
2D Turbulence,ph,0.85,0.055,0.2,11,1.1263362460109194,0.1522678946594953,1,0.9188597213714984,0.4213052187863124,0.896287881943062
2D Turbulence,ph,0.85,0.055,0.2,12,0.8404870498811992,0.1739210744683096,1,1.023277040851009,0.3545714359398848,0.5142415520011884
2D Turbulence,ph,0.85,0.055,0.2,13,0.9518000625801736,0.1652916597719297,1,0.9902863285745744,0.3850805567562653,0.417056265820578
2D Turbulence,ph,0.85,0.055,0.2,14,1.139803243832512,0.2038067987655349,1,0.907968965511117,0.4903144863071044,0.2798213047906835
2D Turbulence,ph,0.85,0.055,0.2,15,0.9480528377261396,0.188275705649443,1,0.9346154998550584,0.3976913766787855,0.6678718915431334
2D Turbulence,ph,0.85,0.055,0.2,16,0.9540492815755836,0.1590939904682556,1,0.9118418235252648,0.3633770128636257,0.3421349174086742
2D Turbulence,ph,0.85,0.055,0.2,17,0.9113055925096322,0.2168994497972397,1,0.9951210393236668,0.4233808542388367,0.5836702071105987
2D Turbulence,ph,0.85,0.055,0.2,18,0.904663760458862,0.1627098696717241,1,0.9957586813828542,0.3641423518108573,0.3111201851554159
2D Turbulence,ph,0.85,0.055,0.2,19,0.8880156366096343,0.1566547081101228,1,1.0236757685110482,0.3556096605524601,0.3527752225001043
2D Turbulence,ph,0.85,0.055,0.2,20,0.9480885591696232,0.2210219927469817,1,1.1380860081561532,0.4755040201254674,0.3873470438106372
2D Turbulence,ph,0.85,0.055,0.2,21,1.004222492223036,0.1856081081011762,1,1.0753210900332024,0.4486394898693842,-0.032720178500907
2D Turbulence,ph,0.85,0.055,0.2,22,0.8619824614628533,0.1859323051098736,1,1.1474962531518182,0.3981543768925015,0.3168415418182865
2D Turbulence,ph,0.85,0.055,0.2,23,0.8365106335858729,0.1717439906489858,1,1.083901117372848,0.3609167791138089,1.0425709392166569
2D Turbulence,ph,0.85,0.055,0.2,24,0.8438421053279921,0.1768889122463051,1,1.0480521763810953,0.3633314143030542,0.3440562849660123
2D Turbulence,ph,0.85,0.055,0.2,25,0.8657429917067232,0.1939609285498702,1,1.1093494174735297,0.4015875974414152,0.3432796864618245
2D Turbulence,ph,0.85,0.055,0.2,26,0.944562196844035,0.1712742265425183,1,0.9664590916090096,0.3842981605688583,0.5477218986880034
2D Turbulence,ph,0.85,0.055,0.2,27,0.9347010249156092,0.1639985204777529,1,0.9317124966589806,0.3653706385460978,0.5778682952394105
2D Turbulence,ph,0.85,0.055,0.2,28,0.8428500974498273,0.214338692441924,1,0.977485689497551,0.3857943240576452,0.537653323595533
2D Turbulence,ph,0.85,0.055,0.2,29,0.9650156999459426,0.1710721769539993,1,1.135690959618945,0.4253575583099907,0.4338244260243911
2D Turbulence,ph,0.85,0.055,0.2,30,0.8672479740118539,0.1537122505982753,1,0.9670389305760227,0.3343640012435546,0.1306074108758057
2D Turbulence,ph,0.85,0.055,0.2,31,0.9846971738824088,0.2086560575867139,1,1.030824883882415,0.4566785748432641,0.5449289502787715
2D Turbulence,ph,0.85,0.055,0.2,32,1.1167248362565796,0.1511445222387007,1,0.9491238555857832,0.4229644102036436,0.0880623951300253
2D Turbulence,ph,0.85,0.055,0.2,33,0.8242061339744692,0.2247714663826953,1,0.9975098662520292,0.3902698771931222,0.4098776350545696
2D Turbulence,ph,0.85,0.055,0.2,34,0.8914015494789342,0.2086429638155514,1,0.9781586571350892,0.4026984034744574,0.9345075078435048
2D Turbulence,ph,0.85,0.055,0.2,35,0.942946721760409,0.1663776001847299,1,1.1831963793035316,0.4183723734658048,0.5556642118485103
2D Turbulence,ph,0.85,0.055,0.2,36,0.99879147058706,0.1949024824057761,1,0.9921049014203214,0.4391999761527564,0.3393146746830564
2D Turbulence,ph,0.85,0.055,0.2,37,0.9188309617802906,0.2253860269541352,1,0.908589232240269,0.4157984901486456,-0.180801690478555
2D Turbulence,ph,0.85,0.055,0.2,38,0.881855819289587,0.1593894417411102,1,1.0051872088592229,0.3529805997134888,0.7186884538693767
2D Turbulence,ph,0.85,0.055,0.2,39,0.9306425730817972,0.186029680851289,1,1.0030609844984015,0.4020107860395554,0.1558418917916021
2D Turbulence,ph,0.85,0.055,0.2,40,0.8823057834188258,0.2116003942168595,1,1.036065805909107,0.4131150649045847,0.2506021171074797
2D Turbulence,ph,0.85,0.055,0.2,41,0.8395923324819718,0.1889476099116723,1,0.9743863876125802,0.3602506467628973,0.2533645147472717
2D Turbulence,ph,0.85,0.055,0.2,42,0.9109752615023996,0.1543218769431492,1,0.9434983707003204,0.3476089173623548,0.1693417849959541
2D Turbulence,ph,0.85,0.055,0.2,43,1.015844246977858,0.1621124146245451,1,1.044374653619665,0.417987625089971,0.4430098458699566
2D Turbulence,ph,0.85,0.055,0.2,44,0.9223064180516116,0.2024260089411491,1,0.9178373375677568,0.3975495328447097,-0.0746802053805017
2D Turbulence,ph,0.85,0.055,0.2,45,0.9903077150336472,0.1714936755570787,1,1.063741388532086,0.4229726102234738,0.1552089712214763
2D Turbulence,ph,0.85,0.055,0.2,46,1.002908016146445,0.1412971932331259,1,1.006501942726271,0.3782118908917349,0.3640988211431269
2D Turbulence,ph,0.85,0.055,0.2,47,0.9042026486539227,0.1730280635700813,1,1.0394749290479286,0.3834697039160331,0.7114376301257992
2D Turbulence,ph,0.85,0.055,0.2,48,0.7837907258828845,0.2145125736705365,1,0.9876195044197766,0.3607624488617766,0.5254350021901414
2D Turbulence,ph,0.85,0.055,0.2,49,0.8201332287327848,0.1973850555846256,1,0.8004484011449764,0.3259929538314429,0.6256170886529416
2D Turbulence,ph,0.85,0.055,0.2,50,0.9243424614171653,0.188191044252891,1,0.9873861321672056,0.3984518901311794,0.0112232517299947
2D Turbulence,ph,0.85,0.055,0.2,51,1.0153610663036343,0.1786723884874607,1,1.065704990658148,0.4430652893415281,0.4382873710892462
2D Turbulence,ph,0.85,0.055,0.2,52,0.8402783979218641,0.1505343470163396,1,1.0278898650357933,0.3305325942162727,0.7612172744063628
2D Turbulence,ph,0.85,0.055,0.2,53,0.9669450049615764,0.1845440183017076,1,1.1285964950186584,0.4412869752393438,-0.0980146814487831
2D Turbulence,ph,0.85,0.055,0.2,54,0.8796401236827128,0.1709259095126206,1,1.023780279047384,0.3679699556595096,0.2689209297795146
2D Turbulence,ph,0.85,0.055,0.2,55,0.9131206114887014,0.1630054415389268,1,1.0488752609578156,0.377564469383465,0.4490074618198935
2D Turbulence,ph,0.85,0.055,0.2,56,0.872505661544927,0.1835539455495468,1,0.971644506101377,0.3684714263701493,0.67242179034645
2D Turbulence,ph,0.85,0.055,0.2,57,0.8848402691488819,0.1849557004728166,1,1.0630794568192796,0.3923571783859989,0.3389605773531419
2D Turbulence,ph,0.85,0.055,0.2,58,0.9936075171653844,0.1807163670880374,1,0.9749174547850556,0.4170590361763691,0.4317458634510716
2D Turbulence,ph,0.85,0.055,0.2,59,0.8399969175055286,0.2219798195715922,1,1.0411493769362623,0.40382291662172,0.5966903334579199
2D Turbulence,ph,0.85,0.055,0.2,60,0.8333189049887644,0.195611353168341,1,0.9534612106296656,0.3598817121081766,0.5531683519461368
2D Turbulence,ph,0.85,0.055,0.2,61,0.8674898843500375,0.1487613603383496,1,1.1012885710161646,0.3511236285502393,0.5942903868999236
2D Turbulence,ph,0.85,0.055,0.2,62,0.820703501050385,0.1921176906857588,1,1.1540524996201498,0.3864406001516584,0.1660965886283811
2D Turbulence,ph,0.85,0.055,0.2,63,0.8470098167744865,0.1899411922989018,1,0.9588902498179588,0.3614785029870319,0.4485068649106419
2D Turbulence,ph,0.85,0.055,0.2,64,0.901602069747002,0.1591146355745762,1,0.8212326519366236,0.3259140390263927,0.6085161516127846
2D Turbulence,ph,0.85,0.055,0.2,65,0.8965567411924165,0.1679289418054368,1,0.986040030116851,0.364827720068819,0.4058090241494534
2D Turbulence,ph,0.85,0.055,0.2,66,0.9527337195529824,0.1656983975931012,1,1.0148588310804925,0.3906910910501402,0.2195915583625632
2D Turbulence,ph,0.85,0.055,0.2,67,0.8347082650271926,0.1587149295078736,1,1.002353622366052,0.3329308857100437,0.6860424096391264
2D Turbulence,ph,0.85,0.055,0.2,68,0.9176885655198204,0.1828738882438192,1,0.9483023735427324,0.3821594371422004,0.2130355758570619
2D Turbulence,ph,0.85,0.055,0.2,69,0.8536158773085286,0.2165481149932365,1,0.966728661219172,0.3905637981446148,0.2559931679089556
2D Turbulence,ph,0.85,0.055,0.2,70,0.9114237197196924,0.1990773478788034,1,1.005558089862119,0.4077883667707151,-0.2275031776426737
2D Turbulence,ph,0.85,0.055,0.2,71,1.073025356426088,0.2079483102294166,1,1.0495911478992233,0.5013000665604402,0.16068678566412
2D Turbulence,ph,0.85,0.055,0.2,72,0.9180752200568512,0.166998220099488,1,1.079696517006293,0.3898387778033749,0.4236216473808711
2D Turbulence,ph,0.85,0.055,0.2,73,0.8788134048028521,0.1921989973724848,1,1.1000586736370028,0.4040919105422529,0.8277510984021018
2D Turbulence,ph,0.85,0.055,0.2,74,0.8456837481732915,0.1994993449328747,1,0.8567519951590976,0.349628062808889,0.8203310862976991
2D Turbulence,ph,0.85,0.055,0.2,75,0.9315895240056602,0.2085766344824698,1,0.8953462723087245,0.4025806890009445,-0.138567581391983
2D Turbulence,ph,0.85,0.055,0.2,76,0.9004378913063107,0.2272210175558737,1,1.037790121879831,0.4372529807447344,0.1971267668064699
2D Turbulence,ph,0.85,0.055,0.2,77,0.9580110992788204,0.1640237595889607,1,0.868341735657758,0.3615507439080387,0.7047735918368787
2D Turbulence,ph,0.85,0.055,0.2,78,0.9118506726812232,0.1580217713997413,1,1.0049168654042582,0.3633684808762262,0.3170407926362747
2D Turbulence,ph,0.85,0.055,0.2,79,0.9028645646959316,0.1972315367078805,1,1.0491162841675037,0.4106980129324563,0.5946519972138072
2D Turbulence,ph,0.85,0.055,0.2,80,0.9169305034285148,0.2232948717608602,1,0.9683604403748068,0.4263775352716477,0.2364914689567973
2D Turbulence,ph,0.85,0.055,0.2,81,0.8453092846954842,0.2061524531577253,1,0.95554765339599,0.3751768804101839,0.4528503905327383
2D Turbulence,ph,0.85,0.055,0.2,82,0.8902440892351173,0.1515481008991011,1,1.1295946685772114,0.3683372701153382,0.6997280568494963
2D Turbulence,ph,0.85,0.055,0.2,83,0.9968777766685032,0.17010266504842,1,1.062362383267164,0.4237735198218102,0.3968005814761022
2D Turbulence,ph,0.85,0.055,0.2,84,1.0114369477880265,0.1923448920328421,1,0.9678331907289638,0.4363946311774299,0.2153629844439191
2D Turbulence,ph,0.85,0.055,0.2,85,0.9483280842270868,0.1624324133440702,1,0.9795608471670544,0.3782776389327347,0.647744971855386
2D Turbulence,ph,0.85,0.055,0.2,86,1.018832836547089,0.1869361772037903,1,1.0133280224471817,0.4434295578079401,0.4505683815867725
2D Turbulence,ph,0.85,0.055,0.2,87,0.9189459024815708,0.1939700004456598,1,1.1553160308467827,0.4350184020576556,0.4017811805682304
2D Turbulence,ph,0.85,0.055,0.2,88,1.0383455027799595,0.1846826493778297,1,0.9291674409955952,0.4301321708642903,0.4986682275173141
2D Turbulence,ph,0.85,0.055,0.2,89,0.9790094485007914,0.1740131099392553,1,1.0738666470014522,0.4232071969322038,0.2332933766871928
2D Turbulence,ph,0.85,0.055,0.2,90,0.8938493619277019,0.22901400002991,1,1.079468908040143,0.4444269836925035,0.4333197923050526
2D Turbulence,ph,0.85,0.055,0.2,91,1.0173359659962022,0.1825643699881066,1,0.9904949897887152,0.4326119894669459,0.3997969509243281
2D Turbulence,ph,0.85,0.055,0.2,92,0.9253803343814442,0.161733862389746,1,1.0590082913971015,0.3829750002769712,0.645634397337111
2D Turbulence,ph,0.85,0.055,0.2,93,0.8178008766048815,0.1915108046365007,1,1.0112845082471495,0.3598992067424418,0.2497909030804252
2D Turbulence,ph,0.85,0.055,0.2,94,0.8143910908636398,0.1672036368349455,1,1.1120698552875528,0.35117363906184,-0.0190611792365474
2D Turbulence,ph,0.85,0.055,0.2,95,0.9071114951402012,0.1804299359723915,1,0.9551170915995644,0.3765678825703022,0.5084140949644961
2D Turbulence,ph,0.85,0.055,0.2,96,0.95544594502963,0.1923493254372095,1,1.2,0.4590310659875922,0.3268663142788288
2D Turbulence,ph,0.85,0.055,0.2,97,0.9492833736050514,0.1567304169228343,1,1.0978891889470104,0.3937782940088842,0.4099620518913456
2D Turbulence,ph,0.85,0.055,0.2,98,0.9471878908865012,0.1743778475355903,1,0.9721311934911532,0.3899817043845704,0.6664979350540814
2D Turbulence,ph,0.85,0.055,0.2,99,0.9556974885467874,0.2108050831212927,1,1.0049335862332536,0.439875389810527,-0.2571427141425593
2D Turbulence,ph,0.85,0.055,0.2,100,1.0393784686088348,0.1623676437159025,1,0.9727022034678998,0.4130602559879819,0.0130425985056365
2D Turbulence,ph,0.85,0.055,0.2,101,0.9061197765029998,0.1533877542207195,1,1.0491982604014043,0.3635044522905332,0.4282129067781465
2D Turbulence,ph,0.85,0.055,0.2,102,0.8644846668024152,0.184587152880411,1,1.1923092444583754,0.4055575454257354,0.1719463199882968
2D Turbulence,ph,0.85,0.055,0.2,103,0.8532164051081991,0.1581316026321855,1,0.9090058882947352,0.3234833124847298,0.3578590378057336
2D Turbulence,ph,0.85,0.055,0.2,104,0.8864685261508488,0.2057562588375256,1,1.0018860575697313,0.4024843651893725,0.3263564064898
2D Turbulence,ph,0.85,0.055,0.2,105,0.917436670850392,0.2126468311482484,1,1.150299530433849,0.4537441347138311,0.9652888152966904
2D Turbulence,ph,0.85,0.055,0.2,106,0.9241631706177054,0.18121934881813,1,1.0409714909596477,0.4013935206671632,0.6797318468173109
2D Turbulence,ph,0.85,0.055,0.2,107,0.9456058306371088,0.1992753184026666,1,0.9807340184459472,0.4180348773335182,-0.2755647765060991
2D Turbulence,ph,0.85,0.055,0.2,108,0.9621145436474944,0.1897577596740434,1,0.972040847789077,0.413208084103741,0.647201080891535
2D Turbulence,ph,0.85,0.055,0.2,109,0.858049048510629,0.1439026841901721,1,0.9012605413597714,0.3090094351394087,0.2974817075694966
2D Turbulence,ph,0.85,0.055,0.2,110,0.8162450885896843,0.1796052983256468,1,1.0361670327755763,0.3521235230514362,0.1019959052898513
2D Turbulence,ph,0.85,0.055,0.2,111,0.9056025233639464,0.1770954525207776,1,1.1927571401797974,0.4162146295821416,-0.1773277109973251
2D Turbulence,ph,0.85,0.055,0.2,112,0.8926739748274753,0.1492162136395499,1,0.9941476685167108,0.3438161955756874,0.3901724664220425
2D Turbulence,ph,0.85,0.055,0.2,113,1.0484856985961577,0.1588217253192651,1,0.956364461886065,0.4086289959955257,0.5069640997902997
2D Turbulence,ph,0.85,0.055,0.2,114,0.9195291978287596,0.1621691738211892,1,1.0100001473162898,0.372143462953985,0.6006301764772394
2D Turbulence,ph,0.85,0.055,0.2,115,0.9977258118878934,0.1888197348048247,1,0.9877397089128443,0.4308798216588996,0.447593182243441
2D Turbulence,ph,0.85,0.055,0.2,116,1.095053377708998,0.2179492482359962,1,1.009000908654904,0.5135216468658754,0.4512073035353872
2D Turbulence,ph,0.85,0.055,0.2,117,0.8742276297362453,0.1585556032437831,1,1.0361882458715916,0.3543518104830585,0.633097240494402
2D Turbulence,ph,0.85,0.055,0.2,118,1.142490405811569,0.1895345106701465,1,0.9850128905153424,0.4936483251739922,0.078507583739485
2D Turbulence,ph,0.85,0.055,0.2,119,0.8599388168135287,0.1936436395854864,1,0.9642353333285064,0.3715871544114942,0.4307570090875554
2D Turbulence,ph,0.85,0.055,0.2,120,1.058317888092814,0.1796347082018505,1,1.0321565749966513,0.4557052741261873,-0.1907395825681906
2D Turbulence,ph,0.85,0.055,0.2,121,0.9084736128213026,0.1753346404597534,1,0.9628849980317292,0.3732788566528695,0.1465904969822249
2D Turbulence,ph,0.85,0.055,0.2,122,0.8523033312375408,0.1692235706903831,1,1.15703666757273,0.3771361596621153,0.6030764942297574
2D Turbulence,ph,0.85,0.055,0.2,123,0.911940477115009,0.1482442350165491,1,1.1522450146296266,0.3769014585880569,0.5635405362504557
2D Turbulence,ph,0.85,0.055,0.2,124,0.8877565236462412,0.1696944072914828,1,0.9199827615083432,0.3507659932190443,0.1193850771066917
2D Turbulence,ph,0.85,0.055,0.2,125,0.9567978865643322,0.1801764914322319,1,0.9102668795597766,0.3874838807884772,0.2471951395381689
2D Turbulence,ph,0.85,0.055,0.2,126,1.0751309597297234,0.1782403236756577,1,1.0519347186061525,0.4655418667184094,0.8968796248210165
2D Turbulence,ph,0.85,0.055,0.2,127,0.8913980153875931,0.1474270239238775,1,0.9834684897665512,0.3394223508009193,0.6077047611301292
2D Turbulence,ph,0.85,0.055,0.2,128,1.0373991211210924,0.2209733840591753,1,0.9842476318179352,0.4838024332822841,-0.1318840103610029
2D Turbulence,ph,0.85,0.055,0.2,129,1.004205411396382,0.1933978882738453,1,0.9797608808677486,0.4371278419224934,0.3318825499366781
2D Turbulence,ph,0.85,0.055,0.2,130,0.867622368973892,0.1944050533968863,1,0.8912738580671223,0.3611520626379834,0.6032913702168079
2D Turbulence,ph,0.85,0.055,0.2,131,0.9181636312028676,0.202033100787443,1,1.0862646011949246,0.4301294358708765,0.3526857211237237
2D Turbulence,ph,0.85,0.055,0.2,132,1.0018878458549307,0.2023985517777856,1,0.9373749340673156,0.4363947090601674,-0.1966373252857585
2D Turbulence,ph,0.85,0.055,0.2,133,0.9383064235736231,0.1913020218222468,1,0.9670948134086031,0.4035886986483029,0.2330880072485846
2D Turbulence,ph,0.85,0.055,0.2,134,0.8399091287038196,0.1848616099853746,1,0.831540930385673,0.3293043613118163,0.7707988365118135
2D Turbulence,ph,0.85,0.055,0.2,135,0.9555636566971608,0.1770275675824995,1,0.9846890918138016,0.398960259961285,0.3324080884823633
2D Turbulence,ph,0.85,0.055,0.2,136,0.8838976901678759,0.1650640646419638,1,0.8781167065548758,0.3365149682941625,0.5697196601087147
2D Turbulence,ph,0.85,0.055,0.2,137,0.8009221466196014,0.1789954561205688,1,0.9830147000977988,0.3359628927659696,0.248445757900189
2D Turbulence,ph,0.85,0.055,0.2,138,0.902978501378453,0.1716778176458338,1,0.9978449425277476,0.3737369462573444,0.7488657662218727
2D Turbulence,ph,0.85,0.055,0.2,139,0.8729511257199983,0.2168231108086778,1,0.8492317598397603,0.3745896975917552,0.5232889297790407
2D Turbulence,ph,0.85,0.055,0.2,140,0.9257829559944752,0.1741960464107087,1,0.9384473426558456,0.3743115967325917,0.4900976308192014
2D Turbulence,ph,0.85,0.055,0.2,141,0.9497313356577056,0.2183034891642857,1,0.9230496504148986,0.426327784327761,0.4527200636719111
2D Turbulence,ph,0.85,0.055,0.2,142,0.9279281608288564,0.1733813104148481,1,0.975481523355924,0.3816146329848749,0.220565055534895
2D Turbulence,ph,0.85,0.055,0.2,143,0.8848471292027474,0.1923002031048113,1,0.9848295020145637,0.3850690758651729,0.3573671489039909
2D Turbulence,ph,0.85,0.055,0.2,144,0.918881939490095,0.155373649690965,1,0.9725642781476904,0.3571967973445525,0.1830663886927553
2D Turbulence,ph,0.85,0.055,0.2,145,0.8159587259505702,0.2348869535042972,1,0.942121922804962,0.383840851118593,0.8889044920767813
2D Turbulence,ph,0.85,0.055,0.2,146,0.7915778473949924,0.1817041515163183,1,0.9307733296504268,0.3255352498845617,0.4694997189070354
2D Turbulence,ph,0.85,0.055,0.2,147,0.9563778978665576,0.1574349156195138,1,0.9765562865280044,0.3749977818334332,0.5191106530347214
2D Turbulence,ph,0.85,0.055,0.2,148,1.0407902574654604,0.2017343946492383,1,1.0407840805209374,0.4769067983452649,0.2288857012245985
2D Turbulence,ph,0.85,0.055,0.2,149,1.0224766974724289,0.1627112606156187,1,0.9400168354331412,0.3998803282053776,-0.1577279733624944
2D Turbulence,ph,0.85,0.055,0.2,150,0.945529314008089,0.2497952442912421,1,1.0556184842405958,0.485535035866209,-0.0299673744019679
2D Turbulence,ph,0.85,0.055,0.2,151,0.958795526084608,0.1695068797551898,1,0.971154150378931,0.3890126722784776,0.4040080811852439
2D Turbulence,ph,0.85,0.055,0.2,152,1.0393393743037358,0.163051704946837,1,1.100044881291464,0.4401748803332691,0.1683001431606506
2D Turbulence,ph,0.85,0.055,0.2,153,0.9260059359740456,0.1802266372654579,1,1.0621586653260542,0.4051519734875666,0.2118673075353756
2D Turbulence,ph,0.85,0.055,0.2,154,0.9365639865267824,0.1866472370590071,1,1.0644187614672873,0.4174500304626209,0.9015221019272012
2D Turbulence,ph,0.85,0.055,0.2,155,0.8887295006434581,0.2188466752804314,1,0.9812114061280476,0.4118327378627702,0.564768465131957
2D Turbulence,ph,0.85,0.055,0.2,156,0.907613236403886,0.2258811522515282,1,0.9951495514885468,0.430313522539576,-0.0433373828099035
2D Turbulence,ph,0.85,0.055,0.2,157,0.8553278668531048,0.2425638307027913,1,0.8874427140486234,0.3968403345742049,0.4808832550614449
2D Turbulence,ph,0.85,0.055,0.2,158,0.994514054234726,0.2664582274573832,1,1.054464135966782,0.5271587247990944,0.677293702373919
2D Turbulence,ph,0.85,0.055,0.2,159,0.7866098602209997,0.173994904876688,1,0.983241764146192,0.3253552433935018,0.1697895041674939
2D Turbulence,ph,0.85,0.055,0.2,160,0.944608058881656,0.1682933935240878,1,1.0589895666788611,0.3987778439918782,0.0568623309895719
2D Turbulence,ph,0.85,0.055,0.2,161,0.8882687287013961,0.2124211311521426,1,0.8875879116767197,0.385699362565701,0.2005262168250008
2D Turbulence,ph,0.85,0.055,0.2,162,1.031104443132537,0.1846562270148581,1,0.9502914160953,0.4319296727176821,0.6218092969276402
2D Turbulence,ph,0.85,0.055,0.2,163,0.8271549467423498,0.1910036581993518,1,1.069587323564088,0.3738658846699028,0.8617921658712282
2D Turbulence,ph,0.85,0.055,0.2,164,0.8761185821318127,0.1647344878010326,1,0.9554473459511558,0.3475830067918589,0.1818928590349927
2D Turbulence,ph,0.85,0.055,0.2,165,0.8143159646411902,0.1850664025797506,1,0.8,0.3133298236007205,0.7069508957438502
2D Turbulence,ph,0.85,0.055,0.2,166,0.8289461100990432,0.1774604720180526,1,1.0114920738703157,0.3512031124458158,0.888480011989059
2D Turbulence,ph,0.85,0.055,0.2,167,0.9104949537209632,0.2514658112663395,1,1.0958227275889203,0.4779551755606601,0.4917045154494978
2D Turbulence,ph,0.85,0.055,0.2,168,0.957682558250688,0.19083981643258,1,0.9621595627202876,0.4103737976342728,0.2746213521478696
2D Turbulence,ph,0.85,0.055,0.2,169,0.9129290154015258,0.2365230472236147,1,0.9516553030794068,0.433125326335938,0.5268545514106767
2D Turbulence,ph,0.85,0.055,0.2,170,1.0208990531320286,0.1835090607772968,1,1.091490076030729,0.4569003102327983,0.188759206132868
2D Turbulence,ph,0.85,0.055,0.2,171,0.7708389249711773,0.2166388420011099,1,1.0153287686716996,0.3615223453213473,0.4104696691408161
2D Turbulence,ph,0.85,0.055,0.2,172,0.9575160778002462,0.1886551806284672,1,1.003399988092972,0.4165982954609166,0.7955048506632842
2D Turbulence,ph,0.85,0.055,0.2,173,0.8920814870174625,0.1837489459728123,1,0.8171893195800081,0.3456832177984739,1.0224971936996294
2D Turbulence,ph,0.85,0.055,0.2,174,0.88785004707927,0.2278852290955235,1,1.0639224274869017,0.4371723560392601,0.1861748014715015
2D Turbulence,ph,0.85,0.055,0.2,175,0.9571568550174432,0.1431610328888126,1,1.0148166803505103,0.3648289759066743,-0.0567688830328163
2D Turbulence,ph,0.85,0.055,0.2,176,1.0896490252637634,0.2202850391433243,1,1.028954805363452,0.5187729057827429,0.2036279155807387
2D Turbulence,ph,0.85,0.055,0.2,177,0.9512457573645972,0.2091724250690184,1,1.050227507073914,0.4458478154146269,0.2458170402804542
2D Turbulence,ph,0.85,0.055,0.2,178,0.9657332520377212,0.1710439533344197,1,0.8891906157232752,0.376624426591704,0.831305574592621
2D Turbulence,ph,0.85,0.055,0.2,179,0.8436507873934834,0.1441743728156415,1,0.866382673521015,0.2981684109425552,0.5597350316933865
2D Turbulence,ph,0.85,0.055,0.2,180,0.9470977298425312,0.168670406204012,1,1.047420631863034,0.3980840739167142,-0.1396657989825691
2D Turbulence,ph,0.85,0.055,0.2,181,0.9703061414504576,0.1573417820094993,1,0.90964457332301,0.3670850341996878,0.4497251771710286
2D Turbulence,ph,0.85,0.055,0.2,182,1.0261651921100812,0.1767647432005184,1,0.8575129920454116,0.3995171774918771,0.1674493511420691
2D Turbulence,ph,0.85,0.055,0.2,183,0.9945086959683684,0.1661755041089982,1,0.9906022410899464,0.4034983289652153,0.9799471926151868
2D Turbulence,ph,0.85,0.055,0.2,184,0.9418628508560656,0.1524093373559492,1,0.9435957180114778,0.3571794266856964,0.9724742041876252
2D Turbulence,ph,0.85,0.055,0.2,185,1.0248139655075776,0.1688329843936604,1,0.9582902056817084,0.4122134977560625,-0.1768447532462945
2D Turbulence,ph,0.85,0.055,0.2,186,0.9930956778838104,0.1717923405831593,1,1.109181304558337,0.4335051493681016,0.266069511127009
2D Turbulence,ph,0.85,0.055,0.2,187,1.0735394300565293,0.1867622646289971,1,1.030649203225934,0.4709968492590037,0.5140616737619788
2D Turbulence,ph,0.85,0.055,0.2,188,0.921304597092474,0.1506277951227382,1,1.1435465001143064,0.3823690325383795,0.3030232134397553
2D Turbulence,ph,0.85,0.055,0.2,189,0.984249867644404,0.2012491887946133,1,0.9658087600539657,0.433928329439843,0.7806790727602801
2D Turbulence,ph,0.85,0.055,0.2,190,0.8466823422391784,0.1721334460630459,1,0.9977019664838876,0.3508759070245885,0.4288994081873379
2D Turbulence,ph,0.85,0.055,0.2,191,0.9840772401131164,0.2365956071881428,1,0.9820229229624056,0.4743439204342323,0.584250221316089
2D Turbulence,ph,0.85,0.055,0.2,192,0.936778724510893,0.1927397504755098,1,1.083061252756657,0.4280053271167607,0.3915128349492431
2D Turbulence,ph,0.85,0.055,0.2,193,0.9987787747717076,0.1718974722937488,1,0.9430459672071174,0.40213371027098,0.1353776955983053
2D Turbulence,ph,0.85,0.055,0.2,194,0.9768690800501626,0.1772772435707107,1,0.9643568634122632,0.4039073410278285,0.1986548769964304
2D Turbulence,ph,0.85,0.055,0.2,195,0.8871799711028973,0.2014863622001644,1,1.0437321572048337,0.4068450989803425,-0.2617980613623576
2D Turbulence,ph,0.85,0.055,0.2,196,0.9403195754162432,0.1586719236783648,1,0.9854673530744164,0.3718318962945612,0.4538512922539949
2D Turbulence,ph,0.85,0.055,0.2,197,1.0705648529006422,0.1606946273994546,1,1.0166439191761625,0.4327111572095978,0.31331552201694
2D Turbulence,ph,0.85,0.055,0.2,198,0.9714762911942142,0.1721796890331877,1,1.0038513108172615,0.4038851272497502,0.1199040366895647
2D Turbulence,ph,0.85,0.055,0.2,199,0.9323781090632144,0.186868960375117,1,1.154962247348322,0.4331562122238008,0.3844821074212029
2D Turbulence,ph,0.85,0.055,0.2,200,0.97181306739705,0.176438833036083,1,1.052814698008113,0.4188473697142804,0.0007978276113108
2D Turbulence,ph,0.85,0.055,0.2,201,0.9675437988396904,0.1745260032885798,1,0.9956324421153864,0.4033204333588065,0.3324752276673524
2D Turbulence,ph,0.85,0.055,0.2,202,0.9595936031891964,0.1585828522045494,1,1.0254186951291495,0.386959997959428,0.6208094705415796
2D Turbulence,ph,0.85,0.055,0.2,203,0.9242681002912764,0.192391221118901,1,1.0781522853949848,0.420950125915237,-0.024675782797704
2D Turbulence,ph,0.85,0.055,0.2,204,0.7412174534455618,0.1581764822318522,1,1.0554367016635469,0.3028535645452967,0.7278825717479039
2D Turbulence,ph,0.85,0.055,0.2,205,0.9706612297846392,0.1653758775363636,1,1.0302977717929664,0.4006684486585779,0.0745108247567298
2D Turbulence,ph,0.85,0.055,0.2,206,0.8887816679689657,0.1684289393461114,1,0.914612533898565,0.3488365795728855,0.6010883270034573
2D Turbulence,ph,0.85,0.055,0.2,207,0.8912953676467588,0.1693877022864833,1,0.914109797312084,0.3507209991157715,0.984107309066498
2D Turbulence,ph,0.85,0.055,0.2,208,0.928097896484454,0.1887454107021917,1,0.954534838094144,0.3939380043778392,0.4902156569894805
2D Turbulence,ph,0.85,0.055,0.2,209,0.8570257406599605,0.1716160920468608,1,0.8555477154829031,0.3283938295238911,0.5987345367118159
2D Turbulence,ph,0.85,0.055,0.2,210,0.9763434730511366,0.188207767095916,1,0.9918094271334656,0.4218281073672787,0.8562578972550654
2D Turbulence,ph,0.85,0.055,0.2,211,0.9901163097703778,0.1895808068894392,1,1.03459670650905,0.4384993399545225,0.3710317180042776
2D Turbulence,ph,0.85,0.055,0.2,212,1.0238904528720614,0.1931064975957737,1,1.1226837795679998,0.476738977902926,0.5879932090293245
2D Turbulence,ph,0.85,0.055,0.2,213,1.0537128582794788,0.1614646564214238,1,1.0209964606729145,0.4278318715200294,0.0826588122026973
2D Turbulence,ph,0.85,0.055,0.2,214,0.8447502331214253,0.2176905103787314,1,1.013404240618474,0.3967705483833972,0.0335406764722803
2D Turbulence,ph,0.85,0.055,0.2,215,0.7497648900789532,0.1923407677632564,1,1.0849908814684763,0.3425104420165515,0.5024263316120925
2D Turbulence,ph,0.85,0.055,0.2,216,0.8994059996117305,0.1856712820091562,1,1.0340943595148782,0.3941016316728513,0.5956398398074547
2D Turbulence,ph,0.85,0.055,0.2,217,1.006318312905796,0.1519129866155241,1,0.9763684993031114,0.3875606777331825,0.3842413161280509
2D Turbulence,ph,0.85,0.055,0.2,218,0.9134250677847746,0.1802864744480973,1,1.1193954399780228,0.4103422786957686,0.499390089012628
2D Turbulence,ph,0.85,0.055,0.2,219,0.9404881894568224,0.1759425330657604,1,0.9870746881709352,0.3919347526888617,0.3088556079344898
2D Turbulence,ph,0.85,0.055,0.2,220,0.868634260795058,0.1471257760292223,1,0.935522324060836,0.3222614937825045,0.7022141538935189
2D Turbulence,ph,0.85,0.055,0.2,221,0.9397416057711548,0.2025630778469091,1,1.1178663167211726,0.4471811967316734,0.5227459929776205
2D Turbulence,ph,0.85,0.055,0.2,222,0.911610893920331,0.152958899545901,1,0.9997671393608484,0.3564891453995623,0.2938368508505748
2D Turbulence,ph,0.85,0.055,0.2,223,0.9233924166513892,0.1990062246461285,1,1.03125623795001,0.4183145091531266,0.8394551258800715
2D Turbulence,ph,0.85,0.055,0.2,224,1.0467553332596695,0.1709662009438695,1,0.9297330698270472,0.417329852971419,0.2109850324206366
2D Turbulence,ph,0.85,0.055,0.2,225,0.8992750621539911,0.2333199294907986,1,0.987602963379934,0.4316777462557345,0.6080581881978343
2D Turbulence,ph,0.85,0.055,0.2,226,1.037622766157699,0.1848144581445391,1,0.9338147448909058,0.4310601017882537,0.3866375189358831
2D Turbulence,ph,0.85,0.055,0.2,227,0.9812020213250576,0.2004644016878383,1,1.07366212747556,0.4552090443409174,-0.0843734574573647
2D Turbulence,ph,0.85,0.055,0.2,228,0.926473410012887,0.1575794125355813,1,1.011952452770167,0.3699667987419541,0.5467072615946155
2D Turbulence,ph,0.85,0.055,0.2,229,0.938949780535274,0.1687476408293274,1,0.8919063604750321,0.3642678565432616,0.983441964915072
2D Turbulence,ph,0.85,0.055,0.2,230,0.8947558404008215,0.1830449736877977,1,1.0132126671213713,0.3853308239788587,0.3380234989634563
2D Turbulence,ph,0.85,0.055,0.2,231,0.992631729875708,0.166510985731531,1,0.982906001377598,0.4015740057499994,-0.0317431342056851
2D Turbulence,ph,0.85,0.055,0.2,232,0.8684521019771583,0.1716011804549657,1,1.032085821410324,0.3654802489885251,0.3165523286664219
2D Turbulence,ph,0.85,0.055,0.2,233,1.0020451666632,0.1942768470351549,1,0.9085478468650828,0.4209899444416068,0.1719804769156516
2D Turbulence,ph,0.85,0.055,0.2,234,0.787100531829911,0.2249538493187717,1,1.0096936759798594,0.3751213117755544,0.7840748461770585
2D Turbulence,ph,0.85,0.055,0.2,235,0.9509144159479216,0.2258807856401682,1,0.8,0.4042276991974793,-0.0977651847127299
2D Turbulence,ph,0.85,0.055,0.2,236,0.9357413959630012,0.1886470778519939,1,1.0445211930352043,0.4153741941701629,0.7356810665609402
2D Turbulence,ph,0.85,0.055,0.2,237,0.8841366787568448,0.1922651501888726,1,1.0775306016266832,0.4024245805205779,0.5549127767880723
2D Turbulence,ph,0.85,0.055,0.2,238,0.9830249551915322,0.2363620157848379,1,0.910293467215975,0.455978219691698,0.7563017792299043
2D Turbulence,ph,0.85,0.055,0.2,239,0.904272914996505,0.1889269812104607,1,0.9512432295882026,0.3833472083215457,0.4660859025680551
2D Turbulence,ph,0.85,0.055,0.2,240,1.0593486817328035,0.213745641077186,1,0.9093072880955556,0.4670279796401536,0.1535334561050965
2D Turbulence,ph,0.85,0.055,0.2,241,0.8878222116671881,0.1836533024920066,1,0.981163330204196,0.3768738736578057,0.8427936793128833
2D Turbulence,ph,0.85,0.055,0.2,242,0.9599013927840704,0.2091020866317013,1,0.9223137566541896,0.4215461704867356,0.3517716978848801
2D Turbulence,ph,0.85,0.055,0.2,243,0.8828412046992741,0.1656101719736525,1,0.9039362265959292,0.3415820138575121,0.4006066470219244
2D Turbulence,ph,0.85,0.055,0.2,244,0.9511824023921652,0.1958105297752932,1,1.0137716646075614,0.4237911686829649,-0.1919858380265859
2D Turbulence,ph,0.85,0.055,0.2,245,0.912139368214392,0.1880119842459347,1,0.942323508945029,0.3839317070402597,-0.0947000303782774
2D Turbulence,ph,0.85,0.055,0.2,246,1.0975249715163822,0.1625054174367037,1,1.0990495099676905,0.463827998281659,-0.0211584056592455
2D Turbulence,ph,0.85,0.055,0.2,247,1.0114056009868715,0.1855109945904804,1,0.9781108026795944,0.4308282858681971,0.3358466006529887
2D Turbulence,ph,0.85,0.055,0.2,248,0.8969969303420636,0.2358557053046756,1,0.9684754826358148,0.4287049176967148,0.3021418696761648
2D Turbulence,ph,0.85,0.055,0.2,249,0.8739491767766255,0.2108994279479288,1,0.9615952629040362,0.3935682322279118,0.5993281761245529
2D Turbulence,ph,0.85,0.055,0.2,250,0.966057215514813,0.2109111855696735,1,0.9427834766294456,0.4307830792543298,0.374157241283967
2D Turbulence,ph,0.85,0.055,0.2,251,0.8398135610645219,0.1884120842752043,1,1.088163096075324,0.3802631633935106,0.0359389636431555
2D Turbulence,ph,0.85,0.055,0.2,252,0.8517504625619283,0.20706681902506,1,1.0574319577477669,0.3985601281230702,0.9006197712200219
2D Turbulence,ph,0.85,0.055,0.2,253,0.9293741303670906,0.1501471465380303,1,0.9561616083445844,0.3521395233355836,0.3915725022271381
2D Turbulence,ph,0.85,0.055,0.2,254,0.8693436066576763,0.1862367861151101,1,1.152269403210144,0.4027181598569621,0.5847883618645071
2D Turbulence,ph,0.85,0.055,0.2,255,0.8806988665629972,0.2052835587799304,1,0.983916547139018,0.3958071668060391,0.0773641766429205
2D Turbulence,ph,0.85,0.055,0.2,256,1.0545108875442306,0.1900696609089947,1,0.948527567249736,0.4477467546964468,0.5307849228069907
2D Turbulence,ph,0.85,0.055,0.2,257,0.9431059421574528,0.1764411416562902,1,1.0112059258310018,0.398364118584597,0.2315796535604995
2D Turbulence,ph,0.85,0.055,0.2,258,0.9626623312253416,0.1858615916072165,1,1.0161791871971997,0.4183636584253882,0.0857604560112808
2D Turbulence,ph,0.85,0.055,0.2,259,0.909485643921877,0.1746728212123802,1,0.944129981062851,0.3693383545853502,0.7776779200150736
2D Turbulence,ph,0.85,0.055,0.2,260,0.8977443687569955,0.1946311779938579,1,0.973058264356094,0.3906864220640121,0.9371691898444892
2D Turbulence,ph,0.85,0.055,0.2,261,0.9416811705913328,0.1571258847152471,1,0.9198902775890078,0.3580105039812532,0.8276215799330938
2D Turbulence,ph,0.85,0.055,0.2,262,0.7471569411918354,0.1991876395645543,1,0.9286923596346086,0.3213504884183433,0.56422243798982
2D Turbulence,ph,0.85,0.055,0.2,263,1.0280338455831184,0.2131416356127684,1,1.0911685028939024,0.4957782506961434,-0.4632178185184253
2D Turbulence,ph,0.85,0.055,0.2,264,1.085209480533685,0.1769617988824681,1,0.972376612692192,0.4501638264860436,0.3727771529192704
2D Turbulence,ph,0.85,0.055,0.2,265,0.9435386774414508,0.1951778021833595,1,0.8711221020432569,0.3890580766185991,0.765108683281685
2D Turbulence,ph,0.85,0.055,0.2,266,0.9613785446205184,0.2190733118075959,1,1.111573393376701,0.4744148054334748,0.2395949079588435
2D Turbulence,ph,0.85,0.055,0.2,267,0.8332875379586039,0.1538876165384624,1,0.8883720038453182,0.3081017430922159,0.5549888127699807
2D Turbulence,ph,0.85,0.055,0.2,268,0.8329229219632038,0.2111458191721965,1,0.8701128631057913,0.3570128530859454,0.7863539630548237
2D Turbulence,ph,0.85,0.055,0.2,269,1.0971237691106288,0.1760682348567733,1,0.826823461914828,0.4186031818156361,0.4001739875186655
2D Turbulence,ph,0.85,0.055,0.2,270,0.9266214707679536,0.204748125655893,1,1.0175740624113845,0.4229561465124225,0.4157858567570576
2D Turbulence,ph,0.85,0.055,0.2,271,0.9674923118083668,0.1803259191783666,1,0.9322629701241724,0.3966850350186292,0.5269021086832424
2D Turbulence,ph,0.85,0.055,0.2,272,1.0373192979750447,0.1735440323317082,1,1.078586972501308,0.4487917705991667,0.0053625590596951
2D Turbulence,ph,0.85,0.055,0.2,273,0.9917345816184604,0.1778448560882125,1,0.8194543185356199,0.3785981483684034,0.4563203227475206
2D Turbulence,ph,0.85,0.055,0.2,274,0.8444617845123382,0.1636262109370579,1,1.05397111820124,0.3506879090030775,0.1033544233424545
2D Turbulence,ph,0.85,0.055,0.2,275,0.8915297861749468,0.1828625151363675,1,0.9518660298287844,0.3719513300678791,0.306729547734731
2D Turbulence,ph,0.85,0.055,0.2,276,0.8918958613907616,0.1921028690391911,1,0.967460839905494,0.3845012639238305,0.7666338001653977
2D Turbulence,ph,0.85,0.055,0.2,277,0.978274037620371,0.181297295740464,1,0.9282550419212432,0.4013191183047996,0.3868956711998798
2D Turbulence,ph,0.85,0.055,0.2,278,0.8131759671679815,0.1686039493450804,1,0.9877864020300312,0.3318561941058157,0.8224431047059259
2D Turbulence,ph,0.85,0.055,0.2,279,0.9708232648382176,0.1418211663268218,1,1.095355910804801,0.3826382041991109,0.8338704849647894
2D Turbulence,ph,0.85,0.055,0.2,280,0.8857181817982579,0.1810742630691315,1,0.8623162699057523,0.3499912712395179,1.0043309099582742
2D Turbulence,ph,0.85,0.055,0.2,281,0.8131142339649828,0.1575846605161686,1,1.1964494016758336,0.3530658414632692,0.4547077547610587
2D Turbulence,ph,0.85,0.055,0.2,282,1.059829323556665,0.203008761365787,1,0.9941240033829156,0.4761169054710825,0.3805918330262683
2D Turbulence,ph,0.85,0.055,0.2,283,1.0161903495092026,0.1688809998067974,1,0.9705819814532828,0.4114163758437578,0.0593318456097115
2D Turbulence,ph,0.85,0.055,0.2,284,0.9213382628345348,0.1393779553007141,1,1.0104485653779611,0.3457588124973179,0.5528163076977359
2D Turbulence,ph,0.85,0.055,0.2,285,0.8537861936044778,0.2245511147067739,1,0.910548376257312,0.3860630589116282,0.518920491326537
2D Turbulence,ph,0.85,0.055,0.2,286,0.9340954156033452,0.1613068851853009,1,1.052759715465168,0.384930498568575,0.5161103129543503
2D Turbulence,ph,0.85,0.055,0.2,287,1.0136685542248332,0.2349105516854959,1,0.8894172707350829,0.4633402361747533,0.4453703892095535
2D Turbulence,ph,0.85,0.055,0.2,288,0.9841596516401376,0.1903895723740264,1,1.0723014976834413,0.4446779465020459,0.3382303019989529
2D Turbulence,ph,0.85,0.055,0.2,289,0.9353703500409628,0.2271440998380937,1,1.1051794188884931,0.4686522687199088,0.1699467199947657
2D Turbulence,ph,0.85,0.055,0.2,290,1.054307426208256,0.1578206494480685,1,1.0664908081202564,0.4325414552126785,0.1465075454001149
2D Turbulence,ph,0.85,0.055,0.2,291,1.0829381365924773,0.2017789775974347,1,0.9681987233798132,0.4786563882191585,0.4943310759891355
2D Turbulence,ph,0.85,0.055,0.2,292,0.9204978211404616,0.1935421857937599,1,1.1577012544263463,0.4357213469819474,0.2156064711817026
2D Turbulence,ph,0.85,0.055,0.2,293,0.9023174245493624,0.1717760964274736,1,1.0647437563198396,0.3858897648558881,0.4666873250750332
2D Turbulence,ph,0.85,0.055,0.2,294,0.8953058176438623,0.1589436043058849,1,1.1735108977862465,0.3866664566278548,0.8184918844516335
2D Turbulence,ph,0.85,0.055,0.2,295,0.7814137330829531,0.1698234559963558,1,1.0374744517698502,0.3279960263775595,0.487703625022534
2D Turbulence,ph,0.85,0.055,0.2,296,0.9341585324326284,0.1680161917100097,1,0.989615466376352,0.3809161536360557,0.6207531921792018
2D Turbulence,ph,0.85,0.055,0.2,297,0.8936772565184399,0.2293080979290691,1,0.9281922819686144,0.4122962435964342,0.8738595296019105
2D Turbulence,ph,0.85,0.055,0.2,298,1.0933645615952805,0.1726744480135124,1,1.0322406594594358,0.4616039456395421,0.5420682492633577
2D Turbulence,ph,0.85,0.055,0.2,299,0.984253607240082,0.1824768574088729,1,0.9727182880041336,0.4146717524964681,-0.2901080271721117
2D Turbulence,ph,0.85,0.055,0.2,300,0.9196321989631352,0.1900428232740924,1,1.0584972625119844,0.4124627900586203,0.4313417595585652
2D Turbulence,ph,0.85,0.055,0.2,301,0.9428240617026906,0.1754286495405894,1,1.053261698703984,0.4052742991744215,0.6819735873112116
2D Turbulence,ph,0.85,0.055,0.2,302,0.9224465610680408,0.1739412103840223,1,0.9414867562695592,0.3732927606711658,0.5201164907798217
2D Turbulence,ph,0.85,0.055,0.2,303,0.9576502726033006,0.1729227745720659,1,1.0564204341171537,0.4093091287875406,0.0112076189284903
2D Turbulence,ph,0.85,0.055,0.2,304,0.971739945799279,0.150854394586088,1,1.0595078667472653,0.3884911517766211,0.7011950541991695
2D Turbulence,ph,0.85,0.055,0.2,305,0.9209712776483264,0.1753585403910153,1,0.9214028662097464,0.3701982201991629,0.341776003960526
2D Turbulence,ph,0.85,0.055,0.2,306,1.0135350217536854,0.1644031556557101,1,1.027353003245286,0.4165370932574733,0.8636392532352745
2D Turbulence,ph,0.85,0.055,0.2,307,0.9378961497306564,0.1850819757599542,1,1.0207165365376472,0.4076518258738676,0.3872202787539561
2D Turbulence,ph,0.85,0.055,0.2,308,0.8021505943988906,0.1838538545288299,1,1.0326542763674151,0.3495181663156331,0.1261503825032349
2D Turbulence,ph,0.85,0.055,0.2,309,0.9420126846831955,0.1683972396296756,1,1.0786991681613556,0.4014896988021473,0.4040368869289856
2D Turbulence,ph,0.85,0.055,0.2,310,0.8746349529854781,0.1691464733170566,1,1.105860566871549,0.378275739294767,0.5490280242087979
2D Turbulence,ph,0.85,0.055,0.2,311,0.8508999953570762,0.1583944662121434,1,0.956615532840264,0.331220522403255,0.2778625127964756
2D Turbulence,ph,0.85,0.055,0.2,312,1.0223003201881409,0.1886547537028335,1,1.0440196519961855,0.4536978384125926,0.1971922228187444
2D Turbulence,ph,0.85,0.055,0.2,313,1.1846734764675455,0.1813224688190785,1,0.970406434517323,0.4969369736266167,-0.026108747819818
2D Turbulence,ph,0.85,0.055,0.2,314,0.8851233757539071,0.1825304310739953,1,1.0608442262524131,0.3894908491887093,0.5029816158569065
2D Turbulence,ph,0.85,0.055,0.2,315,0.8446054593271844,0.1690336288227388,1,0.8246001337873207,0.315327713921503,0.4212587168196419
2D Turbulence,ph,0.85,0.055,0.2,316,0.9448035181982324,0.1531522574408382,1,1.0474561709432917,0.3784174309253738,0.3315583209975437
2D Turbulence,ph,0.85,0.055,0.2,317,0.8944998768611854,0.1836205037499726,1,0.8540362628617311,0.3542248524851437,0.5978905699562256
2D Turbulence,ph,0.85,0.055,0.2,318,0.946992427683238,0.1842664422246266,1,1.023742317037323,0.4113059190238276,0.2997188060314597
2D Turbulence,ph,0.85,0.055,0.2,319,0.9378252917100814,0.1982226537611911,1,0.9301105021835784,0.4026853759696429,-0.0849300309678585
2D Turbulence,ph,0.85,0.055,0.2,320,0.9003507930020815,0.1867282194039288,1,1.005854329809444,0.3901973128454011,-0.0504127948105166
2D Turbulence,ph,0.85,0.055,0.2,321,0.8896352185894542,0.1624717330836759,1,0.928171222710334,0.3454736460770889,0.3554994517597432
2D Turbulence,ph,0.85,0.055,0.2,322,0.9447438556725224,0.1589007136613417,1,1.0938807767496368,0.3938782458625209,0.4886464831191298
2D Turbulence,ph,0.85,0.055,0.2,323,0.9501145479665968,0.1853375641592012,1,1.0909687480689323,0.4272320729736401,0.1779778428848788
2D Turbulence,ph,0.85,0.055,0.2,324,0.9282315851534712,0.2072329645738663,1,0.9237084830021768,0.4061189251746028,0.3963981504337335
2D Turbulence,ph,0.85,0.055,0.2,325,0.9829508348654612,0.2258594404793962,1,1.0581525408329409,0.480535037829774,0.5603277708793266
2D Turbulence,ph,0.85,0.055,0.2,326,0.9612959703594502,0.2018337208970981,1,0.9203657425100152,0.4143183874672146,0.1018271705542609
2D Turbulence,ph,0.85,0.055,0.2,327,0.8877161373013155,0.1897466555496755,1,0.9990367868579424,0.3865021550461374,0.2509287860513077
2D Turbulence,ph,0.85,0.055,0.2,328,0.9058142545393144,0.1577625480392281,1,1.1391776991280465,0.3840049688821993,0.2520612511328769
2D Turbulence,ph,0.85,0.055,0.2,329,0.9483119086798208,0.1961137516493872,1,0.9648211812684966,0.4125044546490165,0.2048338337322374
2D Turbulence,ph,0.85,0.055,0.2,330,0.9296002432298776,0.1862472999834892,1,1.093389963643422,0.4194969069376832,0.3901123798338717
2D Turbulence,ph,0.85,0.055,0.2,331,0.872819072742961,0.1938180118189299,1,1.1458110734359896,0.4113180824881802,0.7935084120598457
2D Turbulence,ph,0.85,0.055,0.2,332,0.8723265930790367,0.1697678707939792,1,0.849293310502226,0.3312346144594851,0.4595356274513964
2D Turbulence,ph,0.85,0.055,0.2,333,0.9453355366585222,0.1736190268876393,1,0.9341596485445932,0.3807107980134774,0.6834599962909268
2D Turbulence,ph,0.85,0.055,0.2,334,0.9262234142975424,0.2265336623161704,1,1.0502602954784126,0.451783746245627,0.3584575119845066
2D Turbulence,ph,0.85,0.055,0.2,335,0.8840129406460373,0.2100464893911626,1,0.9263118940142104,0.3899374582045405,0.4127015227648757
2D Turbulence,ph,0.85,0.055,0.2,336,0.8754666445041476,0.1424654820789496,1,0.9578265621320292,0.3233984010277149,0.8960906197737366
2D Turbulence,ph,0.85,0.055,0.2,337,0.9018994802200426,0.2005609017425385,1,0.9413143581999855,0.3918759536205243,0.499753571874761
2D Turbulence,ph,0.85,0.055,0.2,338,1.0357990659162,0.2044412150458936,1,1.0222433442944456,0.4735184305692981,0.4326573284603262
2D Turbulence,ph,0.85,0.055,0.2,339,0.9569975287657506,0.1775213820885713,1,1.2,0.4416993646356531,0.5976728506919637
2D Turbulence,ph,0.85,0.055,0.2,340,0.9388926745510788,0.1672886318062844,1,0.9472367937010688,0.3737476277385525,0.4975645224062217
2D Turbulence,ph,0.85,0.055,0.2,341,1.016026858705102,0.1837463480808983,1,0.9993098570624828,0.4353761478677624,0.589478813763623
2D Turbulence,ph,0.85,0.055,0.2,342,0.8197299079289655,0.1864219210695474,1,1.1139122581095116,0.3735465775791886,0.4667276857649237
2D Turbulence,ph,0.85,0.055,0.2,343,0.8151390071026386,0.2078668187351245,1,0.9617788158992084,0.3644700651115058,0.3626707522271879
2D Turbulence,ph,0.85,0.055,0.2,344,1.01029784833292,0.1691093076117216,1,1.0021987576005325,0.4159202962567376,0.4887236916422609
2D Turbulence,ph,0.85,0.055,0.2,345,0.8682472115407504,0.202066689470325,1,0.9805947765055628,0.3864875852827642,0.596077239819512
2D Turbulence,ph,0.85,0.055,0.2,346,1.0050635123446672,0.1974516799084778,1,0.978782894629722,0.4418421146163389,0.7578473483555391
2D Turbulence,ph,0.85,0.055,0.2,347,0.8278281456677644,0.1568581630688861,1,0.9799557597656792,0.324561487700001,0.2383376114755939
2D Turbulence,ph,0.85,0.055,0.2,348,0.8866923332695423,0.2002808781095047,1,1.0133605731554336,0.399461288373964,0.178658673844816
2D Turbulence,ph,0.85,0.055,0.2,349,0.8531670841752714,0.1472845385678528,1,1.007614168985141,0.3286698025247034,0.9234084149861151
2D Turbulence,ph,0.85,0.055,0.2,350,0.8732976121532935,0.1740475758282303,1,1.1294335744003106,0.3871922080818767,1.0061639760600902
2D Turbulence,ph,0.85,0.055,0.2,351,0.7954692273413223,0.1781952039773585,1,1.1855001605856186,0.3656134784636486,-0.0772586667714322
2D Turbulence,ph,0.85,0.055,0.2,352,0.7690914393843161,0.1772280346126946,1,0.9364387584154642,0.3133169413572645,0.4595810091847531
2D Turbulence,ph,0.85,0.055,0.2,353,1.009027782621527,0.1311570520804384,1,1.011366315643561,0.3674964855547946,0.3199778892540066
2D Turbulence,ph,0.85,0.055,0.2,354,0.8768414741724193,0.1998235314658634,1,0.9582109347573255,0.3836851226494988,0.5841882922203608
2D Turbulence,ph,0.85,0.055,0.2,355,1.0005046238542832,0.1810133577224894,1,0.8995590142684838,0.4037283457091729,0.5505001730644177
2D Turbulence,ph,0.85,0.055,0.2,356,0.905301268823406,0.169700338874975,1,0.974743659959333,0.3681965317953423,0.2385823759989594
2D Turbulence,ph,0.85,0.055,0.2,357,1.096929681581532,0.2285002250200221,1,1.1235857109681455,0.5558085303772272,0.8430598736942115
2D Turbulence,ph,0.85,0.055,0.2,358,0.9573442638910582,0.183529696271024,1,1.001843378526862,0.41050762512065,0.0603066687719408
2D Turbulence,ph,0.85,0.055,0.2,359,0.8727017042049049,0.1875976233244935,1,0.8587094917079083,0.3502697414115612,0.6223415819668116
2D Turbulence,ph,0.85,0.055,0.2,360,0.8239028556879328,0.1731391901161947,1,0.8455666422798123,0.3152445737192213,0.6761254328130969
2D Turbulence,ph,0.85,0.055,0.2,361,0.8531358684227797,0.192474310523176,1,0.8839334577782058,0.3518960354894708,0.4815684724035821
2D Turbulence,ph,0.85,0.055,0.2,362,0.8156279360269323,0.1950373782456257,1,0.8772681457938679,0.3373783404401623,1.0373479688322245
2D Turbulence,ph,0.85,0.055,0.2,363,0.9128931261091155,0.1580876762113099,1,0.9631430664049864,0.3562167574326919,0.2031321528144075
2D Turbulence,ph,0.85,0.055,0.2,364,0.9696421404323068,0.2073578879630844,1,0.9532708585333504,0.431101883554382,-0.0132288696608079
2D Turbulence,ph,0.85,0.055,0.2,365,0.8990984096279769,0.1703482769284071,1,0.9031654198062556,0.352662882181384,0.316866367060391
2D Turbulence,ph,0.85,0.055,0.2,366,0.9906888878853132,0.200158983068704,1,1.0299504731108782,0.4498140384288132,0.7437942076037511
2D Turbulence,ph,0.85,0.055,0.2,367,1.052482266452837,0.2224060918534902,1,1.07811993876406,0.5153730034454392,0.3847821229734517
2D Turbulence,ph,0.85,0.055,0.2,368,1.0209500209455686,0.1756167672512929,1,1.0564511943846953,0.439756422402493,0.1757419317625752
2D Turbulence,ph,0.85,0.055,0.2,369,0.853623842888231,0.1656604774846323,1,1.078426555216089,0.360803945576527,0.4699892464686884
2D Turbulence,ph,0.85,0.055,0.2,370,1.014170875560535,0.2090522115284173,1,1.0082267758002836,0.4656049953990396,0.3058373571312681
2D Turbulence,ph,0.85,0.055,0.2,371,0.9685018550992276,0.1654993160217982,1,0.9075410769819268,0.375345924016786,0.375152264099673
2D Turbulence,ph,0.85,0.055,0.2,372,0.8420562211336166,0.1744721569914681,1,1.064854426680475,0.362952067159833,0.442392212119216
2D Turbulence,ph,0.85,0.055,0.2,373,0.9678121827705704,0.2000917196722776,1,1.0612602976201269,0.4459812513185433,0.7622338542342797
2D Turbulence,ph,0.85,0.055,0.2,374,0.9164917353552556,0.1715133531697153,1,1.0147660984106628,0.3823494736819784,0.3813747714533637
2D Turbulence,ph,0.85,0.055,0.2,375,0.8951247895057591,0.1746020388220294,1,0.9154887195976804,0.3578777832840506,0.664885218490012
2D Turbulence,ph,0.85,0.055,0.2,376,0.8293820138640067,0.1896560979327346,1,1.0219840073838398,0.3651405524389178,0.297735494326118
2D Turbulence,ph,0.85,0.055,0.2,377,0.9344394089038012,0.2005230255253479,1,0.9727831389768408,0.4127064797320803,0.607120651926515
2D Turbulence,ph,0.85,0.055,0.2,378,0.9835390368000568,0.1875884181120065,1,1.0683870221785714,0.4403103704504686,0.2877968406090892
2D Turbulence,ph,0.85,0.055,0.2,379,0.8451120915013309,0.219239390725089,1,0.9699628338949592,0.3897186195562776,-0.1779502962998566
2D Turbulence,ph,0.85,0.055,0.2,380,0.9488099306705068,0.1580168476737715,1,1.0007813565855508,0.3773119165004228,0.9972543336772642
2D Turbulence,ph,0.85,0.055,0.2,381,0.9453321348357694,0.2230811766700546,1,1.0634343261180834,0.4604380667554507,0.0673797808271277
2D Turbulence,ph,0.85,0.055,0.2,382,0.937750356259202,0.1948243620949747,1,0.9506130458359534,0.4035624540661582,0.1318719759520998
2D Turbulence,ph,0.85,0.055,0.2,383,0.9268278705581252,0.1848369554471676,1,1.1029263039911277,0.4184723187030835,0.6036608794777911
2D Turbulence,ph,0.85,0.055,0.2,384,0.8550863778149942,0.2129359072302206,1,0.8898341416562787,0.3722108009785466,0.43092835151527
2D Turbulence,ph,0.85,0.055,0.2,385,0.9693136674530332,0.1486844616181241,1,0.9370853680555488,0.3618151160824943,0.1577992609485792
2D Turbulence,ph,0.85,0.055,0.2,386,0.8592032851918744,0.1851877344024223,1,1.0348691079089876,0.3761358682378125,0.5465384482156721
2D Turbulence,ph,0.85,0.055,0.2,387,0.9142653197829652,0.1898905401279915,1,1.0159987193845137,0.4015785353832537,0.7443003713344796
2D Turbulence,ph,0.85,0.055,0.2,388,0.8960359567698276,0.2170629539938201,1,0.9334426862066872,0.4033314807547495,0.7102548865273155
2D Turbulence,ph,0.85,0.055,0.2,389,0.8428117318736114,0.176825516650326,1,0.99566977269239,0.3536394459668479,1.0440997912579917
2D Turbulence,ph,0.85,0.055,0.2,390,0.869383856904512,0.1585465138934159,1,1.1003759650556872,0.363128610848155,0.3957295185984975
2D Turbulence,ph,0.85,0.055,0.2,391,0.93597672471764,0.150021778831706,1,0.9009518370390408,0.3441065916767276,0.2354234736874901
2D Turbulence,ph,0.85,0.055,0.2,392,0.987444954947827,0.1210915218651898,1,1.0910906328663388,0.3589220814359027,0.4765524794507847
2D Turbulence,ph,0.85,0.055,0.2,393,0.829240564887746,0.1972709715477807,1,1.0069022300067825,0.3695777200018496,0.2774507376751404
2D Turbulence,ph,0.85,0.055,0.2,394,0.945152181382534,0.1787340141344432,1,0.9076313935442426,0.3806800345993791,0.309274629805461
2D Turbulence,ph,0.85,0.055,0.2,395,0.9566739163198196,0.1906217475410339,1,1.0636967492195224,0.430783511862767,0.2283569114433732
2D Turbulence,ph,0.85,0.055,0.2,396,0.8885769273908675,0.2002355780198906,1,1.1108931801806765,0.4190846996296979,0.495355485785679
2D Turbulence,ph,0.85,0.055,0.2,397,0.919932096022658,0.1936277184176118,1,0.9658897901661212,0.3978353070287918,0.2083014010162145
2D Turbulence,ph,0.85,0.055,0.2,398,0.8897570118323538,0.2150588347032158,1,1.0388465989632838,0.4205578797096952,0.1535066005073381
2D Turbulence,ph,0.85,0.055,0.2,399,1.097631811699422,0.1953979659188599,1,1.1078739892784286,0.5106953312608458,0.5487159281621261
TC MultiVortex (strong),lambda_ci,0.85,0.08,0.2,0,11.3280344455361,0.1255223546499938,2,1.1254259943296407,3.010638234814521,3.087263141572827
TC MultiVortex (strong),lambda_ci,0.85,0.08,0.2,1,11.579522503845432,0.0916186593169175,2,0.9599551966009948,2.428248344889635,2.1578989118070218
TC MultiVortex (strong),lambda_ci,0.85,0.08,0.2,2,12.12774801118046,0.1262055891463969,2,1.0920321952235528,3.183627022302854,1.6075695144878597
TC MultiVortex (strong),lambda_ci,0.85,0.08,0.2,3,11.53092376135436,0.0986190233708597,2,0.8412878867023431,2.348560592937862,3.3681011947488657
TC MultiVortex (strong),lambda_ci,0.85,0.08,0.2,4,14.313251118148086,0.1144619426037913,2,1.08252269764031,3.562643404366458,1.6325583634397316
TC MultiVortex (strong),lambda_ci,0.85,0.08,0.2,5,13.70085103821894,0.1168981698911569,2,0.982982689240148,3.284046800847156,1.8492921594895784
TC MultiVortex (strong),lambda_ci,0.85,0.08,0.2,6,12.343753899857589,0.139903970985283,2,0.9978225744547904,3.261173765486165,2.7866370326306744
TC MultiVortex (strong),lambda_ci,0.85,0.08,0.2,7,15.113380879781856,0.0890462669666984,2,1.0016303715384296,3.191598341154618,3.618061973755202
TC MultiVortex (strong),lambda_ci,0.85,0.08,0.2,8,12.16312545416958,0.088577807961199,2,0.9113665691647508,2.4436511072567595,2.333161846990667
TC MultiVortex (strong),lambda_ci,0.85,0.08,0.2,9,12.448024328903845,0.1018410962743964,2,0.9843408733725584,2.7868893306896925,2.809997969734601
TC MultiVortex (strong),lambda_ci,0.85,0.08,0.2,10,13.969450498979016,0.1012388067626555,2,1.1364687157919433,3.3505536526218,1.9002785168710337
TC MultiVortex (strong),lambda_ci,0.85,0.08,0.2,11,12.863359755175704,0.0955583876505181,2,1.0378913565698311,2.8645062380188344,2.7144597883961405
TC MultiVortex (strong),lambda_ci,0.85,0.08,0.2,12,13.25382867167048,0.0979876944983319,2,1.0111474514616343,2.9499820269346806,2.0637958797044047
TC MultiVortex (strong),lambda_ci,0.85,0.08,0.2,13,12.9947776368701,0.1204072384046388,2,1.0612022573792688,3.28457539320913,2.823994928734178
TC MultiVortex (strong),lambda_ci,0.85,0.08,0.2,14,12.966432154705211,0.0997393257416583,2,0.9589348233894468,2.8355235149247964,3.99402070502718
TC MultiVortex (strong),lambda_ci,0.85,0.08,0.2,15,13.138212299217278,0.1013127356549366,2,1.108354032877731,3.1130962735418746,3.438683767441258
TC MultiVortex (strong),lambda_ci,0.85,0.08,0.2,16,12.645537891110878,0.080202736013113,2,1.0531013041143156,2.5986750494149984,2.806619545038211
TC MultiVortex (strong),lambda_ci,0.85,0.08,0.2,17,12.588571575897166,0.1205459419511469,2,1.0079623697072948,3.102843794686584,3.207764227029872
TC MultiVortex (strong),lambda_ci,0.85,0.08,0.2,18,12.574791228711057,0.0995960291143406,2,0.9557921666135484,2.743396187786588,2.0425416686505096
TC MultiVortex (strong),lambda_ci,0.85,0.08,0.2,19,12.63021890949176,0.105539054309645,2,0.9166423229509766,2.7778093281556684,2.5782891541385027
TC MultiVortex (strong),lambda_ci,0.85,0.08,0.2,20,12.411030268208496,0.1107031975512447,2,1.0060395737910954,2.9287375257628363,1.8442750742737597
TC MultiVortex (strong),lambda_ci,0.85,0.08,0.2,21,13.53412312774318,0.0960814357355876,2,1.0834090201861617,3.0876715126342145,2.799678555889036
TC MultiVortex (strong),lambda_ci,0.85,0.08,0.2,22,12.904437764913052,0.1028994842062714,2,1.0886799570928074,3.054082765889336,2.9336898867875427
TC MultiVortex (strong),lambda_ci,0.85,0.08,0.2,23,11.91529169193658,0.1202895635477451,2,1.0808119238641565,3.0379366894418998,2.913313343200457
TC MultiVortex (strong),lambda_ci,0.85,0.08,0.2,24,14.47819047363274,0.0999689121882938,2,1.0333038143973052,3.29037796022892,2.6085601787068637
TC MultiVortex (strong),lambda_ci,0.85,0.08,0.2,25,13.056183569724253,0.1125211695070053,2,1.077937632864448,3.2152532480519675,2.262171195901784
TC MultiVortex (strong),lambda_ci,0.85,0.08,0.2,26,11.030425810839953,0.0790590236676221,2,1.12178928264651,2.3227830423639504,2.0202705998639523
TC MultiVortex (strong),lambda_ci,0.85,0.08,0.2,27,12.854147849714357,0.0803432504506201,2,1.087632411374563,2.6868539660230795,3.3451592856192023
TC MultiVortex (strong),lambda_ci,0.85,0.08,0.2,28,13.450104315290476,0.1099938251524108,2,0.989708719203348,3.137967965114388,3.436271293387616
TC MultiVortex (strong),lambda_ci,0.85,0.08,0.2,29,13.170314317781983,0.0962032508473165,2,0.9806233052047784,2.860402315950865,3.805889504121131
TC MultiVortex (strong),lambda_ci,0.85,0.08,0.2,30,11.236213164232966,0.0910530752264927,2,0.8671726207491071,2.232569871713185,3.1746402480880054
TC MultiVortex (strong),lambda_ci,0.85,0.08,0.2,31,14.124690340750073,0.1240042581418124,2,1.1950974689851122,3.844889829832006,3.420466538162411
TC MultiVortex (strong),lambda_ci,0.85,0.08,0.2,32,12.196727524940066,0.1212525931572512,2,1.132014489179206,3.1952131467943063,1.949300237646716
TC MultiVortex (strong),lambda_ci,0.85,0.08,0.2,33,13.74594067152728,0.0905896713514047,2,0.8527533910614505,2.701534617054292,3.67069486442686
TC MultiVortex (strong),lambda_ci,0.85,0.08,0.2,34,11.743228815766276,0.1073412800392938,2,1.047806309926427,2.784815419771334,3.562594739115857
TC MultiVortex (strong),lambda_ci,0.85,0.08,0.2,35,14.860424101345254,0.1089528791992619,2,1.0840743546827136,3.611312716395035,3.380912851853036
TC MultiVortex (strong),lambda_ci,0.85,0.08,0.2,36,13.352194158869764,0.1010813545263749,2,1.1013617397516613,3.1502002404980898,3.4660152501360124
TC MultiVortex (strong),lambda_ci,0.85,0.08,0.2,37,12.213100282476857,0.0856971064840822,2,0.9400809293135756,2.4511880224886693,3.773466771070112
TC MultiVortex (strong),lambda_ci,0.85,0.08,0.2,38,13.532339961075165,0.0979037767779427,2,0.9865733883600972,2.9738723499957453,2.12739427725008
TC MultiVortex (strong),lambda_ci,0.85,0.08,0.2,39,11.118685004760462,0.1058756497542552,2,1.0962828608417226,2.678537835940422,1.961588656440913
TC MultiVortex (strong),lambda_ci,0.85,0.08,0.2,40,12.403143202053284,0.0732758513616715,2,1.0651301009784813,2.450183019249577,3.241905944174555
TC MultiVortex (strong),lambda_ci,0.85,0.08,0.2,41,13.112176531909796,0.1166157252757683,2,1.0261250027634137,3.2072918708932314,2.89683350907318
TC MultiVortex (strong),lambda_ci,0.85,0.08,0.2,42,11.881956063063642,0.0906574325389519,2,0.8551482426643047,2.339350821532775,3.4838875560006834
TC MultiVortex (strong),lambda_ci,0.85,0.08,0.2,43,13.358956339206982,0.105024883268606,2,0.9997667943590004,3.0609271287946416,3.9736970151657744
TC MultiVortex (strong),lambda_ci,0.85,0.08,0.2,44,14.392864134136127,0.097654133557864,2,1.0641841089857405,3.280846625063271,2.714264424776579
TC MultiVortex (strong),lambda_ci,0.85,0.08,0.2,45,11.97460969894126,0.1086475764404273,2,1.0260792577318916,2.8271369374568582,1.855368318461152
TC MultiVortex (strong),lambda_ci,0.85,0.08,0.2,46,12.553644516940992,0.0916186676676239,2,0.996563068802252,2.6822497225774344,2.446612960307582
TC MultiVortex (strong),lambda_ci,0.85,0.08,0.2,47,13.00319898457993,0.1155415351179482,2,1.0180627884299362,3.15349073383949,1.8987644160027208
TC MultiVortex (strong),lambda_ci,0.85,0.08,0.2,48,10.948331808493023,0.0927652681755347,2,1.0738681394830902,2.4434369335702653,2.478468604964747
TC MultiVortex (strong),lambda_ci,0.85,0.08,0.2,49,14.535582051030795,0.1256407070885767,2,1.0547600383637057,3.741618022237111,4.296717273990815
TC MultiVortex (strong),lambda_ci,0.85,0.08,0.2,50,13.086332484350738,0.1001499007896109,2,0.8773787800710673,2.7429745450946905,3.737395510633674
TC MultiVortex (strong),lambda_ci,0.85,0.08,0.2,51,13.196695077411263,0.088818683952138,2,0.9823473949374172,2.7563534066325537,2.7080646523523737
TC MultiVortex (strong),lambda_ci,0.85,0.08,0.2,52,12.047713752954811,0.0851286665885236,2,1.1222848557623315,2.6331712779609098,3.6533845850702575
TC MultiVortex (strong),lambda_ci,0.85,0.08,0.2,53,12.511691247519767,0.0869570668879783,2,0.9640549100997295,2.56155890638922,2.342970041213075
TC MultiVortex (strong),lambda_ci,0.85,0.08,0.2,54,14.434740010899874,0.1131072357038433,2,1.0410802081506296,3.5025251110874924,2.872388675158734
TC MultiVortex (strong),lambda_ci,0.85,0.08,0.2,55,14.72155047416041,0.0930748153844187,2,1.1540580804388594,3.4116814904878727,1.878987504851514
TC MultiVortex (strong),lambda_ci,0.85,0.08,0.2,56,13.040508535490831,0.0840142713391224,2,1.1204234669572504,2.8290925864631484,3.612575388966517
TC MultiVortex (strong),lambda_ci,0.85,0.08,0.2,57,12.898255737684485,0.1017977947098358,2,0.9021052685891064,2.7638456152448105,2.2836461777764683
TC MultiVortex (strong),lambda_ci,0.85,0.08,0.2,58,12.827402150207496,0.0953104345117383,2,1.0135781095535137,2.819178330621487,2.8434597920544182
TC MultiVortex (strong),lambda_ci,0.85,0.08,0.2,59,12.297977203720263,0.1148724122483498,2,1.094532889182266,3.0834787826405816,3.3031842968963403
TC MultiVortex (strong),lambda_ci,0.85,0.08,0.2,60,11.966420177556076,0.0957664891930319,2,0.9907595928740044,2.606394656375255,2.4186644619624533
TC MultiVortex (strong),lambda_ci,0.85,0.08,0.2,61,11.858537260517974,0.1151103958206785,2,1.047997200339706,2.9124163438795336,2.2527497816679336
TC MultiVortex (strong),lambda_ci,0.85,0.08,0.2,62,13.608905937864307,0.1103596620718454,2,0.8,2.859291208760588,1.964237222633763
TC MultiVortex (strong),lambda_ci,0.85,0.08,0.2,63,14.48402319427136,0.1009323428739579,2,1.1011481580233309,3.41438326617368,3.958638849293943
TC MultiVortex (strong),lambda_ci,0.85,0.08,0.2,64,11.253006526634325,0.1005404266242013,2,0.9141010979273606,2.412242973729304,3.6399322450252383
TC MultiVortex (strong),lambda_ci,0.85,0.08,0.2,65,13.99406945623605,0.1029791546016637,2,1.0751131141154189,3.2925377884044225,3.625762201855148
TC MultiVortex (strong),lambda_ci,0.85,0.08,0.2,66,12.375929411366553,0.1032868237680311,2,1.0168814675000486,2.8360929037054423,2.072562918681626
TC MultiVortex (strong),lambda_ci,0.85,0.08,0.2,67,12.840094956582726,0.0916648384590771,2,0.8564255271680632,2.543896443819366,2.9534486671184887
TC MultiVortex (strong),lambda_ci,0.85,0.08,0.2,68,11.774435299538826,0.1101164274751418,2,0.9753105136715066,2.728491462586543,2.7246907460579517
TC MultiVortex (strong),lambda_ci,0.85,0.08,0.2,69,12.848260100969211,0.0995140735376486,2,1.0491898191515616,2.9356116870849345,1.9386969357195611
TC MultiVortex (strong),lambda_ci,0.85,0.08,0.2,70,11.78752395460105,0.0961836443535658,2,1.0709027548354175,2.675058121770134,3.746476568601512
TC MultiVortex (strong),lambda_ci,0.85,0.08,0.2,71,13.748225074064264,0.1148562281206357,2,0.912196446891464,3.146683759646545,3.1817757174019694
TC MultiVortex (strong),lambda_ci,0.85,0.08,0.2,72,12.777647271346972,0.1027253295996597,2,0.9709222425940852,2.853427840230984,3.6630228506746714
TC MultiVortex (strong),lambda_ci,0.85,0.08,0.2,73,14.701412325437406,0.1033048918159588,2,0.9694387264306727,3.2897635649068184,2.122333592568192
TC MultiVortex (strong),lambda_ci,0.85,0.08,0.2,74,12.25407560598014,0.1206842785938345,2,1.0039381165487404,3.016090569895376,3.699151175652956
TC MultiVortex (strong),lambda_ci,0.85,0.08,0.2,75,14.654269070006166,0.0733079779075272,2,1.0273400769101602,2.8436876965332742,3.323730857649449
TC MultiVortex (strong),lambda_ci,0.85,0.08,0.2,76,13.32720124359877,0.1084890279477222,2,1.1380632968281266,3.3113117907117475,2.5687912954919554
TC MultiVortex (strong),lambda_ci,0.85,0.08,0.2,77,12.342469616917423,0.1148168733707277,2,1.07053726399063,3.05978436863128,2.5461221897344832
TC MultiVortex (strong),lambda_ci,0.85,0.08,0.2,78,12.873511552437735,0.097902109148586,2,0.9688464007194142,2.8035320052748887,2.948942975394663
TC MultiVortex (strong),lambda_ci,0.85,0.08,0.2,79,12.486792364612365,0.0909892842477247,2,1.0384138297821104,2.7140400272809324,2.599565515349495
TC MultiVortex (strong),lambda_ci,0.85,0.08,0.2,80,13.659242548926718,0.0981953489041752,2,1.0412731079572946,3.088441674645923,1.644686307314883
TC MultiVortex (strong),lambda_ci,0.85,0.08,0.2,81,12.152415908616357,0.0961188844652537,2,1.0969277765130434,2.7902364294158346,3.3113068250535687
TC MultiVortex (strong),lambda_ci,0.85,0.08,0.2,82,12.6355643245263,0.1171169339834557,2,0.9996427396448292,3.057115875915017,3.4753668955197603
TC MultiVortex (strong),lambda_ci,0.85,0.08,0.2,83,10.663130362258292,0.1047818186709933,2,1.1028090723627144,2.5630840736910847,2.6365325685809258
TC MultiVortex (strong),lambda_ci,0.85,0.08,0.2,84,13.736619406557258,0.0980757600595058,2,1.0756988499241462,3.1549396866184694,3.336616066988471
TC MultiVortex (strong),lambda_ci,0.85,0.08,0.2,85,12.485917444902611,0.1007094602982158,2,1.1143622396949058,2.957697739048077,3.322698846150394
TC MultiVortex (strong),lambda_ci,0.85,0.08,0.2,86,13.606599343490952,0.0975671804235854,2,0.95843094179081,2.942164081829323,2.160219707323124
TC MultiVortex (strong),lambda_ci,0.85,0.08,0.2,87,12.017567208450528,0.0846952180480997,2,0.9092001964650642,2.358092122365149,2.6132584434282013
TC MultiVortex (strong),lambda_ci,0.85,0.08,0.2,88,12.077566820261978,0.1028258652223506,2,1.077607956212199,2.8427982013297206,1.8380226038546053
TC MultiVortex (strong),lambda_ci,0.85,0.08,0.2,89,13.294366988543144,0.089701969519757,2,1.079805254345244,2.925676968830147,3.785317048711316
TC MultiVortex (strong),lambda_ci,0.85,0.08,0.2,90,12.69662005822194,0.1099246938648069,2,1.1733476359632613,3.224290098394177,2.2063051450082645
TC MultiVortex (strong),lambda_ci,0.85,0.08,0.2,91,12.798531601344768,0.12708417970164,2,0.8934408370018528,3.0494659739748897,1.6967293824939744
TC MultiVortex (strong),lambda_ci,0.85,0.08,0.2,92,11.805599911468144,0.1247936319728176,2,1.171773875513655,3.1922079958230105,2.1475481310048474
TC MultiVortex (strong),lambda_ci,0.85,0.08,0.2,93,13.59080240551406,0.1008938176578881,2,0.8932671768648229,2.885048153779575,3.929117563082509
TC MultiVortex (strong),lambda_ci,0.85,0.08,0.2,94,13.05208128963569,0.109917325645217,2,0.8488107777822852,2.8190533274771323,1.965119269722417
TC MultiVortex (strong),lambda_ci,0.85,0.08,0.2,95,12.00782134342179,0.1109697880273067,2,1.026955383302313,2.8663378990255963,3.351588272589877
TC MultiVortex (strong),lambda_ci,0.85,0.08,0.2,96,13.76756430376039,0.1105518709965997,2,1.0090775389675877,3.2515275189177912,4.034795079272017
TC MultiVortex (strong),lambda_ci,0.85,0.08,0.2,97,12.46372336351105,0.1007215470853973,2,1.0025897607221783,2.800629310688399,3.014966218973002
TC MultiVortex (strong),lambda_ci,0.85,0.08,0.2,98,15.2298716803616,0.0979790641515192,2,1.0546460131422104,3.461794212005354,3.866647480167832
TC MultiVortex (strong),lambda_ci,0.85,0.08,0.2,99,14.087777140638591,0.1308777228144462,2,0.9052496918050376,3.428818782705754,3.296319666446517
TC MultiVortex (strong),lambda_ci,0.85,0.08,0.2,100,14.363446350711754,0.1155955115056647,2,0.9101906961593144,3.2944304257928185,3.634172065715536
TC MultiVortex (strong),lambda_ci,0.85,0.08,0.2,101,12.872697318545235,0.1047096939250905,2,0.9301269955727098,2.8406591731425808,3.1316136264122214
TC MultiVortex (strong),lambda_ci,0.85,0.08,0.2,102,13.575882211998236,0.0894972918163546,2,0.9501421332322704,2.7993184000633407,3.647340984704355
TC MultiVortex (strong),lambda_ci,0.85,0.08,0.2,103,13.46117713268688,0.131053174751568,2,1.0919956851959784,3.600827158286864,3.002849384815906
TC MultiVortex (strong),lambda_ci,0.85,0.08,0.2,104,11.721652175138168,0.1016792940700545,2,0.8888798615695597,2.4917910806447745,2.9092362150674247
TC MultiVortex (strong),lambda_ci,0.85,0.08,0.2,105,11.08961785443394,0.1084394441777361,2,1.042818229910957,2.6369356497104923,3.2403063418956943
TC MultiVortex (strong),lambda_ci,0.85,0.08,0.2,106,10.531179450917938,0.1195133870404539,2,1.045929152530428,2.632821565697671,3.205745524801842
TC MultiVortex (strong),lambda_ci,0.85,0.08,0.2,107,12.82157815550029,0.1000961979243303,2,1.0551972482188838,2.946470531050708,3.036258038049546
TC MultiVortex (strong),lambda_ci,0.85,0.08,0.2,108,12.739611636733043,0.1276612201652608,2,1.0408095651054696,3.2836459466196013,1.7206570278324191
TC MultiVortex (strong),lambda_ci,0.85,0.08,0.2,109,12.513774567742836,0.1123617532978681,2,0.9833122660215354,2.941225422767868,3.2244876644112845
TC MultiVortex (strong),lambda_ci,0.85,0.08,0.2,110,12.963289609706475,0.1068027216174114,2,0.9602917789103026,2.9355737199008503,3.168793216784677
TC MultiVortex (strong),lambda_ci,0.85,0.08,0.2,111,13.868060653082184,0.1127429541291034,2,1.074643752734299,3.4133254495404377,3.0880691934399582
TC MultiVortex (strong),lambda_ci,0.85,0.08,0.2,112,13.092310820994925,0.1018527724758131,2,0.96842802197512,2.907511296286029,2.909308517057286
TC MultiVortex (strong),lambda_ci,0.85,0.08,0.2,113,11.809882066883356,0.107147489649424,2,0.941683300161648,2.652613634150968,3.1809718777903853
TC MultiVortex (strong),lambda_ci,0.85,0.08,0.2,114,13.80899307507578,0.072399614374354,2,1.0125357145290597,2.6437495808637466,3.061688037256432
TC MultiVortex (strong),lambda_ci,0.85,0.08,0.2,115,13.76616181255233,0.0830996694080503,2,1.1720942899867293,3.037937224445061,3.215808793215516
TC MultiVortex (strong),lambda_ci,0.85,0.08,0.2,116,13.94272382239497,0.1220670891715407,2,0.9278266573533775,3.317915676194419,2.7515524374034306
TC MultiVortex (strong),lambda_ci,0.85,0.08,0.2,117,12.71632963328096,0.1107751965418181,2,1.041939814633782,3.054846275647102,1.9217675109889916
TC MultiVortex (strong),lambda_ci,0.85,0.08,0.2,118,13.26320856874411,0.1044415317281069,2,0.9863286448131512,3.01010080961889,2.3801406928365783
TC MultiVortex (strong),lambda_ci,0.85,0.08,0.2,119,12.138435233094476,0.0949573222513762,2,0.9791752533521484,2.617231578614959,3.542379042634089
TC MultiVortex (strong),lambda_ci,0.85,0.08,0.2,120,10.68404646679525,0.1151039284560653,2,0.9602733813720772,2.5116741083181813,3.080973106338674
TC MultiVortex (strong),lambda_ci,0.85,0.08,0.2,121,13.665817604966316,0.1073674255588067,2,0.9270206434475872,3.0486080686597066,3.1716904984891925
TC MultiVortex (strong),lambda_ci,0.85,0.08,0.2,122,13.18246737652954,0.0917877431901849,2,0.8764150618119928,2.6438022608695104,1.9791127114973248
TC MultiVortex (strong),lambda_ci,0.85,0.08,0.2,123,13.966504986963448,0.0890472674121958,2,0.8862462017105407,2.774343521749543,3.2605526411169308
TC MultiVortex (strong),lambda_ci,0.85,0.08,0.2,124,11.101277156997217,0.1084213970455501,2,1.0021885190406024,2.587558390208121,3.772950734767856
TC MultiVortex (strong),lambda_ci,0.85,0.08,0.2,125,15.19665820757162,0.0789810583611431,2,0.9968282725945506,3.0151210035356457,2.9312735128754586
TC MultiVortex (strong),lambda_ci,0.85,0.08,0.2,126,13.424463930599218,0.1054302593613472,2,0.9623105267538468,3.02358519576242,3.120949867412454
TC MultiVortex (strong),lambda_ci,0.85,0.08,0.2,127,14.225740606691373,0.1011265161848428,2,1.0565952054685557,3.288112956814382,3.352172423762851
TC MultiVortex (strong),lambda_ci,0.85,0.08,0.2,128,13.177584486433595,0.1141354806049525,2,1.087276211169921,3.2824724557716127,3.883120184028913
TC MultiVortex (strong),lambda_ci,0.85,0.08,0.2,129,11.910365851995511,0.1014216797347489,2,1.0739800808484457,2.779544407234454,2.841216516149038
TC MultiVortex (strong),lambda_ci,0.85,0.08,0.2,130,12.28299343692823,0.1079485905413633,2,1.0370336531775377,2.905990131354589,3.460288807811762
TC MultiVortex (strong),lambda_ci,0.85,0.08,0.2,131,13.018579378052976,0.0902330540786949,2,0.890247462526807,2.609076411328227,3.825817217726722
TC MultiVortex (strong),lambda_ci,0.85,0.08,0.2,132,12.525089405507712,0.0909748809299354,2,0.9951837530344728,2.664883472304298,2.7742479154427984
TC MultiVortex (strong),lambda_ci,0.85,0.08,0.2,133,10.685166813455874,0.0898616013833518,2,0.9734200819606446,2.23461925411922,2.2959070890818394
TC MultiVortex (strong),lambda_ci,0.85,0.08,0.2,134,11.874417176383105,0.1158110925195314,2,0.9968557325423768,2.8529130753829306,3.141050552802709
TC MultiVortex (strong),lambda_ci,0.85,0.08,0.2,135,12.349972345837111,0.1105156283352836,2,0.9829918280796156,2.8783114783369315,3.590521865396717
TC MultiVortex (strong),lambda_ci,0.85,0.08,0.2,136,11.39243014558662,0.103044508193847,2,0.9216459396657486,2.482537737209406,3.164559739743387
TC MultiVortex (strong),lambda_ci,0.85,0.08,0.2,137,12.977308261309313,0.1052779585890772,2,0.9571049825117534,2.9128501233881403,1.9889631679855535
TC MultiVortex (strong),lambda_ci,0.85,0.08,0.2,138,12.062721646198476,0.1072057045170684,2,1.0766863711774153,2.897903130294696,3.133636654738826
TC MultiVortex (strong),lambda_ci,0.85,0.08,0.2,139,11.64844876088994,0.1073407884376552,2,0.8254985901715916,2.451848627933479,3.781826657935406
TC MultiVortex (strong),lambda_ci,0.85,0.08,0.2,140,12.310126928590092,0.0970888504854674,2,1.0282081964976917,2.7502536103024093,2.6001039431593047
TC MultiVortex (strong),lambda_ci,0.85,0.08,0.2,141,13.389339354801471,0.0968085046082586,2,1.165178969929764,3.179781115202928,2.6485841623651827
TC MultiVortex (strong),lambda_ci,0.85,0.08,0.2,142,12.6575442276048,0.1003729015778217,2,0.9938956108262677,2.8269171562665987,2.813784431967486
TC MultiVortex (strong),lambda_ci,0.85,0.08,0.2,143,11.724611052358515,0.1057337117250301,2,0.9195520366339524,2.585105913091956,3.39210938339095
TC MultiVortex (strong),lambda_ci,0.85,0.08,0.2,144,13.020604626800422,0.0797805003214162,2,1.0122443729532558,2.6164185358984327,3.4140807223306875
TC MultiVortex (strong),lambda_ci,0.85,0.08,0.2,145,13.427409080593751,0.122106866822914,2,0.955765878700176,3.243568150847444,2.8306021736125766
TC MultiVortex (strong),lambda_ci,0.85,0.08,0.2,146,13.761935676725018,0.1149798517101544,2,0.9733175012259092,3.255387294525296,3.852350379801271
TC MultiVortex (strong),lambda_ci,0.85,0.08,0.2,147,15.115658895376914,0.0914726006444863,2,0.9104908760415992,3.084575448151727,2.287876371136422
TC MultiVortex (strong),lambda_ci,0.85,0.08,0.2,148,14.259202196354623,0.1035832229243481,2,1.0036906250235105,3.2510591653914918,4.040167759318457
TC MultiVortex (strong),lambda_ci,0.85,0.08,0.2,149,14.37579557554906,0.079154895691082,2,0.924693954449312,2.7501399203289103,2.7384424979778537
TC MultiVortex (strong),lambda_ci,0.85,0.08,0.2,150,13.438686966091815,0.099731927676545,2,1.0656114559126333,3.0978357480201058,2.345275608242285
TC MultiVortex (strong),lambda_ci,0.85,0.08,0.2,151,12.039733244703372,0.0984249416255892,2,0.9614314857074888,2.6188680668818507,3.215979569707103
TC MultiVortex (strong),lambda_ci,0.85,0.08,0.2,152,13.149423561095466,0.092025171282329,2,0.8096923272789192,2.538078476256276,3.457428569145901
TC MultiVortex (strong),lambda_ci,0.85,0.08,0.2,153,13.601321974370356,0.1153520343432579,2,0.8581948451640931,3.026019368697274,3.624744765922929
TC MultiVortex (strong),lambda_ci,0.85,0.08,0.2,154,14.085029659085066,0.0943578618338912,2,0.8927278216647871,2.890622297554903,3.595359666152596
TC MultiVortex (strong),lambda_ci,0.85,0.08,0.2,155,12.646446342798308,0.0902102537067145,2,1.1479601818915288,2.877695728750501,2.611406160999573
TC MultiVortex (strong),lambda_ci,0.85,0.08,0.2,156,12.512162349525711,0.0837226814931903,2,0.827002222505407,2.3280498534948277,2.955873717349073
TC MultiVortex (strong),lambda_ci,0.85,0.08,0.2,157,14.237286508301532,0.1018927403880705,2,1.0411633257867774,3.2790140631250075,2.842905686054617
TC MultiVortex (strong),lambda_ci,0.85,0.08,0.2,158,14.031966554670603,0.0947214738163087,2,0.9903121291737126,3.038881852076519,2.5292422132362584
TC MultiVortex (strong),lambda_ci,0.85,0.08,0.2,159,13.452937536367344,0.1027813235935314,2,1.0444434850605409,3.116748101192871,3.3559756335097384
TC MultiVortex (strong),lambda_ci,0.85,0.08,0.2,160,12.326743890167217,0.0983258114204018,2,1.082887183918929,2.844190958196756,2.610043868710256
TC MultiVortex (strong),lambda_ci,0.85,0.08,0.2,161,11.60123453970334,0.1001406556617276,2,1.0512423453374953,2.661618751981621,3.009326365516217
TC MultiVortex (strong),lambda_ci,0.85,0.08,0.2,162,12.476704640465057,0.1146288725878485,2,0.9290132084622892,2.879007864535738,2.261271307336445
TC MultiVortex (strong),lambda_ci,0.85,0.08,0.2,163,12.820748909601242,0.1100839585336857,2,1.0403734942708245,3.067997882214533,2.4284056760290715
TC MultiVortex (strong),lambda_ci,0.85,0.08,0.2,164,12.54417129296736,0.1011543587516801,2,0.9202084036941408,2.7062154935003093,2.506948621279849
TC MultiVortex (strong),lambda_ci,0.85,0.08,0.2,165,14.550581485507635,0.0973319106505669,2,1.0800463129210052,3.335908771359763,2.107814714769171
TC MultiVortex (strong),lambda_ci,0.85,0.08,0.2,166,12.287801943258238,0.087518189126785,2,0.9644925112401486,2.524397819156306,2.88390669559375
TC MultiVortex (strong),lambda_ci,0.85,0.08,0.2,167,11.53867618889834,0.1031659530632114,2,1.0270959283766452,2.655918164127917,3.978168439634628
TC MultiVortex (strong),lambda_ci,0.85,0.08,0.2,168,12.27027750113722,0.1040179683995524,2,0.99823958958873,2.795831317716777,3.167370047240833
TC MultiVortex (strong),lambda_ci,0.85,0.08,0.2,169,13.791284293807925,0.0906122573860249,2,0.8877912805942432,2.7659137029249843,2.274292770477956
TC MultiVortex (strong),lambda_ci,0.85,0.08,0.2,170,13.85613442546598,0.0991209479085509,2,1.0820138044641712,3.2086785739499604,2.420147422194782
TC MultiVortex (strong),lambda_ci,0.85,0.08,0.2,171,14.617533019822185,0.0984669989710056,2,1.0880590659671625,3.3832233743229527,4.123031783950881
TC MultiVortex (strong),lambda_ci,0.85,0.08,0.2,172,13.166550860950071,0.0812207647019584,2,1.0149885350640693,2.6731364549691,1.9672580624410627
TC MultiVortex (strong),lambda_ci,0.85,0.08,0.2,173,13.367563664584615,0.1127698113435601,2,1.0491363782701768,3.251244745974304,2.78712944273378
TC MultiVortex (strong),lambda_ci,0.85,0.08,0.2,174,12.186375058318148,0.1184211592030544,2,1.0758175343497776,3.07569669224132,1.654817681258868
TC MultiVortex (strong),lambda_ci,0.85,0.08,0.2,175,14.543920853954946,0.0869433589476545,2,1.042806415260649,3.0966103363070543,2.520663856974829
TC MultiVortex (strong),lambda_ci,0.85,0.08,0.2,176,14.21352259215036,0.0941523646640867,2,1.1048530891734258,3.24156406632976,2.2446175906783843
TC MultiVortex (strong),lambda_ci,0.85,0.08,0.2,177,12.43734615006393,0.0884709359664675,2,0.9615727378032044,2.5650988477516665,2.454460772265452
TC MultiVortex (strong),lambda_ci,0.85,0.08,0.2,178,13.071708901645044,0.1019414728070549,2,1.2,3.2328342974841973,3.719006767104271
TC MultiVortex (strong),lambda_ci,0.85,0.08,0.2,179,13.21749511866599,0.1033475322896329,2,1.1116146681730428,3.1678262323090607,2.211137642406759
TC MultiVortex (strong),lambda_ci,0.85,0.08,0.2,180,13.927047914146168,0.10449656615683,2,1.1173443992436711,3.3650274383773318,1.557850400118984
TC MultiVortex (strong),lambda_ci,0.85,0.08,0.2,181,12.618292227604153,0.1122834244354577,2,1.1109338962265818,3.1512837998292125,2.9032611287258683
TC MultiVortex (strong),lambda_ci,0.85,0.08,0.2,182,12.223513586206115,0.1017530489748828,2,1.1548563140335402,2.9629120078525872,3.96799249620353
TC MultiVortex (strong),lambda_ci,0.85,0.08,0.2,183,13.342622036800712,0.1131992565907676,2,1.1008654776514768,3.330543418116412,1.8806878778293517
TC MultiVortex (strong),lambda_ci,0.85,0.08,0.2,184,12.239344324677557,0.1206418701281648,2,1.0105653034457236,3.021860257017762,3.3042154109862216
TC MultiVortex (strong),lambda_ci,0.85,0.08,0.2,185,11.743732011329724,0.125772045673018,2,0.9480767717407298,2.867510058062631,2.671186528119301
TC MultiVortex (strong),lambda_ci,0.85,0.08,0.2,186,11.168714461351971,0.1055121762228968,2,0.8833150382249036,2.411000456065646,2.678741085342577
TC MultiVortex (strong),lambda_ci,0.85,0.08,0.2,187,13.645030307041804,0.116002884505767,2,0.8316044933420763,2.9967624249190115,3.116363194640196
TC MultiVortex (strong),lambda_ci,0.85,0.08,0.2,188,13.514012050903805,0.0959124867575521,2,0.9928355839774332,2.948801554108892,2.7411656883560727
TC MultiVortex (strong),lambda_ci,0.85,0.08,0.2,189,12.29680205620056,0.1029738146393546,2,0.9933994031648388,2.781009884020551,2.9731632105541874
TC MultiVortex (strong),lambda_ci,0.85,0.08,0.2,190,12.650051706226003,0.1103104252825677,2,0.9078557351506424,2.830701030683441,2.3217755435011584
TC MultiVortex (strong),lambda_ci,0.85,0.08,0.2,191,12.59234498513465,0.1037452765382167,2,0.9003271542774061,2.7212970835215367,1.9842531405113777
TC MultiVortex (strong),lambda_ci,0.85,0.08,0.2,192,14.22197741451938,0.1010762243239696,2,0.8889394379634182,3.0144326089896167,2.41595802032963
TC MultiVortex (strong),lambda_ci,0.85,0.08,0.2,193,12.6701726949492,0.1065582098656491,2,0.9960230426475885,2.91874186455488,1.7588525488342222
TC MultiVortex (strong),lambda_ci,0.85,0.08,0.2,194,13.560106267309047,0.0816728197784497,2,0.9738082022399632,2.704105206060488,1.9493861282382896
TC MultiVortex (strong),lambda_ci,0.85,0.08,0.2,195,12.714305567756446,0.0846928813327317,2,1.0739022478242657,2.711336850859088,3.4223733187530843
TC MultiVortex (strong),lambda_ci,0.85,0.08,0.2,196,13.327138258912946,0.1013410191105217,2,0.9773446486736708,2.96577642573063,3.9689314722270552
TC MultiVortex (strong),lambda_ci,0.85,0.08,0.2,197,13.953898419751082,0.0968229076856112,2,1.061399189837653,3.163071401633625,2.976876330426382
TC MultiVortex (strong),lambda_ci,0.85,0.08,0.2,198,13.587389234163002,0.088563600470415,2,0.9614362712729112,2.8035538482651594,1.9616917306336767
TC MultiVortex (strong),lambda_ci,0.85,0.08,0.2,199,11.522888991111536,0.0841595326532597,2,1.0184382579053215,2.385422934393706,2.095121345444501
TC MultiVortex (strong),lambda_ci,0.85,0.08,0.2,200,14.158815764907848,0.0986123975918421,2,0.8914009964462545,2.968344135574505,2.460736339603739
TC MultiVortex (strong),lambda_ci,0.85,0.08,0.2,201,13.113184559146015,0.0880744322624569,2,1.0864892499227174,2.8683412513474305,1.7967290828435256
TC MultiVortex (strong),lambda_ci,0.85,0.08,0.2,202,12.12930060510024,0.0892756375081886,2,1.0200015694877291,2.588139385185512,2.7231025389152608
TC MultiVortex (strong),lambda_ci,0.85,0.08,0.2,203,14.32728031078508,0.1032641987462944,2,1.0740034333057995,3.373855551037319,2.1514099472021067
TC MultiVortex (strong),lambda_ci,0.85,0.08,0.2,204,11.284929910725475,0.0989872982110509,2,1.0366992939465958,2.556230456218185,3.272084633029146
TC MultiVortex (strong),lambda_ci,0.85,0.08,0.2,205,12.898960673648016,0.0940117006766173,2,0.9462795708878192,2.7204478657100237,3.21232837020752
TC MultiVortex (strong),lambda_ci,0.85,0.08,0.2,206,13.300925859296182,0.1092500481917793,2,1.072478890356361,3.2193787254937027,2.0820948470028537
TC MultiVortex (strong),lambda_ci,0.85,0.08,0.2,207,16.235944363279103,0.0961785033053618,2,0.949317902217427,3.469024757167068,3.164644342033522
TC MultiVortex (strong),lambda_ci,0.85,0.08,0.2,208,12.663525841341375,0.0841104020431248,2,0.9814506885066868,2.572756828443032,3.3371253665691367
TC MultiVortex (strong),lambda_ci,0.85,0.08,0.2,209,11.872588829941208,0.0897352426267554,2,0.9730064421084812,2.480674648348194,3.905136856908797
TC MultiVortex (strong),lambda_ci,0.85,0.08,0.2,210,13.185056335144209,0.1022855443075855,2,1.1601897967377162,3.2117271504838305,2.834689499855062
TC MultiVortex (strong),lambda_ci,0.85,0.08,0.2,211,10.961607771080129,0.1009755015952406,2,0.8891536777263301,2.3224997954276367,2.0231036218637137
TC MultiVortex (strong),lambda_ci,0.85,0.08,0.2,212,12.658728788588403,0.1001959659903172,2,1.034023364645429,2.8811468321444598,2.402106109058065
TC MultiVortex (strong),lambda_ci,0.85,0.08,0.2,213,10.406698138791324,0.114261257455886,2,1.001178197196268,2.488875375266413,3.9074127572409263
TC MultiVortex (strong),lambda_ci,0.85,0.08,0.2,214,12.091012624548677,0.0889803319838073,2,1.0569263931112034,2.621905648624899,3.156551879736182
TC MultiVortex (strong),lambda_ci,0.85,0.08,0.2,215,12.566254755804152,0.0996292301269222,2,0.9566089963346962,2.7431621494929432,2.605135156641606
TC MultiVortex (strong),lambda_ci,0.85,0.08,0.2,216,12.648253580306566,0.1348435872038384,2,0.8903049868735495,3.098846883264132,3.8776729407232495
TC MultiVortex (strong),lambda_ci,0.85,0.08,0.2,217,12.894737137813516,0.1067265578000907,2,0.982014082007884,2.9518385800996123,1.7282732059940995
TC MultiVortex (strong),lambda_ci,0.85,0.08,0.2,218,15.020235331110705,0.1020544132852287,2,0.9123371062616464,3.2408229356266167,2.897391604958634
TC MultiVortex (strong),lambda_ci,0.85,0.08,0.2,219,12.49440862280747,0.0963681711506683,2,1.020678382811339,2.7708433550071803,3.715059903626
TC MultiVortex (strong),lambda_ci,0.85,0.08,0.2,220,13.630496070181724,0.095317525958712,2,0.9632512563022556,2.9204705878225408,3.4190904187843616
TC MultiVortex (strong),lambda_ci,0.85,0.08,0.2,221,15.80988726003532,0.0888031723553469,2,1.0134114003386645,3.3536744964545324,3.520588148115329
TC MultiVortex (strong),lambda_ci,0.85,0.08,0.2,222,14.073147022226602,0.1140271920271495,2,0.8836168602199184,3.1587295176766643,3.1006871609542865
TC MultiVortex (strong),lambda_ci,0.85,0.08,0.2,223,12.403827557272844,0.1070481514507019,2,1.062001707404908,2.9572831965273623,3.058193073140672
TC MultiVortex (strong),lambda_ci,0.85,0.08,0.2,224,13.591798113213656,0.1110703552887957,2,1.0896132121751263,3.343468055104054,1.7056792271724797
TC MultiVortex (strong),lambda_ci,0.85,0.08,0.2,225,14.452337248947329,0.0829190659438375,2,0.894005157049823,2.782404725198853,2.817449804950009
TC MultiVortex (strong),lambda_ci,0.85,0.08,0.2,226,11.616356570171046,0.0942908952016794,2,0.8433455817515038,2.3162882447620903,3.627291904724317
TC MultiVortex (strong),lambda_ci,0.85,0.08,0.2,227,13.281552776667825,0.1090279668027003,2,0.997000748714543,3.096353618647805,2.7980984911613858
TC MultiVortex (strong),lambda_ci,0.85,0.08,0.2,228,12.21922544265632,0.1079379665633513,2,0.8997150274491408,2.692577937558531,2.8016908434553174
TC MultiVortex (strong),lambda_ci,0.85,0.08,0.2,229,12.05626802617954,0.0986444675978473,2,0.9590968704530348,2.6221981100516167,3.0580063516787384
TC MultiVortex (strong),lambda_ci,0.85,0.08,0.2,230,12.608700711918948,0.1270881740978375,2,0.934708110748206,3.07288221598611,3.009226428511773
TC MultiVortex (strong),lambda_ci,0.85,0.08,0.2,231,11.93083100587318,0.0954807485149572,2,0.940689698617334,2.5283476984921958,3.1796474954348835
TC MultiVortex (strong),lambda_ci,0.85,0.08,0.2,232,13.033774814256114,0.0973272668489952,2,0.8952844449021088,2.720526739381093,2.565784106914226
TC MultiVortex (strong),lambda_ci,0.85,0.08,0.2,233,11.134877869782027,0.1055868246966135,2,0.9463144319180103,2.488817527363205,3.5953582082994107
TC MultiVortex (strong),lambda_ci,0.85,0.08,0.2,234,13.542057725298628,0.099195909015907,2,1.0002073672752416,3.016209949720539,2.392586388453917
TC MultiVortex (strong),lambda_ci,0.85,0.08,0.2,235,11.370436372430378,0.1107699838580687,2,1.006792433031292,2.6849929644301094,3.170319847116498
TC MultiVortex (strong),lambda_ci,0.85,0.08,0.2,236,11.150188386295564,0.095768515523952,2,0.9587145888279638,2.389039074604694,3.287369291768829
TC MultiVortex (strong),lambda_ci,0.85,0.08,0.2,237,12.93456417646891,0.1002751448051682,2,1.0759629531233996,3.0042226088337656,2.726225126800824
TC MultiVortex (strong),lambda_ci,0.85,0.08,0.2,238,11.79230025860777,0.1003736208341002,2,1.005082060609621,2.648464080066488,2.896703726085063
TC MultiVortex (strong),lambda_ci,0.85,0.08,0.2,239,13.257092675410217,0.097214688018265,2,0.8672116767736554,2.7218350120793757,1.928323395564785
TC MultiVortex (strong),lambda_ci,0.85,0.08,0.2,240,13.634424418192935,0.088057770488252,2,1.012147114083805,2.8782431136178017,3.0734350294495747
TC MultiVortex (strong),lambda_ci,0.85,0.08,0.2,241,13.721061146354185,0.104908871343667,2,0.9413922112253048,3.049046934861773,1.884119876708615
TC MultiVortex (strong),lambda_ci,0.85,0.08,0.2,242,12.935733815356302,0.0975326929092505,2,0.9796779562746404,2.8274364226788613,2.848899191270478
TC MultiVortex (strong),lambda_ci,0.85,0.08,0.2,243,13.087226147665934,0.1227257726303924,2,0.9669518091246871,3.187886949850213,1.740399188002669
TC MultiVortex (strong),lambda_ci,0.85,0.08,0.2,244,11.620235342015349,0.1141440997455013,2,1.0586876744707752,2.8563445136506864,3.080995965716188
TC MultiVortex (strong),lambda_ci,0.85,0.08,0.2,245,13.711491212422658,0.1112526781092349,2,0.9846099339871504,3.2089062974171982,2.513697782906051
TC MultiVortex (strong),lambda_ci,0.85,0.08,0.2,246,14.237139791361948,0.091193082109691,2,0.874043647315111,2.8422040818539998,3.32537634494225
TC MultiVortex (strong),lambda_ci,0.85,0.08,0.2,247,13.178930421514998,0.0927144234566807,2,1.1318251038576612,3.0187592542756674,3.0237401738081955
TC MultiVortex (strong),lambda_ci,0.85,0.08,0.2,248,12.47076772659,0.1179796839661386,2,1.0723313330912818,3.1365073156545407,2.636053126876053
TC MultiVortex (strong),lambda_ci,0.85,0.08,0.2,249,13.153474171614608,0.1237108426431847,2,0.9560338589836908,3.1986446687119687,1.849180844479131
TC MultiVortex (strong),lambda_ci,0.85,0.08,0.2,250,12.164153578183068,0.1142214382409107,2,0.9986028036696496,2.904939550877116,2.5799486748874747
TC MultiVortex (strong),lambda_ci,0.85,0.08,0.2,251,13.126936796380766,0.1218590584896695,2,0.8018347078612709,2.9014810004102647,3.473417234130796
TC MultiVortex (strong),lambda_ci,0.85,0.08,0.2,252,12.088433415485657,0.1072324405832896,2,1.0508683057013224,2.869407750643375,3.709015861316799
TC MultiVortex (strong),lambda_ci,0.85,0.08,0.2,253,14.370977588469309,0.073837985260274,2,1.076678393288892,2.8651953137557875,2.1331395751864157
TC MultiVortex (strong),lambda_ci,0.85,0.08,0.2,254,14.596889098909454,0.1029102347076068,2,0.97267533749763,3.2655666125736267,1.5742545527615277
TC MultiVortex (strong),lambda_ci,0.85,0.08,0.2,255,12.261304498307007,0.1007585573408016,2,1.020252788362398,2.779819170034839,2.752313430004146
TC MultiVortex (strong),lambda_ci,0.85,0.08,0.2,256,13.687744079033214,0.1027725513810359,2,1.0433927001289398,3.169416721099918,3.431859658246379
TC MultiVortex (strong),lambda_ci,0.85,0.08,0.2,257,11.03820555986989,0.1144254925001135,2,0.9440160737767158,2.5652787841451343,3.439245265941822
TC MultiVortex (strong),lambda_ci,0.85,0.08,0.2,258,12.456557734843226,0.1035541022692292,2,0.8587046926514399,2.626567822853929,2.536803266455488
TC MultiVortex (strong),lambda_ci,0.85,0.08,0.2,259,11.411564519918787,0.0950348027904433,2,0.9175749603062406,2.3828258777920874,2.343742919689471
TC MultiVortex (strong),lambda_ci,0.85,0.08,0.2,260,11.506267933079318,0.0962738984781154,2,0.9315542457635524,2.4365640873620307,3.698711307112661
TC MultiVortex (strong),lambda_ci,0.85,0.08,0.2,261,15.21729355027858,0.1137772295079615,2,0.9858996109910868,3.6038478348644554,4.014177949414421
TC MultiVortex (strong),lambda_ci,0.85,0.08,0.2,262,13.60163712969906,0.0963556185296086,2,0.8477292693229117,2.7488009827987234,2.794133005671926
TC MultiVortex (strong),lambda_ci,0.85,0.08,0.2,263,14.188529392123913,0.0905157899938556,2,0.9717594385720482,2.975527327475968,2.4489690115661715
TC MultiVortex (strong),lambda_ci,0.85,0.08,0.2,264,13.807744125218488,0.1058993884892149,2,1.033660947710606,3.230304877017828,3.159818368681334
TC MultiVortex (strong),lambda_ci,0.85,0.08,0.2,265,13.300123739890209,0.0959614506319331,2,0.9483711143388024,2.837123524350772,3.9902078098496094
TC MultiVortex (strong),lambda_ci,0.85,0.08,0.2,266,12.252203069107152,0.0938938853855572,2,0.886804698829667,2.4999529582104234,3.6503763437842456
TC MultiVortex (strong),lambda_ci,0.85,0.08,0.2,267,13.448182029937154,0.1133531892567507,2,1.1301215559833908,3.403517847789908,1.7700082274107287
TC MultiVortex (strong),lambda_ci,0.85,0.08,0.2,268,12.839694396958802,0.1077168667068291,2,0.8941113622986334,2.817587112430827,1.9903430787466847
TC MultiVortex (strong),lambda_ci,0.85,0.08,0.2,269,12.303085834332084,0.0864585428989329,2,0.9061319013436752,2.4349986364445697,2.6317424983506568
TC MultiVortex (strong),lambda_ci,0.85,0.08,0.2,270,12.249057631369952,0.0980302414567513,2,0.9884641482881378,2.696175620257387,3.1009841930950968
TC MultiVortex (strong),lambda_ci,0.85,0.08,0.2,271,12.317035981326208,0.0872172511968788,2,0.8335132682132133,2.348273453333404,3.447141063702002
TC MultiVortex (strong),lambda_ci,0.85,0.08,0.2,272,11.485208614390306,0.1156705468186263,2,0.9778644488133326,2.731332756195686,3.18419294332852
TC MultiVortex (strong),lambda_ci,0.85,0.08,0.2,273,13.684627111172514,0.0898893273251395,2,1.0123689002074712,2.919049320641842,2.565979092727585
TC MultiVortex (strong),lambda_ci,0.85,0.08,0.2,274,13.529582483023471,0.1069003570567219,2,0.930277453155717,3.016929921671765,2.2489498300802144
TC MultiVortex (strong),lambda_ci,0.85,0.08,0.2,275,12.895131480763004,0.0936704273008161,2,1.0384548593197058,2.8438444557004217,2.736544236035888
TC MultiVortex (strong),lambda_ci,0.85,0.08,0.2,276,12.780844042146398,0.1057198057270401,2,0.9488262060453464,2.862305936811877,3.97376237045738
TC MultiVortex (strong),lambda_ci,0.85,0.08,0.2,277,11.937924809109672,0.1126884807456348,2,1.0133050629878573,2.852487234601576,3.234573681761165
TC MultiVortex (strong),lambda_ci,0.85,0.08,0.2,278,12.393860609017022,0.0886004271347179,2,0.9771333742971312,2.578614621373887,2.669482549769127
TC MultiVortex (strong),lambda_ci,0.85,0.08,0.2,279,13.994185614337043,0.1030997227467809,2,0.8836457840107947,2.9867610951814645,1.9715073792713804
TC MultiVortex (strong),lambda_ci,0.85,0.08,0.2,280,11.824854470146327,0.1051346621944547,2,0.9254632737565806,2.6081547922658186,2.7427564525320416
TC MultiVortex (strong),lambda_ci,0.85,0.08,0.2,281,11.228874150761673,0.1200746330347006,2,1.073753259688759,2.851012347900441,3.574504175102093
TC MultiVortex (strong),lambda_ci,0.85,0.08,0.2,282,13.836178307093084,0.1230772656348582,2,0.9399412081250916,3.327671267607209,3.5364956855268184
TC MultiVortex (strong),lambda_ci,0.85,0.08,0.2,283,11.78467771513222,0.094247600911835,2,0.9786176033006054,2.5307216239483106,2.959357315667927
TC MultiVortex (strong),lambda_ci,0.85,0.08,0.2,284,12.2787324874392,0.102641898523992,2,1.0922023751020036,2.9070495636270945,2.0871093409765824
TC MultiVortex (strong),lambda_ci,0.85,0.08,0.2,285,14.222414349913482,0.0985507333866349,2,1.0796480348730573,3.280419303188181,2.167680479520827
TC MultiVortex (strong),lambda_ci,0.85,0.08,0.2,286,12.417443783942057,0.1201080703048791,2,0.9590206920285964,2.980007028019833,1.9939284077648969
TC MultiVortex (strong),lambda_ci,0.85,0.08,0.2,287,11.881733009421414,0.0888163023377285,2,1.0622448929039,2.580616450899833,3.6801594396214217
TC MultiVortex (strong),lambda_ci,0.85,0.08,0.2,288,13.979715405408752,0.1103555240619313,2,1.125224031235913,3.48337211220577,3.229110993431587
TC MultiVortex (strong),lambda_ci,0.85,0.08,0.2,289,15.109170970501095,0.1107201755973937,2,0.9574793193987872,3.4785938265330123,3.872686531699525
TC MultiVortex (strong),lambda_ci,0.85,0.08,0.2,290,13.04479766155699,0.0915155502936693,2,0.9700846434040904,2.748366282550524,3.553120160848487
TC MultiVortex (strong),lambda_ci,0.85,0.08,0.2,291,13.109256472947092,0.1120058174886286,2,1.0591033386587327,3.192658896236759,3.376460982033151
TC MultiVortex (strong),lambda_ci,0.85,0.08,0.2,292,13.45460788832125,0.0979264889327749,2,1.0457990098111871,3.0446000669654563,2.449034649222542
TC MultiVortex (strong),lambda_ci,0.85,0.08,0.2,293,12.98708210590744,0.1067257262789613,2,0.8,2.6833426980781976,1.9555780514118424
TC MultiVortex (strong),lambda_ci,0.85,0.08,0.2,294,15.28712028793837,0.0924305794136978,2,0.9274858535385572,3.1649887446358576,2.7091277232734914
TC MultiVortex (strong),lambda_ci,0.85,0.08,0.2,295,14.23139682833711,0.0886681181615991,2,0.9685592994662968,2.949031314636816,2.977019720442544
TC MultiVortex (strong),lambda_ci,0.85,0.08,0.2,296,12.438890911663028,0.0853780862613647,2,1.0276733372078597,2.6053580357215083,2.0093767295912963
TC MultiVortex (strong),lambda_ci,0.85,0.08,0.2,297,12.822864521390056,0.1008989108279162,2,0.9374107516528982,2.788548871493762,3.715707462997567
TC MultiVortex (strong),lambda_ci,0.85,0.08,0.2,298,12.852116587996468,0.1023119048549016,2,0.912350249512372,2.776537488160745,2.665785125969016
TC MultiVortex (strong),lambda_ci,0.85,0.08,0.2,299,12.649655082803596,0.1008716319579272,2,1.0563020422562466,2.919727156484168,2.6507638476741424
TC MultiVortex (strong),lambda_ci,0.85,0.08,0.2,300,11.907397539757367,0.109858346121083,2,1.0676666674295532,2.883608027033702,1.7791381231380905
TC MultiVortex (strong),lambda_ci,0.85,0.08,0.2,301,12.609162637775745,0.0928257235790419,2,0.9693645358151198,2.674539299425351,3.6063759325249074
TC MultiVortex (strong),lambda_ci,0.85,0.08,0.2,302,12.991254395278656,0.1336820488820546,2,0.997916555049673,3.3552103260035198,2.7091116045198262
TC MultiVortex (strong),lambda_ci,0.85,0.08,0.2,303,13.01530133623588,0.1052050996649828,2,1.0490925628599632,3.0574863717474856,3.870361691617652
TC MultiVortex (strong),lambda_ci,0.85,0.08,0.2,304,12.70448715106872,0.0968830841961737,2,1.0843312825059246,2.911703255139064,3.5296368291871687
TC MultiVortex (strong),lambda_ci,0.85,0.08,0.2,305,12.450574731302767,0.0875857613524993,2,1.0324358633482402,2.6474190971695624,2.703986863275964
TC MultiVortex (strong),lambda_ci,0.85,0.08,0.2,306,11.192268705530806,0.1170181856187825,2,0.9446627971765652,2.6312869784614152,3.024471418726699
TC MultiVortex (strong),lambda_ci,0.85,0.08,0.2,307,11.70596607337673,0.08792078206206,2,1.0162514231731543,2.474221736376218,3.90827911700521
TC MultiVortex (strong),lambda_ci,0.85,0.08,0.2,308,13.548732048513353,0.1197152960258865,2,0.8277450968840195,3.0158295092830256,3.262539462272156
TC MultiVortex (strong),lambda_ci,0.85,0.08,0.2,309,12.249725643804396,0.0932466114485511,2,1.0784166528868382,2.7467629848461312,2.377441111629372
TC MultiVortex (strong),lambda_ci,0.85,0.08,0.2,310,14.938117671684418,0.1041338910576033,2,1.0478094752851506,3.489137522801896,2.903425507250709
TC MultiVortex (strong),lambda_ci,0.85,0.08,0.2,311,13.562083643156315,0.1027873220196637,2,1.033458784597036,3.1255595440843087,3.9995898924580873
TC MultiVortex (strong),lambda_ci,0.85,0.08,0.2,312,11.527780195489882,0.1000334680559846,2,0.8110631674618751,2.32183146134535,2.189176525967734
TC MultiVortex (strong),lambda_ci,0.85,0.08,0.2,313,12.051803780132838,0.0854954113305494,2,0.9904870378828288,2.479892502579985,3.083798870141919
TC MultiVortex (strong),lambda_ci,0.85,0.08,0.2,314,14.493869317537127,0.0988759179237805,2,0.9677532681193236,3.1702749627709266,3.789026256530146
TC MultiVortex (strong),lambda_ci,0.85,0.08,0.2,315,12.144534029517631,0.0835726664368004,2,1.053835603609402,2.54849872834994,2.6770516537580784
TC MultiVortex (strong),lambda_ci,0.85,0.08,0.2,316,13.471969594572736,0.104556255085951,2,1.0443537092081454,3.147856402874478,2.107853499049045
TC MultiVortex (strong),lambda_ci,0.85,0.08,0.2,317,12.847006521756482,0.0929305381797603,2,0.9133432031499296,2.6465687093961563,3.0259850484774558
TC MultiVortex (strong),lambda_ci,0.85,0.08,0.2,318,14.280585930772656,0.0910275429683158,2,0.95513884367376,2.977492614195284,3.973043695614809
TC MultiVortex (strong),lambda_ci,0.85,0.08,0.2,319,13.94995773375036,0.1089580133167973,2,1.0421952253106794,3.32400770261211,2.702400176949041
TC MultiVortex (strong),lambda_ci,0.85,0.08,0.2,320,13.017987819539664,0.0847768699555576,2,1.0542716999198156,2.7519708312017483,3.088790982141055
TC MultiVortex (strong),lambda_ci,0.85,0.08,0.2,321,13.428692552549258,0.0897634420781444,2,1.0393251486032076,2.900308530199702,2.138773542828147
TC MultiVortex (strong),lambda_ci,0.85,0.08,0.2,322,12.749101967786348,0.1032451978822455,2,1.1076691229498767,3.048628828599974,2.6360820349015466
TC MultiVortex (strong),lambda_ci,0.85,0.08,0.2,323,11.913486686275563,0.0920676488461441,2,1.0744265325609412,2.6495112906248197,2.480999953205743
TC MultiVortex (strong),lambda_ci,0.85,0.08,0.2,324,12.995807339139052,0.1103908214720769,2,1.048351094735033,3.1261378565123725,3.280181314573986
TC MultiVortex (strong),lambda_ci,0.85,0.08,0.2,325,12.570741729172308,0.0896448328614956,2,0.8678946741116588,2.4793740331801444,3.1643383804758667
TC MultiVortex (strong),lambda_ci,0.85,0.08,0.2,326,12.77627463973668,0.0952421582245741,2,0.8971633312121713,2.6408249380165607,2.369347342584897
TC MultiVortex (strong),lambda_ci,0.85,0.08,0.2,327,10.542583652334592,0.1053260234702714,2,0.9889094436325188,2.405903278421777,2.846253437219167
TC MultiVortex (strong),lambda_ci,0.85,0.08,0.2,328,12.06640424649106,0.104694904861443,2,1.025093665559225,2.7951648176423185,2.1676452121060525
TC MultiVortex (strong),lambda_ci,0.85,0.08,0.2,329,13.68016621983574,0.1043300448537306,2,1.0453825810415796,3.194616299170029,2.88266909403802
TC MultiVortex (strong),lambda_ci,0.85,0.08,0.2,330,12.888862918961502,0.0946289690823107,2,0.9822379338333456,2.778561491854753,2.504807170877757
TC MultiVortex (strong),lambda_ci,0.85,0.08,0.2,331,13.622075769680112,0.0991138116308269,2,1.052787768831705,3.1114712913401887,2.9791417147824766
TC MultiVortex (strong),lambda_ci,0.85,0.08,0.2,332,13.022785934100112,0.1097519291056695,2,1.0181268168674562,3.078193548020425,2.5345577257621192
TC MultiVortex (strong),lambda_ci,0.85,0.08,0.2,333,13.22038631169344,0.10422596371393,2,1.0717955702915023,3.1244464566976573,2.66948371469724
TC MultiVortex (strong),lambda_ci,0.85,0.08,0.2,334,12.72238128086761,0.1147258971075087,2,1.0207864019782669,3.0785880435728865,3.50194305694862
TC MultiVortex (strong),lambda_ci,0.85,0.08,0.2,335,12.242419933345095,0.1060328087474785,2,0.9081064346046716,2.686215086665002,3.4983408403000675
TC MultiVortex (strong),lambda_ci,0.85,0.08,0.2,336,14.766475091356586,0.0990426115952509,2,1.0044354042952162,3.293319663461038,1.5523896076808246
TC MultiVortex (strong),lambda_ci,0.85,0.08,0.2,337,12.589641545448371,0.1117765543134195,2,0.9228101786203662,2.8591037428424277,3.066620892654364
TC MultiVortex (strong),lambda_ci,0.85,0.08,0.2,338,12.86747627811578,0.0816226899221407,2,1.0811762876421045,2.702913118333363,2.5130712682178222
TC MultiVortex (strong),lambda_ci,0.85,0.08,0.2,339,11.451257944673626,0.1013338025385814,2,0.9977511652648504,2.5746991601963134,3.337351700890825
TC MultiVortex (strong),lambda_ci,0.85,0.08,0.2,340,11.461862981207444,0.0977138304019587,2,1.0094507813656934,2.545427946249865,2.570657252628214
TC MultiVortex (strong),lambda_ci,0.85,0.08,0.2,341,13.268379460943526,0.1142288854085751,2,1.073741034620547,3.285796256160615,3.085250207215924
TC MultiVortex (strong),lambda_ci,0.85,0.08,0.2,342,14.464582498461777,0.0901255173447598,2,1.0136561784965297,3.0914350479447257,2.6195219047417213
TC MultiVortex (strong),lambda_ci,0.85,0.08,0.2,343,12.45312767992322,0.0838792722766522,2,0.9196207272726272,2.445654735411797,2.724612308267925
TC MultiVortex (strong),lambda_ci,0.85,0.08,0.2,344,11.68568041268129,0.1315705548995058,2,0.9572790376198744,2.932497392052571,3.968198948703196
TC MultiVortex (strong),lambda_ci,0.85,0.08,0.2,345,12.73825887484073,0.1185485565613392,2,0.9557317321053802,3.0318744336103447,3.415212147008788
TC MultiVortex (strong),lambda_ci,0.85,0.08,0.2,346,11.71463781177045,0.1042027021610916,2,0.9980344722978868,2.6713213158731266,3.115166094849263
TC MultiVortex (strong),lambda_ci,0.85,0.08,0.2,347,12.448193018747697,0.088396545966879,2,1.018436733000033,2.6410461565153627,2.925768924635881
TC MultiVortex (strong),lambda_ci,0.85,0.08,0.2,348,11.383537528168134,0.1069726703059477,2,0.935138906921261,2.5458729547513776,3.204336734724153
TC MultiVortex (strong),lambda_ci,0.85,0.08,0.2,349,12.359132015959684,0.1213915260037475,2,1.008968234668995,3.058481836369705,3.466704004065933
TC MultiVortex (strong),lambda_ci,0.85,0.08,0.2,350,13.216142744959642,0.1360718763413669,2,0.9916488298069144,3.4328344627464977,2.283069144961142
TC MultiVortex (strong),lambda_ci,0.85,0.08,0.2,351,12.75670935589334,0.105069612589322,2,0.9694821470496996,2.878936835486821,2.964341091993893
TC MultiVortex (strong),lambda_ci,0.85,0.08,0.2,352,15.162117603003567,0.1394678295642239,2,0.9788530053658218,3.961326356292428,2.72804633092062
TC MultiVortex (strong),lambda_ci,0.85,0.08,0.2,353,13.414278989359628,0.0978675851383034,2,1.0102828430559805,2.982587969208492,2.333481071505578
TC MultiVortex (strong),lambda_ci,0.85,0.08,0.2,354,10.485316890753634,0.1071810886997762,2,0.9389331010436022,2.352030610491324,3.593269860826081
TC MultiVortex (strong),lambda_ci,0.85,0.08,0.2,355,11.435732284143992,0.0838477918699165,2,0.9168170840600048,2.2420027739978803,2.422209389789397
TC MultiVortex (strong),lambda_ci,0.85,0.08,0.2,356,11.557167930832613,0.0949229303906903,2,0.9556720992829046,2.4613674213698937,3.178725808616881
TC MultiVortex (strong),lambda_ci,0.85,0.08,0.2,357,11.441498358414025,0.0937340364590844,2,0.9800728941245244,2.45214277687077,3.7056537970221632
TC MultiVortex (strong),lambda_ci,0.85,0.08,0.2,358,10.862261552839248,0.0917036147209723,2,0.8445829255428546,2.137566498064729,3.2142885401179098
TC MultiVortex (strong),lambda_ci,0.85,0.08,0.2,359,12.384381200001563,0.110089598795036,2,0.9866544244976756,2.886124037947303,1.7746840533262611
TC MultiVortex (strong),lambda_ci,0.85,0.08,0.2,360,14.582977073805326,0.086086517324369,2,0.9985375621185808,3.02329807608479,3.601330962887421
TC MultiVortex (strong),lambda_ci,0.85,0.08,0.2,361,14.476417016014649,0.1035615070575283,2,0.9164258389643728,3.1535079566808424,4.002002442232636
TC MultiVortex (strong),lambda_ci,0.85,0.08,0.2,362,11.2020437395112,0.1200015893147424,2,1.083710533889056,2.8564880570971143,3.1677998611439264
TC MultiVortex (strong),lambda_ci,0.85,0.08,0.2,363,13.352671089173905,0.1130438315799051,2,1.0447334198502076,3.244735736053796,3.012857802438852
TC MultiVortex (strong),lambda_ci,0.85,0.08,0.2,364,13.848517810040978,0.1021336861271843,2,0.9540656881466456,3.0567641964530297,2.866448662290792
TC MultiVortex (strong),lambda_ci,0.85,0.08,0.2,365,12.970383376103197,0.1031866430781441,2,0.8908910129641973,2.7807493616228403,2.4820533349095517
TC MultiVortex (strong),lambda_ci,0.85,0.08,0.2,366,13.946661612920344,0.1099848110601355,2,0.9568568229002032,3.199227332049462,2.1618932115328104
TC MultiVortex (strong),lambda_ci,0.85,0.08,0.2,367,11.84863399380865,0.099590779258087,2,1.184897224199624,2.8780821948389,3.697095472383525
TC MultiVortex (strong),lambda_ci,0.85,0.08,0.2,368,13.13250318818662,0.0803711893900571,2,1.0756282431817887,2.7303216531913104,3.1435602598434125
TC MultiVortex (strong),lambda_ci,0.85,0.08,0.2,369,11.83955154066218,0.1068984485511683,2,0.9799877522502184,2.7096692303059657,2.532562935789428
TC MultiVortex (strong),lambda_ci,0.85,0.08,0.2,370,12.47449050391547,0.1101529398987143,2,0.9098687186787272,2.792513185079073,2.3358797879882145
TC MultiVortex (strong),lambda_ci,0.85,0.08,0.2,371,13.086856581596315,0.1022334186293605,2,1.1305536186680702,3.146026447077699,2.698561265079165
TC MultiVortex (strong),lambda_ci,0.85,0.08,0.2,372,10.974272045289403,0.1188037026331086,2,1.0040338880429196,2.68009320553414,2.820968681651338
TC MultiVortex (strong),lambda_ci,0.85,0.08,0.2,373,11.945352220591074,0.104548646242616,2,0.9082956309788492,2.6028957930942616,3.980314370779565
TC MultiVortex (strong),lambda_ci,0.85,0.08,0.2,374,14.59403411454558,0.0747628904458784,2,0.9859487491090724,2.801757680874133,3.483524924628896
TC MultiVortex (strong),lambda_ci,0.85,0.08,0.2,375,13.773468135492989,0.076668267225909,2,0.9975955825070788,2.6934777568617227,2.516884680084358
TC MultiVortex (strong),lambda_ci,0.85,0.08,0.2,376,11.785684945692958,0.1044650090996584,2,1.0910261319835322,2.813473501730715,3.478342786342015
TC MultiVortex (strong),lambda_ci,0.85,0.08,0.2,377,13.519825430955017,0.0940528426196496,2,1.0037607988792712,2.937359918901244,3.1100813947726755
TC MultiVortex (strong),lambda_ci,0.85,0.08,0.2,378,13.104295199739957,0.1021903799089106,2,1.0137011668877618,2.9823502776497173,3.935675168886347
TC MultiVortex (strong),lambda_ci,0.85,0.08,0.2,379,11.332099823427969,0.0814254001377773,2,0.9599979091303612,2.240322228561502,2.620121784246748
TC MultiVortex (strong),lambda_ci,0.85,0.08,0.2,380,12.96428415686339,0.1263286403424104,2,1.053076156970839,3.3436002157833284,2.8903620420493685
TC MultiVortex (strong),lambda_ci,0.85,0.08,0.2,381,11.505459343451582,0.0998515810189034,2,0.8822155899374661,2.414647842119574,3.202036350247752
TC MultiVortex (strong),lambda_ci,0.85,0.08,0.2,382,14.031525385926663,0.0983904821678361,2,1.0235002409855325,3.148548645184421,3.009729366396121
TC MultiVortex (strong),lambda_ci,0.85,0.08,0.2,383,14.959296370495789,0.0982461341030721,2,1.046309791164008,3.391439299634254,3.3863588181868804
TC MultiVortex (strong),lambda_ci,0.85,0.08,0.2,384,10.856097712098132,0.1103404035714241,2,0.9618978492764588,2.500866486139266,2.0226533859171325
TC MultiVortex (strong),lambda_ci,0.85,0.08,0.2,385,11.395992447600335,0.0882757675052016,2,1.0730966823679462,2.4801464836616,2.178824548364232
TC MultiVortex (strong),lambda_ci,0.85,0.08,0.2,386,13.38837182211391,0.1201340557824675,2,0.9695227409958236,3.2309098254987223,1.6533070781290706
TC MultiVortex (strong),lambda_ci,0.85,0.08,0.2,387,11.450028110132116,0.0975058631706761,2,1.0543279264542462,2.595940748939856,3.6381610884996776
TC MultiVortex (strong),lambda_ci,0.85,0.08,0.2,388,12.85772531422697,0.1103408512981184,2,1.0146434441178789,3.0421038631862007,3.791937161447076
TC MultiVortex (strong),lambda_ci,0.85,0.08,0.2,389,12.750251316332422,0.0988319516670292,2,0.9621102765042772,2.7801284356436438,1.9442285960398649
TC MultiVortex (strong),lambda_ci,0.85,0.08,0.2,390,12.68156662156467,0.0972505259703284,2,0.8386637645308925,2.560930713899207,3.964600579292364
TC MultiVortex (strong),lambda_ci,0.85,0.08,0.2,391,12.487072491465328,0.1072501006079243,2,1.0411727538660391,2.950569756590693,3.280989356632981
TC MultiVortex (strong),lambda_ci,0.85,0.08,0.2,392,11.22825388060278,0.1141550038934043,2,1.0325168099915905,2.72579548663792,3.810590603548613
TC MultiVortex (strong),lambda_ci,0.85,0.08,0.2,393,12.22012000719981,0.1264976988434125,2,1.000959563975308,3.0747517151107155,3.3767492526539
TC MultiVortex (strong),lambda_ci,0.85,0.08,0.2,394,13.616051347810028,0.1033616299177699,2,0.9345655106830132,2.992407483153341,2.4044944491869304
TC MultiVortex (strong),lambda_ci,0.85,0.08,0.2,395,10.499218693027943,0.0926864379511023,2,1.0952456717016692,2.3654068649614084,2.9841269210435044
TC MultiVortex (strong),lambda_ci,0.85,0.08,0.2,396,13.069974665832303,0.0909452554578364,2,1.0433954123109983,2.8469132451048065,3.160460773552994
TC MultiVortex (strong),lambda_ci,0.85,0.08,0.2,397,12.785965294628095,0.0943546792746646,2,0.8803450171703122,2.605713722053668,2.8223612109625145
TC MultiVortex (strong),lambda_ci,0.85,0.08,0.2,398,13.067604570120716,0.114052381658668,2,1.00399746646365,3.126795469904056,1.6294116244774048
TC MultiVortex (strong),lambda_ci,0.85,0.08,0.2,399,14.572483461075374,0.0786760364625862,2,0.9452043114508176,2.809976298221389,1.8627545704142832
TC MultiVortex (strong),gamma2,0.95,0.08,0.2,0,14.508659526904522,0.1000951545645617,2,0.8872280687790342,3.05728872851968,0.7034636148937979
TC MultiVortex (strong),gamma2,0.95,0.08,0.2,1,13.194071014746228,0.1255053542696499,2,0.8842573163066701,3.1080233815437364,1.6491570474753057
TC MultiVortex (strong),gamma2,0.95,0.08,0.2,2,11.165279305802953,0.0937663115319641,2,0.942084451964064,2.3465128037494525,3.59904489208265
TC MultiVortex (strong),gamma2,0.95,0.08,0.2,3,13.880591339284374,0.1030926339069721,2,1.0852767679073834,3.283046555917669,4.188536021690462
TC MultiVortex (strong),gamma2,0.95,0.08,0.2,4,13.401291751202116,0.1054787857320304,2,0.9050427324956052,2.927849626152854,4.7967915313967895
TC MultiVortex (strong),gamma2,0.95,0.08,0.2,5,13.634425697574732,0.1139133036573904,2,1.0044959288137256,3.261243043843116,2.829130850057263
TC MultiVortex (strong),gamma2,0.95,0.08,0.2,6,13.04944014737245,0.0969813826406652,2,0.8620015924942014,2.6679341232811824,3.123343141411397
TC MultiVortex (strong),gamma2,0.95,0.08,0.2,7,13.354988805505975,0.1014647869268392,2,1.0385064621648787,3.0654257837014884,0.228344385887829
TC MultiVortex (strong),gamma2,0.95,0.08,0.2,8,13.31482950017873,0.0926514937483191,2,0.9900612893780922,2.851529472101309,3.513639603099782
TC MultiVortex (strong),gamma2,0.95,0.08,0.2,9,12.832990857381253,0.0874175786149826,2,1.0359995572928995,2.7308136079747247,4.183846668999115
TC MultiVortex (strong),gamma2,0.95,0.08,0.2,10,13.381441100553351,0.1010392274762003,2,1.0518504298004157,3.084678396552188,7.495797169258612
TC MultiVortex (strong),gamma2,0.95,0.08,0.2,11,12.439224275476317,0.1316517963341744,2,0.8439942309304214,2.9319829056244187,2.1936664341639487
TC MultiVortex (strong),gamma2,0.95,0.08,0.2,12,13.445313870213262,0.0902335860570585,2,1.0365338275285452,2.9075808229848668,-0.5685541257296438
TC MultiVortex (strong),gamma2,0.95,0.08,0.2,13,11.742803097430192,0.1105163794809955,2,0.8814101702377701,2.591547265501638,4.9044582422537575
TC MultiVortex (strong),gamma2,0.95,0.08,0.2,14,12.284831353313963,0.101801839058907,2,0.9267700085640111,2.668197656250437,3.853333722844823
TC MultiVortex (strong),gamma2,0.95,0.08,0.2,15,15.623286386419773,0.1099498757101022,2,1.0957325987036943,3.8344851350941167,3.53153471169626
TC MultiVortex (strong),gamma2,0.95,0.08,0.2,16,11.797160659933576,0.1166802748209449,2,0.9211051849884888,2.734738666996284,1.2084940740793366
TC MultiVortex (strong),gamma2,0.95,0.08,0.2,17,14.349209382051386,0.0994722824002401,2,1.0041224285966066,3.20669275355696,6.1179691332334425
TC MultiVortex (strong),gamma2,0.95,0.08,0.2,18,13.106674473732856,0.1132094396460232,2,0.9814289029598428,3.0892158722589262,-0.1677808660400074
TC MultiVortex (strong),gamma2,0.95,0.08,0.2,19,11.92324454100323,0.0911770153582351,2,1.043991204594273,2.601180916558943,4.407570557352525
TC MultiVortex (strong),gamma2,0.95,0.08,0.2,20,13.10047480929004,0.1025890733074825,2,0.9969281128738292,2.962473768119461,1.3532942423662602
TC MultiVortex (strong),gamma2,0.95,0.08,0.2,21,13.898344301409375,0.1128601832766982,2,1.057249325982425,3.394744961609331,1.5443992953594063
TC MultiVortex (strong),gamma2,0.95,0.08,0.2,22,11.862790246049409,0.0948897066213332,2,0.9833755517814524,2.5623656809085684,1.1593729452669428
TC MultiVortex (strong),gamma2,0.95,0.08,0.2,23,12.995174323607278,0.0939044693334472,2,1.0018079800062565,2.81839906866711,-0.1495283051907077
TC MultiVortex (strong),gamma2,0.95,0.08,0.2,24,13.8597014079165,0.1227982332232105,2,1.0517639694215195,3.522038344468233,5.68117901124193
TC MultiVortex (strong),gamma2,0.95,0.08,0.2,25,12.85455952640472,0.0904486352442991,2,1.0442866926652823,2.793528348807392,1.6921889254625766
TC MultiVortex (strong),gamma2,0.95,0.08,0.2,26,11.47943853138094,0.1259829567559205,2,1.0289558137244237,2.922536273113612,2.6182777986923744
TC MultiVortex (strong),gamma2,0.95,0.08,0.2,27,12.265910337181705,0.1303086945274204,2,1.0849756320355486,3.261230362162421,5.027934730850104
TC MultiVortex (strong),gamma2,0.95,0.08,0.2,28,12.259888678674214,0.1053292496547287,2,0.9820842860975784,2.788177416290949,1.2201521708742729
TC MultiVortex (strong),gamma2,0.95,0.08,0.2,29,12.567130265499667,0.111063400392908,2,1.0031190371261354,2.966079848064565,3.436402959121706
TC MultiVortex (strong),gamma2,0.95,0.08,0.2,30,12.832752127333984,0.1002702443573703,2,0.8806965522704391,2.696522153317831,4.092150032802413
TC MultiVortex (strong),gamma2,0.95,0.08,0.2,31,12.152709353368596,0.1002160280076784,2,0.965404989864368,2.672892399268152,2.357946216317208
TC MultiVortex (strong),gamma2,0.95,0.08,0.2,32,14.352990541649408,0.0998338200857008,2,0.9570740597009576,3.137176970402685,1.9040520793997304
TC MultiVortex (strong),gamma2,0.95,0.08,0.2,33,13.18319364979205,0.0671493230582216,2,1.0301122628165609,2.4517079297215143,5.596021215647805
TC MultiVortex (strong),gamma2,0.95,0.08,0.2,34,12.08130764395983,0.1029990992045265,2,1.0841453097012204,2.8546929770484444,2.328685881932904
TC MultiVortex (strong),gamma2,0.95,0.08,0.2,35,12.223812472914682,0.0980832168300051,2,1.0378164195015958,2.757714483853006,3.671059411664285
TC MultiVortex (strong),gamma2,0.95,0.08,0.2,36,12.154270227629,0.100994367435528,2,1.011914985409364,2.7474796249158344,2.377449180810484
TC MultiVortex (strong),gamma2,0.95,0.08,0.2,37,11.970720299510848,0.1040578496073753,2,1.0715913470359044,2.82655413798826,3.5692165209940248
TC MultiVortex (strong),gamma2,0.95,0.08,0.2,38,13.1101829658765,0.0903796060579855,2,0.9950814585559572,2.7800864048384075,1.2303087623295048
TC MultiVortex (strong),gamma2,0.95,0.08,0.2,39,12.207922127337383,0.0806249870288552,2,0.9461466715151288,2.3841897377379304,1.3168816231554934
TC MultiVortex (strong),gamma2,0.95,0.08,0.2,40,13.638059109834517,0.0796585932732285,2,1.114789196100572,2.873758458254404,1.409794967940026
TC MultiVortex (strong),gamma2,0.95,0.08,0.2,41,13.089907649359311,0.122293413263446,2,0.98874706949352,3.218590482005411,5.971148928826431
TC MultiVortex (strong),gamma2,0.95,0.08,0.2,42,12.36216950651712,0.108567019237643,2,0.993966064515022,2.871537102577264,4.137215447754709
TC MultiVortex (strong),gamma2,0.95,0.08,0.2,43,11.563822487346696,0.1005677437918372,2,1.024157267016541,2.6242130897217937,4.555973822778491
TC MultiVortex (strong),gamma2,0.95,0.08,0.2,44,12.038490805066576,0.0951054902840873,2,0.933070368556832,2.535811930799867,2.8128025735116857
TC MultiVortex (strong),gamma2,0.95,0.08,0.2,45,12.904363466461374,0.1014021075011495,2,0.9795419152423656,2.8757861780184584,2.560854331734682
TC MultiVortex (strong),gamma2,0.95,0.08,0.2,46,12.337204924630118,0.1039281404706462,2,1.0348652932854014,2.8609500152027527,4.329040856914668
TC MultiVortex (strong),gamma2,0.95,0.08,0.2,47,12.76260503492284,0.0998411556467961,2,1.0236320349155477,2.885034862635686,4.110442457211862
TC MultiVortex (strong),gamma2,0.95,0.08,0.2,48,13.99970673613869,0.0853995787368606,2,1.0835497483972607,3.0113153116358364,1.1936780654520782
TC MultiVortex (strong),gamma2,0.95,0.08,0.2,49,13.697723885992431,0.102668746457958,2,0.9851539537715168,3.080382105649583,-1.0624062537456118
TC MultiVortex (strong),gamma2,0.95,0.08,0.2,50,13.81563951718911,0.0982691282886554,2,0.9732978011120292,3.021255249443251,-0.8379616767786912
TC MultiVortex (strong),gamma2,0.95,0.08,0.2,51,13.805351430401704,0.1102183574901496,2,0.8,2.898707736273065,3.3828529830569773
TC MultiVortex (strong),gamma2,0.95,0.08,0.2,52,12.539197919552832,0.1013688376508943,2,1.000094978506431,2.8231088028324467,0.9004006468000109
TC MultiVortex (strong),gamma2,0.95,0.08,0.2,53,12.974958439962148,0.0916712697748022,2,0.9265345512290852,2.6738584378253583,2.478469658214853
TC MultiVortex (strong),gamma2,0.95,0.08,0.2,54,12.704528535000858,0.0975039767761042,2,0.8029720094887851,2.5136506745637885,1.9144679603707735
TC MultiVortex (strong),gamma2,0.95,0.08,0.2,55,12.79325759105649,0.1020944553587207,2,1.00785373009923,2.9017899930862505,4.345539961105379
TC MultiVortex (strong),gamma2,0.95,0.08,0.2,56,12.830640341283468,0.1079811739788123,2,0.9624772332362572,2.9248431997301805,2.66944417154242
TC MultiVortex (strong),gamma2,0.95,0.08,0.2,57,10.772968647482358,0.1038281587528912,2,0.9761537483418202,2.425141522105626,1.865197415158046
TC MultiVortex (strong),gamma2,0.95,0.08,0.2,58,11.297160177863017,0.1032285091387757,2,1.0986881136886104,2.690241880202027,0.5891179190114515
TC MultiVortex (strong),gamma2,0.95,0.08,0.2,59,12.763114506415771,0.1113026608952757,2,0.9040399089446368,2.862781768342217,6.68021820436752
TC MultiVortex (strong),gamma2,0.95,0.08,0.2,60,11.789949906887989,0.1108572521795576,2,0.8,2.482698662655152,0.1691557049729959
TC MultiVortex (strong),gamma2,0.95,0.08,0.2,61,13.175525255263738,0.1189748676490982,2,0.971527655774382,3.1674381195933914,7.282522163322594
TC MultiVortex (strong),gamma2,0.95,0.08,0.2,62,13.430610475765269,0.118222496973933,2,1.0853412065292398,3.4018406438037774,5.950178847880116
TC MultiVortex (strong),gamma2,0.95,0.08,0.2,63,12.66694915784686,0.0815184964663449,2,1.1036065658648928,2.686533422174271,5.390030666185735
TC MultiVortex (strong),gamma2,0.95,0.08,0.2,64,11.34817760674991,0.1312655143520854,2,0.8056106632801912,2.6094504325172965,1.0894123826484094
TC MultiVortex (strong),gamma2,0.95,0.08,0.2,65,13.311516263696138,0.1013631485309419,2,1.0000353032050482,2.996817120944628,5.130698433826562
TC MultiVortex (strong),gamma2,0.95,0.08,0.2,66,13.22954336392852,0.09268857046724,2,0.9263845831610784,2.7411866486578487,6.434706922847057
TC MultiVortex (strong),gamma2,0.95,0.08,0.2,67,12.311426238465062,0.1355833652415323,2,1.0750425411359137,3.323604966843392,2.708365929900679
TC MultiVortex (strong),gamma2,0.95,0.08,0.2,68,12.034517579011975,0.0906093779739764,2,0.9689831627256138,2.521496546493295,1.9531365224769488
TC MultiVortex (strong),gamma2,0.95,0.08,0.2,69,11.558994694501417,0.0970392876192118,2,0.8454060994870229,2.3410546648844086,0.8879245817336339
TC MultiVortex (strong),gamma2,0.95,0.08,0.2,70,12.61844142131917,0.1133828535390366,2,1.047306862578839,3.0746903453402967,3.507534350856836
TC MultiVortex (strong),gamma2,0.95,0.08,0.2,71,12.443595840627337,0.103809031793137,2,0.9329436293715716,2.738269387325865,1.1555272354193051
TC MultiVortex (strong),gamma2,0.95,0.08,0.2,72,12.030684611875772,0.1025101003916029,2,1.0509814408975733,2.792262198112019,0.2433245961247692
TC MultiVortex (strong),gamma2,0.95,0.08,0.2,73,12.830218103933325,0.1106512335960129,2,0.8,2.699244125007438,1.470128790365939
TC MultiVortex (strong),gamma2,0.95,0.08,0.2,74,12.460372968748825,0.1065756566669907,2,0.874183650984976,2.68934421946878,3.900630171987513
TC MultiVortex (strong),gamma2,0.95,0.08,0.2,75,12.52508446273634,0.0918279780348526,2,1.0066415936081492,2.6927163773643685,1.23696645156118
TC MultiVortex (strong),gamma2,0.95,0.08,0.2,76,15.714381796055552,0.1129335197728506,2,0.9912642889793511,3.7178209042556034,7.148288678352317
TC MultiVortex (strong),gamma2,0.95,0.08,0.2,77,13.767294996314345,0.1038666161567258,2,0.9962440638928478,3.1315149207704174,4.832037990238857
TC MultiVortex (strong),gamma2,0.95,0.08,0.2,78,14.18665287941722,0.1068818398309414,2,0.8672118093827482,3.0540735854466345,2.596055174476403
TC MultiVortex (strong),gamma2,0.95,0.08,0.2,79,13.757189728940856,0.0990159708988153,2,1.0384436735833789,3.1193120759615827,-1.050320343116962
TC MultiVortex (strong),gamma2,0.95,0.08,0.2,80,13.991207154021083,0.0911249263512498,2,0.9750877618269332,2.9490398217212848,2.516725128045847
TC MultiVortex (strong),gamma2,0.95,0.08,0.2,81,13.335785612494794,0.1261543922490648,2,1.0475573885025675,3.428022843504144,3.796143683390501
TC MultiVortex (strong),gamma2,0.95,0.08,0.2,82,15.125548507522325,0.0978805759895157,2,1.0753762661470836,3.4699611840084987,1.3145917888335108
TC MultiVortex (strong),gamma2,0.95,0.08,0.2,83,14.357564579326375,0.1040998649809926,2,0.9660800480346136,3.21956665033527,3.0072100108282966
TC MultiVortex (strong),gamma2,0.95,0.08,0.2,84,12.49185146942169,0.115273843471238,2,1.0403933194509345,3.058975355888954,1.1790114584446365
TC MultiVortex (strong),gamma2,0.95,0.08,0.2,85,12.37218198218576,0.098786452290194,2,0.995779998925047,2.7438584008057822,-1.1644712634938226
TC MultiVortex (strong),gamma2,0.95,0.08,0.2,86,12.175241070894534,0.105201669919657,2,1.0611477915988892,2.8764830902935987,5.455169061360486
TC MultiVortex (strong),gamma2,0.95,0.08,0.2,87,13.402475676489182,0.0922989898625316,2,0.9270973325807392,2.772242196594221,2.201361442532215
TC MultiVortex (strong),gamma2,0.95,0.08,0.2,88,14.051410084612275,0.1074671681638832,2,1.0201008742998994,3.2897611932406843,3.855052998411348
TC MultiVortex (strong),gamma2,0.95,0.08,0.2,89,15.981666493166422,0.1096896169360391,2,1.161944414206917,4.034432947486422,9.074478372849802
TC MultiVortex (strong),gamma2,0.95,0.08,0.2,90,12.842890744523936,0.107927858619611,2,1.0553350162917052,3.0648536726551674,1.479275638578111
TC MultiVortex (strong),gamma2,0.95,0.08,0.2,91,14.268888018860018,0.0880561483107756,2,0.998544641988736,2.991842430872175,2.9365886999150104
TC MultiVortex (strong),gamma2,0.95,0.08,0.2,92,12.117258586440444,0.089051750314391,2,0.9541809089692544,2.497617735549558,4.476543964701411
TC MultiVortex (strong),gamma2,0.95,0.08,0.2,93,10.790931871598138,0.0946795298870117,2,1.0416790435031968,2.396287723377513,3.34714419393715
TC MultiVortex (strong),gamma2,0.95,0.08,0.2,94,12.13359969970451,0.1097431138950274,2,0.8494647156451562,2.619606001521983,-1.1993507833512556
TC MultiVortex (strong),gamma2,0.95,0.08,0.2,95,13.44095840696068,0.1119736713455557,2,1.0449111133747984,3.250969330566309,6.330262507119065
TC MultiVortex (strong),gamma2,0.95,0.08,0.2,96,13.434136843985092,0.0875237296331588,2,1.0026378450250766,2.814036489184025,0.4100361839596892
TC MultiVortex (strong),gamma2,0.95,0.08,0.2,97,12.869996739891125,0.1097911192993564,2,0.9282215438343678,2.90517880744403,2.1294159822069765
TC MultiVortex (strong),gamma2,0.95,0.08,0.2,98,12.63242894331886,0.1024305435910993,2,0.8656982890026023,2.6599280208124214,-0.2770979027313153
TC MultiVortex (strong),gamma2,0.95,0.08,0.2,99,13.862195604226574,0.0894557788514492,2,1.07193534487535,3.0353272516741714,5.016648862922307
TC MultiVortex (strong),gamma2,0.95,0.08,0.2,100,14.555144455129872,0.0862569815852866,2,0.9543252520671396,2.9528872075631285,2.730688708825239
TC MultiVortex (strong),gamma2,0.95,0.08,0.2,101,10.568172490180569,0.0829410717373864,2,0.992649005955184,2.144211261846065,2.808461226874132
TC MultiVortex (strong),gamma2,0.95,0.08,0.2,102,10.84324774616205,0.0978699538243136,2,1.1255790715431364,2.544820058329618,2.39348579479177
TC MultiVortex (strong),gamma2,0.95,0.08,0.2,103,12.655979677608762,0.1072808997054762,2,1.078495899636797,3.044046088617576,5.180926108958674
TC MultiVortex (strong),gamma2,0.95,0.08,0.2,104,11.706641253630911,0.1100478851874375,2,0.9628086464897836,2.694499785302929,-1.1845870249573918
TC MultiVortex (strong),gamma2,0.95,0.08,0.2,105,12.181124179352516,0.0946659473985057,2,1.0312417637673823,2.691221923636743,2.4608417151895505
TC MultiVortex (strong),gamma2,0.95,0.08,0.2,106,13.030801955487714,0.1035852979069811,2,1.055898442273839,3.0473075018012583,3.940897749936552
TC MultiVortex (strong),gamma2,0.95,0.08,0.2,107,11.87543489415152,0.097117170055917,2,1.0792466543575394,2.7185848359400717,2.209195617141491
TC MultiVortex (strong),gamma2,0.95,0.08,0.2,108,12.325068759425974,0.0934508100775528,2,0.9648642800943784,2.616971557828698,5.9930397899802905
TC MultiVortex (strong),gamma2,0.95,0.08,0.2,109,14.417839102263104,0.0922766056608423,2,0.9970690917407088,3.092385363961263,5.599211063131659
TC MultiVortex (strong),gamma2,0.95,0.08,0.2,110,13.4366258386197,0.113199748847076,2,1.0310570840012632,3.24593121845157,0.7351722470399872
TC MultiVortex (strong),gamma2,0.95,0.08,0.2,111,14.08275143781684,0.0993947093241921,2,0.997294291211968,3.135204087459471,6.95362532171263
TC MultiVortex (strong),gamma2,0.95,0.08,0.2,112,13.539782775755226,0.107091495918683,2,0.9768046804536954,3.0965497187539235,4.666342593769559
TC MultiVortex (strong),gamma2,0.95,0.08,0.2,113,14.006017776142484,0.1314830427363472,2,1.0634162592780387,3.70327698738656,8.578785446240762
TC MultiVortex (strong),gamma2,0.95,0.08,0.2,114,12.903137544852893,0.109936060613772,2,1.0175861043950478,3.05165896743466,4.296704868348217
TC MultiVortex (strong),gamma2,0.95,0.08,0.2,115,13.332763243532886,0.0831547840838033,2,1.018309028081516,2.7433965398719398,2.821618341361566
TC MultiVortex (strong),gamma2,0.95,0.08,0.2,116,13.651980276809724,0.109541053955962,2,0.9384536471786298,3.095105985929411,1.6954352324905553
TC MultiVortex (strong),gamma2,0.95,0.08,0.2,117,13.658538541690673,0.1167327788467469,2,0.909628097658738,3.1471509951917542,5.601371139864581
TC MultiVortex (strong),gamma2,0.95,0.08,0.2,118,13.351898184094436,0.1238981369770511,2,0.967660915044509,3.269053303390373,3.782188027725344
TC MultiVortex (strong),gamma2,0.95,0.08,0.2,119,13.79327811555088,0.1120049461500058,2,1.015192003626966,3.2888585102540104,1.2757258746869002
TC MultiVortex (strong),gamma2,0.95,0.08,0.2,120,12.523818883053716,0.1149271027441602,2,1.1093134866973935,3.1619875546240945,4.356458511392705
TC MultiVortex (strong),gamma2,0.95,0.08,0.2,121,12.628630144331227,0.1184328412881784,2,0.9833145788903614,3.0473585759107022,6.036196016874725
TC MultiVortex (strong),gamma2,0.95,0.08,0.2,122,13.566753362886868,0.1170796546426187,2,0.9313380144804216,3.1677821937802078,3.298188182803293
TC MultiVortex (strong),gamma2,0.95,0.08,0.2,123,13.36164901249724,0.0866874477749053,2,1.0278032104440262,2.820188614253736,2.488853021137769
TC MultiVortex (strong),gamma2,0.95,0.08,0.2,124,11.133697883822547,0.1007777359101668,2,1.1308753767593978,2.6577498798811714,1.7440276894964084
TC MultiVortex (strong),gamma2,0.95,0.08,0.2,125,12.18886367652032,0.1088182838176153,2,1.0552508780969554,2.9206332104071526,2.1285286700575314
TC MultiVortex (strong),gamma2,0.95,0.08,0.2,126,12.966461879407191,0.0864952375824058,2,1.06055417684612,2.776956118431485,3.877470081114131
TC MultiVortex (strong),gamma2,0.95,0.08,0.2,127,11.343864502200308,0.097403652325421,2,0.9711506858671464,2.46704439110231,1.3046130399659024
TC MultiVortex (strong),gamma2,0.95,0.08,0.2,128,14.149343679263326,0.0883100560991732,2,0.9012945704839752,2.8226677114703413,1.4537215894441755
TC MultiVortex (strong),gamma2,0.95,0.08,0.2,129,12.17663957354888,0.0862906528929216,2,0.9871090907678656,2.512909838103596,2.02863205439904
TC MultiVortex (strong),gamma2,0.95,0.08,0.2,130,12.896608088872709,0.1264794560186438,2,0.9371076532801064,3.139534367145166,1.7077938094960188
TC MultiVortex (strong),gamma2,0.95,0.08,0.2,131,12.562906032611554,0.0825874649963383,2,1.0094878967429095,2.564972655544584,3.961550388581794
TC MultiVortex (strong),gamma2,0.95,0.08,0.2,132,14.620318294825273,0.1107756411476046,2,1.0099631623833636,3.4579342617876105,2.9111012666878766
TC MultiVortex (strong),gamma2,0.95,0.08,0.2,133,12.337312332387189,0.0885847844347225,2,0.8242784766092287,2.35733936175753,1.2644788952725414
TC MultiVortex (strong),gamma2,0.95,0.08,0.2,134,12.920778733814217,0.1051262273032312,2,1.0343508652659166,3.0127505336782345,0.2720391245161586
TC MultiVortex (strong),gamma2,0.95,0.08,0.2,135,14.243999499266415,0.1151192451831321,2,0.9723985538346236,3.36986940538092,4.248542229428868
TC MultiVortex (strong),gamma2,0.95,0.08,0.2,136,11.084097030829051,0.1016935929825913,2,0.9205628480620912,2.398053340132547,4.930431998245319
TC MultiVortex (strong),gamma2,0.95,0.08,0.2,137,10.801411009264935,0.0897239859965144,2,1.1200249608212214,2.421216496697645,5.518722193515601
TC MultiVortex (strong),gamma2,0.95,0.08,0.2,138,13.97852562242278,0.0915396997937827,2,0.8407423671153298,2.7420955091163424,2.4812064997166106
TC MultiVortex (strong),gamma2,0.95,0.08,0.2,139,13.00735696985056,0.0948827424014955,2,0.9613265317651172,2.7778138557930148,2.8427361054261207
TC MultiVortex (strong),gamma2,0.95,0.08,0.2,140,15.354891443283067,0.0840281033545696,2,1.0571116893249266,3.235969880249009,2.31999159588394
TC MultiVortex (strong),gamma2,0.95,0.08,0.2,141,12.283501960154103,0.1179171474397135,2,1.0692773321538416,3.084188148695295,7.442313544109923
TC MultiVortex (strong),gamma2,0.95,0.08,0.2,142,13.256026744925506,0.0873457831500742,2,1.039478286284288,2.8244055500838607,0.3708165470021868
TC MultiVortex (strong),gamma2,0.95,0.08,0.2,143,12.60056811408387,0.1266863638265578,2,1.0178407915838132,3.199484348727438,1.5415046425741072
TC MultiVortex (strong),gamma2,0.95,0.08,0.2,144,11.93565986870682,0.1009924645565734,2,0.9089324073063824,2.557064693149074,3.09784840683898
TC MultiVortex (strong),gamma2,0.95,0.08,0.2,145,12.45599670242464,0.1030302100373343,2,0.8955932950375877,2.675476841267582,4.603764254333172
TC MultiVortex (strong),gamma2,0.95,0.08,0.2,146,11.889799939732402,0.0959386888567103,2,0.9938900147704064,2.596125018800022,-1.2008247845041031
TC MultiVortex (strong),gamma2,0.95,0.08,0.2,147,13.313372520605618,0.0965224261330441,2,1.0323517174519397,2.9716731712105617,-0.5718265899138407
TC MultiVortex (strong),gamma2,0.95,0.08,0.2,148,11.50257162928444,0.0977234560371464,2,1.0362986526365356,2.588342981034197,5.046828883491545
TC MultiVortex (strong),gamma2,0.95,0.08,0.2,149,11.512408448142097,0.1135455001660578,2,0.9614012163046888,2.689604911435296,6.269228359188003
TC MultiVortex (strong),gamma2,0.95,0.08,0.2,150,16.276297009490563,0.1195690617465421,2,1.0758700217093269,4.127907171495783,3.9892145871731968
TC MultiVortex (strong),gamma2,0.95,0.08,0.2,151,13.906746666413312,0.0933627968088039,2,0.8222845361124285,2.724636269893021,2.611713860711904
TC MultiVortex (strong),gamma2,0.95,0.08,0.2,152,11.028369329423237,0.0992391897717874,2,1.1268466088888756,2.6077761550623597,2.0071501840660533
TC MultiVortex (strong),gamma2,0.95,0.08,0.2,153,12.067172584606842,0.1009263526294375,2,0.9693860715264836,2.668954703643361,4.2212292587017615
TC MultiVortex (strong),gamma2,0.95,0.08,0.2,154,13.772723862866815,0.0914418042987258,2,0.986988381577616,2.925723337361981,3.8839043655561736
TC MultiVortex (strong),gamma2,0.95,0.08,0.2,155,13.499194769857894,0.1497292112040968,2,1.149555148015489,3.960144557767208,4.858407635508755
TC MultiVortex (strong),gamma2,0.95,0.08,0.2,156,13.094340782626269,0.1014374163243903,2,0.9988407793038124,2.9472424468336635,1.9487634509458345
TC MultiVortex (strong),gamma2,0.95,0.08,0.2,157,11.76478955424126,0.0872097916431312,2,1.0213712843896068,2.4828107175984626,2.275349787004236
TC MultiVortex (strong),gamma2,0.95,0.08,0.2,158,12.96350821860479,0.0978385553088803,2,0.9514415643350116,2.796749860639776,3.224902226599676
TC MultiVortex (strong),gamma2,0.95,0.08,0.2,159,13.85613569590375,0.0878775169952333,2,0.9760725990729464,2.869505617118553,5.161382276043627
TC MultiVortex (strong),gamma2,0.95,0.08,0.2,160,13.101015162289888,0.0889628170611532,2,0.971476884247396,2.723393837414973,-1.179174963252665
TC MultiVortex (strong),gamma2,0.95,0.08,0.2,161,12.76721450000274,0.1036727508379275,2,0.8998054517721695,2.7573238560280813,1.7336822957107183
TC MultiVortex (strong),gamma2,0.95,0.08,0.2,162,11.188404869206504,0.1074121625946843,2,0.8703725584727922,2.4189812440491,4.0508397008160735
TC MultiVortex (strong),gamma2,0.95,0.08,0.2,163,13.312467928338044,0.1095910917015,2,0.963696174605756,3.059153511004739,3.732635487529004
TC MultiVortex (strong),gamma2,0.95,0.08,0.2,164,13.821611926386293,0.086014111833754,2,0.9094229424257776,2.733452332730118,1.1756020689157858
TC MultiVortex (strong),gamma2,0.95,0.08,0.2,165,15.116514289854418,0.0910702529895915,2,1.02850861167049,3.271364216002213,2.26540267728441
TC MultiVortex (strong),gamma2,0.95,0.08,0.2,166,12.82751556014484,0.1053983687777452,2,1.0637467920154446,3.037131727754586,-0.4460000091300981
TC MultiVortex (strong),gamma2,0.95,0.08,0.2,167,12.586113584209343,0.1099066373569827,2,1.0389444845097076,3.007355576219661,1.0621104457819013
TC MultiVortex (strong),gamma2,0.95,0.08,0.2,168,12.276643182404374,0.0813083767725908,2,0.9326883426722824,2.390564992367627,1.843366020187449
TC MultiVortex (strong),gamma2,0.95,0.08,0.2,169,15.138539290677242,0.0947493072475347,2,1.0461460462371597,3.370180451772028,5.623750012578343
TC MultiVortex (strong),gamma2,0.95,0.08,0.2,170,14.82057677974228,0.0867236728488546,2,1.0672419433477571,3.1882354141912983,6.356672546276045
TC MultiVortex (strong),gamma2,0.95,0.08,0.2,171,13.706296228637882,0.0787103584533312,2,0.9930936682664848,2.709668530480676,2.3754935502844536
TC MultiVortex (strong),gamma2,0.95,0.08,0.2,172,13.703407926173949,0.0928790704022345,2,1.0243849184701956,2.9888499063581278,2.297812299416866
TC MultiVortex (strong),gamma2,0.95,0.08,0.2,173,12.732299631375389,0.0991492942250936,2,0.9839538795889872,2.812056467800019,5.645528700303123
TC MultiVortex (strong),gamma2,0.95,0.08,0.2,174,11.889830721203646,0.1106764022371764,2,1.066143927505758,2.887992818862821,3.961412813716701
TC MultiVortex (strong),gamma2,0.95,0.08,0.2,175,11.268339888394772,0.0949555228420243,2,0.8733153838328597,2.294513463407695,2.979482733492404
TC MultiVortex (strong),gamma2,0.95,0.08,0.2,176,11.729535611784836,0.0910722241244379,2,1.0258080402892005,2.535081004673042,3.6092057684883687
TC MultiVortex (strong),gamma2,0.95,0.08,0.2,177,11.78517126917198,0.1086165813546983,2,1.0281665237390525,2.784842864347714,2.991931133791655
TC MultiVortex (strong),gamma2,0.95,0.08,0.2,178,14.230717965485502,0.1090047951523924,2,0.964191871414814,3.262243302857632,5.550725107111098
TC MultiVortex (strong),gamma2,0.95,0.08,0.2,179,13.09499624303119,0.0916025317750366,2,1.0523130388681736,2.874859301454446,2.715146138905628
TC MultiVortex (strong),gamma2,0.95,0.08,0.2,180,12.87554531257968,0.1071154197191144,2,0.9256900355832446,2.866879407351444,0.7534933789603133
TC MultiVortex (strong),gamma2,0.95,0.08,0.2,181,13.71845912684252,0.1116156529271459,2,1.068211924517391,3.349512468190859,2.7126917017789456
TC MultiVortex (strong),gamma2,0.95,0.08,0.2,182,10.9960172987015,0.0947979572053712,2,0.8597143351031598,2.219713841373035,0.585003891683807
TC MultiVortex (strong),gamma2,0.95,0.08,0.2,183,12.296626645386482,0.0970586896681072,2,1.0127196713625128,2.726043766264112,3.400528488429251
TC MultiVortex (strong),gamma2,0.95,0.08,0.2,184,13.783944946012271,0.0985021571184182,2,0.9149989340650476,2.926117063629921,3.319225698503137
TC MultiVortex (strong),gamma2,0.95,0.08,0.2,185,11.642787139645067,0.0956993162527912,2,0.8989529370898217,2.41470930109341,2.5898512364502944
TC MultiVortex (strong),gamma2,0.95,0.08,0.2,186,14.600261727663096,0.0985199654845065,2,1.0394407079610142,3.303753448125448,-0.0184928783476267
TC MultiVortex (strong),gamma2,0.95,0.08,0.2,187,12.353437254383788,0.0914373912705457,2,0.9460624608161976,2.569180603295849,2.928635366139096
TC MultiVortex (strong),gamma2,0.95,0.08,0.2,188,13.578926576587886,0.0815157701808881,2,1.030084114637578,2.782323380229794,2.7774066371136428
TC MultiVortex (strong),gamma2,0.95,0.08,0.2,189,13.236860709271957,0.0959745577939207,2,0.9210099261569236,2.782788604702221,-1.150877555032231
TC MultiVortex (strong),gamma2,0.95,0.08,0.2,190,12.580925612791548,0.0970558200398639,2,0.984726353149429,2.7502119744918136,0.5472263488823187
TC MultiVortex (strong),gamma2,0.95,0.08,0.2,191,11.5579138812863,0.0911237406425499,2,0.8942899443700184,2.333025038358364,1.7858571952219895
TC MultiVortex (strong),gamma2,0.95,0.08,0.2,192,12.973201814946886,0.1261097545501719,2,0.987427068781097,3.237121727886433,6.46993742515915
TC MultiVortex (strong),gamma2,0.95,0.08,0.2,193,12.980778060510556,0.1029373030108779,2,1.0285149985024105,2.9866025674997005,3.749836492616369
TC MultiVortex (strong),gamma2,0.95,0.08,0.2,194,15.542522316186124,0.0889134366211114,2,1.0007038347144634,3.278256885785,2.4964438263122046
TC MultiVortex (strong),gamma2,0.95,0.08,0.2,195,12.415988242097548,0.0972543899750501,2,1.0911962857966488,2.860041542684147,5.192417146602268
TC MultiVortex (strong),gamma2,0.95,0.08,0.2,196,11.19494120195808,0.1044831727415571,2,0.8173471277360547,2.313306965097408,-0.0302768117084347
TC MultiVortex (strong),gamma2,0.95,0.08,0.2,197,14.320161352453786,0.1034844480703321,2,0.9978632181966612,3.253913207715831,3.1026499530399194
TC MultiVortex (strong),gamma2,0.95,0.08,0.2,198,13.29101085050986,0.1036107891187258,2,0.948070599513576,2.945546240549867,3.733556840457093
TC MultiVortex (strong),gamma2,0.95,0.08,0.2,199,13.133170122701909,0.1102001542624778,2,1.2,3.3770407128678928,4.165743835713877
TC MultiVortex (strong),gamma2,0.95,0.08,0.2,200,11.902132635298065,0.0822864242995877,2,1.03516625753324,2.456286022113473,0.5020227178060865
TC MultiVortex (strong),gamma2,0.95,0.08,0.2,201,13.998537421749134,0.0926623874705456,2,1.0957876618385776,3.154151944582578,2.094429465224207
TC MultiVortex (strong),gamma2,0.95,0.08,0.2,202,13.165122253412044,0.1098251350966823,2,1.158120187922674,3.319996208331156,1.881622494723732
TC MultiVortex (strong),gamma2,0.95,0.08,0.2,203,13.400598317355966,0.1203938268348351,2,1.0589186410109224,3.383316275773573,-1.040839635336892
TC MultiVortex (strong),gamma2,0.95,0.08,0.2,204,14.633782553502616,0.104387371261021,2,0.940294343990556,3.2418841571730934,6.344618903524557
TC MultiVortex (strong),gamma2,0.95,0.08,0.2,205,12.689372551577046,0.0915671685359287,2,1.1302031178063852,2.886511508447313,3.2678875483877103
TC MultiVortex (strong),gamma2,0.95,0.08,0.2,206,13.121102357220586,0.1097133436583914,2,0.9453519048429048,2.9880083231267536,3.459988397509391
TC MultiVortex (strong),gamma2,0.95,0.08,0.2,207,14.226352624548095,0.1146479071287907,2,0.8995455548002415,3.2305258303731383,5.886061023894295
TC MultiVortex (strong),gamma2,0.95,0.08,0.2,208,14.227275408517452,0.0930135751712949,2,1.0177296619334228,3.095252804335452,6.616451471124681
TC MultiVortex (strong),gamma2,0.95,0.08,0.2,209,10.999332742562512,0.1240982036465675,2,0.963420903980974,2.6893177758032474,1.2721505143693117
TC MultiVortex (strong),gamma2,0.95,0.08,0.2,210,13.870097828195526,0.1054977826644447,2,0.9474983846920388,3.10081196684294,1.8280221915174597
TC MultiVortex (strong),gamma2,0.95,0.08,0.2,211,12.326253089595896,0.1027971122677937,2,1.001108329828334,2.7960638058360576,2.3808527356009765
TC MultiVortex (strong),gamma2,0.95,0.08,0.2,212,11.808968017127306,0.0913072282975153,2,0.8538529426901015,2.33153032309223,2.962074928849869
TC MultiVortex (strong),gamma2,0.95,0.08,0.2,213,12.949316286486418,0.078294872976514,2,1.1098192818171495,2.699135179548485,1.211564912987396
TC MultiVortex (strong),gamma2,0.95,0.08,0.2,214,13.75559331636252,0.0977497327063365,2,1.0301499672910015,3.0865430973972834,1.728652682366645
TC MultiVortex (strong),gamma2,0.95,0.08,0.2,215,12.862717589892272,0.0770512975944113,2,0.9304401931664515,2.43529707152994,0.383172270495012
TC MultiVortex (strong),gamma2,0.95,0.08,0.2,216,10.96639212276378,0.0852009785932045,2,1.050041500911474,2.3193927563288868,0.2882065769654388
TC MultiVortex (strong),gamma2,0.95,0.08,0.2,217,14.054744258519388,0.1075048327132276,2,0.976973320158684,3.220796573553565,5.080646246418205
TC MultiVortex (strong),gamma2,0.95,0.08,0.2,218,12.828007455813571,0.1003620265070419,2,0.9347993376547968,2.7783574219913696,2.30468146653423
TC MultiVortex (strong),gamma2,0.95,0.08,0.2,219,11.772304418941363,0.1026371403653669,2,1.011886546791548,2.6826540394824243,2.7271049646657226
TC MultiVortex (strong),gamma2,0.95,0.08,0.2,220,12.766263031991878,0.1016164923990595,2,1.0031868473324916,2.882184678114892,3.2417819661087104
TC MultiVortex (strong),gamma2,0.95,0.08,0.2,221,12.107788734648148,0.0879245553450163,2,1.0383129960188076,2.586837046463865,5.969808521963898
TC MultiVortex (strong),gamma2,0.95,0.08,0.2,222,15.55716294728911,0.123056140668618,2,0.8662319889595396,3.5915685241286086,1.4691199877798762
TC MultiVortex (strong),gamma2,0.95,0.08,0.2,223,12.17345486560898,0.110640640425203,2,0.939038352237295,2.774583872571456,2.050552093586197
TC MultiVortex (strong),gamma2,0.95,0.08,0.2,224,12.969637074500982,0.1100247156835034,2,1.1553524896416827,3.2697549464072684,1.9042384283878333
TC MultiVortex (strong),gamma2,0.95,0.08,0.2,225,13.310121062638489,0.1054782183726231,2,1.0991600600537756,3.204637202852336,3.265998428801616
TC MultiVortex (strong),gamma2,0.95,0.08,0.2,226,13.705159847772308,0.1080860345406271,2,0.8990786562815786,3.0210140368162524,3.627994037374204
TC MultiVortex (strong),gamma2,0.95,0.08,0.2,227,12.886257513646797,0.0812920052454791,2,0.9958105839252692,2.592531818219996,0.5603880524144069
TC MultiVortex (strong),gamma2,0.95,0.08,0.2,228,13.184839190632225,0.0789499018082967,2,1.0973365462446958,2.744135538380453,-0.3321954841026351
TC MultiVortex (strong),gamma2,0.95,0.08,0.2,229,11.31026621064181,0.1023455315631819,2,1.019244400624186,2.583041830780933,1.8352789454897531
TC MultiVortex (strong),gamma2,0.95,0.08,0.2,230,13.130410168032329,0.1172454366715366,2,0.9938577679916688,3.16937324540131,4.731360735283826
TC MultiVortex (strong),gamma2,0.95,0.08,0.2,231,12.44340400211198,0.1154645342459096,2,1.0612493622989756,3.0800461868211504,3.3208680405414874
TC MultiVortex (strong),gamma2,0.95,0.08,0.2,232,14.96991391213087,0.1003230227997278,2,1.0801370724940458,3.4845286987654074,3.410612037016733
TC MultiVortex (strong),gamma2,0.95,0.08,0.2,233,11.564499288768312,0.1196384019814732,2,1.0430132309174276,2.888630859013141,1.595269527424536
TC MultiVortex (strong),gamma2,0.95,0.08,0.2,234,14.915895912024272,0.1022253137079116,2,0.9524484305534808,3.2910486890805357,-0.8627234871362943
TC MultiVortex (strong),gamma2,0.95,0.08,0.2,235,13.89422884365318,0.1005961020692103,2,1.1199142381929212,3.2976336739517853,4.467672092337449
TC MultiVortex (strong),gamma2,0.95,0.08,0.2,236,13.509642863557072,0.1126111965756555,2,1.0054617626341356,3.214418631349799,5.957330247893327
TC MultiVortex (strong),gamma2,0.95,0.08,0.2,237,14.92230496334696,0.1037022999242793,2,0.9990226866511548,3.396274489326478,-0.7093473424130452
TC MultiVortex (strong),gamma2,0.95,0.08,0.2,238,12.482289434183384,0.1060337559056804,2,1.0076381241798062,2.8850518237700227,0.6419598720596363
TC MultiVortex (strong),gamma2,0.95,0.08,0.2,239,11.900775176393676,0.0871228172432721,2,0.9456776143520844,2.4154483904394817,1.7557356537572524
TC MultiVortex (strong),gamma2,0.95,0.08,0.2,240,13.463131057657934,0.1088469905011833,2,1.060001140597128,3.2336458554579237,3.784131017814466
TC MultiVortex (strong),gamma2,0.95,0.08,0.2,241,14.321786958071776,0.0864605529588332,2,1.2,3.261984091692852,6.767795736836284
TC MultiVortex (strong),gamma2,0.95,0.08,0.2,242,11.53210698424012,0.108739085198222,2,1.036426291787501,2.7375099928038678,6.422915896604008
TC MultiVortex (strong),gamma2,0.95,0.08,0.2,243,12.854399367400784,0.1047329559286807,2,0.984110966132812,2.9181022602340345,3.317704294637432
TC MultiVortex (strong),gamma2,0.95,0.08,0.2,244,13.372439724125195,0.1156524533804714,2,1.0337277691623357,3.269461048584748,2.5564852126275244
TC MultiVortex (strong),gamma2,0.95,0.08,0.2,245,14.872227048922454,0.0935228753977179,2,1.0158953388607856,3.241488002405,1.466231810846468
TC MultiVortex (strong),gamma2,0.95,0.08,0.2,246,12.694886700184432,0.1350479536099566,2,0.9333471439783344,3.186980723676144,5.941469606694024
TC MultiVortex (strong),gamma2,0.95,0.08,0.2,247,10.471103383113606,0.0903278182682517,2,0.9256544678633748,2.140980248782473,3.3722360868686314
TC MultiVortex (strong),gamma2,0.95,0.08,0.2,248,12.214255532152087,0.0970004955468293,2,1.0118443134027215,2.705800843517876,3.8077560294527992
TC MultiVortex (strong),gamma2,0.95,0.08,0.2,249,12.314124515729588,0.0960652432055405,2,0.9843749245846009,2.6776385827830333,2.8389944421376563
TC MultiVortex (strong),gamma2,0.95,0.08,0.2,250,11.921319504337031,0.1317344570075536,2,0.9546964529305356,2.989452637533542,0.9558727283448326
TC MultiVortex (strong),gamma2,0.95,0.08,0.2,251,12.54008053310072,0.1039191850314885,2,0.9516322963349764,2.7884815809612222,6.589808862504781
TC MultiVortex (strong),gamma2,0.95,0.08,0.2,252,13.532257135335604,0.1026310460356276,2,0.9297749957084642,2.9558579048018703,2.06362805690252
TC MultiVortex (strong),gamma2,0.95,0.08,0.2,253,13.03183853787039,0.1231960075286976,2,0.9288634261007802,3.1172019623413467,4.542297770251365
TC MultiVortex (strong),gamma2,0.95,0.08,0.2,254,14.425441472508862,0.0996189132340044,2,0.8815045562952186,3.02271565818277,2.3341507215917234
TC MultiVortex (strong),gamma2,0.95,0.08,0.2,255,13.255782222926692,0.1183982831352741,2,1.0114460787250286,3.2436533331695303,3.8246543443057055
TC MultiVortex (strong),gamma2,0.95,0.08,0.2,256,13.672385150791191,0.0885050496850783,2,1.0503844027470273,2.9477282484648915,-1.088004976404207
TC MultiVortex (strong),gamma2,0.95,0.08,0.2,257,13.082594391712108,0.0993261516628966,2,0.92524743017006,2.8043978627994623,2.556170665078006
TC MultiVortex (strong),gamma2,0.95,0.08,0.2,258,12.633623594744783,0.0967701610406096,2,1.080565199689275,2.8887446609781264,6.098382168051751
TC MultiVortex (strong),gamma2,0.95,0.08,0.2,259,10.677646882555733,0.1070801673674314,2,0.9389587480685336,2.394078207459739,4.66367617759937
TC MultiVortex (strong),gamma2,0.95,0.08,0.2,260,13.840275931645264,0.1009298059049431,2,1.0742021318902883,3.222422452426191,6.051967779084485
TC MultiVortex (strong),gamma2,0.95,0.08,0.2,261,12.649888323349812,0.098000577064224,2,0.936331569384817,2.7095729202889163,2.8603140935952043
TC MultiVortex (strong),gamma2,0.95,0.08,0.2,262,14.327686818007887,0.0928497612216605,2,0.8154305158313169,2.787693084346958,4.976840023698006
TC MultiVortex (strong),gamma2,0.95,0.08,0.2,263,11.53394455012164,0.0839444605081688,2,0.970463577933542,2.327815217138059,0.7069507701219324
TC MultiVortex (strong),gamma2,0.95,0.08,0.2,264,12.597255983333064,0.1029319300300189,2,0.8076630759428566,2.5683318002286586,3.2663427932373
TC MultiVortex (strong),gamma2,0.95,0.08,0.2,265,11.54300679615518,0.1097442496883023,2,0.9946830379725188,2.696728322642509,2.5699086513682072
TC MultiVortex (strong),gamma2,0.95,0.08,0.2,266,13.259529888531745,0.0964209181337032,2,0.982455048660402,2.8857260799206244,6.857547258420476
TC MultiVortex (strong),gamma2,0.95,0.08,0.2,267,13.092058602541512,0.136766958895235,2,0.9422992961522104,3.323364460284901,6.363212493796067
TC MultiVortex (strong),gamma2,0.95,0.08,0.2,268,13.366266787985628,0.1064808228991731,2,1.0329969218335782,3.1345870897324457,4.604856549671454
TC MultiVortex (strong),gamma2,0.95,0.08,0.2,269,13.414164426907623,0.0978075580362641,2,1.01611040551542,2.990234756000752,5.15012066044064
TC MultiVortex (strong),gamma2,0.95,0.08,0.2,270,11.9890292411108,0.0930475192510112,2,0.9426056850512724,2.5106515885511422,1.257581966827236
TC MultiVortex (strong),gamma2,0.95,0.08,0.2,271,13.222013655328604,0.1238270554529782,2,1.0286524714733312,3.3367580226446267,-0.3207825198872067
TC MultiVortex (strong),gamma2,0.95,0.08,0.2,272,12.682278504820085,0.1057015325624664,2,1.0518131135860291,2.9901448074096697,1.8974640119748156
TC MultiVortex (strong),gamma2,0.95,0.08,0.2,273,12.092563168930347,0.1139895072556791,2,0.9432684631011364,2.803841518572342,1.068222924494974
TC MultiVortex (strong),gamma2,0.95,0.08,0.2,274,11.012226479814808,0.108904506202207,2,1.0904402027993878,2.6833911882189683,2.998622156776915
TC MultiVortex (strong),gamma2,0.95,0.08,0.2,275,14.040542779749822,0.0905497384226734,2,1.020694556305258,3.018286064427994,6.4367035519164855
TC MultiVortex (strong),gamma2,0.95,0.08,0.2,276,13.222123250425405,0.0895886372833882,2,1.0128609030014626,2.8163561404084216,1.8578469447081845
TC MultiVortex (strong),gamma2,0.95,0.08,0.2,277,10.98896562533957,0.1030193442828674,2,1.0458592948814454,2.5505734693094304,3.062896010645618
TC MultiVortex (strong),gamma2,0.95,0.08,0.2,278,11.49061160117505,0.105788904685502,2,0.8987956870254431,2.505409370823509,3.20886274059131
TC MultiVortex (strong),gamma2,0.95,0.08,0.2,279,12.637203909301247,0.1025158449669177,2,1.0526903542958048,2.9354981764387724,-0.814538103717939
TC MultiVortex (strong),gamma2,0.95,0.08,0.2,280,12.58939950044566,0.1367861134528033,2,1.142383356107978,3.518981275398032,1.737321359713714
TC MultiVortex (strong),gamma2,0.95,0.08,0.2,281,13.088937820932244,0.1266984977244552,2,0.960530447012037,3.2287224046244103,3.578353058210975
TC MultiVortex (strong),gamma2,0.95,0.08,0.2,282,12.11970678365036,0.089993474248185,2,1.0753552404493807,2.665990528620676,4.7134072056260985
TC MultiVortex (strong),gamma2,0.95,0.08,0.2,283,13.864993639360684,0.0954092671903646,2,0.986184605684915,3.007316010391641,2.791744587300747
TC MultiVortex (strong),gamma2,0.95,0.08,0.2,284,13.384217777352962,0.0929832378085483,2,0.923991808680665,2.774050671128082,3.515468102229041
TC MultiVortex (strong),gamma2,0.95,0.08,0.2,285,11.851379021034308,0.0885921977035662,2,0.9398776672307656,2.418172581388034,0.0966439183881813
TC MultiVortex (strong),gamma2,0.95,0.08,0.2,286,13.054589527906272,0.0940279881754724,2,1.0091089932307578,2.843451555438264,3.991861870392484
TC MultiVortex (strong),gamma2,0.95,0.08,0.2,287,12.567134099365816,0.1066835968771997,2,0.9674632828862548,2.8548764766052863,2.7767022721317534
TC MultiVortex (strong),gamma2,0.95,0.08,0.2,288,12.932978056694113,0.1005980191496789,2,0.9855249963652144,2.8794668262705407,3.118448442025845
TC MultiVortex (strong),gamma2,0.95,0.08,0.2,289,13.19733761864391,0.0947136852148371,2,1.012044099450544,2.8891987300465565,1.514789594789498
TC MultiVortex (strong),gamma2,0.95,0.08,0.2,290,15.644506490824966,0.1110283796011819,2,1.1134603572399633,3.889566942395185,1.486703768215364
TC MultiVortex (strong),gamma2,0.95,0.08,0.2,291,12.973535014147563,0.0912902571521201,2,1.012245747527993,2.7886789992409406,2.062841282470329
TC MultiVortex (strong),gamma2,0.95,0.08,0.2,292,13.371850619391344,0.0821561880939956,2,1.016946088283803,2.7330377085502304,-0.7007491644570759
TC MultiVortex (strong),gamma2,0.95,0.08,0.2,293,11.78626589288868,0.1247535649042904,2,1.0993611008536148,3.0864404488249826,2.468702001822576
TC MultiVortex (strong),gamma2,0.95,0.08,0.2,294,13.625969743828872,0.0927076184171872,2,1.055667737937106,3.014211756365395,3.3713982987778843
TC MultiVortex (strong),gamma2,0.95,0.08,0.2,295,13.478225657211071,0.1048992544891563,2,0.9961513214273042,3.0808218370444265,1.317374202030968
TC MultiVortex (strong),gamma2,0.95,0.08,0.2,296,12.81658443376736,0.0874345831580394,2,1.063139165111323,2.763083349549018,1.4832559008691932
TC MultiVortex (strong),gamma2,0.95,0.08,0.2,297,12.182854238638344,0.0982804860246951,2,0.931069810614788,2.6059064488656096,5.054576213313457
TC MultiVortex (strong),gamma2,0.95,0.08,0.2,298,13.39451847905132,0.1105943440313882,2,0.9323131630770308,3.0413014876970585,1.4584302468986603
TC MultiVortex (strong),gamma2,0.95,0.08,0.2,299,16.891656849937,0.0923498322079614,2,1.0018163358347176,3.633033164035124,4.091338216637199
TC MultiVortex (strong),gamma2,0.95,0.08,0.2,300,12.63288901310716,0.1090046181681596,2,0.9125325374222276,2.8173078874229347,-0.8134587487787294
TC MultiVortex (strong),gamma2,0.95,0.08,0.2,301,12.454172749027403,0.1021852138437778,2,1.0773694082986345,2.921973255012398,3.840499395095077
TC MultiVortex (strong),gamma2,0.95,0.08,0.2,302,11.899337553095728,0.085701403560417,2,1.0225090643875423,2.490779813194381,4.810394326043351
TC MultiVortex (strong),gamma2,0.95,0.08,0.2,303,12.952242160634606,0.0908321998234654,2,1.0721629884035155,2.858118818470623,2.612910526287964
TC MultiVortex (strong),gamma2,0.95,0.08,0.2,304,12.153944261668974,0.1002337432372953,2,1.0489625589178908,2.7866935392061034,5.564200568559848
TC MultiVortex (strong),gamma2,0.95,0.08,0.2,305,11.858031639569164,0.0998769676248326,2,1.1432086539283997,2.8333030735826177,5.178677444493783
TC MultiVortex (strong),gamma2,0.95,0.08,0.2,306,14.606140941459572,0.107231670157233,2,0.9466347030780192,3.2905859197099923,4.722842290257824
TC MultiVortex (strong),gamma2,0.95,0.08,0.2,307,11.705672428737303,0.0995577231219115,2,1.0496056834862153,2.6756662064450643,-1.1953978397184148
TC MultiVortex (strong),gamma2,0.95,0.08,0.2,308,13.996434993130231,0.1070943296193632,2,1.0094632603609337,3.2541002671733943,5.51106489482647
TC MultiVortex (strong),gamma2,0.95,0.08,0.2,309,11.721514219422144,0.1143913457592587,2,1.0840142559302264,2.918655270146518,0.845431441898579
TC MultiVortex (strong),gamma2,0.95,0.08,0.2,310,11.638930908263909,0.0830710492663726,2,1.1332918255598956,2.525188590574625,1.6924358437226446
TC MultiVortex (strong),gamma2,0.95,0.08,0.2,311,12.798498552118488,0.1187034829977735,2,1.1045520908467024,3.276942779287624,2.3007575312910427
TC MultiVortex (strong),gamma2,0.95,0.08,0.2,312,11.24277369847715,0.1165088465379234,2,0.905912421939946,2.582742029124832,2.86508654177436
TC MultiVortex (strong),gamma2,0.95,0.08,0.2,313,13.892631066090331,0.0949654866512006,2,1.0030684817172502,3.0319197083707725,0.6071650065410746
TC MultiVortex (strong),gamma2,0.95,0.08,0.2,314,11.95866509528853,0.0801854363023696,2,0.9503706597517344,2.3343284553290755,3.1955278594015457
TC MultiVortex (strong),gamma2,0.95,0.08,0.2,315,11.92528628535948,0.1048509545446335,2,0.8863864493427557,2.5707009869406416,3.5829038669908027
TC MultiVortex (strong),gamma2,0.95,0.08,0.2,316,11.802585540377171,0.0951032798219903,2,1.0557840007182968,2.6445235840405985,0.6403616850251735
TC MultiVortex (strong),gamma2,0.95,0.08,0.2,317,14.053556877360052,0.0911179097674217,2,0.971377825095924,2.9564274407978077,4.294461527405986
TC MultiVortex (strong),gamma2,0.95,0.08,0.2,318,11.702364544899329,0.1027464588676123,2,0.9176149788920318,2.540810664637354,1.2056549755221533
TC MultiVortex (strong),gamma2,0.95,0.08,0.2,319,13.90188558332026,0.1009630992219439,2,1.0927724053530157,3.265163315896077,5.730579229500708
TC MultiVortex (strong),gamma2,0.95,0.08,0.2,320,13.50111380335944,0.0827099760235683,2,1.064562570157903,2.832821069274933,5.282672442894416
TC MultiVortex (strong),gamma2,0.95,0.08,0.2,321,12.13092038754306,0.1010998062051083,2,0.9566998585978986,2.667729376462065,2.361284701881343
TC MultiVortex (strong),gamma2,0.95,0.08,0.2,322,12.809714392512507,0.1196819292676922,2,0.9972483733799308,3.1292510592573417,-0.8374712499324863
TC MultiVortex (strong),gamma2,0.95,0.08,0.2,323,14.239036157904874,0.1074709446358661,2,0.9406856431533632,3.201351683368836,4.812086543583151
TC MultiVortex (strong),gamma2,0.95,0.08,0.2,324,14.632629791727975,0.0824430286248285,2,0.96647981293396,2.920658297277295,3.370679353448551
TC MultiVortex (strong),gamma2,0.95,0.08,0.2,325,11.581721500170092,0.08820174407909,2,1.0729135270152073,2.519295242017064,4.067251636698893
TC MultiVortex (strong),gamma2,0.95,0.08,0.2,326,11.846565306334698,0.1176909416758428,2,1.032201268537417,2.9196525257501618,6.999385656153157
TC MultiVortex (strong),gamma2,0.95,0.08,0.2,327,11.807491754183264,0.1192273575357825,2,0.832989545298848,2.631178960759746,1.841505653815066
TC MultiVortex (strong),gamma2,0.95,0.08,0.2,328,13.100380408915838,0.0953668491906335,2,0.9600311365467046,2.802917309245769,3.2488997019316077
TC MultiVortex (strong),gamma2,0.95,0.08,0.2,329,12.442162748560696,0.1044370567123488,2,0.9483903291859456,2.7688648003024543,5.99118582218375
TC MultiVortex (strong),gamma2,0.95,0.08,0.2,330,13.53535034839946,0.1055903389242628,2,1.0574372318849252,3.198113660473802,5.277385256150342
TC MultiVortex (strong),gamma2,0.95,0.08,0.2,331,12.54730272907367,0.10213892779334,2,1.0423430463891536,2.894918639295672,0.5540407743627798
TC MultiVortex (strong),gamma2,0.95,0.08,0.2,332,11.672150712036604,0.1120776900905589,2,0.8862342942826399,2.6011760726601807,2.5564218056085903
TC MultiVortex (strong),gamma2,0.95,0.08,0.2,333,13.616840079663566,0.0874039263885903,2,0.9032554545471528,2.7054038697506373,1.877692051733052
TC MultiVortex (strong),gamma2,0.95,0.08,0.2,334,12.035202462667607,0.0872061700471337,2,1.0610686126405542,2.5887120389870573,5.081263594198453
TC MultiVortex (strong),gamma2,0.95,0.08,0.2,335,12.968132026607112,0.1022851463088948,2,1.054423445825869,3.011454029601094,4.836825042849853
TC MultiVortex (strong),gamma2,0.95,0.08,0.2,336,12.962833024381636,0.1007774990147913,2,0.970179723760986,2.8661097341858333,-1.118262618803625
TC MultiVortex (strong),gamma2,0.95,0.08,0.2,337,11.886465594413323,0.1270696304261035,2,1.0833837404260416,3.118528948662532,-1.051525358606967
TC MultiVortex (strong),gamma2,0.95,0.08,0.2,338,12.34330554094858,0.0891044920313558,2,1.1166398294271156,2.7531054003164748,5.290916969091702
TC MultiVortex (strong),gamma2,0.95,0.08,0.2,339,13.002164462891791,0.1026210408210417,2,1.037536486499891,2.999995159162761,2.716268018913094
TC MultiVortex (strong),gamma2,0.95,0.08,0.2,340,11.970987609899174,0.1133770581717851,2,1.0922134235948284,2.978731310083366,1.0721009273218924
TC MultiVortex (strong),gamma2,0.95,0.08,0.2,341,13.9546467553631,0.1056091634010253,2,1.0684900616830286,3.314666920491897,3.483536450125128
TC MultiVortex (strong),gamma2,0.95,0.08,0.2,342,12.031558956772663,0.0960285755581961,2,0.9581441554161076,2.5806111921403097,0.4022177928219359
TC MultiVortex (strong),gamma2,0.95,0.08,0.2,343,11.99717169861895,0.112458161928255,2,0.9745676983748874,2.808441444568988,1.315124941583088
TC MultiVortex (strong),gamma2,0.95,0.08,0.2,344,13.594261509889575,0.1107344662014932,2,0.937424559633605,3.0970641011645017,7.537421826615983
TC MultiVortex (strong),gamma2,0.95,0.08,0.2,345,13.801902666383889,0.1061253778649671,2,1.0863424410087206,3.3137287879194783,4.07335693461182
TC MultiVortex (strong),gamma2,0.95,0.08,0.2,346,11.481695868549725,0.1052062077891344,2,0.9900837505175072,2.6202799323120503,4.393182765310123
TC MultiVortex (strong),gamma2,0.95,0.08,0.2,347,12.096004873865873,0.1119383789762785,2,0.9042580618102284,2.721213749808758,3.5070450519366574
TC MultiVortex (strong),gamma2,0.95,0.08,0.2,348,12.526767836350077,0.1106521779117034,2,1.0704596988661963,3.048520884580713,4.957925368863811
TC MultiVortex (strong),gamma2,0.95,0.08,0.2,349,11.73893859699301,0.1087369722826761,2,1.0596704437542277,2.817655296915577,1.8741397791205516
TC MultiVortex (strong),gamma2,0.95,0.08,0.2,350,11.8600728687828,0.0985877190163675,2,1.093704116362893,2.753808221458021,1.6588966661305986
TC MultiVortex (strong),gamma2,0.95,0.08,0.2,351,13.624783134235605,0.1142542130932293,2,1.1065573242337017,3.4256080523095997,4.41995186372531
TC MultiVortex (strong),gamma2,0.95,0.08,0.2,352,11.336836281019998,0.1108509864226757,2,0.907823364491972,2.543005714300464,2.2194477328006816
TC MultiVortex (strong),gamma2,0.95,0.08,0.2,353,12.970644389887244,0.118010851787453,2,0.9955468031309757,3.1436802626191884,7.669793277115629
TC MultiVortex (strong),gamma2,0.95,0.08,0.2,354,14.456640151729282,0.0954177463122075,2,0.8859156094191498,2.97209801257293,4.384503748752733
TC MultiVortex (strong),gamma2,0.95,0.08,0.2,355,12.989156502508951,0.0962456850859263,2,0.983186072309064,2.8253642437348176,0.7289940403732493
TC MultiVortex (strong),gamma2,0.95,0.08,0.2,356,12.413977053780645,0.0934173745994896,2,1.0322113761096647,2.725800644607112,4.362726329709299
TC MultiVortex (strong),gamma2,0.95,0.08,0.2,357,13.077663221015852,0.1172192862723078,2,1.0677456889274712,3.27151262757023,4.71151239858898
TC MultiVortex (strong),gamma2,0.95,0.08,0.2,358,11.835419394714169,0.0950703383313781,2,1.1200356118313384,2.7309081252259317,3.045860630821659
TC MultiVortex (strong),gamma2,0.95,0.08,0.2,359,12.67124027608469,0.0989321195912665,2,1.0251786791631592,2.853465118883437,3.353462535515496
TC MultiVortex (strong),gamma2,0.95,0.08,0.2,360,14.17354718476227,0.1000034419480073,2,0.9055046638859312,3.015896100533439,3.434237702455363
TC MultiVortex (strong),gamma2,0.95,0.08,0.2,361,13.41107597155905,0.1295936502791287,2,0.9492811842560396,3.326120069264517,1.0229747403776894
TC MultiVortex (strong),gamma2,0.95,0.08,0.2,362,13.28463792991537,0.1190150657722609,2,0.9214711250806504,3.110832018893696,3.75512088179426
TC MultiVortex (strong),gamma2,0.95,0.08,0.2,363,11.828707533302609,0.082944473846059,2,0.917420511214018,2.307279711316892,-0.0808539605640814
TC MultiVortex (strong),gamma2,0.95,0.08,0.2,364,12.831272740074642,0.1190710443064956,2,1.0486828522886005,3.2061209589069466,4.1442932250527855
TC MultiVortex (strong),gamma2,0.95,0.08,0.2,365,12.430914203988332,0.09948730247159,2,1.039613514088395,2.826883149409853,5.784425915840793
TC MultiVortex (strong),gamma2,0.95,0.08,0.2,366,12.352284145471286,0.1178089768154429,2,0.9190181944851036,2.873978549524147,6.223198366838048
TC MultiVortex (strong),gamma2,0.95,0.08,0.2,367,12.01743629605141,0.0986981834314902,2,1.1032214005518202,2.8040306044776977,2.6228696612572007
TC MultiVortex (strong),gamma2,0.95,0.08,0.2,368,12.336042876642177,0.0960583243935966,2,0.8298027005202651,2.462724311353888,3.108290076560849
TC MultiVortex (strong),gamma2,0.95,0.08,0.2,369,11.966230904507285,0.0957097339933301,2,1.1524186398725818,2.8101245737058,2.524398205369592
TC MultiVortex (strong),gamma2,0.95,0.08,0.2,370,13.434602850237862,0.1073765573519858,2,1.0271647350210171,3.1548929153176206,2.57219377568946
TC MultiVortex (strong),gamma2,0.95,0.08,0.2,371,12.061989848154305,0.1128795155894087,2,0.9452289299497876,2.785993070904764,2.148093698260764
TC MultiVortex (strong),gamma2,0.95,0.08,0.2,372,13.81000431190129,0.0987857295393739,2,0.939362174344273,2.974695087447348,0.255691359948778
TC MultiVortex (strong),gamma2,0.95,0.08,0.2,373,12.387307390992078,0.0944064182448624,2,1.1296186485431388,2.860412083998823,3.827669787836809
TC MultiVortex (strong),gamma2,0.95,0.08,0.2,374,12.740109744797804,0.0963509254084648,2,0.8418310962941805,2.565657016785725,0.9022577763639614
TC MultiVortex (strong),gamma2,0.95,0.08,0.2,375,14.764385498521325,0.0992540849881431,2,0.9620147942898648,3.2260080644640974,2.5982596919518635
TC MultiVortex (strong),gamma2,0.95,0.08,0.2,376,13.954940304194082,0.1081200825788401,2,0.8971083382308013,3.073184373263244,5.780129068662319
TC MultiVortex (strong),gamma2,0.95,0.08,0.2,377,13.68079177127963,0.0899540776007177,2,0.9097158434536284,2.767321016871974,4.005875218864028
TC MultiVortex (strong),gamma2,0.95,0.08,0.2,378,12.01657887625152,0.0890389559107889,2,1.0928754865453427,2.6505818231816423,-0.3774216322060703
TC MultiVortex (strong),gamma2,0.95,0.08,0.2,379,14.397224464554474,0.1015247953197243,2,0.9647990128027746,3.1861650131785177,7.300288781551873
TC MultiVortex (strong),gamma2,0.95,0.08,0.2,380,16.43012038283045,0.1263077271679301,2,1.0344236593142229,4.199425977371638,2.455616689744238
TC MultiVortex (strong),gamma2,0.95,0.08,0.2,381,11.145149313422593,0.0966588489240135,2,0.916466898748885,2.345579161419759,3.802406843083765
TC MultiVortex (strong),gamma2,0.95,0.08,0.2,382,13.239269504695605,0.104705803693296,2,1.0533574332661613,3.109011186036333,4.594160549764097
TC MultiVortex (strong),gamma2,0.95,0.08,0.2,383,12.231184708986143,0.1037863650477945,2,0.8989620943618187,2.6417661286406595,0.7933896298568699
TC MultiVortex (strong),gamma2,0.95,0.08,0.2,384,11.741985317426217,0.1021882268461376,2,1.030625308235093,2.694494914721505,4.076575697260894
TC MultiVortex (strong),gamma2,0.95,0.08,0.2,385,12.373786632706087,0.0819367726069317,2,1.005676248147285,2.5116328148945803,1.894765713619993
TC MultiVortex (strong),gamma2,0.95,0.08,0.2,386,12.815061936417642,0.1024646624987152,2,0.8884233545310609,2.734026702733405,3.461488339566018
TC MultiVortex (strong),gamma2,0.95,0.08,0.2,387,11.431584092924195,0.0815426391130149,2,0.9708596800774456,2.2743747845949613,0.3078973127682641
TC MultiVortex (strong),gamma2,0.95,0.08,0.2,388,9.560250432730092,0.1069482470932792,2,1.0919444032713237,2.3101563291298817,2.4231443814330573
TC MultiVortex (strong),gamma2,0.95,0.08,0.2,389,13.243316675249744,0.0951881474841882,2,1.1914856502814932,3.153679911903808,6.201984486876034
TC MultiVortex (strong),gamma2,0.95,0.08,0.2,390,10.863146226189768,0.0995395578031281,2,0.9592823970794456,2.373622875686517,4.564994312845276
TC MultiVortex (strong),gamma2,0.95,0.08,0.2,391,13.0321131525832,0.1071364562821229,2,1.0009808861354554,3.0177369133030414,1.4661433482469184
TC MultiVortex (strong),gamma2,0.95,0.08,0.2,392,11.555796863129846,0.1055087315533897,2,1.2,2.907500010769186,3.664579762014851
TC MultiVortex (strong),gamma2,0.95,0.08,0.2,393,14.456886172691435,0.0871687908430851,2,0.9514257063411464,2.943931600067564,5.092889729543339
TC MultiVortex (strong),gamma2,0.95,0.08,0.2,394,14.656782667585686,0.1229192896161409,2,0.9829395320404554,3.602442620467395,4.238296620161576
TC MultiVortex (strong),gamma2,0.95,0.08,0.2,395,13.334898924918146,0.1084237679527806,2,1.1978904109474957,3.398173294208026,1.8324197360029344
TC MultiVortex (strong),gamma2,0.95,0.08,0.2,396,11.002024532794046,0.0980900059507337,2,1.0515969657746584,2.4985880227340598,0.8395346184042147
TC MultiVortex (strong),gamma2,0.95,0.08,0.2,397,11.002379560805654,0.11326659813631,2,0.9572277904176516,2.561711413272012,2.339714778095025
TC MultiVortex (strong),gamma2,0.95,0.08,0.2,398,13.549082454880716,0.0964414607688835,2,0.9911049766206164,2.962010585709628,3.0425868193032057
TC MultiVortex (strong),gamma2,0.95,0.08,0.2,399,13.773374854066065,0.1077788310150106,2,1.0390366530598958,3.2591739312993555,0.1895432988778382
TC MultiVortex (strong),ph,0.85,0.055,0.2,0,13.782780946170275,0.1326246619416056,2,0.967947677415032,3.4918850768789564,1.7735548430413075
TC MultiVortex (strong),ph,0.85,0.055,0.2,1,12.217288541459432,0.0978363805298402,2,1.0693632897737515,2.794297597986348,4.218999509911453
TC MultiVortex (strong),ph,0.85,0.055,0.2,2,11.653980612757993,0.1044362662154563,2,1.093711516192477,2.7850715330083013,2.9808989408634576
TC MultiVortex (strong),ph,0.85,0.055,0.2,3,12.63730119043032,0.0995040216684623,2,1.16617031374336,3.043971952004671,2.024771921471479
TC MultiVortex (strong),ph,0.85,0.055,0.2,4,13.942937931063868,0.0844113306054134,2,0.9667042176104048,2.8163490308632344,3.1877082504536665
TC MultiVortex (strong),ph,0.85,0.055,0.2,5,12.27387229005493,0.1031185965849932,2,0.9857783657492952,2.767099274840873,2.4711688590493344
TC MultiVortex (strong),ph,0.85,0.055,0.2,6,13.699713646841866,0.1190372329187821,2,1.1088663823998608,3.519471978502309,3.648335994037361
TC MultiVortex (strong),ph,0.85,0.055,0.2,7,12.306002557426895,0.0995634302440287,2,0.9021212216100823,2.6078606317191424,2.966701877568766
TC MultiVortex (strong),ph,0.85,0.055,0.2,8,11.761305892525211,0.0940541008470585,2,1.006845744384709,2.559239233648767,3.130773468339339
TC MultiVortex (strong),ph,0.85,0.055,0.2,9,13.420502921498734,0.1008408023446718,2,1.0611037076995782,3.1042082970845195,2.95021509955122
TC MultiVortex (strong),ph,0.85,0.055,0.2,10,12.381058759274076,0.1050398521055992,2,1.0847317815281765,2.9551601386281674,2.0321977701050424
TC MultiVortex (strong),ph,0.85,0.055,0.2,11,11.309796199737775,0.1128716648868781,2,0.9484283322785666,2.616582945211495,2.8843457086353244
TC MultiVortex (strong),ph,0.85,0.055,0.2,12,11.644427694112055,0.1008644523160504,2,1.0691210899465953,2.7038691229381446,2.5721728363490497
TC MultiVortex (strong),ph,0.85,0.055,0.2,13,14.274810747353987,0.0840812563741796,2,0.9710138055694582,2.88414877991176,3.4083205520215984
TC MultiVortex (strong),ph,0.85,0.055,0.2,14,12.262831111678334,0.116273978757736,2,0.963064123156156,2.901647274750105,3.588543372941322
TC MultiVortex (strong),ph,0.85,0.055,0.2,15,11.701814207839275,0.1023319403926047,2,0.9211340539560932,2.5404182521416665,2.615457242662332
TC MultiVortex (strong),ph,0.85,0.055,0.2,16,14.281996442074853,0.1201669931125478,2,0.8678258558941495,3.2612403905737333,2.481918104791436
TC MultiVortex (strong),ph,0.85,0.055,0.2,17,13.873461413116493,0.1200232465048307,2,0.863824418338376,3.1587500067028533,2.11112004208892
TC MultiVortex (strong),ph,0.85,0.055,0.2,18,13.501781688538149,0.1156157541575491,2,0.8,2.9035518474002777,2.432103981788734
TC MultiVortex (strong),ph,0.85,0.055,0.2,19,12.545535314571888,0.0860358105706279,2,1.042476539410686,2.6567272592078583,2.351515298670603
TC MultiVortex (strong),ph,0.85,0.055,0.2,20,11.758474222224752,0.1131631459977681,2,1.0000449673262608,2.797037211247458,2.591934106628142
TC MultiVortex (strong),ph,0.85,0.055,0.2,21,11.586988184628195,0.1053680991985474,2,0.8813559589736152,2.496811820270771,2.9924571250507013
TC MultiVortex (strong),ph,0.85,0.055,0.2,22,11.86561432373082,0.1028937838789779,2,1.007661926612088,2.7016384230078643,2.272529633677187
TC MultiVortex (strong),ph,0.85,0.055,0.2,23,11.636721484590678,0.0957510989771349,2,0.9771286426868998,2.5168851464873203,3.9343658952893086
TC MultiVortex (strong),ph,0.85,0.055,0.2,24,12.354898540696167,0.0821543112315273,2,1.1211724604698532,2.651401976695599,2.319402817062064
TC MultiVortex (strong),ph,0.85,0.055,0.2,25,13.798944523638324,0.1119039924105816,2,1.0786079354602458,3.389888916097156,2.4051585083221303
TC MultiVortex (strong),ph,0.85,0.055,0.2,26,12.315855871489036,0.117620357655611,2,1.0197624054796637,3.016062566403096,1.6568312666459544
TC MultiVortex (strong),ph,0.85,0.055,0.2,27,11.366508208817583,0.0959641049075015,2,1.0231016958762147,2.518406796791601,2.228104939772346
TC MultiVortex (strong),ph,0.85,0.055,0.2,28,12.585192293875954,0.0965232129038354,2,1.0548538043114275,2.83959811607906,2.7180130674375427
TC MultiVortex (strong),ph,0.85,0.055,0.2,29,12.82922421267031,0.0893279692632543,2,0.9520303391551264,2.64548024168215,3.0789425705208924
TC MultiVortex (strong),ph,0.85,0.055,0.2,30,13.518752236870489,0.1146256067142787,2,0.9174112115972582,3.0998769597286344,2.688430923839259
TC MultiVortex (strong),ph,0.85,0.055,0.2,31,14.07774980075678,0.1056067287105392,2,0.9883406460579004,3.216009831422369,2.891684588790196
TC MultiVortex (strong),ph,0.85,0.055,0.2,32,13.180201558519048,0.1181708024045472,2,1.0214164910082146,3.237901096561965,2.088383851979011
TC MultiVortex (strong),ph,0.85,0.055,0.2,33,14.502188411057174,0.1036748134644828,2,0.8736809304474058,3.086253567337839,2.928303358649884
TC MultiVortex (strong),ph,0.85,0.055,0.2,34,11.816565723605084,0.1204898793591085,2,1.1246219345560684,3.075776940477755,3.5703606360013795
TC MultiVortex (strong),ph,0.85,0.055,0.2,35,12.500850565535757,0.1310652963598494,2,1.091367946974727,3.343135814110448,1.907643384943792
TC MultiVortex (strong),ph,0.85,0.055,0.2,36,13.159854351581997,0.1214704313508946,2,0.9857290000232042,3.2199574927245176,2.2508566936031738
TC MultiVortex (strong),ph,0.85,0.055,0.2,37,12.397927571869708,0.1101186961199564,2,0.8,2.602013951068569,3.2519001189729164
TC MultiVortex (strong),ph,0.85,0.055,0.2,38,11.779122658119904,0.1108902979620782,2,0.9102972289278728,2.646283274561815,2.91833607176008
TC MultiVortex (strong),ph,0.85,0.055,0.2,39,13.860081933394106,0.1293955248986047,2,0.9500904933852098,3.436314576711395,3.790579071039709
TC MultiVortex (strong),ph,0.85,0.055,0.2,40,12.565261963435736,0.1000043906053738,2,0.9902996646503144,2.796078752662772,2.4419370610631463
TC MultiVortex (strong),ph,0.85,0.055,0.2,41,14.90935425418684,0.0865279602439393,2,1.043577333016446,3.1679942732883344,3.221523056216951
TC MultiVortex (strong),ph,0.85,0.055,0.2,42,13.731347727447538,0.0759724413055056,2,0.9037192188893288,2.544151490526618,2.599604607960325
TC MultiVortex (strong),ph,0.85,0.055,0.2,43,14.686056548733683,0.1322222520660629,2,1.041297071581081,3.853273154651209,3.812947037633303
TC MultiVortex (strong),ph,0.85,0.055,0.2,44,13.58807138842982,0.0967721953823536,2,1.048964600104709,3.061248144552513,1.7053715024695908
TC MultiVortex (strong),ph,0.85,0.055,0.2,45,12.298982269714068,0.1242428697773432,2,1.0090453376424935,3.079252159982707,2.3409956953709528
TC MultiVortex (strong),ph,0.85,0.055,0.2,46,13.180560722075034,0.1320826671981112,2,1.112928588835747,3.5733491491804767,2.713638246217893
TC MultiVortex (strong),ph,0.85,0.055,0.2,47,11.496545999731154,0.0938010318777191,2,1.0911108160883454,2.6007021814319926,2.3074503271613573
TC MultiVortex (strong),ph,0.85,0.055,0.2,48,11.63083364030328,0.1008137028097096,2,1.1481750127853068,2.798077085447201,2.132150406946969
TC MultiVortex (strong),ph,0.85,0.055,0.2,49,12.520425611463684,0.0938827995346785,2,1.02392245150171,2.744926014270542,2.3551644365586903
TC MultiVortex (strong),ph,0.85,0.055,0.2,50,13.30965465847895,0.1064023125420714,2,1.0234700277338766,3.105738510339436,4.281481547711458
TC MultiVortex (strong),ph,0.85,0.055,0.2,51,12.46579994513238,0.1005226902416045,2,1.0154761437545283,2.816255605151389,3.242709721160701
TC MultiVortex (strong),ph,0.85,0.055,0.2,52,13.080533350206016,0.0943145159453456,2,0.8873578603159649,2.675772124161101,3.290634804467424
TC MultiVortex (strong),ph,0.85,0.055,0.2,53,13.45394199480387,0.1043223097025615,2,0.9063257347765036,2.9252656124800573,2.3214124935350093
TC MultiVortex (strong),ph,0.85,0.055,0.2,54,11.624093685243253,0.1019567228810027,2,1.0211431505899782,2.6521333206401896,2.584348884741805
TC MultiVortex (strong),ph,0.85,0.055,0.2,55,12.391154631393382,0.1015441683025907,2,0.9496224824787912,2.720819717845393,2.8663566002470926
TC MultiVortex (strong),ph,0.85,0.055,0.2,56,14.939097010755626,0.109193668072329,2,1.030428475400175,3.543374072981842,2.5405144493557814
TC MultiVortex (strong),ph,0.85,0.055,0.2,57,14.078048201227263,0.0964003442052417,2,0.9915855476889064,3.0777393448518398,3.354656502808263
TC MultiVortex (strong),ph,0.85,0.055,0.2,58,13.756040786877575,0.1163003948830909,2,0.926556227174852,3.1930442803513324,2.683234257285216
TC MultiVortex (strong),ph,0.85,0.055,0.2,59,13.771623521366244,0.1074898103599306,2,0.9542888533771658,3.1188444687684838,3.613984453621577
TC MultiVortex (strong),ph,0.85,0.055,0.2,60,11.325298381550702,0.1070940440806071,2,0.9413352289607416,2.542666906296231,3.512651580252093
TC MultiVortex (strong),ph,0.85,0.055,0.2,61,11.631062382485164,0.1068935045131634,2,0.8957851201629817,2.5449658971899938,2.9989520429216885
TC MultiVortex (strong),ph,0.85,0.055,0.2,62,13.07532626147242,0.1032692174844896,2,0.9624685442485786,2.9148502776542395,3.841730546599808
TC MultiVortex (strong),ph,0.85,0.055,0.2,63,14.112662766298536,0.1228901683854162,2,1.136971687011144,3.730159140888529,3.1690725379811377
TC MultiVortex (strong),ph,0.85,0.055,0.2,64,13.116099576086556,0.0982326495104921,2,1.0497715676237278,2.978276668232977,2.386866098704253
TC MultiVortex (strong),ph,0.85,0.055,0.2,65,14.993711912798547,0.0980471125583859,2,1.0774787223263096,3.44600513131286,2.573660104472718
TC MultiVortex (strong),ph,0.85,0.055,0.2,66,12.266309410684746,0.0950683834662072,2,1.0323207363808355,2.7172168414561457,3.628385315255652
TC MultiVortex (strong),ph,0.85,0.055,0.2,67,13.79958116690742,0.1076376182995769,2,1.0535392314279186,3.285929969456422,2.430736324004997
TC MultiVortex (strong),ph,0.85,0.055,0.2,68,13.401469719941234,0.1101179940877084,2,1.0226252932598108,3.1799833240934343,2.1192340446098847
TC MultiVortex (strong),ph,0.85,0.055,0.2,69,14.0942908020337,0.1174829933332479,2,1.0174069183966294,3.4455858478814707,4.054283671523072
TC MultiVortex (strong),ph,0.85,0.055,0.2,70,12.778654611046408,0.095784288433406,2,1.0682123008093387,2.890320878668349,3.982605964651088
TC MultiVortex (strong),ph,0.85,0.055,0.2,71,11.579664811732076,0.0975377347826119,2,0.8374277768799703,2.340135496072521,2.513708310038719
TC MultiVortex (strong),ph,0.85,0.055,0.2,72,11.779951976672882,0.120813601247842,2,0.9313407238776328,2.794092205905111,2.683170968327887
TC MultiVortex (strong),ph,0.85,0.055,0.2,73,11.81495095495685,0.1137735461273666,2,0.9889415338532728,2.8023532613290985,2.4556802841816383
TC MultiVortex (strong),ph,0.85,0.055,0.2,74,14.252410855262251,0.1082303206041572,2,1.1175436777613452,3.504935747776069,2.821647947411022
TC MultiVortex (strong),ph,0.85,0.055,0.2,75,12.231117867763226,0.1206061842519587,2,1.0733724593958542,3.111796344075163,2.700705842076663
TC MultiVortex (strong),ph,0.85,0.055,0.2,76,13.880095905538688,0.1110297303139993,2,1.005561357146086,3.279452910520122,3.1999192384053377
TC MultiVortex (strong),ph,0.85,0.055,0.2,77,13.85832134750825,0.088142305222024,2,0.9143542293939484,2.7819227819075016,2.817570617398497
TC MultiVortex (strong),ph,0.85,0.055,0.2,78,13.348868979022548,0.1109911675705427,2,1.0874772516152014,3.2793198137096806,2.455706704774824
TC MultiVortex (strong),ph,0.85,0.055,0.2,79,11.26601830589716,0.1145362559449868,2,0.8916726797665625,2.545831619353965,3.0477331550873576
TC MultiVortex (strong),ph,0.85,0.055,0.2,80,13.451697843056314,0.1028675669319972,2,0.9358103121775452,2.9511769680512523,2.950234202957897
TC MultiVortex (strong),ph,0.85,0.055,0.2,81,11.982748799690032,0.1161751228030017,2,1.1479159009090616,3.094233353935939,1.861985803941277
TC MultiVortex (strong),ph,0.85,0.055,0.2,82,12.232162433677312,0.1174275444355733,2,1.0608348921404716,3.052791397647036,3.854673704643485
TC MultiVortex (strong),ph,0.85,0.055,0.2,83,12.68296733302162,0.1040667073214137,2,1.0520665585539422,2.9674498693958946,2.2169980761736823
TC MultiVortex (strong),ph,0.85,0.055,0.2,84,12.52597191758312,0.1152466495393461,2,0.9549529861234384,2.9383368765898914,3.3655756396255225
TC MultiVortex (strong),ph,0.85,0.055,0.2,85,10.83516252766037,0.1189611035737715,2,0.950577532090727,2.576420208962884,3.186203540031185
TC MultiVortex (strong),ph,0.85,0.055,0.2,86,14.092602888354948,0.1125533851879579,2,1.019919441663773,3.376279814902163,3.629966003545984
TC MultiVortex (strong),ph,0.85,0.055,0.2,87,12.065991358701504,0.0894272977414776,2,0.9340768550864592,2.4658938162383834,3.513341002568612
TC MultiVortex (strong),ph,0.85,0.055,0.2,88,12.791250008861995,0.104583058901311,2,1.057594127275317,3.00807163855425,3.3511980492584
TC MultiVortex (strong),ph,0.85,0.055,0.2,89,12.177995032470005,0.0876065859713595,2,0.9662567376694062,2.505390581587307,3.903598118834546
TC MultiVortex (strong),ph,0.85,0.055,0.2,90,12.774846879999002,0.0943889231214917,2,0.9690046323084888,2.7318959088350105,3.563491715377177
TC MultiVortex (strong),ph,0.85,0.055,0.2,91,12.632705527481168,0.104017526579235,2,0.93636348368454,2.7877695525633985,3.584169872365255
TC MultiVortex (strong),ph,0.85,0.055,0.2,92,12.626881717158872,0.0846873769350561,2,0.8814125894870708,2.4393834880795198,2.5176913953227102
TC MultiVortex (strong),ph,0.85,0.055,0.2,93,11.095255606119965,0.1016873284310789,2,1.0156064005437877,2.521264722697487,3.041379502760192
TC MultiVortex (strong),ph,0.85,0.055,0.2,94,12.886583151656762,0.0832711671581985,2,0.9872495789942938,2.612664156421834,3.63949185833975
TC MultiVortex (strong),ph,0.85,0.055,0.2,95,14.01019266498574,0.1227965045560363,2,1.1052693940768874,3.6496917363598977,3.0809853612558
TC MultiVortex (strong),ph,0.85,0.055,0.2,96,15.698094176094184,0.0892708700018782,2,0.979362971225298,3.2821517431978693,1.8671322192381736
TC MultiVortex (strong),ph,0.85,0.055,0.2,97,14.834604875525775,0.1164194498857269,2,1.0645121833582292,3.692742926804689,4.878195972982068
TC MultiVortex (strong),ph,0.85,0.055,0.2,98,12.941055554024524,0.1066489508763108,2,1.0126313534567932,3.0071748636909725,2.9723118390900845
TC MultiVortex (strong),ph,0.85,0.055,0.2,99,12.516655141767298,0.0962823939529282,2,0.888343401719049,2.588434438383541,3.230067875669985
TC MultiVortex (strong),ph,0.85,0.055,0.2,100,15.090891272392668,0.0866530400556797,2,1.0717729424207845,3.251944975554396,3.3253606050065048
TC MultiVortex (strong),ph,0.85,0.055,0.2,101,12.1667276059521,0.1101047565075616,2,0.8844798606496547,2.684762059713856,3.425982726793876
TC MultiVortex (strong),ph,0.85,0.055,0.2,102,13.914066522050922,0.1059316898771258,2,1.0028157776119628,3.2067315659207853,2.8825244092731803
TC MultiVortex (strong),ph,0.85,0.055,0.2,103,11.359636512321533,0.1085461333734837,2,1.132590097668151,2.81639131286911,3.493103388483552
TC MultiVortex (strong),ph,0.85,0.055,0.2,104,12.68091822795254,0.0877012521886363,2,0.8512650335527547,2.4500277234762264,2.7249560915664346
TC MultiVortex (strong),ph,0.85,0.055,0.2,105,14.169183709875592,0.091160841355376,2,1.0900285958847458,3.1582968082381933,2.173569480499705
TC MultiVortex (strong),ph,0.85,0.055,0.2,106,14.460693169043983,0.0991179588259754,2,0.9410672450542822,3.122918260436678,2.72391443353795
TC MultiVortex (strong),ph,0.85,0.055,0.2,107,13.285026091465753,0.102690793783878,2,1.0290654424613908,3.0537583423785546,3.3849995085463056
TC MultiVortex (strong),ph,0.85,0.055,0.2,108,12.38925864225853,0.1293986289841185,2,0.8727075797052668,2.943943922371847,3.2886049029599014
TC MultiVortex (strong),ph,0.85,0.055,0.2,109,13.124514562739629,0.089900451635625,2,1.0092839319330575,2.795476640941194,2.5751895689989364
TC MultiVortex (strong),ph,0.85,0.055,0.2,110,11.903879472717914,0.1105715407644312,2,0.8377669448413545,2.561868384405956,3.208444698412013
TC MultiVortex (strong),ph,0.85,0.055,0.2,111,12.1792724189451,0.0897830095728809,2,0.938987504628562,2.5005372748898305,2.688343999608481
TC MultiVortex (strong),ph,0.85,0.055,0.2,112,11.78580426957801,0.1214027304727945,2,0.8902044113385197,2.7397019879205358,2.6964208746779144
TC MultiVortex (strong),ph,0.85,0.055,0.2,113,13.787586410632354,0.0877712247336954,2,0.9572269979526856,2.825900057280632,2.5656524926574886
TC MultiVortex (strong),ph,0.85,0.055,0.2,114,14.92286181885262,0.1077522817403873,2,1.0182344376733246,3.495217837400164,1.976231233409548
TC MultiVortex (strong),ph,0.85,0.055,0.2,115,12.115845096774793,0.0908527336716227,2,1.065150719505615,2.665098387630777,1.6878912896856804
TC MultiVortex (strong),ph,0.85,0.055,0.2,116,12.640557660793764,0.0924433150250187,2,0.993368999451756,2.7085963755758926,3.062035131987857
TC MultiVortex (strong),ph,0.85,0.055,0.2,117,13.308844844328954,0.1181802834143474,2,1.0056552481699348,3.244310708140392,3.690181814811048
TC MultiVortex (strong),ph,0.85,0.055,0.2,118,10.741850261133452,0.1131514602629511,2,0.9902511387539212,2.5425344908218426,2.596185062575669
TC MultiVortex (strong),ph,0.85,0.055,0.2,119,12.776377965096977,0.109101157411637,2,0.8598369303809358,2.7670402680846418,3.9588789450879194
TC MultiVortex (strong),ph,0.85,0.055,0.2,120,13.007225435966289,0.1057351667327974,2,1.102279595328334,3.139968424125027,3.3608803282154462
TC MultiVortex (strong),ph,0.85,0.055,0.2,121,11.283651909616657,0.1104089834024757,2,1.0727874322549118,2.7459569633328837,2.484638159292106
TC MultiVortex (strong),ph,0.85,0.055,0.2,122,12.364907879028165,0.1092206521820497,2,0.8955279850252791,2.7344365537642603,4.201572360241166
TC MultiVortex (strong),ph,0.85,0.055,0.2,123,12.01644964941965,0.1261765441438375,2,0.9498276502495882,2.941527354407926,1.888794093631067
TC MultiVortex (strong),ph,0.85,0.055,0.2,124,12.838013306429408,0.1039645433429878,2,1.0004557108908037,2.927685236009464,3.4851013882618607
TC MultiVortex (strong),ph,0.85,0.055,0.2,125,13.624368550528493,0.1064582501219831,2,0.8503800468393387,2.8986620033506574,2.7971448308534166
TC MultiVortex (strong),ph,0.85,0.055,0.2,126,12.166681734246332,0.1024360540737938,2,1.0852766151201425,2.8684929887506776,3.4233336983344618
TC MultiVortex (strong),ph,0.85,0.055,0.2,127,11.641823487713436,0.1217720654262216,2,0.9909392963091714,2.8595873953482007,2.9736197558952826
TC MultiVortex (strong),ph,0.85,0.055,0.2,128,13.448277472504817,0.1039144107645063,2,1.162925182671651,3.3057152441264304,2.194864756239236
TC MultiVortex (strong),ph,0.85,0.055,0.2,129,12.664084828791914,0.1061007631580244,2,1.1378508597476324,3.111435037507264,2.8726688202867114
TC MultiVortex (strong),ph,0.85,0.055,0.2,130,12.384244584454851,0.102629791652852,2,1.0195045197485777,2.8326037392281136,2.89989181390158
TC MultiVortex (strong),ph,0.85,0.055,0.2,131,14.85209012239938,0.0972426192116676,2,1.1071153793421706,3.4458577397674643,3.521079616998735
TC MultiVortex (strong),ph,0.85,0.055,0.2,132,13.188265611717798,0.1227384032033885,2,0.9089918868307972,3.1148915124791694,2.634314557056145
TC MultiVortex (strong),ph,0.85,0.055,0.2,133,14.047576253065884,0.1040657412733632,2,0.9806675684175225,3.1732274167356347,3.1298043226610406
TC MultiVortex (strong),ph,0.85,0.055,0.2,134,12.023201933670972,0.1190225523939521,2,0.9611451491902328,2.875505895414788,3.628931269837409
TC MultiVortex (strong),ph,0.85,0.055,0.2,135,11.77629142622451,0.1020257622654711,2,1.0161362893149724,2.6811706189926783,2.448353515307873
TC MultiVortex (strong),ph,0.85,0.055,0.2,136,13.27364441435742,0.088025121560109,2,1.12421239441359,2.952586859963754,3.700835021484485
TC MultiVortex (strong),ph,0.85,0.055,0.2,137,11.095836847216557,0.1033191046701384,2,0.9073555824397874,2.4022828410193418,2.349642189240372
TC MultiVortex (strong),ph,0.85,0.055,0.2,138,12.51386379030335,0.0852022470608913,2,0.9299842604452936,2.490805116731972,3.1756230587619814
TC MultiVortex (strong),ph,0.85,0.055,0.2,139,12.493499691433328,0.0892997342413985,2,0.91202682124526,2.5211460262849377,2.510344621766777
TC MultiVortex (strong),ph,0.85,0.055,0.2,140,11.17490388561209,0.1189881041961383,2,0.910175511760381,2.600417886108285,2.777200265804829
TC MultiVortex (strong),ph,0.85,0.055,0.2,141,12.774422130889011,0.1037970259299204,2,0.8701992082944336,2.714738877035994,2.790465213490458
TC MultiVortex (strong),ph,0.85,0.055,0.2,142,12.845040506289315,0.0918957352476466,2,0.9445918274634768,2.6760255190026268,3.29672966632273
TC MultiVortex (strong),ph,0.85,0.055,0.2,143,12.066344095242142,0.1020527487273369,2,1.1062915078445223,2.866869014405954,3.774777820843864
TC MultiVortex (strong),ph,0.85,0.055,0.2,144,12.52304608397304,0.0888463433441715,2,0.8991849819280807,2.502875703352874,2.499933937476297
TC MultiVortex (strong),ph,0.85,0.055,0.2,145,12.8288440512538,0.0980137255923307,2,0.9248088378847156,2.731127419560942,2.525869038386786
TC MultiVortex (strong),ph,0.85,0.055,0.2,146,13.977396378694245,0.1098072318237755,2,0.9922363816080484,3.2623783671473143,2.4883920004163613
TC MultiVortex (strong),ph,0.85,0.055,0.2,147,13.666983243872677,0.1085029630149777,2,0.9947640089931634,3.1749617324822794,1.5179488734633528
TC MultiVortex (strong),ph,0.85,0.055,0.2,148,12.192990799138013,0.122914912889645,2,1.0808654736083645,3.1425584148728274,2.456453813444058
TC MultiVortex (strong),ph,0.85,0.055,0.2,149,12.271769880086364,0.1114860350432175,2,1.0884390381763551,3.02276576602086,2.6848853428720583
TC MultiVortex (strong),ph,0.85,0.055,0.2,150,11.957786557115185,0.1033952936841067,2,1.1011990429442853,2.853113820463607,1.642082991424977
TC MultiVortex (strong),ph,0.85,0.055,0.2,151,12.072883018737516,0.1344707974447928,2,0.9267707942251848,3.013673189139084,2.264352112454216
TC MultiVortex (strong),ph,0.85,0.055,0.2,152,13.39268795157895,0.1056051758809982,2,0.9352719437743334,2.976215043291343,2.8032749307009417
TC MultiVortex (strong),ph,0.85,0.055,0.2,153,13.02688844068009,0.0902015398068384,2,1.007335752020308,2.7766414068963474,3.564748663382144
TC MultiVortex (strong),ph,0.85,0.055,0.2,154,11.1551393875822,0.1034054982947606,2,0.8958933486803526,2.400822074147336,3.373066493300148
TC MultiVortex (strong),ph,0.85,0.055,0.2,155,14.30419624084398,0.1160735413939214,2,0.9147880273292004,3.295909781029225,3.787451400872649
TC MultiVortex (strong),ph,0.85,0.055,0.2,156,14.025042477491043,0.0995268514097339,2,0.9824624553991572,3.1011109283126896,1.595984256529963
TC MultiVortex (strong),ph,0.85,0.055,0.2,157,12.44678047113698,0.1049748805815046,2,0.9867024755118255,2.8325516353897298,3.616112467921493
TC MultiVortex (strong),ph,0.85,0.055,0.2,158,13.350731441272488,0.1038948808702538,2,0.9861417096662326,3.021737962928741,2.2763548160633627
TC MultiVortex (strong),ph,0.85,0.055,0.2,159,12.018366616757046,0.0955470639895828,2,1.002775544752204,2.6305162578908985,3.954266629845829
TC MultiVortex (strong),ph,0.85,0.055,0.2,160,12.945147708880327,0.1090268646321959,2,0.9066417337181524,2.877906148311663,3.1358954758757083
TC MultiVortex (strong),ph,0.85,0.055,0.2,161,13.531448274889744,0.1033877951868912,2,0.9376861727561516,2.979152101182571,2.3396013920844414
TC MultiVortex (strong),ph,0.85,0.055,0.2,162,12.904907092324686,0.1059114869594161,2,0.916451520737266,2.8429299921419053,2.6348158285463046
TC MultiVortex (strong),ph,0.85,0.055,0.2,163,13.134108446619216,0.0980671497645531,2,0.9727021119796514,2.8683840970637604,1.9835737982680688
TC MultiVortex (strong),ph,0.85,0.055,0.2,164,13.883693748481209,0.1276692679537022,2,0.9833327293406304,3.478431527853452,3.507486603496889
TC MultiVortex (strong),ph,0.85,0.055,0.2,165,13.832116634187091,0.0992882254431093,2,1.1551587035123982,3.312404348834263,2.064450785604385
TC MultiVortex (strong),ph,0.85,0.055,0.2,166,13.053400339300794,0.1099063944893361,2,1.0692878883388754,3.164225777538549,2.858294445951571
TC MultiVortex (strong),ph,0.85,0.055,0.2,167,13.255292995152878,0.1117522949602711,2,1.0754199384495953,3.249313398442366,1.2467028000362976
TC MultiVortex (strong),ph,0.85,0.055,0.2,168,10.206560441501082,0.1126152715126569,2,1.0969237765415032,2.536595882299536,2.884134631896747
TC MultiVortex (strong),ph,0.85,0.055,0.2,169,11.640723161153993,0.1017081502901232,2,1.1385041744006152,2.8009809484932853,2.957525709523116
TC MultiVortex (strong),ph,0.85,0.055,0.2,170,11.679880128403578,0.0999255473558311,2,0.9796082699669436,2.583972439009836,2.794322070472276
TC MultiVortex (strong),ph,0.85,0.055,0.2,171,10.887154805755166,0.0996961966651918,2,0.8193413659215308,2.200245475014316,3.60921722045452
TC MultiVortex (strong),ph,0.85,0.055,0.2,172,12.05288411433519,0.1143265581565319,2,1.1506952604280305,3.0912185422676157,2.6688329203982377
TC MultiVortex (strong),ph,0.85,0.055,0.2,173,12.115318907061653,0.1053682619497663,2,0.8961944875970734,2.6325455533392588,2.783041396388072
TC MultiVortex (strong),ph,0.85,0.055,0.2,174,12.128454509618187,0.1108964139341321,2,0.9268125695577674,2.7494458747580466,4.086584137429506
TC MultiVortex (strong),ph,0.85,0.055,0.2,175,13.957943871170206,0.088177220695762,2,1.0071415358569995,2.941236225767326,3.641204193430196
TC MultiVortex (strong),ph,0.85,0.055,0.2,176,12.577910237861566,0.0936156734738833,2,0.9469150994305,2.6480324154021275,3.454750450197899
TC MultiVortex (strong),ph,0.85,0.055,0.2,177,12.769181574746282,0.0986998848896261,2,1.0457749432638517,2.900851545206216,4.028555826464474
TC MultiVortex (strong),ph,0.85,0.055,0.2,178,12.138478119614836,0.0945290568890131,2,0.8,2.360352672315181,3.821509605598636
TC MultiVortex (strong),ph,0.85,0.055,0.2,179,13.281952772564797,0.1294495371012118,2,0.8893413582826799,3.186628451752858,1.9959507143007595
TC MultiVortex (strong),ph,0.85,0.055,0.2,180,14.004577509753096,0.0918694082150676,2,1.06753694533665,3.101215387412575,2.622546399789313
TC MultiVortex (strong),ph,0.85,0.055,0.2,181,14.252217295499475,0.1082003196511924,2,0.979053776662296,3.2800841284234794,4.15672833657564
TC MultiVortex (strong),ph,0.85,0.055,0.2,182,12.042915484390406,0.0984324161364354,2,1.0181146431232484,2.6957775691383152,2.930242462802184
TC MultiVortex (strong),ph,0.85,0.055,0.2,183,12.660314863014923,0.0983574370613948,2,0.9704352414630936,2.765772094984945,2.1919622221351145
TC MultiVortex (strong),ph,0.85,0.055,0.2,184,13.019245304703876,0.1157354041536492,2,0.931166285430304,3.022160673679521,4.231787262361962
TC MultiVortex (strong),ph,0.85,0.055,0.2,185,12.252920757758442,0.0902179745304572,2,0.9565264724081988,2.5451867885244805,2.753744739362101
TC MultiVortex (strong),ph,0.85,0.055,0.2,186,13.376878313882946,0.1047224551798837,2,1.0952654579131629,3.203460563864057,3.1615896893448263
TC MultiVortex (strong),ph,0.85,0.055,0.2,187,12.154702263506325,0.1005478122306904,2,1.0345999011138514,2.7720550853750874,2.934899923587442
TC MultiVortex (strong),ph,0.85,0.055,0.2,188,13.262275460649832,0.1091103438786365,2,0.9172607600228344,2.9667600074502505,3.2423580167593684
TC MultiVortex (strong),ph,0.85,0.055,0.2,189,11.271435939677051,0.1150616592818638,2,1.0490414418381917,2.769018696509557,2.276498828394897
TC MultiVortex (strong),ph,0.85,0.055,0.2,190,14.242066085129318,0.1041151090931281,2,0.9568781412867832,3.1786535453480838,3.234886982504554
TC MultiVortex (strong),ph,0.85,0.055,0.2,191,13.72609938944827,0.0794003936231488,2,0.8479949359520338,2.518489232987532,2.7103008976204537
TC MultiVortex (strong),ph,0.85,0.055,0.2,192,13.045678433571004,0.1198713761702419,2,0.8545257730247627,2.9523782686006794,2.1961715180033354
TC MultiVortex (strong),ph,0.85,0.055,0.2,193,11.620429302607452,0.1082385089172571,2,1.0969380321341318,2.8313210808521383,3.606122647425565
TC MultiVortex (strong),ph,0.85,0.055,0.2,194,14.646093357256897,0.0846231056922806,2,1.0558795426309424,3.0956971552550514,1.3865889551845745
TC MultiVortex (strong),ph,0.85,0.055,0.2,195,12.672585242939851,0.0984069373391461,2,1.0712578198047409,2.909444545050672,3.2073719769034814
TC MultiVortex (strong),ph,0.85,0.055,0.2,196,12.452970199146105,0.1146244433783605,2,1.093710162042899,3.1177959925351284,4.057376014960273
TC MultiVortex (strong),ph,0.85,0.055,0.2,197,14.075480346446763,0.1273501352156846,2,0.8320356484328149,3.239805206993165,2.1159341294300447
TC MultiVortex (strong),ph,0.85,0.055,0.2,198,12.308551373082356,0.1008333244212939,2,0.973606593274379,2.7270037859971388,2.01355901087964
TC MultiVortex (strong),ph,0.85,0.055,0.2,199,13.105049101831328,0.1121739487227183,2,0.9190861296522324,2.9754164840776323,2.878843571238818
TC MultiVortex (strong),ph,0.85,0.055,0.2,200,12.863336109945292,0.1361395092932099,2,1.0016608000622091,3.358853400843985,1.9077353643505128
TC MultiVortex (strong),ph,0.85,0.055,0.2,201,12.60479107123649,0.1166818357213943,2,1.0402341623742783,3.105187551269253,2.7048958627287085
TC MultiVortex (strong),ph,0.85,0.055,0.2,202,11.395436035409764,0.0940466831850913,2,1.0615524401373784,2.546000110247334,3.2619997593060512
TC MultiVortex (strong),ph,0.85,0.055,0.2,203,13.112898847133142,0.1026290495931768,2,1.0651360786101725,3.06564183878584,2.011216279470624
TC MultiVortex (strong),ph,0.85,0.055,0.2,204,12.53189369267301,0.0975848624531474,2,0.976482264464926,2.7354268867734204,2.5902681580346965
TC MultiVortex (strong),ph,0.85,0.055,0.2,205,12.855658719262063,0.0941545280546574,2,0.9331439550046912,2.6944756655072326,3.3842635359953133
TC MultiVortex (strong),ph,0.85,0.055,0.2,206,11.935959079826969,0.1093856419009254,2,0.8349817553632994,2.550709362687039,1.848414576591224
TC MultiVortex (strong),ph,0.85,0.055,0.2,207,13.672801984410594,0.1157809238381331,2,1.009519949057702,3.305357847756754,3.951465872239442
TC MultiVortex (strong),ph,0.85,0.055,0.2,208,14.603562037853658,0.0896680037445135,2,1.069673701450742,3.198071815833734,3.143160496873171
TC MultiVortex (strong),ph,0.85,0.055,0.2,209,13.15305740396771,0.0768253288948321,2,0.9512190812251872,2.5142253941994075,2.6591861233150027
TC MultiVortex (strong),ph,0.85,0.055,0.2,210,12.537519846324653,0.0948305095579684,2,0.994531352805281,2.7225754069093733,3.640521577320326
TC MultiVortex (strong),ph,0.85,0.055,0.2,211,12.581048329196316,0.0812709981668492,2,1.0808095596387777,2.6365998217278,3.199045175979835
TC MultiVortex (strong),ph,0.85,0.055,0.2,212,10.75849437813529,0.1266922793854959,2,1.0098168536100165,2.7210271911074093,2.2921420875824383
TC MultiVortex (strong),ph,0.85,0.055,0.2,213,11.093678329410771,0.1205056508639864,2,0.8258227975909016,2.47461540073007,2.609122428857005
TC MultiVortex (strong),ph,0.85,0.055,0.2,214,13.515939590149731,0.094968851509348,2,0.8842925988065141,2.769617739692332,2.66308435979673
TC MultiVortex (strong),ph,0.85,0.055,0.2,215,12.6636328916959,0.1150252871711913,2,0.9470526861805216,2.9554733498666987,1.8017043112174824
TC MultiVortex (strong),ph,0.85,0.055,0.2,216,13.848530060993182,0.10888201865389,2,0.9408436850078878,3.1341912900809343,2.4883891844351558
TC MultiVortex (strong),ph,0.85,0.055,0.2,217,11.042969098396034,0.1223257436982577,2,0.9435336833428122,2.6528243535058778,3.010439262684341
TC MultiVortex (strong),ph,0.85,0.055,0.2,218,13.2482358618786,0.0896554185697443,2,1.003868181179067,2.81040991688463,2.220770149802974
TC MultiVortex (strong),ph,0.85,0.055,0.2,219,12.132575597541736,0.0981096265347565,2,0.9208806099878328,2.578668313956841,2.62393484702834
TC MultiVortex (strong),ph,0.85,0.055,0.2,220,13.546917379173872,0.0825966747978093,2,1.1342899995203446,2.9320327551021563,3.430994152950499
TC MultiVortex (strong),ph,0.85,0.055,0.2,221,12.216110518835382,0.0989563191877582,2,1.080072707035731,2.8240099174828583,3.775745850691644
TC MultiVortex (strong),ph,0.85,0.055,0.2,222,10.74758292958713,0.1060899616800011,2,0.9695261510154028,2.437320925968029,3.4502853303810745
TC MultiVortex (strong),ph,0.85,0.055,0.2,223,14.330721069622568,0.0982893271554543,2,1.0201750998883603,3.2088069223529128,3.877686529550012
TC MultiVortex (strong),ph,0.85,0.055,0.2,224,12.67038776445151,0.1131469017676362,2,1.006185704359564,3.022980271872506,1.802949893769327
TC MultiVortex (strong),ph,0.85,0.055,0.2,225,13.815722299202012,0.1000446066035309,2,1.0526008194765888,3.170204584309581,2.1755095201982018
TC MultiVortex (strong),ph,0.85,0.055,0.2,226,12.410562139368102,0.1187920041932156,2,0.9940172056549096,3.0155533153110303,1.848198876431978
TC MultiVortex (strong),ph,0.85,0.055,0.2,227,13.000680166984024,0.0984955578474845,2,0.9127462817598326,2.7563504538244485,2.537497081438836
TC MultiVortex (strong),ph,0.85,0.055,0.2,228,12.555897736855542,0.0897753589902917,2,0.9746164483178238,2.6262025309989343,2.942661678771461
TC MultiVortex (strong),ph,0.85,0.055,0.2,229,12.055109356099956,0.0927856597910363,2,1.0400607832208704,2.648048573956673,3.42177833767476
TC MultiVortex (strong),ph,0.85,0.055,0.2,230,13.018831514910543,0.1033995719662787,2,1.0357290247003177,3.0125859937374564,2.713878307671526
TC MultiVortex (strong),ph,0.85,0.055,0.2,231,14.7351382235543,0.097488154610772,2,0.9745644575712522,3.2115924283854005,2.0525750469143675
TC MultiVortex (strong),ph,0.85,0.055,0.2,232,12.60867839510916,0.1075783090238819,2,1.2,3.203373285244369,3.182608733676717
TC MultiVortex (strong),ph,0.85,0.055,0.2,233,14.448915284202286,0.0958784129276941,2,1.0123044634743237,3.18299708636875,3.649341963962667
TC MultiVortex (strong),ph,0.85,0.055,0.2,234,12.762719945775496,0.1017645084958896,2,0.969435730195036,2.834561751224185,1.6265150219218505
TC MultiVortex (strong),ph,0.85,0.055,0.2,235,11.716642270369553,0.105552680483786,2,1.049014072396544,2.756852070131846,2.29229949090948
TC MultiVortex (strong),ph,0.85,0.055,0.2,236,14.241339825583175,0.0835524741021578,2,0.9567750380317795,2.8472160761815237,2.733902764306056
TC MultiVortex (strong),ph,0.85,0.055,0.2,237,11.835408567293332,0.1029902387371902,2,1.0542376602010162,2.7576271895455577,2.929662697092004
TC MultiVortex (strong),ph,0.85,0.055,0.2,238,13.57373085592717,0.0971880798019892,2,1.0426368841847204,3.055324051208856,2.0677263152708525
TC MultiVortex (strong),ph,0.85,0.055,0.2,239,12.800388430371308,0.107856552751731,2,0.96560273094707,2.9209939752405587,2.5622518067255773
TC MultiVortex (strong),ph,0.85,0.055,0.2,240,12.469029859429698,0.114154897411015,2,1.0442554750740682,3.0441659339789995,1.98820174903448
TC MultiVortex (strong),ph,0.85,0.055,0.2,241,11.95778463792003,0.0921384688260383,2,1.0898959407807904,2.679469035031662,3.1553234097103804
TC MultiVortex (strong),ph,0.85,0.055,0.2,242,11.781801032058864,0.0987372780747367,2,1.079858957426192,2.720324915715572,2.8349843763456226
TC MultiVortex (strong),ph,0.85,0.055,0.2,243,13.105491201063977,0.1265156863583449,2,1.0252615590066596,3.3375503831745954,2.739260235091682
TC MultiVortex (strong),ph,0.85,0.055,0.2,244,12.737085262402587,0.0873120181707135,2,1.077193993182867,2.7620976798165198,3.022018866545539
TC MultiVortex (strong),ph,0.85,0.055,0.2,245,14.426153847316964,0.0959988533842013,2,0.9781650908183755,3.125897003883971,2.3399501716723123
TC MultiVortex (strong),ph,0.85,0.055,0.2,246,13.070813778229285,0.1047314065393058,2,0.8817571684550495,2.808669233717496,3.013564460686036
TC MultiVortex (strong),ph,0.85,0.055,0.2,247,12.660202327191758,0.0992428259508648,2,0.965758046779498,2.771464866097065,3.0254893964253013
TC MultiVortex (strong),ph,0.85,0.055,0.2,248,12.07590719348694,0.0912118168182758,2,1.168029214496432,2.7871296713259377,3.428793626565313
TC MultiVortex (strong),ph,0.85,0.055,0.2,249,12.442575518281384,0.1054278090768699,2,1.0013208919629168,2.8586403331197934,2.8558606413950063
TC MultiVortex (strong),ph,0.85,0.055,0.2,250,12.034295230578376,0.1104577189766562,2,1.1267173236346375,3.0020034354413525,3.4140917634558066
TC MultiVortex (strong),ph,0.85,0.055,0.2,251,12.896228810522285,0.1070515260321051,2,0.8796679836611264,2.798359819278467,2.5538477962461497
TC MultiVortex (strong),ph,0.85,0.055,0.2,252,12.439869903814335,0.1095214843470133,2,0.9268566666211976,2.8025720746265512,2.667504590473924
TC MultiVortex (strong),ph,0.85,0.055,0.2,253,13.220540372045456,0.1049351481131134,2,1.0189309009857457,3.056800286839084,1.353805098728507
TC MultiVortex (strong),ph,0.85,0.055,0.2,254,11.402872081352651,0.1213030300420407,2,0.8937378469439846,2.654851011971337,2.9459813951699108
TC MultiVortex (strong),ph,0.85,0.055,0.2,255,12.84395484899853,0.10051579850711,2,0.939182365748434,2.7904606375483123,3.5679376109157195
TC MultiVortex (strong),ph,0.85,0.055,0.2,256,15.319472889506214,0.093740904095685,2,0.9364212244448852,3.209438202512871,3.146666237725244
TC MultiVortex (strong),ph,0.85,0.055,0.2,257,11.851568503649252,0.0926875879829698,2,1.0350507090318113,2.5956876883996127,4.216739684933309
TC MultiVortex (strong),ph,0.85,0.055,0.2,258,12.330654190893672,0.1083228080383684,2,0.999180109788177,2.868487524106209,3.7707362297450335
TC MultiVortex (strong),ph,0.85,0.055,0.2,259,15.543156939485389,0.1311197719502491,2,0.9669673440083332,3.913490020079877,3.6984509217052377
TC MultiVortex (strong),ph,0.85,0.055,0.2,260,11.948256334728743,0.1004236073476666,2,0.977171770063778,2.646627972505129,1.7712294468657468
TC MultiVortex (strong),ph,0.85,0.055,0.2,261,12.255650389017545,0.1015015604247938,2,0.9613760631505044,2.7071004900928703,3.071599687655543
TC MultiVortex (strong),ph,0.85,0.055,0.2,262,12.800155768285071,0.1021990611652918,2,1.0170162124180333,2.9180158602273427,3.8405286888726393
TC MultiVortex (strong),ph,0.85,0.055,0.2,263,14.244258116119264,0.087445397261668,2,1.1772139142538265,3.231625361974156,2.9872718397257767
TC MultiVortex (strong),ph,0.85,0.055,0.2,264,13.532016376378722,0.0970785986067412,2,0.9538470561122686,2.9117134855224065,2.155697281229573
TC MultiVortex (strong),ph,0.85,0.055,0.2,265,11.019059674399587,0.0933915514609242,2,1.0663005866397095,2.458799727588973,2.613953311528397
TC MultiVortex (strong),ph,0.85,0.055,0.2,266,11.87063290285652,0.0952096229171109,2,0.8999682157541605,2.457043725759344,2.4703577248138995
TC MultiVortex (strong),ph,0.85,0.055,0.2,267,12.503356097853828,0.0970865937445314,2,1.0063672643782682,2.7635637358154104,4.1302489949634
TC MultiVortex (strong),ph,0.85,0.055,0.2,268,12.95724053368268,0.1321955757175956,2,1.18112795499869,3.6203825057206864,3.2873859557526943
TC MultiVortex (strong),ph,0.85,0.055,0.2,269,11.376854666192807,0.0890831036105158,2,0.9246464941670882,2.308834193743372,2.71622950528834
TC MultiVortex (strong),ph,0.85,0.055,0.2,270,12.7762590480315,0.0880446203578873,2,0.8938558655432736,2.534392477087096,2.3308070409652144
TC MultiVortex (strong),ph,0.85,0.055,0.2,271,11.43102834710021,0.098611378200686,2,0.9670728501126108,2.496108238364088,1.878297422620604
TC MultiVortex (strong),ph,0.85,0.055,0.2,272,12.18784280051712,0.1054998485455508,2,1.0667914402947642,2.891195940682354,3.248146809380383
TC MultiVortex (strong),ph,0.85,0.055,0.2,273,12.777649331443495,0.0970531951248295,2,1.0079678367570448,2.825948372189416,2.3922852611542207
TC MultiVortex (strong),ph,0.85,0.055,0.2,274,15.703958942515772,0.1194972064740879,2,0.9748698097645988,3.7900622252160248,3.3368042153559
TC MultiVortex (strong),ph,0.85,0.055,0.2,275,14.65787597337417,0.1116814676746948,2,1.0583131965899133,3.5633108225803034,3.807779243274978
TC MultiVortex (strong),ph,0.85,0.055,0.2,276,14.416387040436728,0.0979567104485711,2,0.9941573710619566,3.181164301274582,2.8762257755762537
TC MultiVortex (strong),ph,0.85,0.055,0.2,277,14.890403155825704,0.1151924624502599,2,0.9391533237029052,3.4631534842926053,1.3429023730431648
TC MultiVortex (strong),ph,0.85,0.055,0.2,278,12.601215276750064,0.0959908341300776,2,1.0240045831039706,2.7935938515843173,2.9550346651100936
TC MultiVortex (strong),ph,0.85,0.055,0.2,279,12.835498590053698,0.1001328203815726,2,1.0644875488042964,2.963167917549792,3.376090887098416
TC MultiVortex (strong),ph,0.85,0.055,0.2,280,13.218511337379898,0.106088354236953,2,1.0032272899989223,3.0493064670885075,2.779247171358765
TC MultiVortex (strong),ph,0.85,0.055,0.2,281,15.020015908287387,0.10598219050736,2,0.969393413508835,3.4042533451626418,1.7648616826978845
TC MultiVortex (strong),ph,0.85,0.055,0.2,282,11.580234093447164,0.1004127187196059,2,1.074227981118108,2.689335186726738,2.2097597067967443
TC MultiVortex (strong),ph,0.85,0.055,0.2,283,11.820685391453546,0.0908450564429224,2,1.0647528413052771,2.5995771699676498,2.739445441377862
TC MultiVortex (strong),ph,0.85,0.055,0.2,284,11.05355170656578,0.1049706073300119,2,0.9430180045137464,2.45912551855156,2.4568797794249573
TC MultiVortex (strong),ph,0.85,0.055,0.2,285,14.107759975481551,0.1065161884084889,2,0.8397008939005587,2.9834116455808712,2.8791572878806733
TC MultiVortex (strong),ph,0.85,0.055,0.2,286,11.320821582057311,0.0987250025261327,2,1.0324445914131717,2.555700168413145,1.7481211670151129
TC MultiVortex (strong),ph,0.85,0.055,0.2,287,10.925087583871951,0.1075857455756023,2,0.879979634250365,2.3769694884003325,3.7265819048121407
TC MultiVortex (strong),ph,0.85,0.055,0.2,288,12.307201681278766,0.1038182964712483,2,0.9537614601315492,2.738426908121827,3.365229479380439
TC MultiVortex (strong),ph,0.85,0.055,0.2,289,12.72298806078106,0.0806042506357683,2,0.979390454421085,2.527732006818693,2.60385223361169
TC MultiVortex (strong),ph,0.85,0.055,0.2,290,12.36510200068468,0.1212754908896325,2,1.0158357472688777,3.068887525095902,2.756006359481232
TC MultiVortex (strong),ph,0.85,0.055,0.2,291,11.82386364600771,0.1124447302192778,2,1.0179755942172135,2.8286723892835943,2.3468645718200447
TC MultiVortex (strong),ph,0.85,0.055,0.2,292,12.693649501182843,0.0994933365068288,2,0.8826499255791458,2.659884303159527,3.66714879064098
TC MultiVortex (strong),ph,0.85,0.055,0.2,293,13.348056000565354,0.0941654984406021,2,0.8973849484300345,2.743710703320523,4.138840743279733
TC MultiVortex (strong),ph,0.85,0.055,0.2,294,13.240086183036968,0.0909975158550608,2,0.8772845686989917,2.645214091931407,3.615223641902907
TC MultiVortex (strong),ph,0.85,0.055,0.2,295,12.791395591839969,0.1176827384366767,2,1.0175327900865805,3.1299220522513,2.4322494084162
TC MultiVortex (strong),ph,0.85,0.055,0.2,296,12.159925972739469,0.0993054357466034,2,1.1661138916886666,2.925990612513835,4.229472014338569
TC MultiVortex (strong),ph,0.85,0.055,0.2,297,11.35803959378395,0.1023390321286885,2,1.0445450505966232,2.625866368652116,4.156005934000652
TC MultiVortex (strong),ph,0.85,0.055,0.2,298,12.03614618788753,0.0981157467443369,2,0.911798086967251,2.545605796450343,3.700725393093679
TC MultiVortex (strong),ph,0.85,0.055,0.2,299,11.86966364317565,0.097301049676774,2,1.094144892420203,2.7385431976969747,2.1033585791596403
TC MultiVortex (strong),ph,0.85,0.055,0.2,300,12.179710256787615,0.1162718948493818,2,1.030726748485031,2.9814745566204897,2.742512918318239
TC MultiVortex (strong),ph,0.85,0.055,0.2,301,14.315849842272424,0.0931099816581173,2,0.998083851719246,3.0859136659318733,4.2745913529279775
TC MultiVortex (strong),ph,0.85,0.055,0.2,302,11.6554016967514,0.0950921069678003,2,0.9725346231683396,2.506322880755458,1.8670692893309555
TC MultiVortex (strong),ph,0.85,0.055,0.2,303,14.316137878949172,0.0930431823353704,2,1.088614928644163,3.2217385630213,2.5109883977233936
TC MultiVortex (strong),ph,0.85,0.055,0.2,304,10.971013094709818,0.0885559473210833,2,1.057405166068973,2.373893963787437,3.0898521160232555
TC MultiVortex (strong),ph,0.85,0.055,0.2,305,12.76722358540464,0.1069847405571069,2,1.0125947054979223,2.971393789037193,3.411756158456286
TC MultiVortex (strong),ph,0.85,0.055,0.2,306,12.729580405642754,0.1042945440325215,2,1.0856740701665524,3.0288629189110066,2.462831142517702
TC MultiVortex (strong),ph,0.85,0.055,0.2,307,12.01538556188452,0.0938847308065346,2,1.053926366772101,2.672546874409082,2.6040526770343115
TC MultiVortex (strong),ph,0.85,0.055,0.2,308,13.030739136715646,0.0912549218534761,2,1.0505830445353836,2.852971250859106,3.2585014447530147
TC MultiVortex (strong),ph,0.85,0.055,0.2,309,11.959227058392226,0.0977005821761186,2,1.0873094484091153,2.756216132882175,1.8344319252094088
TC MultiVortex (strong),ph,0.85,0.055,0.2,310,12.01299228731321,0.1120240093513454,2,1.031646401953866,2.887734027346002,2.928288210511981
TC MultiVortex (strong),ph,0.85,0.055,0.2,311,12.87596147301444,0.0907506149212218,2,1.0657005076090218,2.8314379278892434,3.778534867702616
TC MultiVortex (strong),ph,0.85,0.055,0.2,312,14.792857888839126,0.1131755066288476,2,1.091735953634679,3.676817866987494,1.3435366670434463
TC MultiVortex (strong),ph,0.85,0.055,0.2,313,13.718963303399557,0.0959611361155702,2,0.9617850869576212,2.9470873380636893,2.357223054441382
TC MultiVortex (strong),ph,0.85,0.055,0.2,314,13.088303909854451,0.1187906388108843,2,1.0588775464243334,3.282330825596476,2.9419124779997405
TC MultiVortex (strong),ph,0.85,0.055,0.2,315,12.567383133276776,0.1179148795461166,2,0.870057609043841,2.8463491233096145,3.1207373271040746
TC MultiVortex (strong),ph,0.85,0.055,0.2,316,14.194611361344275,0.0945637019853382,2,1.0276426106039285,3.128900792059733,2.669758159542809
TC MultiVortex (strong),ph,0.85,0.055,0.2,317,11.553653894505516,0.1155222719244098,2,0.979600705657574,2.7482849589534437,4.246677656784793
TC MultiVortex (strong),ph,0.85,0.055,0.2,318,12.472601166123972,0.1025288438438563,2,1.0162271268764933,2.846822956510906,3.1467263533006395
TC MultiVortex (strong),ph,0.85,0.055,0.2,319,12.276413108892216,0.1164038259364066,2,0.9893524360752158,2.9458839726604267,2.9334862791344243
TC MultiVortex (strong),ph,0.85,0.055,0.2,320,12.568455607851792,0.1119305411500985,2,0.9615095903496028,2.915533457739819,2.969045483147598
TC MultiVortex (strong),ph,0.85,0.055,0.2,321,11.982307453725626,0.0902346542166585,2,1.0128742491080387,2.561473724807284,3.140247210746028
TC MultiVortex (strong),ph,0.85,0.055,0.2,322,12.46111065669676,0.1120066752238528,2,0.9779770970536488,2.9162721467320605,3.083348118680014
TC MultiVortex (strong),ph,0.85,0.055,0.2,323,12.619365860243038,0.096739826480597,2,0.9979501914336716,2.7725514795874755,2.821380197590368
TC MultiVortex (strong),ph,0.85,0.055,0.2,324,13.534619497829974,0.0903705859515587,2,0.9289158688449272,2.7728909680119624,2.4606117691716207
TC MultiVortex (strong),ph,0.85,0.055,0.2,325,14.455891138071342,0.0815366266512301,2,0.9253986213933189,2.807829064438038,2.961996147107485
TC MultiVortex (strong),ph,0.85,0.055,0.2,326,13.117922984522489,0.1067209650260188,2,0.9128790755409212,2.895220046233375,3.3684778563344704
TC MultiVortex (strong),ph,0.85,0.055,0.2,327,11.806450912754812,0.0848582975783457,2,1.0096657381773235,2.443657496038284,2.74255895148815
TC MultiVortex (strong),ph,0.85,0.055,0.2,328,13.998460718153623,0.0952477216281151,2,1.0081391674303617,3.067275792101664,3.993843666385934
TC MultiVortex (strong),ph,0.85,0.055,0.2,329,13.27326053200308,0.1169262129759254,2,0.9899935885822776,3.193263479358392,3.966771870125939
TC MultiVortex (strong),ph,0.85,0.055,0.2,330,10.58105057038338,0.1105303686712962,2,1.0521005384055948,2.5514274457227684,3.73829139592532
TC MultiVortex (strong),ph,0.85,0.055,0.2,331,12.51961143897342,0.0895554212007813,2,0.8309947386972918,2.4150211019640664,1.8771459683232872
TC MultiVortex (strong),ph,0.85,0.055,0.2,332,13.0505895663966,0.0866063808943709,2,0.900957321159879,2.5777582675858954,3.18667787710357
TC MultiVortex (strong),ph,0.85,0.055,0.2,333,10.050648009073806,0.0966902364759688,2,0.8418718024770174,2.027651711953153,2.43827931322702
TC MultiVortex (strong),ph,0.85,0.055,0.2,334,11.385832041692282,0.1054559843328851,2,1.1622533383100195,2.818615210275033,2.68543778498402
TC MultiVortex (strong),ph,0.85,0.055,0.2,335,14.743367825728711,0.112173485959824,2,1.1028416311378946,3.666767615353971,2.957670538227142
TC MultiVortex (strong),ph,0.85,0.055,0.2,336,11.478328083828297,0.0906314094850213,2,0.9865142544153488,2.4269156690770504,2.9829071755097067
TC MultiVortex (strong),ph,0.85,0.055,0.2,337,12.65630254169014,0.0936189707598212,2,0.9629933578832548,2.687109887315474,2.4960831989592025
TC MultiVortex (strong),ph,0.85,0.055,0.2,338,12.237918631969208,0.0640527470606122,2,1.170999984541062,2.369953845587648,2.7281975838979866
TC MultiVortex (strong),ph,0.85,0.055,0.2,339,15.306376623513662,0.0957297324856331,2,0.9971483675028124,3.343957208870429,3.855052599806512
TC MultiVortex (strong),ph,0.85,0.055,0.2,340,11.201903636127083,0.089330300395985,2,1.049525275351954,2.425340297587607,2.840045402324879
TC MultiVortex (strong),ph,0.85,0.055,0.2,341,14.29040430290121,0.1221916404949058,2,1.142310242548095,3.775220315233963,3.4616266885287628
TC MultiVortex (strong),ph,0.85,0.055,0.2,342,12.923104620664246,0.1197655847252812,2,0.9566534663583728,3.093108872277041,3.179794039792067
TC MultiVortex (strong),ph,0.85,0.055,0.2,343,11.388007468406345,0.0974250349496648,2,1.0156854664380175,2.5330726725402086,3.7003004792332415
TC MultiVortex (strong),ph,0.85,0.055,0.2,344,13.27026698928206,0.1296360241108241,2,0.9633881094184454,3.3161040969496614,1.8930953525940968
TC MultiVortex (strong),ph,0.85,0.055,0.2,345,13.436903562456388,0.1049021141570998,2,0.9662848601514392,3.0250245970805376,1.4075878653042573
TC MultiVortex (strong),ph,0.85,0.055,0.2,346,12.70522153939241,0.0835172509100807,2,0.9051097758852792,2.470051267491312,3.1211936281332653
TC MultiVortex (strong),ph,0.85,0.055,0.2,347,12.998398702184932,0.1073218255378255,2,1.0066797804772067,3.0210962009389686,1.5081376908282669
TC MultiVortex (strong),ph,0.85,0.055,0.2,348,11.627588619611016,0.0991624680106524,2,1.0597084410454205,2.6652719014438278,3.6855881101767056
TC MultiVortex (strong),ph,0.85,0.055,0.2,349,12.395589103055917,0.1000431763705301,2,1.045865133362727,2.83520033952531,3.275268200710525
TC MultiVortex (strong),ph,0.85,0.055,0.2,350,14.093753362951448,0.087315021923361,2,1.0136380248365278,2.9648150055218383,3.2122104030568965
TC MultiVortex (strong),ph,0.85,0.055,0.2,351,12.32213833036898,0.1126249281524904,2,1.0336906785020188,2.9729228947704,2.5445175993903213
TC MultiVortex (strong),ph,0.85,0.055,0.2,352,11.23642559838239,0.108557431102439,2,0.9807879500920872,2.592570184668593,2.305390228186304
TC MultiVortex (strong),ph,0.85,0.055,0.2,353,11.771705280146342,0.1277931738006741,2,0.8752934603974392,2.783909112421293,2.897239104782454
TC MultiVortex (strong),ph,0.85,0.055,0.2,354,10.820245555775236,0.1049974334398039,2,0.9840064636459288,2.459293920652419,4.162605230783189
TC MultiVortex (strong),ph,0.85,0.055,0.2,355,12.255003038417271,0.096169805289426,2,1.0018059899050349,2.689735691157884,4.241390804327377
TC MultiVortex (strong),ph,0.85,0.055,0.2,356,11.932128238346824,0.0879130704748055,2,0.9620688014807144,2.4537635132836466,4.166467785617205
TC MultiVortex (strong),ph,0.85,0.055,0.2,357,14.287442211246749,0.096534974487879,2,0.9749596091804782,3.099382268092411,1.9049875864770252
TC MultiVortex (strong),ph,0.85,0.055,0.2,358,13.445919534552491,0.0837693293910742,2,0.9813129541269238,2.7259745408988434,2.278941846334051
TC MultiVortex (strong),ph,0.85,0.055,0.2,359,12.587470168161174,0.0995089935522522,2,0.9831621780461524,2.78398701201884,2.6802682540801666
TC MultiVortex (strong),ph,0.85,0.055,0.2,360,13.013893859940936,0.0912539537713013,2,0.8,2.4863547947889444,3.8784369605271305
TC MultiVortex (strong),ph,0.85,0.055,0.2,361,13.040256396049726,0.1115656567013534,2,1.0003700103695778,3.08046818405087,1.7910347412149434
TC MultiVortex (strong),ph,0.85,0.055,0.2,362,12.435466428083798,0.0911504913544956,2,0.8742433314420289,2.4822341871227693,2.6974461526814717
TC MultiVortex (strong),ph,0.85,0.055,0.2,363,11.553625747320464,0.0859126803845333,2,0.9145699168279856,2.290025867283039,2.5762403390139217
TC MultiVortex (strong),ph,0.85,0.055,0.2,364,13.416300754194008,0.1002518998677916,2,1.0313961163848593,3.050540809070484,1.362572697457384
TC MultiVortex (strong),ph,0.85,0.055,0.2,365,14.314343475446757,0.1127098295102565,2,0.9222011779178848,3.263248663982576,2.3900860248375007
TC MultiVortex (strong),ph,0.85,0.055,0.2,366,12.363698349717874,0.1030417546627668,2,0.8604050623304875,2.6031039069236086,3.1786791135915435
TC MultiVortex (strong),ph,0.85,0.055,0.2,367,13.55917089263816,0.1166196971996609,2,0.9159715550695848,3.1336110128938537,3.413618285288251
TC MultiVortex (strong),ph,0.85,0.055,0.2,368,12.720536131505233,0.0931156736376564,2,1.0972478667498244,2.875108147525,2.728693450801832
TC MultiVortex (strong),ph,0.85,0.055,0.2,369,11.93455133716122,0.0943503913731892,2,1.039024929269463,2.6422623468402198,2.5723657799718227
TC MultiVortex (strong),ph,0.85,0.055,0.2,370,13.017753414306616,0.0876832364907963,2,1.0731810088159008,2.823682213318289,2.77297233842176
TC MultiVortex (strong),ph,0.85,0.055,0.2,371,13.405094673900354,0.077837987579979,2,0.8294329449915716,2.408470482256271,2.566926188659814
TC MultiVortex (strong),ph,0.85,0.055,0.2,372,12.94006777314871,0.1211702128297018,2,1.1242313970390785,3.377126614522322,4.116340921834074
TC MultiVortex (strong),ph,0.85,0.055,0.2,373,13.298240549540512,0.1037493302768496,2,1.0861466025790398,3.156574630388145,3.0355198022700343
TC MultiVortex (strong),ph,0.85,0.055,0.2,374,12.64488769863882,0.1018194488093219,2,0.9796683955267652,2.823936316370756,3.475208078331866
TC MultiVortex (strong),ph,0.85,0.055,0.2,375,14.430693291664635,0.0995194347603999,2,0.9736580226328104,3.176357468546505,2.727743810693254
TC MultiVortex (strong),ph,0.85,0.055,0.2,376,14.160006724903427,0.1010933674552371,2,1.0788813247986746,3.3067139781097734,1.8957013510700027
TC MultiVortex (strong),ph,0.85,0.055,0.2,377,11.774387402299094,0.1354806677512088,2,1.0463997825366018,3.1348069987881133,1.421635437046747
TC MultiVortex (strong),ph,0.85,0.055,0.2,378,13.068676489057175,0.0699930304163052,2,1.0761729173062071,2.5362089877414298,2.9165820355597822
TC MultiVortex (strong),ph,0.85,0.055,0.2,379,12.787862118496854,0.1053772574564132,2,1.078150024636754,3.0478668575487746,3.15833307715644
TC MultiVortex (strong),ph,0.85,0.055,0.2,380,11.68780931337858,0.0931315406644471,2,1.014839662881481,2.5407692786675544,2.1380123137809868
TC MultiVortex (strong),ph,0.85,0.055,0.2,381,13.728062783119851,0.0922687452069682,2,0.8620605453209976,2.737728963300015,3.514958844129086
TC MultiVortex (strong),ph,0.85,0.055,0.2,382,12.627080238484057,0.1047842275579625,2,0.984085055936192,2.867161912684816,2.447035371400821
TC MultiVortex (strong),ph,0.85,0.055,0.2,383,12.795365862271415,0.1149489051477087,2,0.9590269969531464,3.0040388609003137,1.9452617109532315
TC MultiVortex (strong),ph,0.85,0.055,0.2,384,11.7609664803476,0.1164413489296787,2,1.0385447233154594,2.8919729740080875,2.792682144939046
TC MultiVortex (strong),ph,0.85,0.055,0.2,385,13.337139113819028,0.1095498837932215,2,1.027830043412597,3.164567021213093,3.0806528837024465
TC MultiVortex (strong),ph,0.85,0.055,0.2,386,12.044631763207768,0.1212769732106405,2,0.9321395137331928,2.8635723677683265,2.653163181013892
TC MultiVortex (strong),ph,0.85,0.055,0.2,387,11.315997346768356,0.1143243610910021,2,0.8887033184753154,2.550501783399038,2.8484153823211646
TC MultiVortex (strong),ph,0.85,0.055,0.2,388,11.947480536539535,0.1369622225143987,2,0.97198437229895,3.0824168665864944,2.037428070674026
TC MultiVortex (strong),ph,0.85,0.055,0.2,389,11.550631651729608,0.1022666754712742,2,1.0144670397204856,2.6307330219010776,3.4601101075788043
TC MultiVortex (strong),ph,0.85,0.055,0.2,390,11.919731662347536,0.1101070820037838,2,1.0758580276588736,2.9009255951878923,3.1244364525045465
TC MultiVortex (strong),ph,0.85,0.055,0.2,391,11.93128651039978,0.0964031164568221,2,0.9238190884862502,2.517742318057564,2.876759189491534
TC MultiVortex (strong),ph,0.85,0.055,0.2,392,14.32756850643517,0.1186665394051918,2,0.9803478304356884,3.4555066304794915,3.159412029795936
TC MultiVortex (strong),ph,0.85,0.055,0.2,393,12.852295640920143,0.0937966957703491,2,0.9965709839510458,2.778520453189941,2.6589182242656624
TC MultiVortex (strong),ph,0.85,0.055,0.2,394,12.732640552257468,0.0907107385584054,2,0.905344212700582,2.580118765597028,2.641147524218112
TC MultiVortex (strong),ph,0.85,0.055,0.2,395,14.350120802251938,0.1134907866872498,2,1.2,3.744652186674821,3.7323319510472346
TC MultiVortex (strong),ph,0.85,0.055,0.2,396,11.714813425793867,0.1017791494568101,2,0.8339583570898714,2.413359218282287,2.9147004118915314
TC MultiVortex (strong),ph,0.85,0.055,0.2,397,11.77642063235774,0.1379448708529623,2,1.0590211098227185,3.182756389499371,3.166867387779885
TC MultiVortex (strong),ph,0.85,0.055,0.2,398,11.477841345272376,0.1100740992064555,2,1.0043083492931455,2.6984931883964194,2.567495291734625
TC MultiVortex (strong),ph,0.85,0.055,0.2,399,14.89744831523138,0.1198707961469507,2,1.037969150771921,3.715744190972553,2.532932169634977
